n,PSRJ,RAJ,DECJ,P0,P1
,,(hms),(dms),(s),
1,J0002+6216,00:02:58.1,+62:16:09.4,0.115364,5.97E-15
2,J0006+1834,00:06:04.8,+18:34:59,0.693748,2.1E-15
3,J0007+7303,00:07:01.7,+73:03:07.4,0.315873,3.6E-13
4,J0014+4746,00:14:17.7,+47:46:33.4,1.240699,5.64E-16
5,J0026+6320,00:26:50.5,+63:20:00.8,0.318358,1.51E-16
6,J0034-0721,00:34:08.8,-07:21:53.4,0.942951,4.08E-16
7,J0038-2501,00:38:10.2,-25:01:30.7,0.256926,7.6E-19
8,J0040+5716,00:40:32.3,+57:16:24.8,1.118225,2.88E-15
9,J0045-7042,00:45:25.6,-70:42:07.1,0.632336,2.49E-15
10,J0045-7319,00:45:35.1,-73:19:03.0,0.926276,4.46E-15
11,J0048+3412,00:48:33.9,+34:12:08,1.217094,2.35E-15
12,J0051+0423,00:51:30.1,+04:22:49,0.354732,7E-18
13,J0054+6946,00:54:59.1,+69:46:17,0.832911,7.19E-16
14,J0055+5117,00:55:45.3,+51:17:24.6,2.115171,9.54E-15
15,J0056+4756,00:56:25.5,+47:56:11,0.472037,3.33E-15
16,J0057-7201,00:57:44.0,-72:01:19,0.738062,1E-16
17,J0058+4950,00:58:09.9,+49:50:26,0.996023,8.04E-16
18,J0100-7211,01:00:43.0,-72:11:33.6,8.020392,1.88E-11
19,J0102+6537,01:02:32.9,+65:37:13.4,1.679164,5.95E-15
20,J0106+4855,01:06:25.0,+48:55:51.8,0.083157,4.28E-16
21,J0108-1431,01:08:08.3,-14:31:50.1,0.807565,7.7E-17
22,J0108+6608,01:08:22.5,+66:08:34.4,1.28366,1.31E-14
23,J0108+6905,01:08:29.5,+69:05:53,1.071118,4.81E-17
24,J0111+6624,01:11:21.8,+66:24:11,4.301872,8.36E-15
25,J0111-7131,01:11:28.7,-71:31:46.8,0.688542,7.09E-15
26,J0113-7220,01:13:11.0,-72:20:32.2,0.325883,4.86E-15
27,J0115+6325,01:15:45.8,+63:25:50.8,0.521455,1.6E-15
28,J0117+5914,01:17:38.6,+59:14:38.4,0.101439,5.85E-15
29,J0122+1416,01:22:01.3,+14:16:17,1.388994,3.8E-15
30,J0131-7310,01:31:28.5,-73:10:09.3,0.348124,1.76E-15
31,J0133-6957,01:33:32.4,-69:57:29.6,0.463474,1.2E-16
32,J0134-2937,01:34:18.6,-29:37:17.0,0.136962,7.84E-17
33,J0137+1654,01:37:23.8,+16:54:42.1,0.414763,1.22E-17
34,J0137+6349,01:37:13.3,+63:49:34,0.717963,9.6E-16
35,J0139+3336,01:39:57.2,+33:36:59.7,1.247961,2.06E-15
36,J0139+5621,01:39:38.5,+56:21:36.8,1.775344,7.91E-14
37,J0139+5814,01:39:19.7,+58:14:31.8,0.272451,1.07E-14
38,J0141+6009,01:41:39.9,+60:09:32,1.222949,3.91E-16
39,J0146+6145,01:46:22.4,+61:45:02.8,8.688994,1.99E-12
40,J0147+5922,01:47:44.6,+59:22:03.2,0.196321,2.57E-16
41,J0151-0635,01:51:22.7,-06:35:02.9,1.464665,4.43E-16
42,J0152+0948,01:52:23.7,+09:48:10,2.746647,1.7E-15
43,J0152-1637,01:52:10.8,-16:37:53.6,0.832742,1.3E-15
44,J0156+3949,01:56:55.2,+39:49:29,1.811561,1.52E-16
45,J0157+6212,01:57:49.9,+62:12:26.6,2.351745,1.89E-13
46,J0201+7005,02:01:41.3,+70:05:18.1,1.349184,5.51E-15
47,J0205+6449,02:05:37.9,+64:49:41.3,0.065716,1.94E-13
48,J0206-4028,02:06:01.2,-40:28:03.6,0.630551,1.2E-15
49,J0211-8159,02:11:59.0,-81:59:36.2,1.077333,2.9E-16
50,J0212+5222,02:12:52.1,+52:22:50,0.376386,6.6E-15
51,J0214+5222,02:14:55.2,+52:22:40.9,0.024575,2.99E-19
52,J0215+6218,02:15:56.6,+62:18:33,0.54888,6.62E-16
53,J0231+7026,02:31:13.9,+70:26:34,1.46682,3.11E-15
54,J0248+6021,02:48:18.6,+60:21:34.7,0.217094,5.51E-14
55,J0250+5854,02:50:17.7,+58:54:01.3,23.535378,2.72E-14
56,J0255-5304,02:55:56.2,-53:04:21.2,0.447708,3.13E-17
57,J0302+2252,03:02:31.9,+22:52:12.1,1.207165,8.25E-17
58,J0304+1932,03:04:33.1,+19:32:51.4,1.387584,1.3E-15
59,J0323+3944,03:23:26.6,+39:44:52.4,3.032072,6.36E-16
60,J0324+5239,03:24:55.4,+52:39:31.3,0.33662,3.81E-16
61,J0325+6744,03:25:05.1,+67:44:59,1.364679,1.55E-15
62,J0329+1654,03:29:08.5,+16:54:02,0.89332,2.15E-16
63,J0332+5434,03:32:59.4,+54:34:43.3,0.71452,2.05E-15
64,J0335+4555,03:35:16.6,+45:55:53.4,0.269201,7.35E-18
65,J0335+6623,03:35:57.0,+66:23:24,1.761934,4.81E-15
66,J0343-3000,03:43:27.9,-30:00:27.5,2.597027,5.7E-17
67,J0343+5312,03:43:12.9,+53:12:53,1.934478,1.34E-14
68,J0348+0432,03:48:43.6,+04:32:11.4,0.039123,2.41E-19
69,J0349+2340,03:49:57.3,+23:40:53,2.420771,1.1E-15
70,J0357+3205,03:57:52.5,+32:05:25,0.444104,1.3E-14
71,J0357+5236,03:57:44.8,+52:36:57.4,0.19703,4.77E-16
72,J0358+4155,03:58:03.1,+41:55:19.0,0.226484,1.46E-16
73,J0358+5413,03:58:53.7,+54:13:13.7,0.156384,4.39E-15
74,J0358+6627,03:58:37.9,+66:27:46.6,0.091506,1.09E-17
75,J0359+5414,03:59:26.0,+54:14:55.7,0.079427,1.67E-14
76,J0401-7608,04:01:51.7,-76:08:13.0,0.545254,1.54E-15
77,J0406+6138,04:06:30.0,+61:38:41.4,0.594576,5.57E-15
78,J0407+1607,04:07:54.9,+16:07:16.4,0.025702,7.9E-20
79,J0415+6954,04:15:55.6,+69:54:09.9,0.390715,7.66E-17
80,J0418-4154,04:18:03.7,-41:54:14.4,0.757119,1.32E-15
81,J0418+5732,04:18:33.8,+57:32:22.9,9.078388,4.1E-15
82,J0420-5022,04:20:01.9,-50:22:48.1,3.453004,2.76E-14
83,J0421-0345,04:21:33.5,-03:45:07,2.161308,1.16E-15
84,J0426+4933,04:26:06.8,+49:33:38.4,0.922475,3.93E-14
85,J0435+2749,04:35:51.8,+27:49:01.7,0.326279,8.17E-18
86,J0448-2749,04:48:41.5,-27:49:47,0.450448,1.48E-16
87,J0449-7031,04:49:05.6,-70:31:31.7,0.479164,3.37E-15
88,J0450-1248,04:50:08.7,-12:48:07.1,0.438014,1.03E-16
89,J0452-1759,04:52:34.1,-17:59:23.3,0.548939,5.75E-15
90,J0453+1559,04:53:45.4,+15:59:21.3,0.045782,1.86E-19
91,J0454+5543,04:54:07.7,+55:43:41.4,0.340729,2.37E-15
92,J0455-6951,04:55:47.5,-69:51:34.3,0.320423,1.02E-14
93,J0456-7031,04:56:02.5,-70:31:06.6,0.800132,3.67E-14
94,J0457-6337,04:57:07.7,-63:37:30.4,2.497012,2.1E-16
95,J0458-0505,04:58:37.1,-05:05:05.1,1.88348,5.3E-16
96,J0459-0210,04:59:51.9,-02:10:07,1.133076,1.4E-15
97,J0501+4516,05:01:06.7,+45:16:33.9,5.762097,5.82E-12
98,J0502+4654,05:02:04.5,+46:54:06.0,0.638565,5.58E-15
99,J0502-6617,05:02:50.5,-66:17:58.8,0.691251,2.31E-14
100,J0509+3801,05:09:31.7,+38:01:18.1,0.076541,7.93E-18
101,J0511-6508,05:11:56.5,-65:08:36.5,0.322062,2.06E-16
102,J0514-4408,05:14:52.1,-44:08:37.3,0.320271,2.04E-15
103,J0517+2212,05:17:17.1,+22:12:51.9,0.222367,1.16E-17
104,J0518+5125,05:18:26.1,+51:25:58.7,0.912512,1.91E-16
105,J0518+5416,05:18:53.1,+54:16:50,0.340203,1.68E-15
106,J0519-6932,05:19:46.9,-69:32:23.4,0.263212,6.97E-16
107,J0520-2553,05:20:36.1,-25:53:12,0.241642,3.01E-17
108,J0522-6847,05:22:23.0,-68:47:02.2,0.674532,1.77E-14
109,J0525+1115,05:25:56.4,+11:15:19.0,0.354438,7.36E-17
110,J0525-6607,05:26:00.9,-66:04:36.3,8.047,6.5E-11
111,J0528+2200,05:28:52.2,+22:00:04,3.745539,4.01E-14
112,J0529-6652,05:29:50.9,-66:52:38.2,0.975725,1.55E-14
113,J0532-6639,05:32:59.5,-66:39:37.3,0.642743,5.35E-15
114,J0533+0402,05:33:25.8,+04:02:00.5,0.963018,1.6E-16
115,J0534+2200,05:34:31.9,+22:00:52.0,0.033392,4.21E-13
116,J0534-6703,05:34:36.1,-67:03:48.8,1.817565,4.25E-13
117,J0535-6935,05:35,-69:35,0.200511,1.15E-14
118,J0536-7543,05:36:30.8,-75:43:54.8,1.245856,5.78E-16
119,J0537-6910,05:37:47.4,-69:10:19.8,0.016122,5.18E-14
120,J0538+2817,05:38:25.0,+28:17:09.1,0.143158,3.67E-15
121,J0540+3207,05:40:37.1,+32:07:37.3,0.524271,4.48E-16
122,J0540-6919,05:40:11.2,-69:19:54.1,0.05057,4.79E-13
123,J0540-7125,05:40:30.8,-71:25:31.4,1.286015,8.2E-16
124,J0543+2329,05:43:11.0,+23:16:40.1,0.245984,1.54E-14
125,J0543-6851,05:43:52.7,-68:51:25.3,0.708954,3.94E-15
126,J0546+2441,05:46:28.7,+24:41:21,2.84385,7.65E-15
127,J0554+3107,05:54:05.0,+31:07:41,0.464961,1.43E-13
128,J0555-7056,05:55:01.8,-70:56:45.6,0.827838,5.96E-15
129,J0557-2948,05:57:32.9,-29:48:16.8,0.043643,7.3E-20
130,J0600-5756,06:00:46.5,-57:56:54,2.261365,2.78E-15
131,J0601-0527,06:01:58.9,-05:27:50.8,0.395969,1.3E-15
132,J0609+2130,06:09:58.8,+21:30:02.8,0.055698,2.35E-19
133,J0611+1436,06:11:18.6,+14:36:52,0.270329,4E-15
134,J0612+3721,06:12:48.6,+37:21:37,0.297982,5.95E-17
135,J0612+37216,06:12:44.1,+37:21:40,0.443871,1.5E-16
136,J0613+3731,06:13:12.1,+37:31:38.3,0.619198,3.24E-15
137,J0614+2229,06:14:17.0,+22:29:56.8,0.33496,5.94E-14
138,J0621+0336,06:21:11.2,+03:36:45.5,0.269954,7.24E-18
139,J0621+1002,06:21:22.1,+10:02:38.7,0.028854,4.73E-20
140,J0622+3749,06:22:10.5,+37:49:13.6,0.333208,2.54E-14
141,J0623+0340,06:23:46.7,+03:40:06.8,0.61376,8.84E-17
142,J0624-0424,06:24:20.0,-04:24:50,1.039076,8.3E-16
143,J0627+0649,06:27:53.6,+06:49:54.1,0.346523,1.7E-15
144,J0627+0706,06:27:44.1,+07:06:32.8,0.475885,2.98E-14
145,J0628+0909,06:28:36.1,+09:09:13.9,1.241421,5.48E-16
146,J0629+2415,06:29:05.7,+24:15:41.5,0.476623,2E-15
147,J0630-0046,06:30:26.9,-00:46:05.8,0.680575,3.75E-15
148,J0630-2834,06:30:49.4,-28:34:42.7,1.244419,7.12E-15
149,J0631+0646,06:31:52.3,+06:46:14.2,0.110979,3.62E-15
150,J0631+1036,06:31:27.5,+10:37:02.5,0.2878,1.05E-13
151,J0633+0632,06:33:44.2,+06:32:34.9,0.297395,7.96E-14
152,J0633+1746,06:33:54.1,+17:46:12.9,0.237099,1.1E-14
153,J0633-2015,06:33:08.8,-20:15:07.1,3.253211,3.82E-15
154,J0636-4549,06:36:33.7,-45:49:32.6,1.984597,3.17E-15
155,J0646+0905,06:46:30.9,+09:05:49.3,0.903913,7.36E-16
156,J0647+0913,06:47:15.6,+09:13:59.5,1.234854,6.42E-15
157,J0652-0142,06:52:11.1,-01:42:30.3,0.924054,1.52E-16
158,J0653+8051,06:53:15.0,+80:52:00.2,1.214441,3.8E-15
159,J0656-2228,06:56:30.2,-22:28:25.5,1.224754,2.67E-17
160,J0656-5449,06:56:48.9,-54:49:14.9,0.183157,3.19E-17
161,J0658+0022,06:58:15.2,+00:22:35.3,0.563295,9.15E-15
162,J0659+1414,06:59:48.1,+14:14:19.4,0.384929,5.49E-14
163,J0700+6418,07:00:37.8,+64:18:11.2,0.195671,6.85E-19
164,J0709+0458,07:09:08.3,+04:58:51.4,0.034429,3.8E-19
165,J0709-5923,07:09:32.5,-59:23:55.6,0.485268,1.26E-16
166,J0711+0931,07:11:36.1,+09:31:25,1.21409,4E-16
167,J0719-2545,07:19:07.3,-25:45:00.2,0.974725,7.28E-15
168,J0720-3125,07:20:24.9,-31:25:50.0,8.391116,6.98E-14
169,J0721-2038,07:21:42.9,-20:38:07.0,0.015542,4.4E-20
170,J0725-1635,07:25:00.4,-16:35:46,0.424311,9.26E-17
171,J0726-2612,07:26:08.1,-26:12:38.1,3.442308,2.93E-13
172,J0729-1448,07:29:16.4,-14:48:36.8,0.251659,1.13E-13
173,J0729-1836,07:29:32.3,-18:36:42.2,0.51016,1.9E-14
174,J0733-2345,07:33:24.6,-23:45:56.2,1.79625,5.7E-15
175,J0734-1559,07:34,-15:59,0.15625,1.22E-14
176,J0736-6304,07:36:20.0,-63:04:16,4.862874,1.52E-13
177,J0737-2202,07:37:44.0,-22:02:05.3,0.320366,5.47E-15
178,J0737-3039A,07:37:51.2,-30:39:40.7,0.022699,1.76E-18
179,J0737-3039B,07:37:51.2,-30:39:40.7,2.773461,8.92E-16
180,J0738-4042,07:38:32.2,-40:42:39.4,0.374921,1.38E-15
181,J0738+6904,07:38:22.6,+69:04:20,6.827693,2.7E-14
182,J0742-2822,07:42:49.0,-28:22:43.7,0.166762,1.68E-14
183,J0742+4334,07:42:42.1,+43:34:02.2,0.606191,3.71E-16
184,J0745-5353,07:45:04.4,-53:53:09.5,0.214839,2.19E-15
185,J0746-4529,07:46:59.5,-45:29:26.6,2.791025,1.67E-14
186,J0747+6646,07:47:39.6,+66:46:57,0.407701,6.78E-16
187,J0749-4247,07:49:49.6,-42:47:42.1,1.095452,9.77E-16
188,J0754+3231,07:54:40.6,+32:31:56.2,1.442349,1.08E-15
189,J0758-1528,07:58:29.0,-15:28:08.7,0.682265,1.62E-15
190,J0804-3647,08:04:22.2,-36:47:35.5,2.191987,4.21E-15
191,J0806-4123,08:06:23.4,-41:22:30.9,11.370386,5.56E-14
192,J0807-5421,08:07:47.1,-54:21:26.4,0.526644,3.78E-16
193,J0808-3937,08:08:11.6,-39:37:52.9,0.866349,4.01E-16
194,J0809-4753,08:09:43.8,-47:53:54.7,0.547202,3.08E-15
195,J0812-3905,08:12:14.8,-39:05:48.9,0.482596,4.49E-17
196,J0814+7429,08:14:59.5,+74:29:05.7,1.292241,1.68E-16
197,J0815+0939,08:15:08.7,+09:39:50.7,0.645161,1.39E-16
198,J0815+4611,08:15:59.4,+46:11:53.2,0.434242,3.9E-18
199,J0818-3049,08:18:49.3,-30:49:31,0.763742,5.8E-16
200,J0818-3232,08:18:25.9,-32:32:30.5,2.161259,7.53E-16
201,J0820-1350,08:20:26.3,-13:50:55.8,1.23813,2.11E-15
202,J0820-3826,08:20:59.9,-38:26:42.9,0.124837,2.44E-15
203,J0820-3921,08:20:49.1,-39:21:55.7,1.073567,1.22E-14
204,J0820-4114,08:20:15.4,-41:14:35.3,0.545446,2.23E-17
205,J0821-4221,08:21:44.6,-42:21:25.4,0.396728,3.48E-15
206,J0821-4300,08:21:57.3,-43:00:17.0,0.112799,9.28E-18
207,J0823+0159,08:23:09.7,+01:59:12.4,0.864873,1.05E-16
208,J0826+2637,08:26:51.5,+26:37:21.2,0.530661,1.71E-15
209,J0828-3417,08:28:16.6,-34:17:07,1.848919,9.96E-16
210,J0831-4406,08:31:32.4,-44:06:11.9,0.311674,1.28E-15
211,J0834-4159,08:34:17.8,-41:59:35.9,0.121118,4.28E-15
212,J0835-3707,08:35:03.0,-37:07:51.5,0.541404,9.78E-15
213,J0835-4510,08:35:20.6,-45:10:34.8,0.089328,1.25E-13
214,J0836-4233,08:36:05.8,-42:33:24.9,0.738436,1.32E-15
215,J0837+0610,08:37:05.6,+06:10:14.5,1.273768,6.8E-15
216,J0837-4135,08:37:21.1,-41:35:14.5,0.751625,3.54E-15
217,J0838-2621,08:38:18.8,-26:21:29.5,0.308581,3.9E-17
218,J0838-3947,08:38:30.8,-39:47:22,1.703946,8.13E-16
219,J0840-5332,08:40:33.7,-53:32:35.9,0.720614,1.64E-15
220,J0842-4851,08:42:05.3,-48:51:21.1,0.644365,9.56E-15
221,J0843-5022,08:43:09.8,-50:22:43.1,0.208956,1.72E-16
222,J0846-3533,08:46:06.0,-35:33:41.2,1.116098,1.6E-15
223,J0847-4316,08:47:57.3,-43:16:56.8,5.977493,1.2E-13
224,J0849-6322,08:49:42.5,-63:22:35.0,0.367953,7.91E-16
225,J0849+8028,08:49:01.5,+80:28:59,1.602228,4.46E-16
226,J0855-3331,08:55:38.4,-33:31:39,1.267536,6.32E-15
227,J0855-4644,08:55:36.1,-46:44:13.4,0.064686,7.26E-15
228,J0855-4658,08:55:19.5,-46:58:22.6,0.575072,1.36E-14
229,J0856-6137,08:56:59.3,-61:37:53.3,0.962509,1.68E-15
230,J0857+3349,08:57:07.0,+33:49:17.0,0.242961,2.4E-16
231,J0857-4424,08:57:55.8,-44:24:10.6,0.326786,2.09E-14
232,J0900-3144,09:00:43.9,-31:44:30.8,0.01111,4.89E-20
233,J0901-4624,09:01:40.1,-46:24:48.5,0.441995,8.75E-14
234,J0902-6325,09:02:32.4,-63:25:12.0,0.660313,1.07E-16
235,J0904-4246,09:04:59.2,-42:46:14,0.965171,1.89E-15
236,J0904-7459,09:04:10.8,-74:59:42.8,0.549553,4.63E-16
237,J0905-4536,09:05:23.9,-45:36:53.0,0.988281,1.49E-16
238,J0905-5127,09:05:51.9,-51:27:54.0,0.346301,2.49E-14
239,J0905-6019,09:05:15.2,-60:19:22.0,0.340854,5.22E-16
240,J0907-5157,09:07:15.9,-51:57:59.2,0.253558,1.84E-15
241,J0908-1739,09:08:38.1,-17:39:37.6,0.401626,6.69E-16
242,J0908-4913,09:08:35.4,-49:13:05.0,0.106769,1.51E-14
243,J0909-7212,09:09:36.0,-72:12:08.4,1.36289,3.33E-16
244,J0912-3851,09:12:42.7,-38:51:03,1.526085,3.59E-15
245,J0919-6040,09:19:27.8,-60:40:50.4,1.216976,1E-17
246,J0921+6254,09:21:14.1,+62:54:14,1.567994,3.61E-15
247,J0922+0638,09:22:14.0,+06:38:23.3,0.430627,1.37E-14
248,J0922-4949,09:22:14.9,-49:49:12.0,0.950289,9.76E-14
249,J0924-5302,09:24:08.6,-53:02:44.2,0.746295,3.55E-14
250,J0924-5814,09:24:30.8,-58:14:05.1,0.739505,4.92E-15
251,J0927+2345,09:27:45.2,+23:45:10.7,0.761889,3.05E-16
252,J0930-2301,09:30:02.8,-23:01:45,1.807069,3.36E-15
253,J0932-3217,09:32:39.1,-32:17:14.2,1.931627,2.5E-16
254,J0932-5327,09:32:22.8,-53:27:11.0,4.392159,8.37E-15
255,J0934-4154,09:34:58.2,-41:54:19.5,0.570409,2.69E-16
256,J0934-5249,09:34:28.2,-52:49:27.4,1.444777,4.66E-15
257,J0940-5428,09:40:58.2,-54:28:40.6,0.087545,3.29E-14
258,J0941-5244,09:41:41.1,-52:44:04.4,0.658558,1.14E-15
259,J0942-5552,09:42:15.8,-55:52:52.3,0.664367,2.29E-14
260,J0942-5657,09:42:54.4,-56:57:43.2,0.808164,3.96E-14
261,J0943+1631,09:43:30.1,+16:31:37,1.087418,9.11E-17
262,J0943+2253,09:43:32.3,+22:53:05.6,0.532975,8.98E-17
263,J0944-1354,09:44:28.9,-13:54:41.6,0.570264,4.53E-17
264,J0944+4106,09:44:18.1,+41:06:05,2.229431,4.42E-15
265,J0945-4833,09:45:38.2,-48:33:14.5,0.331586,4.83E-15
266,J0946+0951,09:46:07.6,+09:51:55,1.097706,3.49E-15
267,J0947+2740,09:47:21.2,+27:40:43.5,0.851014,4.3E-16
268,J0949-6902,09:49:20.5,-69:02:41.6,0.640016,6.37E-16
269,J0952-3839,09:52:17.2,-38:39:10.2,1.373815,5.8E-16
270,J0953+0755,09:53:09.3,+07:55:35.7,0.253065,2.3E-16
271,J0954-5430,09:54:06.0,-54:30:52.8,0.472851,4.39E-14
272,J0955-5304,09:55:29.4,-53:04:16.5,0.862122,3.53E-15
273,J0957-5432,09:57:56.0,-54:32:03.9,0.203557,1.95E-15
274,J0959-4809,09:59:26.2,-48:09:47.5,0.670086,8.2E-17
275,J1000-5149,10:00:28.1,-51:49:58.1,0.255677,9.59E-16
276,J1001-5507,10:01:37.8,-55:07:08.6,1.436631,5.17E-14
277,J1001-5559,10:01:08.6,-55:59:00.2,1.661177,8.6E-16
278,J1001-5939,10:01:32.2,-59:39:17.8,7.73364,5.99E-14
279,J1002-5559,10:02:57.9,-55:59:37,0.777501,1.57E-15
280,J1002-5919,10:02:20.5,-59:19:37.2,0.713489,1.04E-16
281,J1003-4747,10:03:21.5,-47:47:01.2,0.307074,2.07E-15
282,J1006-6311,10:06:36.6,-63:11:41.2,0.835797,5.73E-16
283,J1012-2337,10:12:33.7,-23:38:22,2.517945,8.81E-16
284,J1012-5830,10:12:54.9,-58:30:25.6,2.133591,3.77E-14
285,J1012-5857,10:12:48.4,-58:57:48.7,0.819926,1.78E-14
286,J1013-5934,10:13:31.8,-59:34:26.6,0.442901,5.57E-16
287,J1015-5719,10:15:37.9,-57:19:12.8,0.139882,5.74E-14
288,J1016-5345,10:16:31.2,-53:45:13.8,0.769584,1.93E-15
289,J1016-5819,10:16:12.0,-58:19:01.0,0.087834,6.99E-16
290,J1016-5857,10:16:21.1,-58:57:12.1,0.107386,8.08E-14
291,J1017-5621,10:17:12.8,-56:21:30.5,0.503463,3.14E-15
292,J1018-1642,10:18:40.3,-16:42:10,1.804695,1.74E-15
293,J1019-5749,10:19:52.1,-57:49:05.9,0.162499,2.01E-14
294,J1020-5921,10:20:14.0,-59:21:34,1.238305,4.05E-14
295,J1020-6026,10:20:11.4,-60:26:06.3,0.140481,6.74E-15
296,J1021-5601,10:21:24.8,-56:01:50.9,0.670026,5.34E-17
297,J1022+1001,10:22:57.9,+10:01:52.7,0.016453,4.33E-20
298,J1022-5813,10:22:28.1,-58:13:30,1.643726,1.45E-13
299,J1023-5746,10:23:02.9,-57:46:05,0.111472,3.84E-13
300,J1028-5819,10:28:28.0,-58:19:05.2,0.091403,1.61E-14
301,J1031-6117,10:31:02.2,-61:17:50.6,0.306411,1.78E-15
302,J1032-5206,10:32:27.6,-52:06:08.5,2.407622,1.79E-14
303,J1032-5911,10:32:07,-59:10,0.464208,3E-15
304,J1034-3224,10:34:19.5,-32:24:26,1.15059,2.3E-16
305,J1035-6345,10:35:03.0,-63:45:18.4,0.579577,3.5E-16
306,J1036-4926,10:36:13.1,-49:26:21.2,0.510369,1.65E-15
307,J1036-6559,10:36:20.0,-65:59:09.2,0.533502,1.36E-15
308,J1038+0032,10:38:26.9,+00:32:43.6,0.028852,6.7E-20
309,J1038-5831,10:38:19.7,-58:31:27.1,0.661992,1.25E-15
310,J1041-1942,10:41:36.1,-19:42:13.6,1.386368,9.45E-16
311,J1042-5521,10:42:00.4,-55:21:06.2,1.170867,6.72E-15
312,J1043-6116,10:43:55.2,-61:16:50.7,0.288605,1.04E-14
313,J1044-5737,10:44:32.8,-57:37:19.3,0.139029,5.46E-14
314,J1046+0304,10:46:43.2,+03:04:06.9,0.326271,1.24E-16
315,J1046-5813,10:46:18.8,-58:13:52.0,0.369428,1.15E-15
316,J1047-3032,10:47:00.8,-30:32:18,0.330328,6.1E-17
317,J1047-6709,10:47:28.2,-67:09:51.0,0.198451,1.69E-15
318,J1048-5832,10:48:13.0,-58:32:06.2,0.123725,9.61E-14
319,J1048-5838,10:48:12.5,-58:38:19.0,1.231305,1.22E-14
320,J1049-5833,10:49:50.3,-58:33:44.6,2.202325,4.41E-15
321,J1050-5953,10:50:07.1,-59:53:21.4,6.452077,3.81E-11
322,J1052-5954,10:52:38.1,-59:54:44.1,0.180592,2E-14
323,J1052-6348,10:52:53.3,-63:48:16.6,0.38383,3.87E-16
324,J1054-5943,10:54:57.7,-59:43:14.1,0.346909,4.07E-15
325,J1054-5946,10:54:30.4,-59:46:31.0,0.228324,2.09E-16
326,J1054-6452,10:54:08.8,-64:52:37.5,1.840004,3.14E-15
327,J1055-6022,10:55:48.5,-60:22:52,0.947558,9.24E-14
328,J1055-6028,10:55:39.1,-60:28:37.5,0.099661,2.95E-14
329,J1055-6236,10:55:54.6,-62:36:48.3,0.448635,7.08E-16
330,J1055-6905,10:55:44.7,-69:05:11.4,2.919397,2.03E-14
331,J1056-5709,10:56:43.7,-57:09:34.5,0.676082,5.76E-16
332,J1056-6258,10:56:25.5,-62:58:47.6,0.422451,3.58E-15
333,J1056-7117,10:56:45.9,-71:17:53.3,0.02631,6.3E-20
334,J1057-4754,10:57:53.1,-47:54:57.6,0.628306,2.25E-16
335,J1057-5226,10:57:59.0,-52:26:56.3,0.197115,5.84E-15
336,J1057-5851,10:57:09.5,-58:51:07,0.620365,1.01E-13
337,J1057-7914,10:57:27.4,-79:14:24.2,1.347402,1.33E-15
338,J1058-5957,10:58:34.2,-59:57:36.4,0.61627,6.57E-16
339,J1059-5742,10:59:00.8,-57:42:14.5,1.185003,4.3E-15
340,J1059+6459,10:59:27.5,+64:59:32,3.63117,5.74E-15
341,J1101-6101,11:01:44.9,-61:01:39.6,0.0628,8.56E-15
342,J1103-6025,11:03:31.4,-60:25:36.3,0.396587,9.9E-16
343,J1104-6103,11:04:17.2,-61:03:03.8,0.280905,1.97E-15
344,J1105-4353,11:05:24.8,-43:53:05,0.351112,2.5E-15
345,J1105-6037,11:05:00.4,-60:37:16.3,0.194938,2.18E-14
346,J1105-6107,11:05:26.1,-61:07:48.9,0.063202,1.58E-14
347,J1106-6438,11:06:28.4,-64:39:00.0,2.717934,2.33E-15
348,J1107-5907,11:07:34.4,-59:07:18.7,0.252773,9.01E-18
349,J1107-5947,11:07:58.7,-59:47:04,1.516531,3.4E-16
350,J1107-6143,11:07:12.3,-61:43:59,1.799396,1.56E-13
351,J1110-5637,11:10:00.4,-56:37:32.6,0.558254,2.06E-15
352,J1112-6103,11:12:14.8,-61:03:31.1,0.064962,3.15E-14
353,J1112-6613,11:12:38.5,-66:13:04.8,0.334213,8.24E-16
354,J1112-6926,11:12:51.0,-69:26:31.0,0.820484,2.84E-15
355,J1114-6100,11:14:22.5,-61:00:34.2,0.88082,4.61E-14
356,J1115+5030,11:15:38.4,+50:30:12.2,1.65644,2.49E-15
357,J1115-6052,11:15:53.7,-60:52:18.6,0.259779,7.23E-15
358,J1116-2444,11:16:23.2,-24:44:56.1,0.867949,9.85E-16
359,J1116-4122,11:16:43.0,-41:22:43.9,0.943158,7.95E-15
360,J1117-6154,11:17:23.8,-61:54:22,0.505097,1.25E-14
361,J1117-6447,11:17:45.0,-64:47:58,1.155272,2.4E-16
362,J1119-6127,11:19:14.3,-61:27:49.5,0.407963,4.02E-12
363,J1119-7936,11:19:40.8,-79:36:30.3,2.280597,3.67E-15
364,J1121-5444,11:21:19.0,-54:44:05.1,0.535787,2.78E-15
365,J1123-4844,11:23:15.6,-48:44:22.7,0.244838,6.54E-17
366,J1123-6102,11:23:41.7,-61:02:06.2,0.640234,6.46E-15
367,J1123-6259,11:23:55.5,-62:59:10.9,0.271436,5.26E-15
368,J1123-6651,11:23:52.2,-66:51:49.0,0.232976,2.75E-15
369,J1124-5638,11:24:56.4,-56:38:39.7,0.18556,9E-18
370,J1124-5916,11:24:39.0,-59:16:19,0.135477,7.53E-13
371,J1124-6421,11:24:59.5,-64:21:17,0.479099,6.2E-16
372,J1126-6054,11:26:52.6,-60:54:39.9,0.202737,2.81E-16
373,J1126-6942,11:26:21.6,-69:42:15.3,0.579416,3.3E-15
374,J1128-6219,11:28:46.7,-62:19:09,0.515984,1.1E-17
375,J1130-5826,11:30:16.3,-58:26:02.3,0.162323,1.59E-17
376,J1130-5925,11:30:10.4,-59:25:34.1,0.680984,9.52E-16
377,J1130-6807,11:30:31.9,-68:07:28.5,0.256353,4.6E-16
378,J1132-4700,11:32:14.5,-47:00:36.5,0.325633,7.77E-16
379,J1132-5627,11:32:15.7,-56:27:28.9,0.175166,6.8E-17
380,J1133-6250,11:33:51.4,-62:50:50.6,1.022875,4.52E-16
381,J1135-6055,11:35,-60:55,0.114943,7.93E-14
382,J1136+1551,11:36:03.1,+15:51:14.1,1.187913,3.73E-15
383,J1136-5525,11:36:02.1,-55:25:06.9,0.364713,8.23E-15
384,J1137-6700,11:37:32.0,-67:00:33.0,0.556216,7.17E-17
385,J1138-6207,11:38:21.6,-62:07:59.3,0.117564,1.25E-14
386,J1141-3107,11:41:25.6,-31:07:52.6,0.538432,1.96E-15
387,J1141-3322,11:41:42.7,-33:22:37,0.291468,4.63E-16
388,J1141-6545,11:41:07.0,-65:45:19.1,0.393899,4.31E-15
389,J1142-6230,11:42:52.5,-62:30:03.9,0.558383,7.79E-17
390,J1143-5158,11:43:15.0,-51:58:39.8,0.675646,6.95E-16
391,J1143-5536,11:43:09.7,-55:36:04.5,0.685358,4.85E-16
392,J1144-6217,11:44:02.1,-62:17:30.3,0.850665,3.08E-14
393,J1146-6030,11:46:07.7,-60:30:59.4,0.273375,1.79E-15
394,J1148-5725,11:48:28.5,-57:25:12.6,3.559937,1.11E-14
395,J1148-6415,11:48:37.8,-64:15:33,3.241029,2.7E-15
396,J1151-6108,11:51:56.8,-61:08:17.6,0.101633,1.03E-14
397,J1152-5800,11:52:10.0,-58:00:34,1.789829,1.28E-15
398,J1152-6012,11:52:53.8,-60:12:21,0.37657,6.69E-15
399,J1154-6250,11:54:20.1,-62:50:02.7,0.282012,5.59E-16
400,J1156-5707,11:56:07.4,-57:07:02.1,0.288417,2.65E-14
401,J1156-5909,11:56:21.5,-59:09:12.3,1.037931,1.02E-15
402,J1157-5112,11:57:08.1,-51:12:56.1,0.043589,1.43E-19
403,J1157-6224,11:57:15.2,-62:24:50.9,0.400526,3.93E-15
404,J1159-6409,11:59:21.7,-64:09:57,0.667486,2.4E-17
405,J1159-7910,11:59:35.7,-79:10:05.6,0.525074,2.82E-15
406,J1201-6306,12:01:23.0,-63:06:59.5,0.592136,3.56E-15
407,J1202-5820,12:02:28.3,-58:20:33.6,0.452803,2.13E-15
408,J1204-6843,12:04:36.7,-68:43:17.1,0.308861,2.17E-16
409,J1208-6238,12:08:13.9,-62:38:03.3,0.440591,3.27E-12
410,J1210-5226,12:10:00.9,-52:26:28.4,0.424131,2.22E-17
411,J1210-5559,12:10:05.9,-55:59:03.8,0.279768,7.25E-16
412,J1210-6550,12:10:42.0,-65:50:04.6,4.23701,4.31E-16
413,J1211-6324,12:11:24.1,-63:24:45.2,0.433084,2.57E-16
414,J1214-5830,12:14:08.4,-58:30:25.9,0.909823,5.34E-17
415,J1215-5328,12:15:00.6,-53:28:31.6,0.636414,1.15E-16
416,J1216-6223,12:16:41.9,-62:23:57.0,0.374053,1.68E-14
417,J1220-6318,12:20:17.8,-63:18:46.5,0.789212,8.03E-17
418,J1222-5738,12:22:52.3,-57:38:20,1.081164,1.5E-16
419,J1224-6208,12:24:44.2,-62:08:41.1,0.585761,2.02E-14
420,J1224-6407,12:24:22.2,-64:07:53.8,0.21648,4.95E-15
421,J1225-5556,12:25:43.8,-55:56:43.1,1.018453,2.06E-15
422,J1225-6035,12:25:28.6,-60:35:37.6,0.626324,2.88E-16
423,J1225-6408,12:25:42.8,-64:08:43,0.419618,9.46E-16
424,J1226+0005,12:26:14.4,+00:05:44,2.285076,2.47E-15
425,J1226-3223,12:26:46.6,-32:23:01,6.193004,7.05E-15
426,J1227-6208,12:27:00.4,-62:08:43.7,0.034528,1.87E-19
427,J1231-4609,12:31:45.7,-46:09:45.2,0.877239,3.8E-17
428,J1231-6303,12:31:13.0,-63:03:18,1.351236,1.4E-15
429,J1232-4742,12:32:19.1,-47:42:50.9,1.872994,1.4E-17
430,J1232-6501,12:32:17.8,-65:01:03.3,0.088282,8.11E-19
431,J1233-6312,12:33:31.5,-63:12:29,0.564759,6.92E-15
432,J1233-6344,12:33:39.9,-63:44:55,0.756892,3.88E-15
433,J1234-3630,12:34:12.0,-36:30:41.1,0.569242,8.66E-16
434,J1235-6354,12:35:57.7,-63:54:30.4,0.256778,1.97E-16
435,J1236-0159,12:36:02.5,-01:59:10,3.597574,5.1E-15
436,J1236-5033,12:36:59.1,-50:33:36.3,0.29476,1.56E-16
437,J1237-6725,12:37:25.9,-67:25:33.9,2.110974,2.19E-15
438,J1238+2152,12:38:23.1,+21:52:11,1.118591,1.45E-15
439,J1239+2453,12:39:40.4,+24:53:49.2,1.382449,9.6E-16
440,J1239-6832,12:39:58.8,-68:32:30.0,1.301923,1.19E-14
441,J1240-4124,12:40:17.6,-41:24:51.7,0.512242,1.74E-15
442,J1243-5735,12:43:35.3,-57:35:42.8,0.471225,8E-17
443,J1243-6423,12:43:17.1,-64:23:23.7,0.388485,4.49E-15
444,J1244-5053,12:44:11.4,-50:53:20.6,0.275207,1E-15
445,J1244-6359,12:44:47.6,-63:59:47.4,0.147274,4.4E-18
446,J1244-6531,12:44:38.3,-65:31:12,1.546819,7.18E-15
447,J1245-6238,12:45:21.1,-62:38:55.9,2.283093,1.09E-14
448,J1246+2253,12:46:49.3,+22:53:43.2,0.473871,8.89E-17
449,J1248-6344,12:48:46.3,-63:44:09.6,0.198335,1.69E-14
450,J1248-6444,12:48:32.8,-64:44:00.0,1.234893,1.93E-15
451,J1249-6507,12:49:54.3,-65:07:19.8,0.434445,1.21E-17
452,J1251-7407,12:51:52.9,-74:07:15.0,0.327058,3.65E-16
453,J1252-6314,12:52:42.6,-63:14:32.7,0.823339,1.08E-16
454,J1253-5820,12:53:28.3,-58:20:40.8,0.255496,2.1E-15
455,J1254-6150,12:54:32.4,-61:50:50.8,0.184502,6.24E-16
456,J1255-6131,12:55:54.8,-61:31:10.1,0.657974,4E-15
457,J1257-1027,12:57:04.7,-10:27:05.5,0.617308,3.63E-16
458,J1259-6741,12:59:22.7,-67:41:40,0.663329,1.21E-15
459,J1301-6305,13:01:45.7,-63:05:33.9,0.184528,2.67E-13
460,J1301-6310,13:01:28.3,-63:10:40.5,0.66383,5.64E-14
461,J1302-6313,13:02:19.2,-63:13:29,0.967846,6.33E-15
462,J1302-6350,13:02:47.6,-63:50:08.6,0.047763,2.28E-15
463,J1303-6305,13:03:00.0,-63:05:00.8,2.306642,2.18E-15
464,J1305-6203,13:05:21.1,-62:03:21.0,0.427774,3.22E-14
465,J1305-6256,13:05:28.0,-62:56:39,0.478231,2.11E-15
466,J1305-6455,13:05:23.3,-64:55:28.3,0.571652,4.04E-15
467,J1306-6242,13:06:44.6,-62:42:03,0.981902,5.86E-15
468,J1306-6617,13:06:38.1,-66:17:21.8,0.473026,5.97E-15
469,J1307-6318,13:07:54.7,-63:18:35,4.962427,2.11E-14
470,J1308+2127,13:08:48.2,+21:27:06.7,10.312522,1.12E-13
471,J1308-4650,13:08:44.5,-46:50:29.7,1.058833,5.26E-16
472,J1308-5844,13:08:21.0,-58:44:13.8,0.4647,8.64E-15
473,J1309-6415,13:09:16.6,-64:15:59,0.619454,8.79E-15
474,J1309-6526,13:09:00.2,-65:26:16.6,0.398292,1.84E-17
475,J1311-1228,13:11:52.6,-12:28:02,0.447518,1.51E-16
476,J1312-5402,13:12:04.7,-54:02:42.6,0.728154,1.43E-16
477,J1312-5516,13:12:53.5,-55:16:48.0,0.849243,5.7E-15
478,J1312-6400,13:12:07.1,-64:00:55.6,2.437432,6.83E-16
479,J1313+0931,13:13:23.0,+09:31:56,0.848933,8E-16
480,J1314-6101,13:14:23.4,-61:01:16,2.94839,1.17E-14
481,J1316-6232,13:16:46.3,-62:32:12.2,0.342825,5.3E-15
482,J1317-5759,13:17:46.2,-57:59:30.5,2.642199,1.26E-14
483,J1317-6302,13:17:44.6,-63:02:52.2,0.261271,1.02E-16
484,J1319-6056,13:19:20.2,-60:56:46.7,0.284353,1.53E-15
485,J1319-6105,13:19:26.3,-61:05:26.2,0.421118,1.5E-15
486,J1320-3512,13:20:12.6,-35:12:26.0,0.458488,1.9E-18
487,J1320-5359,13:20:53.9,-53:59:05.0,0.279738,9.25E-15
488,J1321-5922,13:21:39.5,-59:22:52.1,1.279058,2.37E-15
489,J1321+8323,13:21:45.6,+83:23:39.4,0.670037,5.66E-16
490,J1322-6241,13:22:32.1,-62:41:53.5,0.506058,2.59E-15
491,J1322-6329,13:22:18.0,-63:29:37,2.764209,1.11E-14
492,J1324-6146,13:24:43.9,-61:46:00,0.844109,5.58E-15
493,J1324-6302,13:24:13.6,-63:02:21.1,2.483804,9.79E-16
494,J1326-5859,13:26:58.2,-58:59:29.2,0.477994,3.24E-15
495,J1326-6408,13:26:32.4,-64:08:43.8,0.792674,3.09E-15
496,J1326-6700,13:26:02.7,-67:00:49.2,0.543015,5.33E-15
497,J1327-6222,13:27:17.1,-62:22:45.4,0.529929,1.88E-14
498,J1327-6301,13:27:07.4,-63:01:15.4,0.19648,1.53E-15
499,J1327-6400,13:27:10.2,-64:00:13.1,0.280678,3.12E-14
500,J1328-4357,13:28:06.4,-43:57:44.1,0.532699,3.01E-15
501,J1328-4921,13:28:33.5,-49:21:33.4,1.478721,6.1E-16
502,J1329-6158,13:29:03.3,-61:58:59,1.565218,3.39E-14
503,J1331-5245,13:31:00.0,-52:45:25.4,0.648117,5.1E-16
504,J1332-3032,13:32:52.4,-30:32:17,0.650434,5.6E-16
505,J1333-4449,13:33:44.8,-44:49:26.2,0.345603,5.4E-19
506,J1334-5839,13:34:30.1,-58:39:16.5,0.107718,2.16E-17
507,J1336-2522,13:36:20.8,-25:22:01.6,0.478145,3.31E-16
508,J1337-6306,13:37:20.3,-63:06:23.3,0.207953,3.56E-16
509,J1338-6204,13:38:09.3,-62:04:18.7,1.23899,1.39E-14
510,J1339-4712,13:39:56.5,-47:12:05.5,0.137055,5.3E-19
511,J1339-6618,13:39:56.6,-66:18:07.8,0.558179,3.5E-16
512,J1340-6456,13:40:00.3,-64:56:42.9,0.378622,5.05E-15
513,J1341-6023,13:41:07.3,-60:23:34.7,0.627285,1.95E-14
514,J1341-6220,13:41:42.6,-62:20:20.7,0.19334,2.53E-13
515,J1343+6634,13:43:59.2,+66:34:25.0,1.394104,1.09E-15
516,J1344-6059,13:44:39.6,-60:59:31,0.540102,4.3E-17
517,J1345-6115,13:45:44.4,-61:15:30.6,1.253085,3.25E-15
518,J1346-4918,13:46:22.3,-49:18:07.2,0.299625,3.5E-17
519,J1347-5947,13:47:19.3,-59:47:39.8,0.609962,1.42E-14
520,J1348-6307,13:48:42.4,-63:07:04,0.927772,3.79E-15
521,J1349-6130,13:49:36.6,-61:30:17.1,0.259365,5.12E-15
522,J1350-5115,13:50:16.1,-51:15:24.7,0.295699,7.53E-16
523,J1350-6225,13:50:44.4,-62:25:43.8,0.138158,8.88E-15
524,J1352-6803,13:52:34.4,-68:03:37.1,0.628903,1.23E-15
525,J1354-6249,13:54:35,-62:49:30,2.951938,1.48E-14
526,J1355-5153,13:55:58.6,-51:53:54.0,0.644305,2.81E-15
527,J1355-5747,13:55:36.9,-57:47:15,2.038674,7.15E-16
528,J1355-5925,13:55:59.1,-59:25:00.9,1.213381,5.99E-15
529,J1355-6206,13:55:21.3,-62:06:20.1,0.276603,3.1E-18
530,J1356-5521,13:56:50.5,-55:21:12.9,0.50738,7.24E-16
531,J1357-6429,13:57:02.4,-64:29:30.2,0.166108,3.6E-13
532,J1359-6038,13:59:58.2,-60:38:07.5,0.127508,6.33E-15
533,J1400-6325,14:00:45.6,-63:25:42.6,0.031182,3.89E-14
534,J1401-6357,14:01:52.5,-63:57:45.4,0.842805,1.69E-14
535,J1402-50,14:02:56.0,-50:21:43,1.380182,5.41E-15
536,J1403-6310,14:03:14.0,-63:10:27,0.39917,9E-17
537,J1403-7646,14:03:04.1,-76:46:57.5,1.306198,1.2E-15
538,J1404+1159,14:04:36.9,+11:59:16.0,2.650439,1.38E-15
539,J1405-5641,14:05:12.4,-56:41:24.2,0.617575,1.2E-15
540,J1406-5806,14:06:01.2,-58:06:32,0.288349,6.11E-16
541,J1406-6121,14:06:50.0,-61:21:27.9,0.213075,5.47E-14
542,J1407-6048,14:07:58.6,-60:48:58.8,0.492344,3.16E-15
543,J1407-6153,14:07:56.5,-61:53:59,0.701615,8.85E-15
544,J1409-6953,14:09:16.9,-69:53:34.4,0.528591,8.4E-16
545,J1410-6132,14:10:24,-61:32,0.050052,3.2E-14
546,J1410-7404,14:10:07.3,-74:04:53.3,0.278729,6.74E-18
547,J1411+2551,14:11:18.8,+25:51:08.3,0.062453,9.56E-20
548,J1412-6111,14:12:59.6,-61:11:30.5,0.529156,1.91E-15
549,J1412-6145,14:12:07.6,-61:45:28.4,0.315258,9.9E-14
550,J1412+7922,14:12:55.8,+79:22:03.8,0.058199,3.29E-15
551,J1413-6141,14:13:09.8,-61:41:13,0.285625,3.33E-13
552,J1413-6205,14:13:29.9,-62:05:38,0.109741,2.77E-14
553,J1413-6222,14:13:05.4,-62:22:27.8,0.292408,2.23E-15
554,J1413-6307,14:13:31.3,-63:07:35.4,0.394946,7.43E-15
555,J1414-6802,14:14:25.7,-68:02:58,4.630188,6.39E-15
556,J1415-6621,14:15:31.2,-66:21:12.2,0.392479,5.8E-16
557,J1416-5033,14:16:44.6,-50:33:17,0.794883,1.2E-16
558,J1416-6037,14:16:30.5,-60:37:59.5,0.29558,4.28E-15
559,J1418-3921,14:18:50.2,-39:21:18.5,1.096806,8.89E-16
560,J1418-5945,14:18:32.3,-59:45:00,1.672596,2.71E-16
561,J1418-6058,14:18:42.7,-60:57:49,0.110573,1.69E-13
562,J1420-5416,14:20:29.0,-54:16:22.5,0.935772,2.32E-16
563,J1420-5625,14:20:03.0,-56:25:55.0,0.034117,6.75E-20
564,J1420-6048,14:20:08.2,-60:48:16.4,0.06818,8.32E-14
565,J1422-6138,14:22:27.0,-61:38:28,0.340968,9.68E-14
566,J1423-6953,14:23:26.7,-69:53:42.8,0.333411,1.45E-15
567,J1424-5556,14:24:12.7,-55:56:13.9,0.770375,7.8E-16
568,J1424-5822,14:24:32.1,-58:22:56.0,0.366734,3.94E-15
569,J1424-6438,14:24:59.2,-64:38:10.0,1.023504,2.4E-16
570,J1425-5723,14:25:36.5,-57:23:30.8,0.353263,2.2E-17
571,J1425-5759,14:25:59.1,-57:59:10.2,0.707868,7.42E-16
572,J1425-6210,14:25:07.7,-62:10:04.9,0.50173,4.78E-16
573,J1427-4158,14:27:50.7,-41:58:56.3,0.586486,6.21E-16
574,J1428-5530,14:28:26.2,-55:30:50.1,0.570292,2.09E-15
575,J1429-5911,14:29:58.6,-59:11:36.6,0.115843,3.05E-14
576,J1429-5935,14:29:25.9,-59:35:58.9,0.763915,4.28E-14
577,J1430-6623,14:30:40.7,-66:23:05.5,0.785443,2.78E-15
578,J1432-5032,14:32:52.2,-50:32:17.3,2.034989,5.92E-15
579,J1433-6038,14:33:13.1,-60:38:34.7,1.95443,5.63E-15
580,J1434-6006,14:34:05.3,-60:06:29.0,0.306368,3.02E-15
581,J1434-6029,14:34:39.1,-60:29:49,0.963348,1.03E-15
582,J1434+7257,14:33:59.7,+72:57:26.5,0.041741,5.5E-19
583,J1435-5954,14:35:00.3,-59:54:49.2,0.472995,1.54E-15
584,J1437-5959,14:37:01.9,-59:59:01.4,0.061696,8.59E-15
585,J1437-6146,14:37:15.3,-61:46:02.0,0.467616,6.33E-15
586,J1439-5501,14:39:39.7,-55:01:23.6,0.028635,1.42E-19
587,J1440-6344,14:40:31.2,-63:44:48.4,0.459607,1.12E-15
588,J1441-6137,14:41:44.3,-61:37:24,1.17584,3.6E-16
589,J1443-5122,14:43:26.9,-51:22:26,0.732061,3.38E-16
590,J1444-5941,14:44:46.5,-59:41:19,2.760228,8.23E-15
591,J1444-6026,14:44:06.0,-60:26:09.4,4.758576,1.85E-14
592,J1449-5846,14:49:25.4,-58:46:40.4,0.46333,8.6E-17
593,J1452-5851,14:52:52.6,-58:51:13.2,0.386643,5.07E-14
594,J1452-6036,14:52:51.8,-60:36:31.3,0.154991,1.45E-15
595,J1453-6413,14:53:32.6,-64:13:16.0,0.179487,2.74E-15
596,J1454-5846,14:54:10.9,-58:46:34.7,0.045249,8.17E-19
597,J1456-6843,14:55:59.9,-68:43:39.5,0.263377,9.89E-17
598,J1457-5122,14:57:40.1,-51:22:53,1.748301,5.29E-15
599,J1457-5900,14:57:39.0,-59:00:51,1.498637,3.66E-15
600,J1457-5902,14:57:31.9,-59:02:04,0.390739,1.23E-14
601,J1459-6053,14:59:29.9,-60:53:20.7,0.103151,2.53E-14
602,J1501-0046,15:01:44.9,-00:46:23.5,0.464037,2.39E-16
603,J1501-5637,15:01:51.0,-56:37:48,0.782949,1.7E-16
604,J1502-5653,15:02:57.3,-56:53:39.2,0.535504,1.83E-15
605,J1502-5828,15:02:43.8,-58:28:42,0.668105,3.64E-14
606,J1502-6128,15:02:29.8,-61:28:50.3,0.842104,1.35E-15
607,J1502-6752,15:02:18.6,-67:52:16.7,0.026744,3.15E-19
608,J1503+2111,15:03:54.6,+21:11:09.3,3.314002,1.4E-16
609,J1504-5621,15:04:49.1,-56:21:32,0.412985,5.53E-15
610,J1506-5158,15:06:39.5,-51:58:10,0.840739,6.37E-15
611,J1507-4352,15:07:34.1,-43:52:03.8,0.286758,1.58E-15
612,J1507-6640,15:07:48.6,-66:40:57.8,0.355656,1.15E-15
613,J1509+5531,15:09:25.6,+55:31:32.3,0.739682,5E-15
614,J1509-5850,15:09:27.1,-58:50:56.0,0.088925,9.17E-15
615,J1509-6015,15:09:07.5,-60:15:18.6,0.339038,2.12E-15
616,J1510-4422,15:10:48.9,-44:22:07,0.943871,6.1E-16
617,J1511-5414,15:11:51.3,-54:14:40.3,0.200384,4.85E-16
618,J1511-5835,15:11:07.0,-58:35:28,0.301511,3.44E-16
619,J1512-5431,15:12:05.7,-54:31:19,2.040532,1.92E-15
620,J1512-5759,15:12:43.0,-57:59:59.8,0.128699,6.85E-15
621,J1513-5739,15:13:58.9,-57:39:01.4,0.973458,2.75E-14
622,J1513-5908,15:13:55.8,-59:08:09.6,0.151582,1.53E-12
623,J1513-5946,15:13:44.7,-59:46:31.9,1.046117,8.53E-15
624,J1514-4834,15:14:14.5,-48:34:19.5,0.454839,9.25E-16
625,J1514-5925,15:14:59.1,-59:25:43.5,0.148797,2.88E-15
626,J1515-5720,15:15:09.2,-57:20:50.1,0.286648,6.09E-15
627,J1517-4356,15:17:27.3,-43:56:17.9,0.650837,2.16E-16
628,J1517-4636,15:17:29.3,-46:36:00.6,0.886612,2.1E-15
629,J1518-0627,15:18:59.1,-06:27:07.7,0.794997,4.18E-16
630,J1518-3952,15:18:56.9,-39:52:30.3,0.499196,2.37E-16
631,J1518+4904,15:18:16.7,+49:04:34.2,0.040935,2.72E-20
632,J1518-5415,15:18:13.5,-54:15:45.0,0.214925,4.06E-17
633,J1519-5734,15:19:47.5,-57:34:13.6,0.518758,4.27E-15
634,J1519-6106,15:19:35.8,-61:06:54.6,2.154307,8.37E-15
635,J1519-6308,15:19:09.5,-63:08:19.5,1.254052,5.96E-15
636,J1522-5525,15:22:06.7,-55:25:17.5,1.389605,3.3E-15
637,J1522-5735,15:22:05.3,-57:35:00,0.102136,3.12E-14
638,J1522-5829,15:22:42.2,-58:29:03.1,0.395354,2.06E-15
639,J1524-5625,15:24:49.8,-56:25:23.4,0.078219,3.9E-14
640,J1524-5706,15:24:21.4,-57:06:34.6,1.116174,3.56E-13
641,J1524-5819,15:24:24.6,-58:19:14.1,0.961043,1.26E-13
642,J1525-5417,15:25:28.3,-54:17:20,1.011694,1.62E-14
643,J1525-5523,15:25:36.0,-55:23:27.2,0.355156,8.96E-18
644,J1525-5545,15:25:28.1,-55:45:49.8,0.01136,1.31E-19
645,J1525-5605,15:25:41.4,-56:05:13,0.280349,1.16E-16
646,J1526-5633,15:26:41.2,-56:33:43,0.301888,1.23E-16
647,J1527-3931,15:27:58.7,-39:31:36.6,2.417605,1.91E-14
648,J1527-5552,15:27:40.7,-55:52:08.3,1.048719,1.13E-14
649,J1528-3146,15:28:34.9,-31:46:06.8,0.060822,2.49E-19
650,J1528-4109,15:28:08.0,-41:09:28.8,0.526556,3.96E-16
651,J1528-5547,15:28:39.1,-55:47:23,3.467302,7.75E-15
652,J1528-5838,15:28:24.3,-58:38:01,0.355687,2.48E-14
653,J1529-5355,15:29:57.6,-53:55:36,0.891265,8.1E-16
654,J1529-5611,15:29:35.8,-56:11:29,0.822249,4.1E-15
655,J1530-5327,15:30:26.8,-53:27:56.0,0.278958,4.68E-15
656,J1530-6343,15:30:47.6,-63:43:13.6,0.91032,8.25E-16
657,J1531-4012,15:31:08.0,-40:12:30.9,0.356849,9.63E-17
658,J1531-5610,15:31:27.9,-56:10:55.3,0.084206,1.38E-14
659,J1532+2745,15:32:10.3,+27:45:49.6,1.124836,7.8E-16
660,J1532-5308,15:32:35.5,-53:08:06,0.443825,6.5E-17
661,J1534-4428,15:34:52.0,-44:28:09.4,1.221426,1.8E-16
662,J1534-5334,15:34:08.2,-53:34:19.6,1.368882,1.43E-15
663,J1534-5405,15:34:33.5,-54:05:39.7,0.289689,1.54E-15
664,J1535-4114,15:35:17.0,-41:14:03.1,0.432866,4.07E-15
665,J1535-4415,15:35:55.9,-44:15:08.4,0.468402,4.05E-17
666,J1535-5450,15:35:58.2,-54:50:26,0.566734,1.43E-14
667,J1535-5848,15:35:16.7,-58:48:27.7,0.307178,2.72E-15
668,J1536-3602,15:36:17.3,-36:02:58.8,1.319759,7.9E-16
669,J1536-5433,15:36:04.8,-54:33:15,0.881438,1.91E-15
670,J1536-5907,15:36:17.7,-59:07:03.6,0.557841,1.37E-15
671,J1537+1155,15:37:09.9,+11:55:55.4,0.037904,2.42E-18
672,J1537-4912,15:37:28.2,-49:12:03,0.301311,1.93E-15
673,J1537-5153,15:37:15.7,-51:53:06,1.528124,4.17E-15
674,J1537-5645,15:37:51.0,-56:45:04,0.430464,2.78E-15
675,J1538+2345,15:38:06.0,+23:45:04.0,3.449385,6.89E-15
676,J1538-5438,15:38:48.9,-54:38:17,0.276726,1.42E-15
677,J1538-5519,15:38:40.8,-55:19:46,0.395731,4.1E-17
678,J1538-5551,15:38:45.0,-55:51:36.9,0.104676,3.21E-15
679,J1538-5621,15:38:43.2,-56:21:55.5,1.908494,7.31E-15
680,J1538-5638,15:38:05.7,-56:38:12,0.84398,7.12E-15
681,J1538-5732,15:38:18.1,-57:32:29.3,0.341213,4.55E-15
682,J1538-5750,15:38:08.4,-57:50:17.1,0.506568,4.2E-17
683,J1539-4828,15:39:40.8,-48:28:57,1.272842,1.27E-15
684,J1539-5521,15:39:07.9,-55:21:11.2,1.004958,7.28E-16
685,J1539-5626,15:39:14.0,-56:26:26.3,0.243395,4.85E-15
686,J1539-6322,15:39:24.7,-63:22:53.2,1.630846,2.02E-16
687,J1540-5736,15:40:59.0,-57:36:57,0.612916,4.21E-16
688,J1541-5535,15:41:49.6,-55:35:01,0.295838,7.5E-14
689,J1542-5034,15:42:45.4,-50:34:01.4,0.599245,3.97E-15
690,J1542-5133,15:42:19.9,-51:33:35,1.783865,5.89E-16
691,J1542-5303,15:42:54.5,-53:03:41,1.207568,7.78E-14
692,J1543-0620,15:43:30.1,-06:20:45.3,0.709064,8.8E-16
693,J1543+0929,15:43:38.8,+09:29:16.3,0.748448,4.32E-16
694,J1543-5013,15:43:58.2,-50:13:58,0.644255,1.01E-14
695,J1543-5459,15:43:56.4,-54:59:15.0,0.377138,5.21E-14
696,J1544-5308,15:44:59.8,-53:08:46.9,0.178554,6.03E-17
697,J1546-5302,15:46:07.4,-53:02:23.0,0.58084,1.18E-14
698,J1547-0944,15:47:46.0,-09:44:07.8,1.576925,2.94E-15
699,J1547-5750,15:47:30.6,-57:50:29.4,0.647198,2.56E-17
700,J1547-5839,15:47:34.9,-58:39:09.8,0.24219,5.94E-16
701,J1548-4821,15:48:23.2,-48:21:49.7,0.145655,8E-19
702,J1548-4927,15:48:19.4,-49:27:40.4,0.602738,4.05E-15
703,J1548-5607,15:48:44.0,-56:07:34.3,0.170938,1.07E-14
704,J1549+2113,15:49:40.9,+21:13:26.9,1.262471,8.54E-16
705,J1549-4848,15:49:21.0,-48:48:35.5,0.288355,1.41E-14
706,J1549-5722,15:49:47.9,-57:22:02,0.497772,4.7E-17
707,J1550-5242,15:50:02.9,-52:42:07.0,0.749659,1.78E-14
708,J1550-5317,15:50:04.8,-53:17:21,1.421124,9.35E-16
709,J1550-5418,15:50:54.1,-54:18:24.1,2.069833,2.32E-11
710,J1551-4424,15:51:48.0,-44:24:42,0.67406,1.88E-16
711,J1551-5310,15:51:41.0,-53:11:00.5,0.453448,1.95E-13
712,J1551-6214,15:51:36.7,-62:14:23.3,0.198839,2.28E-17
713,J1553-5456,15:53:59.6,-54:56:06,1.081328,1.57E-14
714,J1554-5209,15:54:27.1,-52:09:38.3,0.12523,2.29E-15
715,J1554-5512,15:54:40.5,-55:12:33,3.418039,3.12E-14
716,J1555-0515,15:55:40.0,-05:15:57.4,0.97541,2.05E-15
717,J1555-2341,15:55:33.1,-23:41:10,0.532578,6.94E-16
718,J1555-3134,15:55:17.9,-31:34:20.1,0.51811,6.22E-17
719,J1556-5358,15:56:51.5,-53:58:55,0.994681,1.04E-14
720,J1557-4258,15:57:00.2,-42:58:12.6,0.329187,3.3E-16
721,J1558-5419,15:58:41.4,-54:19:26,0.594575,6.04E-15
722,J1558-5756,15:58:30.5,-57:56:26.1,1.122342,1.86E-13
723,J1559-4438,15:59:41.5,-44:38:45.9,0.257056,1.02E-15
724,J1559-5545,15:59:21.3,-55:45:40,0.957242,2.05E-14
725,J1600-5044,16:00:53.0,-50:44:21.3,0.192605,5.06E-15
726,J1600-5751,16:00:19.9,-57:51:15.3,0.194456,2.13E-15
727,J1600-5916,16:00:35.0,-59:16:59,1.247666,8.87E-16
728,J1601-5244,16:01:27.3,-52:44:09,2.559357,7.21E-16
729,J1601-5335,16:01:54.8,-53:35:44.1,0.288479,6.23E-14
730,J1602-4957,16:02:18.2,-49:57:32,0.81999,1.59E-14
731,J1602-5100,16:02:18.7,-51:00:06.1,0.864286,6.94E-14
732,J1603-2531,16:03:04.8,-25:31:47,0.28307,1.59E-15
733,J1603-2712,16:03:08.0,-27:13:28,0.778313,3.01E-15
734,J1603-3539,16:03:53.6,-35:39:57.1,0.141909,1.24E-16
735,J1603-5657,16:03:31.4,-56:57:44.1,0.496077,2.79E-15
736,J1603-7202,16:03:35.6,-72:02:32.7,0.014842,1.56E-20
737,J1604-4718,16:04:29.4,-47:18:47.9,0.527466,4.96E-15
738,J1604-4909,16:04:22.9,-49:09:57.9,0.327419,1.02E-15
739,J1604-7203,16:04:29.1,-72:03:30.4,0.341403,8.4E-17
740,J1605-5215,16:05:19.0,-52:15:48,1.013609,4.75E-15
741,J1605-5257,16:05:16.2,-52:57:34.5,0.658013,2.56E-16
742,J1607-0032,16:07:12.0,-00:32:41.5,0.421816,3.06E-16
743,J1607-5140,16:07:49.3,-51:40:16,0.342723,2.54E-15
744,J1607-6449,16:07:48.7,-64:49:43.0,0.298116,2.49E-17
745,J1609-1930,16:09:05.3,-19:30:08,1.557917,5.09E-16
746,J1609-4616,16:09:41.1,-46:16:22.5,0.249609,5.01E-16
747,J1609-5158,16:09:26.7,-51:58:18,1.279402,1.3E-14
748,J1610-1322,16:10:42.7,-13:22:22,1.018393,2.3E-16
749,J1610-5006,16:10:44.3,-50:06:42.2,0.481119,1.36E-14
750,J1610-5303,16:10:12.8,-53:03:49,0.786468,2.62E-15
751,J1611-4811,16:11:02.7,-48:11:39,1.29685,1.95E-15
752,J1611-4949,16:11:46.6,-49:49:57.2,0.666438,5.42E-16
753,J1611-5209,16:11:03.3,-52:09:22.1,0.182495,5.17E-15
754,J1611-5847,16:11:51.3,-58:47:42.3,0.35455,2.01E-18
755,J1612+2008,16:12:23.4,+20:08:18.3,0.426646,3.73E-17
756,J1612-2408,16:12:26.0,-24:08:04,0.923834,1.57E-15
757,J1612-5136,16:12:00.6,-51:36:54,0.483311,3.78E-15
758,J1612-5805,16:12:27.8,-58:05:29.2,0.61552,9.35E-16
759,J1613-4714,16:13:28.9,-47:14:26.9,0.382377,6.34E-16
760,J1613-5211,16:13:42.4,-52:11:21.0,0.457502,1.92E-14
761,J1613-5234,16:13:57.4,-52:34:17,0.655221,6.63E-15
762,J1614+0737,16:14:40.9,+07:37:31,1.206801,2.36E-15
763,J1614-3846,16:14:42.5,-38:46:35,0.464106,9.2E-16
764,J1614-3937,16:14:31.2,-39:37:28.8,0.407292,1.59E-16
765,J1614-5048,16:14:11.2,-50:48:03.5,0.231694,4.95E-13
766,J1614-5144,16:14:45.7,-51:44:49,1.534008,7.44E-15
767,J1614-5402,16:14:50.3,-54:02:47,0.572592,2.9E-17
768,J1615-2940,16:15:52.8,-29:40:16,2.477568,1.58E-15
769,J1615-5444,16:15:01.1,-54:44:32.4,0.360958,3.38E-16
770,J1615-5537,16:15:40.4,-55:37:00.5,0.791526,2E-15
771,J1616-5017,16:16:29.8,-50:17:14.9,0.491384,4.66E-14
772,J1616-5109,16:16:30.9,-51:09:17,1.219594,1.91E-14
773,J1616-5208,16:16:23.4,-52:08:48,1.025831,2.89E-14
774,J1617-4216,16:17:23.3,-42:16:59,3.428466,1.81E-14
775,J1617-4608,16:17:35.1,-46:08:36.5,0.56708,1.65E-14
776,J1617-5055,16:17:29.3,-50:55:13.2,0.069357,1.35E-13
777,J1618-3921,16:18:18.8,-39:21:01.8,0.011987,5.41E-20
778,J1618-4723,16:18:06.8,-47:23:19.1,0.203553,1.99E-15
779,J1620-4927,16:20:41.5,-49:27:37.1,0.171935,1.05E-14
780,J1620-5414,16:20:14.4,-54:14:51.7,1.15636,6.74E-17
781,J1621-5039,16:21:04.7,-50:39:48.6,1.08402,1.3E-14
782,J1621-5243,16:21:55.8,-52:43:44,0.371924,7.68E-16
783,J1622-3751,16:22:04.5,-37:51:13.9,0.731463,2.57E-15
784,J1622-4332,16:22:45.4,-43:32:28.2,0.916938,1.56E-15
785,J1622-4347,16:22:30.0,-43:47:21.4,0.457681,5.05E-15
786,J1622-4802,16:22:47.1,-48:02:13.1,0.265072,3.07E-16
787,J1622-4845,16:22:05.4,-48:46:29,0.735092,1.1E-16
788,J1622-4944,16:22:37.5,-49:44:30,1.072968,1.71E-14
789,J1622-4950,16:22:44.8,-49:50:54.4,4.32702,2.78E-12
790,J1622-6617,16:22:03.6,-66:17:16.9,0.023623,5.88E-20
791,J1623-0841,16:23:42.6,-08:41:36.6,0.503015,1.96E-15
792,J1623-0908,16:23:17.6,-09:08:48.7,1.276446,2.58E-15
793,J1623-2631,16:23:38.2,-26:31:53.7,0.011076,6.71E-19
794,J1623-4256,16:23:48.3,-42:56:52,0.36459,1.02E-15
795,J1623-4949,16:23:54.8,-49:49:04,0.725732,4.21E-14
796,J1623-5005,16:23:04.1,-50:05:15.1,0.085072,4.16E-15
797,J1624-4041,16:24:09.9,-40:41:29.7,0.167861,4.72E-15
798,J1624-4411,16:24:21.3,-44:11:33.8,0.233164,7.99E-16
799,J1624-4613,16:24:18.7,-46:13:02,0.871243,6.07E-17
800,J1624-4721,16:24:54.8,-47:21:27,0.448723,4.15E-15
801,J1624+8643,16:24:32.7,+86:43:13,0.395763,2.55E-16
802,J1625-4048,16:25:10.3,-40:48:21.5,2.355278,4.43E-16
803,J1625-4904,16:25:18.0,-49:04:33.6,0.460339,1.68E-14
804,J1625-4913,16:25:16.4,-49:13:44.6,0.355856,6.65E-15
805,J1626-4537,16:26:48.9,-45:37:25.6,0.370141,8.28E-15
806,J1626-4807,16:26:42.5,-48:07:54,0.293928,1.75E-14
807,J1626-6621,16:26:06.8,-66:21:15.2,0.450868,7.66E-16
808,J1627+1419,16:27:18.7,+14:19:20.7,0.490857,3.93E-16
809,J1627-4706,16:27:28.7,-47:06:50.2,0.140746,1.73E-15
810,J1627-4845,16:27:10.3,-48:45:08,0.612331,3.64E-15
811,J1627-5547,16:27:21.0,-55:47:52.4,0.352464,7.38E-16
812,J1627-5936,16:27:52.5,-59:36:55.3,0.354234,8E-18
813,J1628+4406,16:28:50.3,+44:06:42.6,0.181178,1.94E-17
814,J1628-4804,16:28:26.8,-48:04:59,0.865971,1.24E-15
815,J1628-4828,16:28:30.9,-48:28:42,4.137539,1.75E-14
816,J1629-3636,16:29:35.8,-36:36:13,2.988193,7E-15
817,J1629-3825,16:29:14.6,-38:25:29.3,0.526365,4.44E-16
818,J1630-4719,16:30:02.4,-47:19:42,0.559071,1.42E-14
819,J1630-4733,16:30:37.4,-47:33:05.0,0.575971,2.23E-14
820,J1631-1612,16:31:52.4,-16:12:52.0,0.677684,1.1E-15
821,J1631-4155,16:31:18.3,-41:55:03.7,0.551241,8.81E-18
822,J1632-1013,16:32:54.2,-10:13:18,0.717637,6.6E-17
823,J1632-4509,16:32:14.0,-45:09:09,1.04681,1.49E-14
824,J1632-4621,16:32:49.8,-46:21:48.6,1.709154,7.6E-14
825,J1632-4757,16:32:16.6,-47:57:34.5,0.228569,1.51E-14
826,J1632-4818,16:32:39.7,-48:18:53.8,0.813672,6.49E-13
827,J1633-2009,16:33:55.3,-20:10:09,0.935557,1.07E-15
828,J1633-4453,16:33:47.0,-44:53:07.8,0.436507,6.2E-15
829,J1633-4805,16:33:05.4,-48:05:36,0.71083,7.69E-14
830,J1633-5015,16:33:00.0,-50:15:08.4,0.352145,3.79E-15
831,J1634-5107,16:34:04.9,-51:07:45.6,0.507356,1.57E-15
832,J1634-5640,16:34:19.1,-56:40:48.7,0.224201,4.1E-17
833,J1635-1511,16:35:47.3,-15:11:52,1.179387,2.32E-16
834,J1635+2332,16:35:05.3,+23:32:23.2,1.208694,8.63E-16
835,J1635+2418,16:35:25.7,+24:18:47,0.490507,1.19E-16
836,J1635-4513,16:35:55.4,-45:13:27,1.594746,3.6E-15
837,J1635-4944,16:35:55.4,-49:44:36,0.671964,8.79E-15
838,J1635-5954,16:35:09.0,-59:54:41,0.529121,1.37E-15
839,J1636-2614,16:36:11.5,-26:14:47.0,0.510454,4.06E-15
840,J1636-4440,16:36:16.5,-44:40:25,0.206649,4.67E-14
841,J1636-4803,16:36:32.0,-48:03:55,1.204644,2.07E-14
842,J1636-4933,16:36:55.1,-49:33:10,0.430367,1.51E-15
843,J1637-4335,16:37:56.8,-43:35:42,0.771367,3.62E-15
844,J1637-4450,16:37:53.1,-44:50:26.3,0.25287,5.75E-16
845,J1637-4553,16:37:58.6,-45:53:26.8,0.118773,3.19E-15
846,J1637-4642,16:37:13.7,-46:42:14.2,0.154047,5.93E-14
847,J1637-4721,16:37:11.4,-47:21:03,1.165741,4.44E-15
848,J1637-4816,16:37:58.6,-48:16:12,0.837365,5.83E-15
849,J1638-3815,16:38:37.3,-38:15:03.4,0.698261,7.7E-17
850,J1638-3951,16:38:15.5,-39:51:59,0.77113,5.9E-16
851,J1638-4233,16:38:24.7,-42:33:55,0.510929,1.01E-14
852,J1638-4344,16:38:52.8,-43:44:04,1.121944,2.5E-17
853,J1638-4417,16:38:46.2,-44:17:03.2,0.117802,1.61E-15
854,J1638-4608,16:38:23.2,-46:08:13.4,0.278155,5.15E-14
855,J1638-4725,16:38:12.9,-47:25:32,0.763933,4.79E-15
856,J1638-5226,16:38:59.9,-52:26:57.4,0.340503,2.65E-15
857,J1639-4359,16:39:06.8,-43:59:52,0.587559,1.5E-17
858,J1639-4604,16:39:21.2,-46:04:33.1,0.264558,2.89E-15
859,J1640-4631,16:40:43.5,-46:31:35.4,0.206443,9.76E-13
860,J1640-4648,16:40:47.6,-46:48:45,0.178352,8.06E-16
861,J1640-4715,16:40:13.0,-47:15:38.1,0.51743,4.21E-14
862,J1640-4951,16:40:43.5,-49:51:02.1,0.739099,3.34E-16
863,J1641-2347,16:41:18.0,-23:47:36,1.091008,4.11E-17
864,J1641-5317,16:41:15.9,-53:17:48.8,0.175106,3.7E-15
865,J1643-4505,16:43:36.9,-45:05:45.8,0.23739,3.18E-14
866,J1643-4522,16:43:20.4,-45:22:01,1.347899,8.28E-15
867,J1643-4550,16:43:13.5,-45:50:54.5,0.717508,3E-14
868,J1644-4559,16:44:49.2,-45:59:09.7,0.455078,2.01E-14
869,J1644-4657,16:44:38.5,-46:57:38,0.125962,7.5E-16
870,J1645-0317,16:45:02.0,-03:17:57.8,0.38769,1.78E-15
871,J1645+1012,16:45:34.4,+10:12:16.0,0.410861,8.13E-17
872,J1646-4308,16:46:55.3,-43:08:07,0.84068,1.1E-16
873,J1646-4346,16:46:51.3,-43:46:38,0.231603,1.13E-13
874,J1646-5123,16:46:36.3,-51:23:14.6,0.530075,2.1E-15
875,J1646-6831,16:46:54.8,-68:31:51,1.785611,1.7E-15
876,J1647-3607,16:47:46.5,-36:07:04,0.212316,1.29E-16
877,J1647-4552,16:47:10.2,-45:52:16.8,10.610656,8.33E-13
878,J1647+6608,16:47:32.5,+66:08:22,1.599798,7.84E-15
879,J1648-3256,16:48:06.0,-32:56:40.8,0.719455,3.53E-15
880,J1648-4458,16:48:13.0,-44:58:26,0.629632,1.85E-15
881,J1648-4611,16:48:22.0,-46:11:15.7,0.164958,2.37E-14
882,J1648-6044,16:48:51.2,-60:44:25.5,0.583765,4.29E-16
883,J1649+2533,16:49:44.2,+25:33:07.0,1.015257,5.59E-16
884,J1649-3805,16:49:48.2,-38:05:59.1,0.262026,3.67E-17
885,J1649-3935,16:49:06.6,-39:35:44.2,0.77091,3.91E-17
886,J1649-4349,16:49:20.4,-43:49:22.2,0.870712,4.4E-17
887,J1649-4653,16:49:24.6,-46:53:09.3,0.557036,4.96E-14
888,J1649-4729,16:49:18.2,-47:29:53,0.297692,6.55E-15
889,J1649-5553,16:49:31.1,-55:53:40,0.613571,1.7E-15
890,J1650-1654,16:50:27.1,-16:54:42.2,1.749552,3.2E-15
891,J1650-4126,16:50:13.1,-41:26:33.8,0.308918,1.98E-17
892,J1650-4341,16:50:44.6,-43:41:30.8,0.309398,1.67E-17
893,J1650-4502,16:50:32.3,-45:02:37.3,0.38087,1.61E-14
894,J1650-4601,16:50:18.6,-46:01:18.6,0.127123,1.51E-14
895,J1650-4921,16:50:35.1,-49:21:03.7,0.1564,1.82E-15
896,J1651-1709,16:51:31.7,-17:09:22,0.973394,3.04E-15
897,J1651-4246,16:51:48.7,-42:46:09.4,0.844081,4.76E-15
898,J1651-4519,16:51:57.2,-45:19:11,0.517443,8.19E-15
899,J1651-5222,16:51:42.9,-52:22:58.6,0.635058,1.81E-15
900,J1651-5255,16:51:41.2,-52:55:48,0.890534,2.07E-15
901,J1651-7642,16:51:07.8,-76:42:39.5,1.755311,1.36E-15
902,J1652-1400,16:52:16.6,-14:00:27.4,0.305447,1.76E-17
903,J1652-2404,16:52:58.5,-24:03:51,1.703739,3.16E-15
904,J1652+2651,16:52:03.0,+26:51:40.4,0.915803,6.54E-16
905,J1652-4406,16:52:59.5,-44:06:05,7.707183,9.5E-15
906,J1653-3838,16:53:39.7,-38:38:20.8,0.305037,2.79E-15
907,J1653-4030,16:53:34.2,-40:30:01.4,1.019372,4.36E-16
908,J1653-4249,16:53:40.2,-42:49:03.3,0.612558,4.81E-15
909,J1653-4315,16:53:29.7,-43:15:01,0.41928,1.5E-17
910,J1653-4854,16:53:56.7,-48:54:51,3.05951,3.45E-15
911,J1654-2713,16:54:23.6,-27:13:02,0.791822,1.68E-16
912,J1654-3710,16:54:44.4,-37:10:57.1,0.939165,7.35E-16
913,J1654-4140,16:54:23.5,-41:40:24,1.273945,1.3E-16
914,J1654-4245,16:54:22.0,-42:45:39,1.101555,5.12E-14
915,J1655-3048,16:55:24.5,-30:48:42,0.542936,3.66E-17
916,J1655-3844,16:55:38.6,-38:44:09,1.193439,2E-15
917,J1656-3621,16:56:32.9,-36:21:59.7,0.730134,1.28E-15
918,J1657-4432,16:57:36.7,-44:32:20,0.609607,8.2E-15
919,J1658-4306,16:58:16.6,-43:06:50,1.166449,4.28E-14
920,J1658-4958,16:58:54.9,-49:58:58.4,0.416874,3.86E-15
921,J1659-1305,16:59:53.0,-13:05:09,0.640958,6.18E-16
922,J1659-4316,16:59:56.3,-43:16:06,0.474381,1.71E-16
923,J1659-4439,16:59:39.4,-44:39:01,0.353293,2.5E-17
924,J1700-3312,17:00:52.9,-33:12:47,1.358307,4.71E-15
925,J1700-3611,17:00:49.3,-36:11:53,1.494091,4.32E-15
926,J1700-3919,17:00:22.2,-39:19:00.0,0.560504,5.03E-18
927,J1700-4012,17:00:38.5,-40:12:38.6,0.283792,9.91E-17
928,J1700-4422,17:00:53.6,-44:22:27,0.755535,4E-17
929,J1700-4939,17:00:22.5,-49:39:15,0.578363,1.08E-15
930,J1701-3130,17:01:43.5,-31:30:36.7,0.291341,5.6E-17
931,J1701-3726,17:01:18.4,-37:26:25,2.454618,1.11E-14
932,J1701-4533,17:01:29.1,-45:33:48.7,0.322909,5.19E-16
933,J1701-4958,17:01:12.8,-49:58:33,0.804304,1.1E-16
934,J1702-3932,17:02:14.3,-39:32:40,0.390328,3.78E-16
935,J1702-4128,17:02:52.5,-41:28:48.2,0.182136,5.23E-14
936,J1702-4217,17:02:36.4,-42:17:01.2,0.227565,1.14E-17
937,J1702-4306,17:02:27.3,-43:06:45.1,0.215508,9.78E-15
938,J1702-4310,17:02:26.9,-43:10:40,0.240524,2.24E-13
939,J1702-4428,17:02:52.6,-44:28:03,2.123506,3.3E-15
940,J1703-1846,17:03:51.0,-18:46:14.8,0.804341,1.73E-15
941,J1703-3241,17:03:22.5,-32:41:48,1.211785,6.6E-16
942,J1703-4442,17:03:20.5,-44:42:42,1.747293,1.43E-14
943,J1703-4851,17:03:54.5,-48:52:01.0,1.396405,5.07E-15
944,J1704-5236,17:04:40.5,-52:36:57.4,0.230708,5.2E-17
945,J1704-6016,17:04:14.8,-60:16:54,0.306323,9.1E-16
946,J1705-1906,17:05:36.0,-19:06:39,0.298987,4.14E-15
947,J1705-3423,17:05:42.3,-34:23:43.4,0.255427,1.08E-15
948,J1705-3936,17:05:37.1,-39:36:29,0.854482,1.93E-14
949,J1705-3950,17:05:29.8,-39:50:59,0.318941,6.06E-14
950,J1705-4108,17:05:20.4,-41:08:44,0.861067,3.47E-14
951,J1705-4331,17:05:35.9,-43:31:13.6,0.222561,7.12E-17
952,J1705-6135,17:05:15.3,-61:35:15,0.808546,6E-17
953,J1706-3839,17:06:21.3,-38:39:51,0.586287,3E-15
954,J1706-4310,17:06:04.5,-43:10:21,0.616979,6.51E-15
955,J1706-6118,17:06:09.7,-61:18:11.7,0.361921,2.92E-16
956,J1707-4053,17:07:21.7,-40:53:56.1,0.581017,1.92E-15
957,J1707-4341,17:07:40.1,-43:41:12.0,0.890594,5.7E-15
958,J1707-4417,17:07:41.4,-44:17:19,5.763777,1.16E-14
959,J1707-4729,17:07:15.5,-47:29:34.5,0.266474,1.56E-15
960,J1708-3426,17:08:57.7,-34:26:44,0.692113,4.2E-15
961,J1708-3641,17:08:35.9,-36:41:21.5,0.587567,1.35E-16
962,J1708-3827,17:08:16.5,-38:27:36,1.225782,8.6E-15
963,J1708-4008,17:08:46.8,-40:08:52.4,11.006262,1.96E-11
964,J1708-4522,17:08:12.9,-45:22:51,1.297837,2.61E-15
965,J1708-7539,17:08:02.5,-75:39:23,1.191024,1.88E-15
966,J1709-1640,17:09:26.4,-16:40:57.7,0.653054,6.31E-15
967,J1709-3626,17:09:45.1,-36:26:03.6,0.447857,2.27E-15
968,J1709-3841,17:09:15.9,-38:41:17,0.586986,7.86E-15
969,J1709-4342,17:09:30.9,-43:42:14,1.735898,8E-16
970,J1709-4401,17:09:41.3,-44:01:11.2,0.865235,7.37E-15
971,J1709-4429,17:09:42.7,-44:29:08.2,0.102459,9.3E-14
972,J1710-2616,17:10:04.9,-26:16:35,0.954158,2E-17
973,J1710-4148,17:10:23.7,-41:48:19,0.286561,1.02E-16
974,J1711-1509,17:11:55.0,-15:09:40,0.868804,1.1E-15
975,J1711-3826,17:11:44.4,-38:26:14,0.465365,7.41E-15
976,J1711-4322,17:11:10.5,-43:22:53.1,0.102618,2.67E-17
977,J1711-5350,17:11:53.1,-53:50:16,0.899218,1.55E-14
978,J1712-2715,17:12:11.7,-27:15:53,0.25536,1.28E-15
979,J1713-3844,17:13:02.3,-38:44:29,1.600114,1.77E-13
980,J1714-1054,17:14:40.1,-10:54:10.9,0.696279,5.88E-17
981,J1714-3810,17:14:05.7,-38:10:30.9,3.824936,5.88E-11
982,J1715-3247,17:15:23.4,-32:47:30,1.260214,9.2E-17
983,J1715-3700,17:15:09.6,-37:00:04,0.779628,1.46E-16
984,J1715-3859,17:15:37.8,-38:59:25.1,0.928108,4.4E-15
985,J1715-3903,17:15:14.0,-39:02:57.1,0.278494,3.74E-14
986,J1715-4034,17:15:40.9,-40:34:21,2.072155,3.03E-15
987,J1715-4254,17:15:10.5,-42:54:54,0.573745,8.76E-16
988,J1716-3720,17:16:11.3,-37:20:44,0.630314,1.8E-14
989,J1716-4005,17:16:42.0,-40:05:27,0.311813,2.87E-15
990,J1716-4111,17:16:44.3,-41:11:09.5,1.036067,2.88E-15
991,J1716-4711,17:16:01.1,-47:11:00.9,0.555824,8.33E-16
992,J1717-3425,17:17:20.2,-34:25:00,0.656299,9.8E-15
993,J1717-3737,17:17:15.9,-37:37:36,0.682419,5.29E-15
994,J1717-3847,17:17:18.4,-38:47:03,1.149499,8.2E-16
995,J1717-3953,17:17:25.5,-39:53:55,1.085521,3.3E-17
996,J1717-4043,17:17:47.9,-40:43:50,0.397857,1.22E-14
997,J1717-40435,17:17:02.0,-40:43:31,0.349929,1.75E-15
998,J1717-4054,17:17:52.3,-41:03:17.8,0.887719,3.7E-15
999,J1717-5800,17:17:35.6,-58:00:05.4,0.321793,1.96E-16
1000,J1718-3714,17:18:18.5,-37:14:16,1.289379,2.62E-14
1001,J1718-3718,17:18:10.0,-37:18:53,3.378574,1.61E-12
1002,J1718-3825,17:18:13.5,-38:25:18.0,0.07467,1.32E-14
1003,J1718-4539,17:18:11.9,-45:39:15.9,0.590473,7.51E-15
1004,J1719-2330,17:19:36.1,-23:30:14,0.453993,2.19E-15
1005,J1719-4006,17:19:01.7,-40:06:59.5,0.189094,1.67E-15
1006,J1719-4302,17:19:48.7,-43:02:11.4,0.235475,3.92E-16
1007,J1720-0212,17:20:57.2,-02:12:23.9,0.477715,8.28E-17
1008,J1720-1633,17:20:25.2,-16:33:34,1.565601,5.8E-15
1009,J1720+2150,17:20:01.3,+21:50:12.8,1.615664,7.4E-16
1010,J1720-2446,17:20:22.4,-24:46:27,0.874265,5.93E-16
1011,J1720-2933,17:20:34.1,-29:33:16,0.620448,7.46E-16
1012,J1720-3659,17:20:01.9,-36:59:06.5,0.351125,3.27E-17
1013,J1721-1936,17:21:01.4,-19:36:51,1.004037,1.62E-15
1014,J1721-1939,17:21:46.6,-19:39:49,0.40404,1.28E-16
1015,J1721-3532,17:21:32.7,-35:32:50,0.280424,2.52E-14
1016,J1722-3207,17:22:02.9,-32:07:45.3,0.477158,6.45E-16
1017,J1722-3632,17:22:09.8,-36:32:53.3,0.399183,4.46E-15
1018,J1722-3712,17:22:59.2,-37:12:04.5,0.23618,1.09E-14
1019,J1722-4400,17:22:46.5,-44:00:33.2,0.218554,3.74E-16
1020,J1723-2852,17:23:58.2,-28:52:51,0.625034,9E-16
1021,J1723-3659,17:23:07.5,-36:59:14.2,0.202725,8.03E-15
1022,J1724-3149,17:24:44.8,-31:49:04,0.948237,7.25E-15
1023,J1724-3505,17:24:47.8,-35:05:36,1.221708,2.11E-14
1024,J1724-4500,17:24:25.8,-45:00:15,1.309109,3.51E-15
1025,J1725-0732,17:25:12.2,-07:32:59.2,0.239919,4.3E-16
1026,J1725-2852,17:25:09.9,-28:52:22,1.257788,1.99E-15
1027,J1725-3546,17:25:42.2,-35:46:16,1.032471,1.5E-14
1028,J1725-3848,17:25:00.1,-38:48:36,2.062386,2.3E-14
1029,J1725-4043,17:25:41.4,-40:43:11,1.465071,2.79E-15
1030,J1726-3530,17:26:07.5,-35:29:58,1.110132,1.22E-12
1031,J1726-3635,17:26:49.6,-36:35:45.6,0.287432,1.44E-15
1032,J1726-4006,17:26:33.3,-40:06:02,0.882778,3.33E-15
1033,J1727-2739,17:27:30.9,-27:39:00.5,1.2931,1.1E-15
1034,J1727-2946,17:27:15.0,-29:46:36.7,0.027083,2.46E-19
1035,J1728-0007,17:28:34.8,-00:07:45,0.386004,1.12E-15
1036,J1728-3733,17:28:46.2,-37:33:08,0.615538,7.2E-17
1037,J1728-4028,17:28:27.6,-40:28:10,0.866343,2.33E-16
1038,J1729-2117,17:29:10.8,-21:17:28,0.066293,1.72E-19
1039,J1730-2900,17:30:08.2,-29:00:46,1.538427,8.85E-15
1040,J1730-3350,17:30:32.5,-33:50:39,0.13946,8.48E-14
1041,J1730-3353,17:30:55.5,-33:53:38,3.270242,2.2E-14
1042,J1731-3123,17:31:00.5,-31:23:43,0.753048,1.68E-15
1043,J1731-3322,17:31:14.3,-33:22:45,0.544671,2.81E-14
1044,J1731-4744,17:31:42.1,-47:44:36.2,0.829829,1.64E-13
1045,J1732-1930,17:32:20.0,-19:30:09,0.48377,1.82E-16
1046,J1732-3131,17:32:33.5,-31:31:23,0.196543,2.8E-14
1047,J1732-3426,17:32:07.1,-34:26:05,0.332887,4.02E-16
1048,J1732-3729,17:32:20.8,-37:29:05,2.184001,1.3E-15
1049,J1732-4128,17:32:50.0,-41:28:48,0.627981,1.28E-14
1050,J1732-4156,17:32:48.8,-41:56:29.6,0.323434,6.61E-16
1051,J1733-2228,17:33:26.4,-22:28:37,0.871683,4.27E-17
1052,J1733-2533,17:33:25.8,-25:33:11,0.659794,2.1E-15
1053,J1733-2837,17:33:33.9,-28:37:33,0.768185,1.11E-15
1054,J1733-3030,17:33:58.8,-30:30:49,0.362052,1.65E-15
1055,J1733-3322,17:33:55.2,-33:22:03,1.245915,4.1E-15
1056,J1733-3716,17:33:26.7,-37:16:55.1,0.337595,1.5E-14
1057,J1733-4005,17:33:58.6,-40:05:39.7,0.561778,3.62E-15
1058,J1733-5515,17:33:00.4,-55:15:40,1.011234,4E-16
1059,J1734-0212,17:34:45.6,-02:12:39,0.839394,4.21E-16
1060,J1734-2415,17:34:41.6,-24:15:20,0.612524,1.05E-15
1061,J1734-3058,17:34:50.8,-30:58:41.4,0.541286,1.62E-17
1062,J1734-3333,17:34:26.9,-33:33:20,1.169341,2.28E-12
1063,J1735-0243,17:35:48.1,-02:43:48,0.782887,6.32E-16
1064,J1735-0724,17:35:04.9,-07:24:52.1,0.419335,1.21E-15
1065,J1735-3258,17:35:56.9,-32:58:21.8,0.350972,2.6E-14
1066,J1735+6320,17:35:06.5,+63:20:00.0,0.510718,3.23E-16
1067,J1736-2457,17:36:45.4,-24:57:50,2.642223,3.43E-15
1068,J1736-2819,17:36:24.7,-28:19:42,1.592419,1.49E-14
1069,J1736-2843,17:36:42.5,-28:43:51,6.445036,3E-14
1070,J1736-3511,17:36:02.7,-35:11:56,0.502803,1.57E-15
1071,J1737-3102,17:37:33.7,-31:02:00.5,0.768672,3.73E-14
1072,J1737-3137,17:37:04.2,-31:37:21,0.450432,1.39E-13
1073,J1737-3320,17:37:10.5,-33:20:20,0.816273,2.25E-15
1074,J1737-3555,17:37:40.0,-35:55:43.8,0.397585,6.12E-15
1075,J1738-2330,17:38:08.8,-23:30:47,1.978847,8.56E-15
1076,J1738-2647,17:38:05.0,-26:47:46,0.349591,3.15E-15
1077,J1738-2736,17:38:14.6,-27:36:25.8,0.627716,4.62E-15
1078,J1738-2955,17:38:52.1,-29:55:57.4,0.443425,8.2E-14
1079,J1738-3107,17:38:47.4,-31:07:44,0.549498,2.96E-16
1080,J1738-3211,17:38:54.1,-32:11:54,0.768499,7.95E-16
1081,J1738-3316,17:38:34.4,-33:16:01.6,0.730373,8.86E-17
1082,J1739+0612,17:39:17.9,+06:12:28.4,0.234169,1.56E-16
1083,J1739-1313,17:39:57.8,-13:13:18.6,1.215698,8.17E-17
1084,J1739-2521,17:39:32.6,-25:21:56,1.818461,2.4E-16
1085,J1739-2903,17:39:34.2,-29:03:02.2,0.322886,7.87E-15
1086,J1739-3023,17:39:39.7,-30:23:12.9,0.114372,1.14E-14
1087,J1739-3049,17:39:23.2,-30:49:40,0.239317,2.18E-15
1088,J1739-3131,17:39:24.3,-31:31:15,0.529441,1.86E-14
1089,J1739-3159,17:39:48.6,-31:59:49,0.877561,1.97E-16
1090,J1739-3951,17:39:38.2,-39:52:00.3,0.341772,1.99E-17
1091,J1740+1000,17:40:25.9,+10:00:06.3,0.154087,2.15E-14
1092,J1740+1311,17:40:07.3,+13:11:56.6,0.80305,1.45E-15
1093,J1740-2540,17:40:45.3,-25:40:19,1.692656,1.85E-15
1094,J1740-3015,17:40:33.8,-30:15:43.5,0.606887,4.66E-13
1095,J1740-3052,17:40:50.0,-30:52:04.3,0.570313,2.55E-14
1096,J1740-3327,17:40:25.7,-33:27:53.5,0.515001,3.9E-15
1097,J1741-0840,17:41:22.5,-08:40:31.7,2.043082,2.27E-15
1098,J1741-2019,17:41:06.8,-20:19:24,3.904506,1.63E-14
1099,J1741-2054,17:41:57.2,-20:54:11.8,0.4137,1.7E-14
1100,J1741-2719,17:41:35.0,-27:19:23,0.346797,8.06E-17
1101,J1741-2733,17:41:01.3,-27:33:51,0.892959,1.48E-16
1102,J1741+2758,17:41:53.5,+27:58:09.0,1.360738,1.84E-15
1103,J1741-2945,17:41:14.4,-29:45:35,0.223558,6.34E-16
1104,J1741-3016,17:41:07.0,-30:16:31,1.893749,8.99E-15
1105,J1741-3927,17:41:18.0,-39:27:38.2,0.512212,1.71E-15
1106,J1742-3957,17:42:04.4,-39:57:22,1.016349,8.16E-17
1107,J1742-4616,17:42:26.1,-46:16:53.5,0.412401,3.38E-17
1108,J1743-0339,17:43:08.1,-03:39:11,0.444645,1.56E-15
1109,J1743-1351,17:43:37.6,-13:51:38,0.405337,4.78E-16
1110,J1743-2442,17:43:20.1,-24:42:55,1.242508,4.72E-16
1111,J1743-3150,17:43:36.6,-31:50:22,2.414576,1.21E-13
1112,J1743-3153,17:43:15.5,-31:53:05.3,0.193105,1.06E-14
1113,J1743-4212,17:43:05.2,-42:12:02.4,0.306167,7.83E-16
1114,J1744-1610,17:44:16.5,-16:10:35.8,1.757206,2.38E-15
1115,J1744-2335,17:44:48.4,-23:35:55,1.683507,8.33E-16
1116,J1744-3130,17:44:05.6,-31:30:04,1.066061,2.12E-14
1117,J1744-3922,17:44:02.6,-39:22:21.1,0.172444,1.55E-18
1118,J1744-5337,17:44:38.9,-53:37:51,0.355666,1.9E-16
1119,J1745-0129,17:45:02.0,-01:29:18.1,1.045407,6.31E-16
1120,J1745-0952,17:45:09.1,-09:52:39.6,0.019376,9.25E-20
1121,J1745-2229,17:45:16.7,-22:29:14,1.160593,2.86E-15
1122,J1745-2900,17:45:40.1,-29:00:29.8,3.763733,1.76E-11
1123,J1745-3040,17:45:56.3,-30:40:22.9,0.367434,1.07E-14
1124,J1745-3812,17:45:15.4,-38:12:07.3,0.698353,2.43E-15
1125,J1746+2245,17:46:00.8,+22:45:28.9,3.465038,4.92E-15
1126,J1746+2540,17:46:06.8,+25:40:37.5,1.058148,1.05E-15
1127,J1746-2849,17:46:03.3,-28:50:13.3,1.47848,1.27E-14
1128,J1746-2850,17:46:06.6,-28:50:42,1.077101,1.34E-12
1129,J1746-2856,17:46:49.8,-28:56:58.9,0.945224,1.25E-14
1130,J1746-3239,17:46:54.9,-32:39:55.8,0.199541,6.56E-15
1131,J1747-1030,17:47:58.3,-10:30:05,1.578793,4.3E-16
1132,J1747-2647,17:47:30.8,-26:47:14,0.500254,1.32E-14
1133,J1747-2802,17:47:26.5,-28:02:37,2.780079,2.37E-15
1134,J1747-2809,17:47:22.8,-28:09:15.0,0.052153,1.56E-13
1135,J1747-2958,17:47:15.8,-29:58:01.0,0.098814,6.13E-14
1136,J1748-1300,17:48:17.4,-13:00:52,0.394133,1.21E-15
1137,J1748-2021A,17:48:52.6,-20:21:39.7,0.288603,3.99E-16
1138,J1748-2021D,17:48:51.6,-20:21:07.4,0.013496,5.87E-19
1139,J1748-2021E,17:48:52.8,-20:21:29.3,0.016264,3.12E-19
1140,J1748-2444,17:48:48.5,-24:44:37,0.442838,1.11E-16
1141,J1749-2347,17:49:15.6,-23:47:17,0.874486,2.42E-15
1142,J1749-2629,17:49:11.2,-26:29:10,1.335388,1.72E-15
1143,J1749-3002,17:49:13.4,-30:02:35,0.609874,7.87E-15
1144,J1749-4931,17:49:23.7,-49:31:59,0.445822,5.9E-16
1145,J1749-5417,17:49:47.0,-54:17:30.7,0.307577,1.5E-16
1146,J1749-5605,17:49:44.5,-56:05:19,1.33231,2.12E-15
1147,J1750-2043,17:50:18.4,-20:43:08,5.639047,7.95E-15
1148,J1750-2438,17:50:59.7,-24:38:58,0.712794,1.08E-14
1149,J1750-2444,17:50:22.9,-24:44:47,0.899377,2.64E-16
1150,J1750-28,17:50:04.0,-28:45,1.300513,5.78E-15
1151,J1750-3157,17:50:47.3,-31:57:44,0.910363,1.97E-16
1152,J1750-3503,17:50:44.5,-35:03:08.9,0.684014,3.81E-17
1153,J1750-3703A,17:50:13.8,-37:03:10.9,0.111601,5.66E-18
1154,J1751-2516,17:51:52.6,-25:16:43,0.394836,2.64E-15
1155,J1751-3323,17:51:32.7,-33:23:39.6,0.548227,8.83E-15
1156,J1751-4657,17:51:42.1,-46:57:26.5,0.742354,1.3E-15
1157,J1752+2359,17:52:35.4,+23:59:48.2,0.409051,6.43E-16
1158,J1752-2410,17:52:58.7,-24:10:26,0.191037,6.18E-16
1159,J1752-2806,17:52:58.6,-28:06:37.3,0.562558,8.13E-15
1160,J1752-2821,17:52:24.5,-28:21:10,0.640229,3.47E-15
1161,J1753-1914,17:53:35.1,-19:14:58,0.062955,2.02E-18
1162,J1753-2240,17:53:39.8,-22:40:42,0.095138,9.7E-19
1163,J1753-2501,17:53:30.6,-25:00:25,0.528336,1.41E-14
1164,J1754-2422,17:54:36.5,-24:22:24,2.090248,8.3E-16
1165,J1754-3014,17:54:30.1,-30:15:03,1.32049,4.43E-15
1166,J1754-3443,17:54:37.3,-34:43:53.9,0.361691,5.71E-16
1167,J1754-3510,17:54:54.6,-35:10:43.0,0.392704,7.82E-16
1168,J1754+5201,17:54:22.9,+52:01:12.2,2.391397,1.56E-15
1169,J1755-0903,17:55:10.3,-09:03:51.6,0.19071,7.81E-16
1170,J1755-1650,17:55:11.6,-16:50:41,0.733744,6.86E-16
1171,J1755-2025,17:55:35.8,-20:25:00,0.322231,4.42E-15
1172,J1755-2521,17:55:59.7,-25:21:27,1.175968,9.02E-14
1173,J1755-25211,17:55:19.3,-25:21:09,1.004513,3.12E-14
1174,J1755-2534,17:55:49.8,-25:34:39,0.233541,1.12E-14
1175,J1755-2550,17:55:38.4,-25:50:22.0,0.315196,2.43E-15
1176,J1755-26,17:55:16.2,-26:00,0.430872,1.23E-14
1177,J1755-2725,17:55:41.8,-27:25:45,0.261955,1.37E-17
1178,J1755-3716,17:55:35.4,-37:16:10.7,0.012786,3.11E-20
1179,J1756+1822,17:56:17.5,+18:22:55.3,0.744001,5.13E-16
1180,J1756-2225,17:56:25.5,-22:25:48,0.40498,5.27E-14
1181,J1756-2251,17:56:46.6,-22:51:59.3,0.028462,1.02E-18
1182,J1756-2435,17:56:57.9,-24:35:34,0.67048,2.85E-16
1183,J1756-2619,17:57:19.3,-26:19:08,0.724514,1.24E-15
1184,J1757-1500,17:57:12.7,-15:00:28.5,0.179354,1.5E-15
1185,J1757-1854,17:57:03.7,-18:54:03.3,0.021497,2.63E-18
1186,J1757-2223,17:57:50.7,-22:23:49,0.18531,7.82E-16
1187,J1757-2421,17:57:29.3,-24:22:07,0.234106,1.3E-14
1188,J1757-27,17:57:54.7,-27:45,0.017687,2.1E-19
1189,J1758-1931,17:58:05.6,-19:31:41,0.692552,1.69E-14
1190,J1758-2206,17:58:44.4,-22:06:45,0.430278,9.56E-16
1191,J1758-2540,17:58:31.9,-25:40:49,2.107263,1.55E-15
1192,J1758-2630,17:58:34.2,-26:30:10,1.202893,5.17E-15
1193,J1758-2846,17:58:15.4,-28:46:02,0.766706,9.41E-17
1194,J1758+3030,17:58:25.8,+30:30:24.0,0.947256,7.2E-16
1195,J1759-1029,17:59:34.3,-10:29:57,2.512263,1.57E-14
1196,J1759-1736,17:59:28.1,-17:36:10,0.798452,2.55E-16
1197,J1759-1903,17:59:41.7,-19:03:19,0.731505,3.07E-15
1198,J1759-1940,17:59:57.0,-19:40:29,0.25472,9.34E-17
1199,J1759-1956,17:59:35.4,-19:56:08,2.843389,1.86E-14
1200,J1759-2205,17:59:24.1,-22:05:33,0.460974,1.09E-14
1201,J1759-2302,17:59:49.2,-23:02:08,0.810718,1.07E-14
1202,J1759-2307,17:59:30.9,-23:07:17,0.558889,3.76E-15
1203,J1759-2549,17:59:35.1,-25:49:07,0.956549,9.96E-14
1204,J1759-2922,17:59:48.2,-29:22:07,0.5744,4.63E-15
1205,J1759-3107,17:59:22.0,-31:07:21.5,1.078953,3.77E-15
1206,J1800-0125,18:00:22.0,-01:25:30.6,0.783185,1.15E-14
1207,J1800-2114,18:00:12.3,-21:14:19,1.799272,5.5E-16
1208,J1800+5034,18:00:44.3,+50:34:22,0.578375,1.17E-16
1209,J1801-0357,18:01:22.6,-03:57:55,0.921491,3.31E-15
1210,J1801-0857B,18:01:50.5,-08:57:32.8,0.028962,2.19E-18
1211,J1801-1855,18:01:22.3,-18:55:49,2.550498,1.82E-16
1212,J1801-1909,18:01:46.6,-19:09:36,1.108725,7.03E-16
1213,J1801-2115,18:01:32.4,-21:15:18,0.438113,1.55E-17
1214,J1801-2154,18:01:08.6,-21:54:07.1,0.375302,1.6E-14
1215,J1801-2304,18:01:19.8,-23:04:44.6,0.415827,1.13E-13
1216,J1801-2451,18:01:00.0,-24:51:27.5,0.124924,1.28E-13
1217,J1801-2920,18:01:46.8,-29:20:39,1.081908,3.29E-15
1218,J1801-3458,18:01:52.6,-34:58:37,1.385604,3.97E-16
1219,J1802+0128,18:02:27.4,+01:28:23.7,0.554262,2.11E-15
1220,J1802-0523,18:02:12.1,-05:23:29,1.680573,2.65E-15
1221,J1802-1745,18:02:14.8,-17:45:17,0.514671,5.64E-16
1222,J1802-2124,18:02:05.3,-21:24:03.6,0.012648,7.26E-20
1223,J1802-2426,18:02:03.1,-24:26:43,0.569007,8.56E-15
1224,J1802-3346,18:02:55.2,-33:46:45,2.461052,1.32E-15
1225,J1803-1616,18:03:34.6,-16:16:30,0.536596,1.77E-15
1226,J1803-1857,18:03:59.0,-18:57:19,2.864338,1.52E-14
1227,J1803-1920,18:03:29.4,-19:20:41,0.443649,3.3E-16
1228,J1803-2137,18:03:51.4,-21:37:07.3,0.133667,1.34E-13
1229,J1803-2149,18:03:09.6,-21:49:13,0.106332,1.95E-14
1230,J1803-2712,18:03:31.6,-27:12:06,0.334415,1.71E-17
1231,J1803-3329,18:03:44.4,-33:29:10.7,0.633412,3.37E-16
1232,J1804-0735,18:04:49.8,-07:35:25,0.023101,4.67E-19
1233,J1804-2228,18:04:28.1,-22:28:18,0.570511,1.43E-16
1234,J1805+0306,18:05:10.1,+03:06:30,0.218712,9.99E-16
1235,J1805-0619,18:05:31.4,-06:19:45.4,0.454651,9.69E-16
1236,J1805-1504,18:05:06.1,-15:04:36,1.181269,2.73E-16
1237,J1805-2032,18:05:37.0,-20:32:51,0.405769,8.39E-15
1238,J1805-2037,18:05:28.1,-20:37:16,0.357807,1.76E-15
1239,J1805-2447,18:05:25.9,-24:47:30,0.661402,5.82E-18
1240,J1805-2948,18:05:42.4,-29:48:00,0.428341,4.74E-16
1241,J1806+1023,18:06:52.1,+10:23:18.3,0.484286,5.73E-17
1242,J1806-1154,18:06:06.7,-11:54:29,0.522618,1.41E-15
1243,J1806-1618,18:06:25.7,-16:18:38,0.668309,8.62E-16
1244,J1806-1920,18:06:06.6,-19:20:23,0.879791,1.7E-17
1245,J1806-2125,18:06:19.8,-21:27:55.5,0.481825,1.18E-13
1246,J1806+2819,18:06:25.0,+28:19:01.1,0.015084,3.75E-20
1247,J1807+0756,18:07:51.2,+07:56:43.3,0.4643,1.29E-16
1248,J1807-0847,18:07:38.0,-08:47:43.2,0.163727,2.88E-17
1249,J1807-2557,18:07:13.6,-25:57:20,2.764195,4.99E-15
1250,J1807-2715,18:07:08.4,-27:15:03,0.827776,1.22E-14
1251,J1808-0813,18:08:09.4,-08:13:02,0.876044,1.24E-15
1252,J1808-1020,18:08:45.6,-10:20:48.3,0.596993,7.72E-16
1253,J1808-1517,18:08:39.0,-15:17:40,0.544549,2.67E-15
1254,J1808-1726,18:08:42.3,-17:26:27,0.241035,1.16E-17
1255,J1808-2024,18:08:39.3,-20:24:39.8,7.55592,5.49E-10
1256,J1808-2057,18:08:06.3,-20:58:08,0.91841,1.71E-14
1257,J1808-2701,18:08:13.2,-27:01:21,2.457882,6.58E-14
1258,J1808-3249,18:08:04.4,-32:49:34,0.364912,7.05E-15
1259,J1809-0119,18:09:51.3,-01:19:29.0,0.744976,2.29E-15
1260,J1809-0743,18:09:35.9,-07:43:01.4,0.313886,1.52E-16
1261,J1809-1429,18:09:45.5,-14:29:25.0,0.895285,5.24E-15
1262,J1809-1850,18:09:37.2,-18:50:55,1.124481,1.06E-14
1263,J1809-1917,18:09:43.1,-19:17:38.1,0.082755,2.55E-14
1264,J1809-1943,18:09:51.0,-19:43:51.9,5.540743,2.83E-12
1265,J1809-2004,18:09:15.8,-20:04:12,0.434811,7.28E-15
1266,J1809-2109,18:09:14.3,-21:09:03,0.702414,3.82E-15
1267,J1809-2332,18:09:50.2,-23:32:22.6,0.146789,3.44E-14
1268,J1809-3547,18:09:26.9,-35:47:18,0.860388,1.2E-16
1269,J1810-1441,18:10:59.1,-14:41:33.6,0.217214,2.39E-17
1270,J1810-1820,18:10:55.5,-18:20:39,0.153716,5.22E-17
1271,J1810-2005,18:10:58.9,-20:05:08.2,0.032822,1.47E-19
1272,J1810-5338,18:10:44.4,-53:38:07.7,0.261049,3.83E-16
1273,J1811-0154,18:11:19.8,-01:54:30.9,0.924945,1.61E-15
1274,J1811+0702,18:11:20.4,+07:02:29.7,0.461713,2.69E-15
1275,J1811-1049,18:11:17.0,-10:49:03,2.623859,8E-16
1276,J1811-1717,18:11:26.5,-17:17:47,0.391385,1.2E-16
1277,J1811-1736,18:11:55.0,-17:36:37.7,0.104182,9.01E-19
1278,J1811-1835,18:11:29.7,-18:35:44,0.557464,6.31E-15
1279,J1811-1925,18:11:29.2,-19:25:28,0.064667,4.4E-14
1280,J1811-2439,18:11:55.5,-24:39:53,0.415813,2.97E-16
1281,J1811-4930,18:11:27.1,-49:30:20.8,1.432704,2.25E-15
1282,J1812+0226,18:12:53.1,+02:26:57,0.793903,3.6E-15
1283,J1812-1718,18:12:07.2,-17:18:29,1.205374,1.91E-14
1284,J1812-1733,18:12:15.8,-17:33:37.8,0.538341,9.82E-16
1285,J1812-1910,18:12:34.8,-19:10:39,0.430991,3.77E-14
1286,J1812-2102,18:12:20.9,-21:02:36,1.223352,2.39E-14
1287,J1812-2526,18:12:32.3,-25:26:38,0.315835,1.77E-16
1288,J1812-2748,18:12:40.5,-27:48:03,0.236983,3.16E-16
1289,J1812-3039,18:12:44.9,-30:39:21,0.587477,6.6E-16
1290,J1813-1246,18:13:23.7,-12:45:59.2,0.048072,1.76E-14
1291,J1813-1749,18:13:35.1,-17:49:57.4,0.044699,1.27E-13
1292,J1813+1822,18:13:38.7,+18:22:15.0,0.336425,2.1E-17
1293,J1813-2113,18:13:39.8,-21:13:00.4,0.426466,2.08E-15
1294,J1813-2242,18:13:29.1,-22:42:06,0.328514,4.78E-17
1295,J1813+4013,18:13:13.2,+40:13:39,0.931089,2.55E-15
1296,J1814-0521,18:14:26.1,-05:21:37.0,1.014219,8.84E-16
1297,J1814-0618,18:14:41.2,-06:18:01.7,1.377868,2.92E-16
1298,J1814+1130,18:14:42.7,+11:30:43.9,0.751261,1.66E-15
1299,J1814-1649,18:14:37.3,-16:49:28,0.957464,6.33E-15
1300,J1814-1744,18:14:43.1,-17:44:48,3.975905,7.45E-13
1301,J1815-1738,18:15:14.6,-17:38:06.8,0.198457,7.78E-14
1302,J1815-1910,18:15:03.0,-19:10:00.4,1.249924,3.63E-14
1303,J1815+5546,18:15:05.7,+55:46:23,0.426844,9.47E-17
1304,J1816-0755,18:16:24.5,-07:55:22.5,0.217643,6.48E-15
1305,J1816-1446,18:16:29.1,-14:46:30,0.5945,1.33E-15
1306,J1816-1729,18:16:18.6,-17:29:03,0.782313,7.26E-15
1307,J1816-2650,18:16:35.4,-26:49:53,0.592885,6.64E-17
1308,J1816-5643,18:16:36.4,-56:43:42.1,0.217923,1.93E-18
1309,J1817-1511,18:17:36.2,-15:11:39,0.224604,1.43E-15
1310,J1817-1742,18:17:09.0,-17:42:01.1,0.149744,2.06E-14
1311,J1817-1938,18:17:06.8,-19:38:36,2.046838,3.6E-16
1312,J1817-3618,18:17:05.8,-36:18:04.6,0.387019,2.02E-15
1313,J1817-3837,18:17:00.2,-38:37:59.7,0.384487,5.8E-16
1314,J1818-0151,18:18:25.7,-01:51:54.0,0.837535,9.11E-15
1315,J1818-1116,18:18:26.4,-11:16:29,0.5448,3.82E-15
1316,J1818-1422,18:18:23.7,-14:22:36.7,0.291489,2.04E-15
1317,J1818-1448,18:18:27.9,-14:48:38,0.281371,6.15E-15
1318,J1818-1519,18:18:14.6,-15:19:43,0.93969,4.11E-15
1319,J1818-1541,18:18:37.5,-15:41:45,0.551134,9.68E-15
1320,J1818-1556,18:18:51.9,-15:56:04,0.952709,7.06E-16
1321,J1819-0925,18:19:50.5,-09:25:49.9,0.852047,3.13E-15
1322,J1819-1008,18:19:39.9,-10:08:28,0.30149,1.32E-15
1323,J1819-1114,18:19:28.7,-11:14:43,0.294163,5.66E-16
1324,J1819-1131,18:19:58.1,-11:31:29,1.388137,7.61E-16
1325,J1819+1305,18:19:56.2,+13:05:15.2,1.060364,3.59E-16
1326,J1819-1318,18:19:43.6,-13:18:42,1.515696,5.97E-16
1327,J1819-1408,18:19:56.8,-14:08:01.6,1.78849,2.59E-15
1328,J1819-1458,18:19:34.1,-14:58:00.0,4.263213,5.63E-13
1329,J1819-1510,18:19:53.6,-15:10:20.6,0.226539,7.85E-18
1330,J1819-1717,18:19:43.4,-17:17:16,0.393522,3.45E-15
1331,J1820-0427,18:20:52.5,-04:27:37.7,0.598082,6.33E-15
1332,J1820-0509,18:20:22.7,-05:09:38.5,0.337321,9.32E-16
1333,J1820-1346,18:20:19.7,-13:46:15,0.92146,4.5E-15
1334,J1820-1529,18:20:41.3,-15:29:42.2,0.333254,3.79E-14
1335,J1820-1818,18:20:39.0,-18:18:03,0.309905,9.36E-17
1336,J1821+0155,18:21:38.8,+01:55:21.9,0.033781,2.9E-20
1337,J1821-0256,18:21:10.3,-02:56:38.6,0.414111,3.72E-17
1338,J1821-0331,18:21:44.7,-03:31:12.7,0.902316,2.53E-15
1339,J1821-1419,18:21:34.3,-14:19:26,1.65601,8.95E-13
1340,J1821-1432,18:21:39.7,-14:32:53.2,1.915131,5.37E-15
1341,J1821+1715,18:21:13.5,+17:15:47.0,1.366682,8.71E-16
1342,J1821+4147,18:21:52.3,+41:47:03,1.261857,1.73E-15
1343,J1822+0705,18:22:18.4,+07:05:19,1.362817,1.75E-15
1344,J1822-0848,18:22:51.8,-08:48:59.0,0.834839,1.35E-16
1345,J1822-0907,18:22:39.8,-09:07:36,0.9747,3.55E-16
1346,J1822+1120,18:22:14.6,+11:20:56.2,1.787037,2.35E-15
1347,J1822-1252,18:22:41.7,-12:52:49,2.07104,8.48E-14
1348,J1822-1400,18:22:54.0,-14:00:02,0.214771,9.07E-16
1349,J1822-1604,18:22:18.0,-16:04:26.8,8.437721,2.14E-14
1350,J1822-1617,18:22:36.6,-16:17:35,0.831156,1.89E-15
1351,J1822-2256,18:22:58.9,-22:56:31,1.874269,1.35E-15
1352,J1822-4209,18:22:11.3,-42:09:10.9,0.456512,4.59E-16
1353,J1823-0154,18:23:52.1,-01:54:05,0.759777,1.13E-15
1354,J1823+0550,18:23:30.9,+05:50:24.3,0.752907,2.27E-16
1355,J1823-1115,18:23:40.3,-11:15:11,0.279829,1.38E-15
1356,J1823-1126,18:23:19.8,-11:26:04,1.846534,3.65E-14
1357,J1823-1347,18:23:24.2,-13:47:54,0.617107,9.6E-15
1358,J1823-1526,18:23:21.4,-15:26:22,1.625405,4.52E-15
1359,J1823-1807,18:23:09.6,-18:07:33,1.636792,2.79E-16
1360,J1823-3021B,18:23:41.5,-30:21:40.9,0.378596,2.99E-17
1361,J1823-3021C,18:23:41.1,-30:21:38.4,0.405936,2.24E-16
1362,J1823-3106,18:23:46.7,-31:06:50,0.284054,2.93E-15
1363,J1824-0127,18:24:53.4,-01:27:51.4,2.499468,3.91E-15
1364,J1824-0132,18:24:55.5,-01:32:24.0,0.223729,2.82E-17
1365,J1824-1118,18:24:29.5,-11:18:43,0.435759,3.55E-15
1366,J1824-1159,18:24:56.1,-11:59:53.4,0.362492,5.38E-15
1367,J1824-1350,18:24:50.1,-13:50:21.0,1.396599,6.07E-16
1368,J1824-1423,18:24:57.3,-14:23:05.3,0.359394,3.92E-16
1369,J1824-1500,18:24:14.1,-15:00:33,0.41223,7.58E-16
1370,J1824-1945,18:24:00.5,-19:46:03.3,0.189337,5.24E-15
1371,J1824-2233,18:24:10.3,-22:33:11,1.161743,3.01E-16
1372,J1824-2328,18:24:28.6,-23:28:17,1.505875,1.74E-15
1373,J1824-2537,18:24:30.5,-25:37:19,0.22332,4.4E-16
1374,J1825+0004,18:25:15.3,+00:04:20,0.778949,8.76E-16
1375,J1825-0935,18:25:30.5,-09:35:21.2,0.769021,5.24E-14
1376,J1825-1108,18:25:18.3,-11:08:54,1.925872,1.9E-15
1377,J1825-1446,18:25:02.9,-14:46:53.7,0.279198,2.27E-14
1378,J1826-1131,18:26:05.4,-11:31:44,2.093136,4.91E-15
1379,J1826-1256,18:26:08.5,-12:56:33.0,0.110224,1.21E-13
1380,J1826-1334,18:26:13.1,-13:34:46.8,0.101487,7.53E-14
1381,J1826-1419,18:26:42.3,-14:19:21.6,0.77062,8.78E-15
1382,J1826-1526,18:26:12.6,-15:26:03,0.382073,1.08E-15
1383,J1827-0750,18:27:02.7,-07:50:19.2,0.270502,1.54E-15
1384,J1827-0934,18:27:45.8,-09:34:16.4,0.512548,7.23E-15
1385,J1827-0958,18:27:05.4,-09:58:43,0.245757,1E-15
1386,J1827-1446,18:27:24.6,-14:46:28,0.499187,4.53E-14
1387,J1828-0611,18:28:20.7,-06:11:51.5,0.269415,1.46E-15
1388,J1828-1007,18:28:30.3,-10:07:10.1,0.153197,6.13E-16
1389,J1828-1057,18:28:33.2,-10:57:26.9,0.246333,2.07E-14
1390,J1828-1101,18:28:18.8,-11:01:50.8,0.072057,1.48E-14
1391,J1828-1336,18:28:42.8,-13:36:45,0.860332,9.95E-16
1392,J1828+1359,18:28:53.3,+13:59:35.3,0.74164,7.29E-16
1393,J1828-2119,18:28:21.5,-21:19:56,0.514523,1.27E-15
1394,J1829+0000,18:29:47.1,+00:00:08.5,0.199147,5.25E-16
1395,J1829-0734,18:29:05.3,-07:34:22,0.318401,4.79E-15
1396,J1829-1751,18:29:43.1,-17:51:04,0.307133,5.55E-15
1397,J1829+2456,18:29:34.6,+24:56:18.1,0.04101,5.25E-20
1398,J1830-0052,18:30:30.7,-00:52:54.0,0.345698,2.37E-16
1399,J1830-0131,18:30:19.6,-01:31:48.1,0.152512,2.11E-15
1400,J1830-1059,18:30:47.5,-10:59:26.5,0.405073,5.99E-14
1401,J1830-1135,18:30:01.7,-11:35:32,6.221553,4.77E-14
1402,J1830-1313,18:30:41.9,-13:13:16.2,0.747188,1.71E-15
1403,J1830-1414,18:30:00.3,-14:14:37,0.771493,7.62E-17
1404,J1831-0823,18:31:36.3,-08:23:23.9,0.612133,3.09E-16
1405,J1831-0952,18:31:34.3,-09:52:01.7,0.067267,8.32E-15
1406,J1831-1223,18:31:12.8,-12:23:31,2.857941,5.47E-15
1407,J1831-1329,18:31:55.9,-13:29:56,2.165679,2.99E-15
1408,J1831-1423,18:31:29.1,-14:23:46,0.507945,1.09E-15
1409,J1832+0029,18:32:50.7,+00:29:27,0.533917,1.51E-15
1410,J1832-0644,18:32:42.6,-06:44:01.8,0.744295,3.71E-14
1411,J1832-0827,18:32:37.0,-08:27:03.7,0.647326,6.39E-14
1412,J1832-1021,18:32:40.8,-10:21:33,0.330354,4.2E-15
1413,J1833-0209,18:33:05.4,-02:09:16.4,0.291931,2.75E-15
1414,J1833-0338,18:33:41.8,-03:39:04.2,0.686733,4.16E-14
1415,J1833-0556,18:33:38.8,-05:56:05,1.521545,1.28E-15
1416,J1833-0559,18:33:07.6,-05:59:25,0.483459,1.23E-14
1417,J1833-0827,18:33:40.2,-08:27:31.6,0.085288,9.18E-15
1418,J1833-0831,18:33:44.3,-08:31:07.7,7.565408,3.43E-12
1419,J1833-1034,18:33:33.5,-10:34:07.5,0.061884,2.02E-13
1420,J1833-1055,18:33:58.4,-10:55:31,0.63364,5.27E-16
1421,J1833-6023,18:33:14.8,-60:23:04,1.889436,2.7E-16
1422,J1834-0010,18:34:17.2,-00:10:53,0.520954,1.05E-17
1423,J1834-0031,18:34:51.0,-00:31:34.3,0.329532,4.49E-16
1424,J1834-0426,18:34:25.6,-04:26:16,0.290108,7.19E-17
1425,J1834-0602,18:34:37.9,-06:02:35,0.487914,1.83E-15
1426,J1834-0633,18:34:29.2,-06:33:01.1,0.317315,6.04E-16
1427,J1834-0731,18:34:15.9,-07:31:05.9,0.512995,5.82E-14
1428,J1834-0742,18:34:31.3,-07:42:20.6,0.788354,3.25E-14
1429,J1834-0812,18:34:29.8,-08:12:00,0.491142,9.96E-15
1430,J1834-0845,18:34:52.1,-08:45:56.0,2.482302,7.96E-12
1431,J1834-1202,18:34:23.1,-12:02:26.4,0.610259,6.74E-18
1432,J1834-1710,18:34:53.4,-17:10:50,0.358306,4.69E-17
1433,J1834-1855,18:34:45.9,-18:55:59,1.465656,1.93E-15
1434,J1835-0349,18:35:12.9,-03:49:09.9,0.841865,3.06E-15
1435,J1835-0522,18:35:08.1,-05:22:08,1.087749,4.73E-16
1436,J1835-0643,18:35:05.5,-06:43:06,0.30583,4.05E-14
1437,J1835-0847,18:35:45.7,-08:47:20,0.846494,4.85E-16
1438,J1835-0924,18:35:38.0,-09:24:27,0.859192,2.14E-14
1439,J1835-09242,18:35:21.8,-09:24:15.9,0.235249,1.18E-17
1440,J1835-0928,18:35:22.2,-09:28:02,0.621734,9.69E-16
1441,J1835-0944,18:35:46.6,-09:44:27.2,0.145347,4.38E-15
1442,J1835-0946,18:35:44.8,-09:46:38,0.379536,4.32E-17
1443,J1835-1020,18:35:57.5,-10:20:04.5,0.30245,5.92E-15
1444,J1835-1106,18:35:18.4,-11:06:16.1,0.165918,2.06E-14
1445,J1835-1548,18:35:50.3,-15:48:38,0.670486,1.74E-15
1446,J1836-0436,18:36:51.7,-04:36:38,0.354237,1.66E-15
1447,J1836-0517,18:36:25.2,-05:17:35,0.457245,1.3E-15
1448,J1836-1008,18:36:53.9,-10:08:08,0.562711,1.18E-14
1449,J1836-1324,18:36:52.2,-13:24:33.6,0.178756,1.04E-15
1450,J1836+5925,18:36:13.6,+59:25:30.1,0.173264,1.5E-15
1451,J1837-0045,18:37:32.1,-00:45:11,0.617037,1.68E-15
1452,J1837+0053,18:37:28.4,+00:53:13,0.473513,3.77E-17
1453,J1837-0559,18:37:23.6,-05:59:28.6,0.201064,3.31E-15
1454,J1837-0604,18:37:43.5,-06:04:49,0.096294,4.52E-14
1455,J1837-0653,18:37:14.6,-06:53:02,1.905809,7.72E-16
1456,J1837-0822,18:37:39.6,-08:22:12.4,1.099196,1.21E-16
1457,J1837+1221,18:37:07.1,+12:21:54.0,1.963532,6.2E-15
1458,J1837-1243,18:37:09.4,-12:43:56,1.876019,3.65E-14
1459,J1837-1837,18:37:54.2,-18:37:08,0.618358,5.5E-15
1460,J1838-0107,18:38:39.4,-01:07:48.6,0.444426,5.46E-18
1461,J1838-0453,18:38:11.4,-04:53:25.3,0.380866,1.16E-13
1462,J1838-0537,18:38:56.0,-05:37:09,0.145708,4.72E-13
1463,J1838-0549,18:38:38.0,-05:49:12.1,0.235311,3.34E-14
1464,J1838-0624,18:38:51.7,-06:24:54,0.927178,7.74E-17
1465,J1838-0655,18:38:03.1,-06:55:33.4,0.070498,4.92E-14
1466,J1838-1046,18:38:26.4,-10:46:57,1.218354,3.08E-15
1467,J1838+1523,18:38:46.7,+15:23:25.4,0.549161,2.03E-17
1468,J1838+1650,18:38:43.0,+16:50:16.0,1.901967,2.68E-15
1469,J1838-1849,18:38:33.7,-18:49:59,0.488242,4E-17
1470,J1839-0141,18:39:06.9,-01:41:56.0,0.933266,5.94E-15
1471,J1839-0223,18:39:58.0,-02:23:09.5,1.26679,4.76E-15
1472,J1839-0321,18:39:37.5,-03:21:10.8,0.238782,1.25E-14
1473,J1839-0332,18:39:56.5,-03:32:58.6,2.675682,4.76E-15
1474,J1839-0402,18:39:51.0,-04:02:24.9,0.52094,7.69E-15
1475,J1839-0436,18:39:00.0,-04:36:57.5,0.149461,8.1E-16
1476,J1839-0459,18:39:42.6,-04:59:58.8,0.585319,3.31E-15
1477,J1839-0627,18:39:20.4,-06:27:34,0.484914,1.32E-16
1478,J1839-0643,18:39:09.8,-06:43:45.2,0.449548,3.64E-15
1479,J1839-0905,18:39:53.4,-9:05:14.1,0.418975,2.6E-14
1480,J1839-1238,18:39:43.7,-12:38:40.7,1.911428,4.95E-15
1481,J1840+0214,18:40:34.0,+02:14:54.7,0.797478,8.29E-15
1482,J1840-0445,18:40:45.5,-04:45:08,0.422316,1.13E-14
1483,J1840-0559,18:40:23.1,-05:59:16.2,0.859368,9.6E-15
1484,J1840-0626,18:40:16.3,-06:26:15.4,1.893353,2.3E-14
1485,J1840-0643,18:40:08.9,-06:43:36.0,0.035578,9.54E-20
1486,J1840-0753,18:40:47.6,-07:53:32,0.437869,1E-16
1487,J1840-0809,18:40:33.3,-08:09:03.3,0.955672,2.35E-15
1488,J1840-0815,18:40:13.7,-08:15:10.6,1.09644,2.42E-15
1489,J1840-0840,18:40:51.9,-08:40:29,5.309377,2.37E-14
1490,J1840-1122,18:40:24.0,-11:22:10.7,0.940962,6.41E-15
1491,J1840-1207,18:40:53.7,-12:07:32.6,0.75447,3.2E-15
1492,J1840-1419,18:40:33.0,-14:19:06.5,6.597563,6.35E-15
1493,J1840+5640,18:40:44.5,+56:40:54.8,1.652862,1.49E-15
1494,J1841+0130,18:41:17.7,+01:30:16.9,0.029773,8.17E-18
1495,J1841-0157,18:41:56.2,-01:57:54.6,0.663321,1.81E-14
1496,J1841-0310,18:41:25.8,-03:10:21,1.657656,3.35E-16
1497,J1841-0345,18:41:38.6,-03:48:42.6,0.204068,5.79E-14
1498,J1841-0425,18:41:05.6,-04:25:19.5,0.186149,6.39E-15
1499,J1841-0456,18:41:19.3,-04:56:11.1,11.788978,4.09E-11
1500,J1841-0500,18:41:18.1,-05:00:19.5,0.912914,3.48E-14
1501,J1841-0524,18:41:49.3,-05:24:29.5,0.445749,2.34E-13
1502,J1841+0912,18:41:55.9,+09:12:07,0.381319,1.09E-15
1503,J1841-1404,18:41:34.3,-14:04:19,1.334557,6.41E-16
1504,J1841-7845,18:41:25.9,-78:45:15,0.353603,1.6E-16
1505,J1842-0153,18:42:57.8,-01:53:26.7,1.054228,6.72E-15
1506,J1842+0257,18:42:30.9,+02:57:58.8,3.088256,2.96E-14
1507,J1842-0309,18:42:19.0,-03:09:46,0.40492,4.52E-15
1508,J1842+0358,18:42:17.0,+03:58:35.3,0.233326,8.11E-16
1509,J1842-0359,18:42:26.4,-04:00:00,1.839944,5.09E-16
1510,J1842-0415,18:42:11.2,-04:15:38.2,0.526682,2.19E-14
1511,J1842-0612,18:42:43.0,-06:12:36,0.564475,2.2E-17
1512,J1842+0638,18:42:10.0,+06:38:15.0,0.313016,7.6E-17
1513,J1842-0800,18:42:54.9,-08:00:53.5,1.255469,1.94E-16
1514,J1842-0905,18:42:22.1,-09:05:30.0,0.344646,1.05E-14
1515,J1842+1332,18:42:29.9,+13:32:01.5,0.471604,2.29E-16
1516,J1843-0000,18:43:27.9,-00:00:40.9,0.88033,7.79E-15
1517,J1843-0050,18:43:36.7,-00:50:10,0.782598,2.49E-16
1518,J1843-0137,18:43:12.6,-01:37:46.3,0.669872,2.47E-15
1519,J1843-0211,18:43:30.3,-02:11:02.8,2.027524,1.44E-14
1520,J1843-0355,18:43:06.6,-03:55:56.6,0.132314,1.04E-15
1521,J1843-0408,18:43:43.4,-04:08:04,0.781934,2.39E-15
1522,J1843-0459,18:43:27.6,-04:59:30.4,0.754963,8.54E-16
1523,J1843-0510,18:43:09.7,-05:10:04.5,0.671614,3.89E-15
1524,J1843-0702,18:43:22.4,-07:02:54.6,0.191615,2.14E-15
1525,J1843-0744,18:43:05.4,-07:44:30.1,0.475393,1.33E-14
1526,J1843-0806,18:43:28.7,-08:06:44.9,0.536414,1.74E-14
1527,J1843-1507,18:43:33.6,-15:07:03.0,0.58355,7.2E-15
1528,J1843+2024,18:43:26.1,+20:24:54.6,3.406539,1.04E-15
1529,J1844-0030,18:44:41.0,-00:30:25.8,0.641098,6.08E-15
1530,J1844-0244,18:44:44.9,-02:44:41,0.507722,1.67E-14
1531,J1844-0302,18:44:06.9,-03:02:11.2,1.19863,7.81E-15
1532,J1844-0310,18:44:45.4,-03:10:37.1,0.525049,1.02E-14
1533,J1844-0346,18:44:32.8,-03:46:30.6,0.112855,1.55E-13
1534,J1844-0433,18:44:33.4,-04:33:12,0.991027,3.91E-15
1535,J1844-0452,18:44:01.5,-04:52:20.9,0.269443,6.8E-16
1536,J1844-0502,18:44:33.9,-05:02:00.5,0.335163,6.18E-17
1537,J1844-0538,18:44:05.1,-05:38:34.1,0.255704,9.71E-15
1538,J1844+1454,18:44:54.8,+14:54:14.1,0.375463,1.87E-15
1539,J1845-0316,18:45:52.9,-03:16:05,0.207636,8.86E-15
1540,J1845-0434,18:45:34.7,-04:34:30,0.486751,1.13E-14
1541,J1845-0545,18:45:38.4,-05:45:18.2,1.092348,1.34E-14
1542,J1845+0623,18:45:08.5,+06:23:57.6,1.421654,5.46E-16
1543,J1845-0635,18:45:07.4,-06:35:23.4,0.340528,4.49E-15
1544,J1845-0743,18:45:57.1,-07:43:38.5,0.104695,3.67E-16
1545,J1845-0826,18:45:05.6,-08:26:39.7,0.634354,9.35E-15
1546,J1845-1114,18:45:45.7,-11:14:11.0,0.20622,2.01E-15
1547,J1845-1351,18:45:11.5,-13:51:54.5,2.618918,9.72E-15
1548,J1846+0051,18:46:43.8,+00:51:39.0,0.434373,1.12E-14
1549,J1846-0257,18:46:15.4,-02:57:36.0,4.476723,1.61E-13
1550,J1846-0258,18:46:24.9,-02:58:30.1,0.326571,7.11E-12
1551,J1846-0749,18:46:19.7,-07:49:21.4,0.35011,1.26E-15
1552,J1846-07492,18:46:07.9,-07:49:13.2,0.86138,5.19E-15
1553,J1846+0919,18:46:26.0,+09:19:46,0.225551,9.93E-15
1554,J1846-7403,18:46:13.7,-74:03:04,4.878839,6.06E-15
1555,J1847-0130,18:47:35.2,-01:30:46,6.707046,1.27E-12
1556,J1847-0402,18:47:22.8,-04:02:14.4,0.597809,5.17E-14
1557,J1847-0427,18:47:18.8,-04:27:59,0.259247,5.9E-18
1558,J1847-0438,18:47:37.9,-04:38:15.3,0.957991,1.09E-14
1559,J1847-0443,18:47:51.8,-04:43:36.2,0.340832,2.83E-17
1560,J1847-0605,18:47:21.0,-06:05:14.1,0.778164,4.65E-15
1561,J1848-0023,18:48:37.8,-00:23:17,0.537624,1.61E-15
1562,J1848-0055,18:48:45.5,-00:55:53,0.274557,1.35E-15
1563,J1848-0123,18:48:23.5,-01:23:58.3,0.659432,5.25E-15
1564,J1848+0351,18:48:42.2,+03:51:35.7,0.191443,6.73E-17
1565,J1848-0511,18:48:15.0,-05:11:38,1.637129,8.86E-15
1566,J1848-0601,18:48:20.3,-06:01:07.7,0.225004,2.87E-16
1567,J1848+0604,18:48:54.6,+06:04:46.8,2.218603,3.74E-15
1568,J1848+0647,18:48:56.0,+06:47:31.7,0.505957,8.75E-15
1569,J1848+0826,18:48:43.7,+08:26:35.9,0.328665,2.72E-16
1570,J1848-1150,18:48:11.8,-11:50:09.2,1.312218,1.43E-15
1571,J1848-1243,18:48:18.0,-12:43:30,0.414383,4.41E-16
1572,J1848-1414,18:48:39.1,-14:14:17,0.29777,1.41E-17
1573,J1848+1516,18:48:56.1,+15:16:44.1,2.23377,1.68E-15
1574,J1848-1952,18:48:18.0,-19:52:31,4.30819,2.33E-14
1575,J1849-0001,18:49:01.6,-00:01:17.4,0.038523,1.42E-14
1576,J1849-0040,18:49:10.2,-00:40:20,0.672481,1.11E-14
1577,J1849+0127,18:49:44.1,+01:27:23,0.542155,2.8E-14
1578,J1849-0317,18:49:57.8,-03:17:31,0.668408,2.2E-14
1579,J1849+0409,18:49:03.4,+04:09:42.3,0.761194,2.16E-14
1580,J1849-0614,18:49:45.1,-06:14:31.5,0.953384,5.39E-14
1581,J1849-0636,18:49:06.4,-06:37:07,1.451319,4.62E-14
1582,J1849+2423,18:49:34.6,+24:23:45.9,0.275641,1.53E-16
1583,J1849+2559,18:49:47.5,+25:59:57.6,0.519263,1.8E-16
1584,J1850-0006,18:50:47.9,-00:06:26.1,2.191498,4.32E-15
1585,J1850-0026,18:50:14.7,-00:26:11.6,0.166634,3.91E-14
1586,J1850+0026,18:50:45.1,+00:26:25.6,1.081844,3.59E-16
1587,J1850-0031,18:50:33.3,-00:31:09,0.734185,1.26E-15
1588,J1850+0423,18:50:23.4,+04:23:09.2,0.290716,9.14E-17
1589,J1850+1335,18:50:35.4,+13:35:58,0.345582,1.49E-15
1590,J1851-0029,18:51:55.0,-00:29:58.1,0.518721,4.74E-15
1591,J1851-0053,18:51:03.1,-00:53:07.3,1.409065,8.74E-16
1592,J1851-0114,18:51:16.4,-01:14:13.4,0.953182,2.48E-15
1593,J1851+0118,18:51:52.1,+01:18:59,0.906977,1.37E-13
1594,J1851+0233,18:51:09.1,+02:33:46.4,0.344018,2.18E-15
1595,J1851-0241,18:51:15.2,-02:41:31,0.435194,7.96E-15
1596,J1851+0418,18:51:03.2,+04:18:12,0.284697,1.09E-15
1597,J1851+1259,18:51:13.2,+12:59:35,1.205303,1.15E-14
1598,J1852+0008,18:52:42.7,+00:08:09.6,0.467894,5.68E-15
1599,J1852+0013,18:52:41.7,+00:13:57.1,0.957751,1.4E-14
1600,J1852+0031,18:52:27.4,+00:32:02,2.180195,9.7E-14
1601,J1852+0040,18:52:38.5,+00:40:19.8,0.104913,8.68E-18
1602,J1852-0118,18:52:17.1,-01:18:14.8,0.451473,1.76E-15
1603,J1852-0127,18:52:03.6,-01:27:23.4,0.428979,5.15E-15
1604,J1852+0305,18:52:32.6,+03:05:05,1.326149,1.02E-16
1605,J1852-0635,18:52:57.4,-06:36:01.8,0.524157,1.46E-14
1606,J1852-2610,18:52:59.4,-26:10:13,0.336337,8.77E-17
1607,J1853-0004,18:53:23.0,-00:04:33.4,0.101437,5.57E-15
1608,J1853+0011,18:53:29.9,+00:11:30.6,0.397889,3.35E-14
1609,J1853+0056,18:53:32.6,+00:56:59,0.275578,2.14E-14
1610,J1853+0505,18:53:04.3,+05:05:26.1,0.905137,1.28E-15
1611,J1853+0545,18:53:58.4,+05:45:55.2,0.1264,6.12E-16
1612,J1853-0649,18:53:25.4,-06:49:25.9,1.048132,1.55E-15
1613,J1853+0853,18:53:22.0,+08:53:17,3.914658,5.13E-15
1614,J1854+0306,18:54:02.9,+03:06:14,4.55782,1.45E-13
1615,J1854+0317,18:54:29.0,+03:17:31,1.36645,1.85E-15
1616,J1854+0319,18:54:00.1,+03:19:12.8,0.628541,5.51E-17
1617,J1854+1050,18:54:29.3,+10:46:42,0.573197,6.39E-16
1618,J1854-1421,18:54:44.2,-14:21:26,1.146595,4.16E-15
1619,J1854-1557,18:54:53.6,-15:57:47,3.453121,4.52E-15
1620,J1855+0205,18:55:42.0,+02:05:36.4,0.246817,6.47E-17
1621,J1855+0306,18:55:38.2,+03:06:22,1.633565,6.97E-15
1622,J1855+0307,18:55:26.6,+03:07:20.2,0.845348,1.81E-14
1623,J1855+0422,18:55:41.3,+04:22:47,1.678106,9.29E-16
1624,J1855+0527,18:55:15.0,+05:27:40.7,1.393484,2.67E-13
1625,J1855+0700,18:55:17.7,+07:00:37.1,0.258685,7.52E-16
1626,J1855-0941,18:55:15.6,-09:41:02,0.345401,2.4E-16
1627,J1856+0102,18:56:28.5,+01:02:10.6,0.620217,1.22E-15
1628,J1856+0113,18:56:10.6,+01:13:21,0.26744,2.08E-13
1629,J1856+0245,18:56:50.9,+02:45:47,0.080907,6.21E-14
1630,J1856+0404,18:56:26.6,+04:04:26,0.420252,3.71E-17
1631,J1856-0526,18:56:21.9,-05:26:56.8,0.370483,1.7E-15
1632,J1856-3754,18:56:35.4,-37:54:35.8,7.055203,2.98E-14
1633,J1857+0057,18:57:00.8,+00:57:17,0.356929,5.46E-17
1634,J1857+0143,18:57:33.0,+01:43:47.0,0.13976,3.12E-14
1635,J1857+0210,18:57:40.9,+02:10:58,0.630983,1.4E-14
1636,J1857+0212,18:57:43.6,+02:12:41,0.415823,4.03E-14
1637,J1857+0300,18:57:16.9,+03:00:26.0,0.772678,2.65E-15
1638,J1857+0526,18:57:15.8,+05:26:28.7,0.349951,6.93E-15
1639,J1857+0809,18:57:09.3,+08:09:04.3,0.502924,4.74E-15
1640,J1857-1027,18:57:26.4,-10:27:01,3.687219,1.05E-14
1641,J1858+0215,18:58:17.4,+02:15:38,0.745828,4.61E-15
1642,J1858+0241,18:58:53.8,+02:41:38,4.693233,2.43E-14
1643,J1858+0319,18:58:40.8,+03:19:21.5,0.867444,1.03E-16
1644,J1858+0346,18:58:22.3,+03:46:37.8,0.256844,2.04E-15
1645,J1858-0736,18:58:44.3,-07:37,0.551059,5.06E-15
1646,J1859+0601,18:59:45.7,+06:01:46.1,1.044313,2.55E-14
1647,J1859+0603,18:59:42.1,+06:03:54.5,0.508561,1.59E-15
1648,J1859+1526,18:59:44.3,+15:26:11.0,0.933972,3.93E-15
1649,J1859+7654,18:59:36.0,+76:54:56,1.393729,5.05E-17
1650,J1900-0051,19:00:46.6,-00:51:08.4,0.385194,1.42E-16
1651,J1900-0134,19:00:26.0,-01:34:38,1.832331,3.04E-14
1652,J1900+0227,19:00:38.6,+02:27:32.0,0.374262,5.71E-15
1653,J1900+0438,19:00:13.3,+04:38:46.8,0.312314,3.23E-15
1654,J1900+0634,19:00:28.0,+06:34:20.9,0.389869,5.13E-15
1655,J1900-0933,19:00:31.1,-09:33:48.1,1.423889,2.26E-16
1656,J1900-2600,19:00:47.5,-26:00:43.8,0.612209,2.05E-16
1657,J1900-7951,19:00:24.4,-79:51:48.2,1.279193,1.86E-15
1658,J1901+0124,19:01:52.5,+01:24:49.3,0.318817,3.24E-15
1659,J1901+0156,19:01:34.2,+01:56:38,0.288219,2.36E-15
1660,J1901+0234,19:01:26.9,+02:34:51.4,0.88524,2.3E-14
1661,J1901+0254,19:01:15.6,+02:54:41,1.299693,4.56E-16
1662,J1901-0312,19:01:15.6,-03:12:29.5,0.355725,2.29E-15
1663,J1901-0315,19:01:16.3,-03:15:14.3,0.801693,2.57E-15
1664,J1901+0320,19:01:03.0,+03:20:18,0.636584,5.23E-16
1665,J1901+0331,19:01:31.7,+03:31:05.9,0.65545,7.46E-15
1666,J1901+0355,19:01:30.8,+03:55:58.9,0.554756,1.27E-14
1667,J1901+0413,19:01:10.3,+04:13:51,2.66308,1.32E-13
1668,J1901+0435,19:01:32.2,+04:35:23,0.690576,8.67E-15
1669,J1901+0459,19:01:17.4,+04:59:06.8,0.877044,1.57E-14
1670,J1901+0510,19:01:57.8,+05:10:34,0.614757,3.11E-14
1671,J1901+0511,19:01:42.9,+05:11:00.2,4.600369,2.53E-14
1672,J1901+0621,19:01:05.9,+06:21:19,0.832002,1.8E-17
1673,J1901+0716,19:01:38.9,+07:16:35,0.643999,2.29E-15
1674,J1901-0906,19:01:53.0,-09:06:11.1,1.781928,1.64E-15
1675,J1901+1306,19:01:48.7,+13:06:48.3,1.830857,1.31E-16
1676,J1901-1740,19:01:18.0,-17:40:00,1.956858,8.23E-16
1677,J1902+0248,19:02:50.2,+02:48:56,1.223777,2.41E-15
1678,J1902-0340,19:02:50.7,-03:40:18,1.524672,2E-15
1679,J1902+0556,19:02:42.6,+05:56:26,0.746577,1.29E-14
1680,J1902+0615,19:02:50.2,+06:16:33.4,0.673503,7.71E-15
1681,J1902+0723,19:02:13.5,+07:23:51,0.487813,2.1E-16
1682,J1902-1036,19:02:42.3,-10:36:13.0,0.786814,7.54E-15
1683,J1903+0135,19:03:29.9,+01:35:38.5,0.729307,4.03E-15
1684,J1903-0258,19:03:30.3,-02:58:15.6,0.301459,6.79E-16
1685,J1903+0601,19:03:20.8,+06:01:34.0,0.374117,1.92E-14
1686,J1903-0632,19:03:37.9,-06:32:22,0.431887,3.4E-15
1687,J1903+0654,19:03:55.2,+06:54:39.4,0.791232,1.06E-14
1688,J1903-0848,19:03:11.2,-08:48:57.4,0.887325,1.33E-15
1689,J1903+0925,19:03:55.1,+09:25:55,0.357155,3.69E-14
1690,J1903+2225,19:03:52.9,+22:25:12.3,0.651185,4.45E-16
1691,J1904+0004,19:04:12.7,+00:04:05.2,0.139525,1.18E-16
1692,J1904-0150,19:04:55.5,-01:50:32.5,0.379387,8.9E-16
1693,J1904+0412,19:04:31.3,+04:12:05.9,0.071095,1.1E-19
1694,J1904+0738,19:04:07.5,+07:38:51.6,0.208958,4.11E-16
1695,J1904+0800,19:04:03.5,+08:00:52.6,0.263345,1.73E-14
1696,J1904+1011,19:04:02.4,+10:11:34.6,1.85657,2.76E-16
1697,J1904-1224,19:04:33.2,-12:24:01,0.750808,7.42E-16
1698,J1904-1629,19:04:51.3,-16:29:19,1.541412,3.19E-15
1699,J1905-0056,19:05:27.7,-00:56:40.8,0.643183,3.06E-15
1700,J1905+0600,19:05:04.3,+06:00:59.9,0.44121,1.11E-15
1701,J1905+0616,19:05:06.8,+06:16:16.7,0.989706,1.35E-13
1702,J1905+0709,19:05:53.6,+07:09:19,0.64804,4.94E-15
1703,J1905+0902,19:05:19.5,+09:02:32.4,0.218253,3.5E-15
1704,J1906+0414,19:06:57.7,+04:14:29.4,1.043362,1.15E-14
1705,J1906+0509,19:06:56.4,+05:09:35.6,0.39759,5.22E-15
1706,J1906+0641,19:06:35.2,+06:41:03,0.267275,2.14E-15
1707,J1906+0649,19:06:11.9,+06:49:48.1,1.286564,1.52E-16
1708,J1906+0722,19:06:31.2,+07:22:55.8,0.111524,3.59E-14
1709,J1906+0746,19:06:48.8,+07:46:25.9,0.144073,2.03E-14
1710,J1906+0912,19:06:28.4,+09:12:56.6,0.775345,1.32E-16
1711,J1906+1854,19:06:44.7,+18:54:08.5,1.019093,2.05E-16
1712,J1907+0249,19:07:42.0,+02:49:41,0.351879,1.14E-15
1713,J1907+0255,19:07:17.9,+02:55:02.7,0.618761,2.23E-16
1714,J1907+0345,19:07:14.5,+03:45:10.6,0.240153,8.22E-15
1715,J1907+0534,19:07:23.3,+05:34:53,1.138403,3.15E-15
1716,J1907+0602,19:07:54.7,+06:02:16.9,0.106633,8.68E-14
1717,J1907+0631,19:07:03.8,+06:31:18.9,0.323648,4.52E-13
1718,J1907+0731,19:07:54.7,+07:31:21.9,0.363676,1.84E-14
1719,J1907+0740,19:07:44.1,+07:40:22.6,0.574698,6.71E-16
1720,J1907+0859,19:07:01.9,+08:59:43.8,1.527042,5.54E-15
1721,J1907+0918,19:07:22.4,+09:18:30.7,0.226107,9.43E-14
1722,J1907+0919,19:07:14.3,+09:19:20.1,5.198346,9.2E-11
1723,J1907+1149,19:07:37.7,+11:49:37.1,1.42016,1.6E-13
1724,J1907+1247,19:07:10.7,+12:47:35.9,0.827097,1.95E-15
1725,J1907-1532,19:07:06.7,-15:32:14.9,0.632235,3.08E-15
1726,J1907+4002,19:07:34.6,+40:02:05.7,1.235757,5.41E-16
1727,J1908+0457,19:08:16.1,+04:57:41,0.846793,9.8E-16
1728,J1908+0500,19:08:05.1,+05:00:54.4,0.291021,2.59E-15
1729,J1908+0734,19:08:17.0,+07:34:14.3,0.212353,8.25E-16
1730,J1908+0833,19:08:20.9,+08:33:31.5,0.512111,1.99E-15
1731,J1908+0839,19:08:18.5,+08:39:59.2,0.185397,2.39E-15
1732,J1908+0909,19:08:07.4,+09:09:12.4,0.336555,3.49E-14
1733,J1908+0916,19:08:58.7,+09:16:14,0.83027,9.8E-17
1734,J1908+2351,19:08:31.9,+23:51:41.9,0.377578,1.7E-17
1735,J1909+0007,19:09:35.2,+00:07:58,1.016948,5.52E-15
1736,J1909+0254,19:09:38.3,+02:54:51,0.989831,5.53E-15
1737,J1909+0616,19:09:51.2,+06:16:51.8,0.755993,2.06E-14
1738,J1909+0641,19:09:29.0,+06:41:25.8,0.741762,3.22E-15
1739,J1909+0749,19:09:08.2,+07:49:32,0.237161,1.52E-13
1740,J1909+0912,19:09:19.9,+09:12:53.7,0.222949,3.58E-14
1741,J1909+1102,19:09:48.6,+11:02:03.3,0.283641,2.64E-15
1742,J1909+1148,19:09:31.3,+11:48:59.8,0.448945,7.25E-17
1743,J1909+1450,19:09:26.9,+14:50:58,0.996108,2.19E-16
1744,J1909+1859,19:09:18.6,+18:59:10.7,0.542451,9.7E-17
1745,J1910-0112,19:10:15.7,-01:12:06,1.360603,1.78E-16
1746,J1910+0225,19:10:10.3,+02:25:23.6,0.337855,2.62E-16
1747,J1910-0309,19:10:29.6,-03:09:53.8,0.504606,2.19E-15
1748,J1910+0358,19:10:09.0,+03:58:28,2.330263,4.47E-15
1749,J1910+0517,19:10:37.9,+5:17:56.1,0.308048,7.3E-16
1750,J1910+0534,19:10:26.5,+05:34:09,0.452867,1.92E-15
1751,J1910+0714,19:10:18.5,+07:14:11.8,2.712423,6.12E-15
1752,J1910+0728,19:10:22.0,+07:28:37.0,0.325415,8.31E-15
1753,J1910+1231,19:10:13.5,+12:31:40,1.441742,8.23E-15
1754,J1911+1758,19:11:55.3,+17:58:45.7,0.460406,1.31E-17
1755,J1912+1036,19:12:46.3,+10:36:41.6,0.409349,1.58E-14
1756,J1912+2104,19:12:43.3,+21:04:33.9,2.232969,1.02E-14
1757,J1912+2525,19:12:18.6,+25:25:02.1,0.621976,2.25E-16
1758,J1913-0440,19:13:54.1,-04:40:47.6,0.825936,4.07E-15
1759,J1913+0446,19:13:50.8,+04:46:06,1.61613,2.79E-13
1760,J1913+0657,19:13:32.9,+06:57:24.3,1.257181,2.83E-15
1761,J1913+0832,19:13:00.5,+08:32:05.1,0.134409,4.57E-15
1762,J1913+0904,19:13:21.0,+09:04:45.4,0.163246,1.76E-14
1763,J1913+0936,19:13:52.7,+09:36:41.8,1.241965,4.32E-16
1764,J1913+1000,19:13:03.5,+10:00:02.4,0.837148,1.67E-14
1765,J1913+1011,19:13:20.3,+10:11:22.9,0.035909,3.37E-15
1766,J1913+1050,19:13:35.3,+10:50:26.6,0.190067,1.95E-16
1767,J1913+1102,19:13:29.0,+11:02:05.7,0.027285,1.61E-19
1768,J1913+1145,19:13:43.8,+11:45:33.1,0.306069,5.02E-15
1769,J1913+1330,19:13:17.9,+13:30:32.7,0.923391,8.68E-15
1770,J1913+1400,19:13:24.3,+14:00:52.5,0.521473,8.04E-16
1771,J1913+3732,19:13:27.8,+37:32:12.3,0.851079,1.38E-15
1772,J1914+0219,19:14:23.7,+02:19:47.8,0.457527,1.02E-15
1773,J1914+0631,19:14:17.2,+06:31:56.3,0.693811,3.32E-17
1774,J1914+0659,19:14:17.6,+07:01:11.0,0.018512,3.1E-20
1775,J1914+1122,19:14:10.1,+11:22:03.7,0.600997,6.56E-16
1776,J1915+0227,19:15:02.1,+02:27:47.7,0.317306,2.99E-16
1777,J1915+0738,19:15:24.8,+07:38:31.4,1.542704,3.31E-15
1778,J1915+0752,19:15:01.9,+07:52:09.2,2.058314,1.39E-16
1779,J1915+0838,19:15:13.8,+08:38:59.7,0.342777,1.57E-15
1780,J1915+1009,19:15:29.9,+10:09:43.3,0.404552,1.53E-14
1781,J1915+1410,19:15:35.4,+14:10:51.5,0.297494,4.89E-17
1782,J1915+1606,19:15:27.9,+16:06:27.3,0.05903,8.62E-18
1783,J1915+1647,19:15:19.1,+16:47:08,1.616231,4.05E-16
1784,J1916+0748,19:16:51.5,+07:48:00,0.541752,1.07E-14
1785,J1916+0844,19:16:19.0,+08:44:07.0,0.439995,2.9E-15
1786,J1916+0852,19:16:24.6,+08:52:36,2.182746,1.31E-14
1787,J1916+0951,19:16:32.3,+09:51:26,0.270254,2.52E-15
1788,J1916+1023,19:16:36.9,+10:23:03,1.618339,6.81E-16
1789,J1916+1030,19:16:11.7,+10:30:53.4,0.62897,3.4E-17
1790,J1916+1225,19:16:20.0,+12:25:53.9,0.227387,2.35E-14
1791,J1916+1312,19:16:58.6,+13:12:50,0.281842,3.65E-15
1792,J1916-2939,19:16:32.7,-29:39:27.8,1.248617,1.24E-15
1793,J1917+0834,19:17:48.8,+08:34:54.6,2.129665,1.75E-14
1794,J1917+1353,19:17:39.7,+13:53:57.0,0.194631,7.2E-15
1795,J1917+1737,19:17:23.9,+17:37:31.6,0.334725,3.24E-16
1796,J1917+2224,19:17:44.2,+22:22:49,0.425897,2.86E-15
1797,J1918-1052,19:18:48.2,-10:52:46.3,0.798693,8.65E-16
1798,J1918+1444,19:18:23.6,+14:45:06,1.181023,2.12E-13
1799,J1918+1541,19:18:07.7,+15:41:15.2,0.370883,2.54E-15
1800,J1919+0021,19:19:50.6,+00:21:39.7,1.27226,7.67E-15
1801,J1919+0134,19:19:43.6,+01:34:56.5,1.603984,5.89E-16
1802,J1919+1314,19:19:32.9,+13:14:37.3,0.5714,3.79E-15
1803,J1919+1645,19:19:09.2,+16:45:22.7,0.56279,2.16E-16
1804,J1919+1745,19:19:43.3,+17:45:03.7,2.081343,1.71E-15
1805,J1920-0950,19:20:55.9,-09:50:01.0,1.037824,3.93E-16
1806,J1920+1040,19:20:55.3,+10:40:31,2.215802,6.48E-15
1807,J1920+1110,19:20:13.3,+11:10:59,0.509886,1.56E-16
1808,J1920+2650,19:20:38.3,+26:50:38,0.785522,3.44E-17
1809,J1921+0812,19:21:47.7,+08:12:51.8,0.210648,5.36E-15
1810,J1921+1419,19:21:24.1,+14:19:17,0.618183,5.6E-15
1811,J1921+1544,19:21:46.4,+15:44:17.4,0.143576,9.8E-16
1812,J1921+1948,19:21:03.7,+19:48:45,0.821035,8.96E-16
1813,J1921+2003,19:21:51.5,+20:03:20.8,0.760681,5E-17
1814,J1921+2153,19:21:44.8,+21:53:02.2,1.337302,1.35E-15
1815,J1922+1131,19:22:50.2,+11:31:58.5,0.562074,2.57E-17
1816,J1922+1733,19:22:53.2,+17:33:23.4,0.236171,1.34E-14
1817,J1922+2018,19:22:08.0,+20:17:57,1.172763,6.49E-16
1818,J1922+2110,19:22:53.5,+21:10:42,1.077924,8.18E-15
1819,J1923+1706,19:23:07.8,+17:06:09.4,0.547209,4.3E-17
1820,J1923+4243,19:23:15.2,+42:43:19,0.595193,2.53E-15
1821,J1924+1631,19:24:54.8,+16:31:48.8,2.935186,3.64E-13
1822,J1924+1639,19:24:03.1,+16:39:40.7,0.158043,2.56E-15
1823,J1924+2040,19:24:40,+20:40:03,0.23779,2.09E-15
1824,J1925+1720,19:25:27.0,+17:20:27.3,0.075659,1.05E-14
1825,J1926+0431,19:26:24.4,+04:31:32,1.074078,2.46E-15
1826,J1926-0652,19:26:37.1,-06:52:43.0,1.608816,4.3E-16
1827,J1926+0737,19:26:33.7,+07:37:07.2,0.318062,3.75E-16
1828,J1926-1314,19:26:53.8,-13:14:03.8,4.864284,3.64E-14
1829,J1926+1434,19:26:57.2,+14:34:55,1.324922,2.19E-16
1830,J1926+1648,19:26:45.3,+16:48:33,0.579823,1.8E-14
1831,J1926+1928,19:26:22.8,+19:28:11.7,1.346012,1.43E-15
1832,J1926+2016,19:26:18.0,+20:16:01.1,0.299072,3.5E-15
1833,J1927+0911,19:27:25.6,+09:11:05.7,0.290305,6.35E-17
1834,J1927+1852,19:27:10.4,+18:52:08.5,0.482766,1.16E-16
1835,J1927+1856,19:27:24.9,+18:56:36.8,0.298313,2.24E-15
1836,J1927+2234,19:27:08.0,+22:34:57.3,1.431066,7.71E-16
1837,J1928+1443,19:28:06.7,+14:43:11.3,1.010739,2.1E-16
1838,J1928+1746,19:28:42.5,+17:46:29.6,0.06873,1.32E-14
1839,J1928+1923,19:28:05.1,+19:23:31.3,0.81733,6.35E-15
1840,J1929+1357,19:29:10.6,+13:57:35.9,0.866927,3.66E-15
1841,J1929+1844,19:29:16.7,+18:44:59.5,1.22047,2.36E-15
1842,J1929+1955,19:29:17.5,+19:55:07.9,0.257832,2.56E-15
1843,J1929+2121,19:29:04.2,+21:21:22.6,0.723599,2.14E-15
1844,J1929+3817,19:29:07.0,+38:17:57.5,0.814215,6.1E-16
1845,J1930+1316,19:30:00.9,+13:16:11.1,0.760032,3.66E-15
1846,J1930-1852,19:30:29.7,-18:51:46.2,0.18552,1.8E-17
1847,J1930+1852,19:30:30.1,+18:52:14.1,0.136855,7.51E-13
1848,J1931+1439,19:31:40.4,+14:39:38.7,1.779226,6.33E-15
1849,J1931+1536,19:31:55.7,+15:36:57.5,0.314355,5.01E-15
1850,J1931+1952,19:31:55.8,+19:52:11.5,0.501123,1.01E-16
1851,J1932+1059,19:32:14.0,+10:59:33.3,0.226519,1.16E-15
1852,J1932+1500,19:32:46.3,+15:00:22.2,1.864332,4.59E-16
1853,J1932+1756,19:32:07.2,+17:56:17.3,0.041831,4.32E-19
1854,J1932+1916,19:32:19.7,+19:16:39,0.208215,9.32E-14
1855,J1932+2020,19:32:08.0,+20:20:46,0.268217,4.22E-15
1856,J1932+2220,19:32:22.7,+22:20:51,0.14447,5.76E-14
1857,J1932-3655,19:32:06.1,-36:55:02.1,0.57142,2.84E-16
1858,J1933+0758,19:33:19.4,+07:58:07.0,0.437454,2.18E-16
1859,J1933+1304,19:33:22.5,+13:04:49.9,0.928324,3.18E-16
1860,J1933+1726,19:33:22.9,+17:26:49.6,0.021507,4.9E-20
1861,J1933+2421,19:33:37.8,+24:36:40,0.81369,8.11E-15
1862,J1933+5335,19:33:01.1,+53:35:43,2.052574,1.26E-15
1863,J1934+2352,19:34:46.1,+23:52:55.9,0.178432,1.31E-13
1864,J1934+5219,19:34:23.8,+52:19:58,0.568442,8.4E-17
1865,J1935+1159,19:35:16.0,+11:59:09.2,1.939758,9.48E-16
1866,J1935+1616,19:35:47.8,+16:16:39.9,0.358738,6E-15
1867,J1935+1745,19:35:29.9,+17:45:12.2,0.654408,3.78E-16
1868,J1935+2025,19:35:41.9,+20:25:40.1,0.080118,6.08E-14
1869,J1936+1536,19:36:01.5,+15:36:36.0,0.967338,4.04E-15
1870,J1937+1505,19:37:16.3,+15:05:19,2.872774,5.61E-15
1871,J1937+2544,19:37:01.2,+25:44:13.4,0.20098,6.43E-16
1872,J1937+2950,19:37:47.6,+29:50:01.8,1.657429,3.48E-15
1873,J1938+0650,19:37:53.4,+06:50:06.0,1.121562,5.68E-15
1874,J1938+2010,19:38:08.3,+20:10:51.7,0.687082,3.4E-15
1875,J1938+2213,19:38:14.1,+22:13:12.6,0.166116,4.24E-14
1876,J1938+6604,19:38:56.9,+66:04:31.7,0.022259,1.95E-20
1877,J1939+2449,19:39:05.5,+24:42:56,0.645302,1.83E-14
1878,J1940+2245,19:40:27.6,+22:45:46.6,0.258912,1.27E-14
1879,J1940+2337,19:40:35.4,+23:37:46.5,0.546824,7.68E-14
1880,J1941+0121,19:41:16.0,+01:21:39.5,0.217317,1.91E-16
1881,J1941+1026,19:41:32.3,+10:26:25.6,0.905394,9.96E-16
1882,J1941+1341,19:41:04.8,+13:41:30.4,0.559084,1.24E-15
1883,J1941+2525,19:41:20.8,+25:25:05.3,2.306153,1.61E-13
1884,J1941-2602,19:41:00.4,-26:02:05.7,0.402858,9.56E-16
1885,J1941+4320,19:41:58.9,+43:20:06.3,0.840906,1.15E-15
1886,J1942+1743,19:42:01.0,+17:43:28.3,0.696262,1.01E-16
1887,J1942+8106,19:42:54.6,+81:06:17,0.203558,3.69E-17
1888,J1943+0609,19:43:29.1,+06:09:57.6,0.446226,4.66E-16
1889,J1943-1237,19:43:25.4,-12:37:42,0.972429,1.66E-15
1890,J1944-1750,19:44:05.2,-17:50:11,0.841158,9.86E-16
1891,J1944+1755,19:44:31.8,+17:55:42.4,1.996899,7.3E-16
1892,J1945-0040,19:45:28.3,-00:40:58,1.045632,5.35E-16
1893,J1945+1834,19:45:36.1,+18:34:20.1,1.068708,2.42E-16
1894,J1946-1312,19:46:57.8,-13:12:36.4,0.491865,1.99E-15
1895,J1946+1805,19:46:53.0,+18:05:41.2,0.440618,2.41E-17
1896,J1946+2052,19:46:14.1,+20:52:24.6,0.01696,9.2E-19
1897,J1946+2244,19:46:24.8,+22:44:59.4,1.33445,8.89E-16
1898,J1946+2535,19:46:49.1,+25:35:51.5,0.515167,5.64E-15
1899,J1946+2611,19:46:45.8,+26:11:49.2,0.43506,2.2E-14
1900,J1946-2913,19:46:51.7,-29:13:47.1,0.959448,1.49E-15
1901,J1947+0915,19:47:46.2,+09:15:08.0,1.480744,4.78E-16
1902,J1947+1957,19:47:19.4,+19:57:08.3,0.157509,5.23E-16
1903,J1948+2333,19:48:19.3,+23:33:03.2,0.528352,1.36E-14
1904,J1948+2551,19:48:17.5,+25:51:51.9,0.196627,9.02E-15
1905,J1948+3540,19:48:25.0,+35:40:11.0,0.717311,7.06E-15
1906,J1949+2306,19:49:07.3,+23:06:55.5,1.319373,1.23E-16
1907,J1949-2524,19:49:25.4,-25:24:01,0.957617,3.27E-15
1908,J1949+3106,19:49:29.6,+31:06:03.8,0.013138,9.39E-20
1909,J1949+3426,19:49:13.6,+34:26:33.8,0.388539,2.02E-16
1910,J1951+1123,19:51:08.2,+11:23:25.2,5.094083,3.03E-15
1911,J1952+1410,19:52:06.1,+14:07:29,0.275026,1.28E-16
1912,J1952+2630,19:52:36.8,+26:30:28.0,0.020732,4.27E-18
1913,J1952+3252,19:52:58.2,+32:52:40.5,0.039531,5.84E-15
1914,J1953+1149,19:53:47.4,+11:49:42.6,0.85189,2.86E-15
1915,J1953+2732,19:53:07.8,+27:32:48.2,1.333965,1.77E-15
1916,J1954+1021,19:54:36.8,+10:21:10.5,2.09944,1.73E-15
1917,J1954+2407,19:54:00.3,+24:07:14.0,0.193405,1.06E-15
1918,J1954+2836,19:54:19.1,+28:36:06,0.092709,2.12E-14
1919,J1954+2923,19:54:22.5,+29:23:17.2,0.426677,1.71E-18
1920,J1954+3852,19:54:01.0,+38:52:15.8,0.352933,6.6E-15
1921,J1954+4357,19:54:38.4,+43:57:37,1.387041,2.2E-15
1922,J1955+5059,19:55:18.7,+50:59:55.2,0.518938,1.37E-15
1923,J1956+0838,19:56:52.2,+08:38:16.8,0.303911,2.2E-16
1924,J1957+2831,19:57:19.3,+28:31:44,0.307683,3.11E-15
1925,J1957+5033,19:57:38.9,+50:33:18,0.374806,7.08E-15
1926,J1958+2846,19:58:40.0,+28:45:54,0.290389,2.12E-13
1927,J1959+3620,19:59:38.0,+36:20:29.1,0.406081,3.6E-17
1928,J2001+4258,20:01:10.5,+42:58:06,0.719166,1.73E-14
1929,J2002+1637,20:02:47.7,+16:37:16.7,0.276497,2.25E-16
1930,J2002+3217,20:02:04.4,+32:17:18,0.696761,1.05E-13
1931,J2002+4050,20:02:44.0,+40:50:53.9,0.905067,1.74E-15
1932,J2004+2653,20:04:59.0,+26:53:40.4,0.665879,5.67E-17
1933,J2004+3137,20:04:52.2,+31:37:10,2.111265,7.46E-14
1934,J2004+3429,20:04:46.9,+34:29:17.7,0.240953,2.07E-13
1935,J2005-0020,20:05:43.7,-00:20:22,2.279661,2.57E-14
1936,J2005+3547,20:05:17.4,+35:47:25.4,0.615034,2.81E-16
1937,J2005+3552,20:05:47.5,+35:52:24.3,0.307943,2.99E-15
1938,J2006-0807,20:06:16.3,-08:07:02.1,0.580871,4.6E-17
1939,J2006+3102,20:06:11.0,+31:02:03,0.163695,2.49E-14
1940,J2007+0809,20:07:13.5,+08:09:33,0.325724,1.37E-16
1941,J2007+0910,20:07:58.1,+09:10:12.9,0.458735,3.32E-16
1942,J2007+2722,20:07:15.8,+27:22:47.9,0.024497,9.61E-19
1943,J2007+3120,20:07:09.0,+31:20:51.5,0.608205,1.56E-14
1944,J2008+2513,20:08:35.4,+25:13:30.3,0.589196,5.4E-15
1945,J2009+3326,20:09:49.1,+33:26:10.2,1.438369,1.47E-15
1946,J2010+2845,20:10:05.0,+28:45:29.1,0.565369,9.07E-17
1947,J2010+3230,20:10:26.5,+32:30:07.3,1.442448,3.62E-15
1948,J2011+3331,20:11:04.9,+33:31:24.6,0.931733,1.79E-15
1949,J2012-2029,20:12:46.6,-20:29:31,0.544002,5.48E-16
1950,J2013-0649,20:13:17.7,-06:49:05.3,0.580187,6.01E-16
1951,J2013+3058,20:13:34.2,+30:58:50.6,0.276028,1.52E-16
1952,J2013+3845,20:13:10.3,+38:45:43.3,0.230194,8.85E-15
1953,J2015+2524,20:15:12.7,+25:24:31.3,2.303299,5.1E-16
1954,J2016+1948,20:16:57.4,+19:47:51.5,0.06494,4.01E-19
1955,J2017+2043,20:17:28.9,+20:43:31.9,0.537143,9.96E-16
1956,J2017+3625,20:17:55.8,+36:25:07.9,0.166749,1.36E-15
1957,J2017+5906,20:17:44.5,+59:06:47,0.403478,2.22E-16
1958,J2018+2839,20:18:03.8,+28:39:54.2,0.557953,1.48E-16
1959,J2018+3431,20:18:53.1,+34:31:00.5,0.387664,1.84E-15
1960,J2021+3651,20:21:05.4,+36:51:04.8,0.103741,9.57E-14
1961,J2021+4026,20:21:29.9,+40:26:45.1,0.265318,5.47E-14
1962,J2022+2854,20:22:37.0,+28:54:23.1,0.343402,1.89E-15
1963,J2022+3842,20:22:21.6,+38:42:14.8,0.048579,8.61E-14
1964,J2022+5154,20:22:49.8,+51:54:50.2,0.529197,3.06E-15
1965,J2023+5037,20:23:41.9,+50:37:34.9,0.372619,2.51E-15
1966,J2027+2146,20:27:16.6,+21:46:04.4,0.398173,2.03E-16
1967,J2027+4557,20:27:16.2,+45:57:57.0,1.099651,3.09E-16
1968,J2027+7502,20:27:23.2,+75:02:29,0.515219,8.89E-16
1969,J2028+3332,20:28:19.8,+33:32:04.3,0.176707,4.86E-15
1970,J2029+3744,20:29:23.8,+37:44:08,1.216805,1.23E-14
1971,J2030+2228,20:30:40.4,+22:28:22,0.630513,8.85E-16
1972,J2030+3641,20:30:00.2,+36:41:27.1,0.200129,6.5E-15
1973,J2030+4415,20:30:51.3,+44:15:38.1,0.22707,6.48E-15
1974,J2032+4127,20:32:13.1,+41:27:24.3,0.143246,1.13E-14
1975,J2033+0042,20:33:31.1,+00:42:23,5.0134,9.7E-15
1976,J2033-1938,20:33:55.4,-19:38:59,1.281719,4.55E-16
1977,J2036+2835,20:36:46.3,+28:35:10.4,1.358727,2.09E-15
1978,J2037+1942,20:37:14.5,+19:42:54.3,2.074377,2.04E-15
1979,J2037+3621,20:37:27.4,+36:21:24,0.618715,4.5E-15
1980,J2038-3816,20:38:54.1,-38:16:11.9,1.577286,4.13E-15
1981,J2038+5319,20:38:03.1,+53:19:13,1.424568,9.44E-16
1982,J2040+1657,20:40:17.8,+16:57:30.4,0.865606,5.95E-16
1983,J2043+2740,20:43:43.5,+27:40:56,0.096131,1.27E-15
1984,J2044+4614,20:44:58.8,+46:14:54,1.392715,6.3E-16
1985,J2045+0912,20:45:47.3,+09:12:29.1,0.395555,1.95E-16
1986,J2045+3633,20:45:01.5,+36:33:01.4,0.031682,5.88E-19
1987,J2046-0421,20:46:00.1,-04:21:26.2,1.546938,1.47E-15
1988,J2046+1540,20:46:39.3,+15:40:33.5,1.138286,1.82E-16
1989,J2046+5708,20:46:46.6,+57:08:37,0.476735,1.11E-14
1990,J2047+5029,20:47:54.6,+50:29:38.1,0.445945,4.18E-15
1991,J2048-1616,20:48:35.6,-16:16:44.5,1.961572,1.1E-14
1992,J2048+2255,20:48:45.8,+22:55:05.3,0.283901,1.52E-17
1993,J2050+1259,20:50:57.2,+12:59:09,1.22102,5.04E-16
1994,J2051+1248,20:51:29.6,+12:48:21.5,0.553167,1.9E-17
1995,J2053+1718,20:53:49.4,+17:18:44.6,0.119268,2.86E-19
1996,J2053+4650,20:53:52.6,+46:50:51.7,0.012586,1.72E-19
1997,J2053-7200,20:53:47.2,-72:00:42.4,0.341336,1.98E-16
1998,J2055+2209,20:55:39.1,+22:09:27,0.815181,1.34E-15
1999,J2055+2539,20:55:48.8,+25:40:02,0.319561,4.08E-15
2000,J2055+3630,20:55:31.3,+36:30:21.4,0.221508,3.69E-16
2001,J2105+6223,21:05:12.9,+62:23:05.5,2.304879,5.22E-15
2002,J2108-3429,21:08:30.4,-34:29:37.9,1.423102,3.5E-15
2003,J2108+4441,21:08:20.4,+44:41:48.8,0.414871,8.62E-17
2004,J2111+2106,21:11:33.1,+21:06:07.0,3.953853,3.24E-15
2005,J2111+4606,21:11:24.1,+46:06:31.3,0.15783,1.43E-13
2006,J2113+2754,21:13:04.3,+27:54:01.1,1.202852,2.62E-15
2007,J2113+4644,21:13:24.3,+46:44:08.8,1.014685,7.15E-16
2008,J2116+1414,21:16:13.7,+14:14:21.0,0.440153,2.89E-16
2009,J2123+5434,21:23:21.6,+54:34:07.7,0.138868,1.74E-19
2010,J2124+1407,21:24:46.5,+14:07:19,0.694053,7.68E-16
2011,J2127-6648,21:27:31.2,-66:48:28.1,0.325771,2.26E-16
2012,J2129+1210B,21:29:58.6,+12:10:00.3,0.056133,9.54E-18
2013,J2129+1210C,21:30:01.2,+12:10:38.2,0.030529,4.99E-18
2014,J2129+1210G,21:29:57.9,+12:09:57.3,0.03766,2E-18
2015,J2136-1606,21:36:00.2,-16:06:13.0,1.227235,1.6E-17
2016,J2137+6428,21:37:20.2,+64:28:42,1.750989,3.43E-15
2017,J2139+2242,21:39:26.9,+22:42:42.0,1.083514,1.42E-15
2018,J2139+4716,21:39:55.9,+47:16:13,0.282849,1.79E-15
2019,J2143+0654,21:43:03.3,+06:54:17.5,9.428229,4.09E-14
2020,J2144-3933,21:44:12.0,-39:33:56.8,8.509827,4.96E-16
2021,J2145-0750,21:45:50.4,-07:50:18.5,0.016052,2.98E-20
2022,J2149+6329,21:49:58.7,+63:29:44.2,0.38014,1.68E-16
2023,J2150+5247,21:50:37.7,+52:47:49.5,0.332206,1.01E-14
2024,J2151+2315,21:51:28.9,+23:15:12.8,0.593534,7.08E-16
2025,J2154-2812,21:54:17.3,-28:12:41,1.343361,6.13E-16
2026,J2155+2813,21:55:15.8,+28:13:12.1,1.60902,9.16E-16
2027,J2155-3118,21:55:13.6,-31:18:55,1.030002,1.24E-15
2028,J2155-5641,21:55:01.4,-56:41:57,1.373654,4.23E-15
2029,J2156+2618,21:56:23.7,+26:18:30.4,0.498149,1.42E-17
2030,J2157+4017,21:57:01.8,+40:17:45.9,1.525266,3.43E-15
2031,J2204+2700,22:04:43.6,+27:00:54.6,0.084703,1.31E-19
2032,J2205+1444,22:05:17.2,+14:44:31.3,0.938014,9E-16
2033,J2206+6151,22:06:18.1,+61:51:58.1,0.322674,3.97E-16
2034,J2208+4056,22:08:01.9,+40:56:02,0.636957,5.28E-15
2035,J2208+5500,22:08:23.7,+55:00:08.4,0.933163,6.99E-15
2036,J2212+2933,22:12:23.3,+29:33:05.4,1.004593,4.95E-16
2037,J2215+1538,22:15:39.6,+15:38:34.8,0.374196,2.37E-15
2038,J2216+5759,22:16:05.2,+57:59:53.7,0.419102,6.9E-14
2039,J2217+5733,22:17:55.0,+57:33:04.0,1.056844,6.47E-16
2040,J2219+4754,22:19:48.1,+47:54:53.9,0.538469,2.77E-15
2041,J2222-0137,22:22:05.9,-01:37:15.7,0.032818,5.8E-20
2042,J2222+2923,22:23:03.2,+29:23:59,0.281399,6.17E-18
2043,J2225+6535,22:25:52.8,+65:35:36.3,0.682542,9.66E-15
2044,J2228+6447,22:28:40.5,+64:47:19,1.892982,6.7E-16
2045,J2229+6114,22:29:05.2,+61:14:09.3,0.051624,7.83E-14
2046,J2229+6205,22:29:41.8,+62:05:36,0.443055,2.26E-15
2047,J2234+2114,22:34:56.6,+21:14:18.8,1.358745,2.22E-16
2048,J2235+1506,22:35:43.7,+15:06:49.0,0.059767,1.58E-19
2049,J2238+5903,22:38:28.2,+59:03:40.8,0.162734,9.7E-14
2050,J2240+5832,22:40:42.9,+58:32:37.5,0.139935,1.54E-14
2051,J2241+6941,22:41:20.3,+69:42:00,0.855401,2.69E-15
2052,J2242+6950,22:42:56.4,+69:50:52,1.664501,4.82E-15
2053,J2243+1518,22:43:09.7,+15:18:25.1,0.596799,1.13E-16
2054,J2248-0101,22:48:26.8,-01:01:48.0,0.477233,6.59E-16
2055,J2251-3711,22:51:44.0,-37:11:48,12.122565,1.31E-14
2056,J2253+1516,22:53:14.5,+15:16:37.8,0.792236,6.65E-17
2057,J2257+5909,22:57:57.7,+59:09:14.8,0.368246,5.75E-15
2058,J2301+5852,23:01:08.2,+58:52:44.4,6.979071,4.71E-13
2059,J2302+6028,23:02:11.2,+60:28:00.2,1.206404,2.04E-15
2060,J2305+3100,23:05:58.3,+31:00:01.2,1.575886,2.89E-15
2061,J2305+4707,23:05:55.8,+47:07:45.3,1.066371,5.69E-16
2062,J2307+2225,23:07:41.2,+22:25:50.1,0.535829,8.7E-18
2063,J2308+5547,23:08:13.8,+55:47:36.0,0.475068,1.99E-16
2064,J2310+6706,23:10:42.0,+67:06:52,1.944789,7.56E-17
2065,J2312+6931,23:12:38.9,+69:31:04,0.813375,6.28E-16
2066,J2313+4253,23:13:08.6,+42:53:13.0,0.349434,1.12E-16
2067,J2317+2149,23:17:57.8,+21:49:48.0,1.444653,1.05E-15
2068,J2319+6411,23:19:35.2,+64:11:25.7,0.216018,1.63E-16
2069,J2321+6024,23:21:55.2,+60:24:31,2.256488,7.04E-15
2070,J2324-6054,23:24:27.1,-60:54:05.8,2.347488,2.58E-15
2071,J2325-0530,23:25:15.3,-05:30:39,0.868735,1.03E-15
2072,J2325+6316,23:25:13.3,+63:16:52.3,1.43631,2.83E-15
2073,J2326+6113,23:26:58.6,+61:13:36.5,0.233652,3.53E-16
2074,J2329+4743,23:29:31.5,+47:43:39.7,0.728409,1.6E-17
2075,J2330-2005,23:30:26.8,-20:05:29.6,1.643622,4.63E-15
2076,J2333+6145,23:33:19.4,+61:45:30.0,0.756899,1.18E-15
2077,J2337+6151,23:37:05.7,+61:51:01.5,0.49537,1.93E-13
2078,J2346-0609,23:46:50.4,-06:09:59.8,1.181463,1.36E-15
2079,J2351+8533,23:51:03.2,+85:33:21,1.011727,8.8E-16
2080,J2354+6155,23:54:04.7,+61:55:46.8,0.944784,1.63E-14
2081,J2355+2246,23:55:49.8,+22:46:17,1.840986,3.78E-15
