#,PSRJ,PMRA,PMDEC,PX,POSEPOCH,Gl,Gb,RAJD,DECJD,P0,P1,DM,TAU_SC,S400,S1400,S2000,DIST,ZZ,XX,YY,ASSOC,SURVEY,,,,,,,,
,,[mas/yr],[mas/yr],[mas],[MJD],[deg],[deg],[deg],[deg],[s],[s/s],[cm^-3pc],[s],[mJy],[mJy],[mJy],[kpc],[kpc],[kpc],[kpc],,,,,,,,,,
1,J0002+6216,NAN,NAN,NAN,55806,117.327,-0.074,0.742375,62.26927778,0.115364,5.97E-15,218.6,NAN,NAN,0.02,NAN,6.357,-0.008,5.648,11.418,GRS:3FGL_J0002.6+6218[aaa+15],XRS:1XSPS_,FermiBlind,,,,,,,
2,J0006+1834,NAN,NAN,NAN,49079.5,108.172,-42.985,1.52,18.58305556,0.693748,2.1E-15,11.41,NAN,0.2,NAN,NAN,0.86,-0.586,0.598,8.696,NAN,ar4,,,,,,,,
3,J0007+7303,NAN,NAN,NAN,54952,119.66,10.463,1.75708333,73.05205556,0.315873,3.6E-13,NAN,NAN,NAN,NAN,NAN,1.4,0.254,1.196,9.181,GRS:2FGL_J0007.0+7303[naa+12],XRS:RX_J00,FermiBlind,,,,,,,
4,J0011+08,NAN,NAN,NAN,57022,106.228,-53.407,2.89166667,8.16666667,2.55287,NAN,24.9,NAN,NAN,NAN,NAN,5.399,-4.335,3.09,9.399,NAN,ar327,,,,,,,,
5,J0014+4746,19.3,-19.7,NAN,49664,116.497,-14.631,3.57395833,47.77594444,1.240699,5.64E-16,30.41,0,14,3,NAN,1.776,-0.449,1.538,9.267,NAN,gb1,gb2,gb3,lotaas,,,,,
6,J0021-0909,NAN,NAN,NAN,NAN,100.291,-70.726,5.46445833,-9.16630556,2.314131,1.04E-15,25.2,NAN,NAN,0.13,NAN,25,-23.599,8.119,9.974,NAN,fast_uwb,,,,,,,,
7,J0024-7204aa,NAN,NAN,NAN,57022,305.895,-44.889,6.023625,-72.08128333,0.00184,NAN,24.97,NAN,NAN,NAN,NAN,2.688,-1.897,-1.543,7.383,GC:47Tuc,XRS:[bhc+17],misc,,,,,,,
8,J0024-7204ab,4.2,-2.9,NAN,51600,305.891,-44.891,6.03400625,-72.07988944,0.003705,9.82E-21,24.37,NAN,NAN,NAN,NAN,2.54,-1.793,-1.458,7.445,GC:47Tuc,XRS:[bhc+17],misc,,,,,,,
9,J0024-7204C,5.2,-3.1,NAN,51600,305.923,-44.892,5.95981083,-72.075418,0.005757,-4.99E-20,24.6,NAN,1.53,0.52,0.23,4.69,-3.31,-2.691,6.551,GC:47Tuc,XRS:[bgh+06],pksgc,,,,,,,
10,J0024-7204D,4.24,-2.24,NAN,51600,305.881,-44.893,6.05783717,-72.07884789,0.005358,-3.42E-21,24.74,NAN,0.95,0.35,0.2,4.69,-3.31,-2.692,6.553,GC:47Tuc,XRS:[bgh+06],pksgc,,,,,,,
11,J0024-7204F,4.52,-2.5,NAN,51600,305.899,-44.892,6.01606446,-72.07856064,0.002624,6.45E-20,24.38,NAN,NAN,NAN,NAN,4.69,-3.31,-2.691,6.552,GC:47Tuc,XRS:[bgh+06],pksgc,,,,,,,
12,J0024-7204G,4.5,-2.9,NAN,51600,305.891,-44.893,6.03316792,-72.07769528,0.00404,-4.22E-20,24.44,NAN,NAN,NAN,NAN,4.69,-3.31,-2.692,6.552,GC:47Tuc,XRS:[bgh+06],pksgc,,,,,,,
13,J0024-7204L,4.4,-2.4,NAN,51600,305.898,-44.888,6.01571708,-72.08247861,0.004346,-1.22E-19,24.4,NAN,NAN,NAN,NAN,4.69,-3.31,-2.692,6.552,GC:47Tuc,XRS:[bgh+06],pksgc,,,,,,,
14,J0024-7204M,5,-2,NAN,51600,305.913,-44.877,5.97704125,-72.09187667,0.003677,-3.84E-20,24.43,NAN,NAN,NAN,NAN,4.69,-3.309,-2.692,6.551,GC:47Tuc,XRS:[bgh+06],pksgc,,,,,,,
15,J0024-7204N,6.3,-2.8,NAN,51600,305.89,-44.897,6.03828333,-72.07469186,0.003054,-2.19E-20,24.57,NAN,NAN,NAN,NAN,4.69,-3.31,-2.692,6.552,GC:47Tuc,XRS:[bgh+06],pksgc,,,,,,,
16,J0024-7204Z,4,1,NAN,51600,305.894,-44.887,6.02517083,-72.08374444,0.004554,-4.54E-21,24.45,NAN,NAN,NAN,NAN,2.559,-1.806,-1.469,7.437,GC:47Tuc,XRS:[bhc+17],misc,,,,,,,
17,J0026+6320,NAN,NAN,NAN,56675,120.176,0.593,6.71067083,63.333575,0.318358,1.51E-16,245.06,0,NAN,1,NAN,6.619,0.069,5.722,11.827,NAN,misc,,,,,,,,
18,J0030+0451,-6.213,0.489,3.08,55390,113.141,-57.611,7.61428258,4.8610309,0.004865,1.02E-20,4.34,NAN,7.9,0.6,NAN,0.325,-0.274,0.16,8.568,GRS:2FGL_J0030.4+0450[naa+12],misc,lotaas,,,,,,,
19,J0033+57,NAN,NAN,NAN,54100,120.41,-5.781,8.25,57,0.315,NAN,76,NAN,NAN,NAN,NAN,2.255,-0.227,1.935,9.636,NAN,gb350,lotaas,,,,,,,
20,J0033+61,NAN,NAN,NAN,54100,120.698,-1.792,8.25,61,0.912,NAN,37,NAN,NAN,NAN,NAN,1.64,-0.051,1.409,9.337,NAN,gb350,lotaas,,,,,,,
21,J0034-0721,10.37,-11.13,0.93,52275,110.42,-69.815,8.53695958,-7.36483583,0.942951,4.08E-16,10.92,0,52,11.1,NAN,1.03,-0.967,0.333,8.624,NAN,mol1,pks70,lotaas,,,,,,
22,J0034+69,NAN,NAN,NAN,56292,121.411,6.896,8.5,69.71666667,0.036804,NAN,80,NAN,4.5,NAN,NAN,2.283,0.274,1.934,9.681,NAN,gbncc,,,,,,,,
23,J0038-2501,NAN,NAN,NAN,57474,67.413,-86.354,9.54276667,-25.02520278,0.256926,7.6E-19,5.71,NAN,NAN,NAN,NAN,0.604,-0.603,0.035,8.485,NAN,gbncc,,,,,,,,
24,J0039+35,NAN,NAN,NAN,NAN,120.121,-27.054,9.775,35.75,0.5367,NAN,53.04,NAN,NAN,NAN,NAN,25,-11.371,19.258,19.673,NAN,lotaas,,,,,,,,
25,J0040+5716,12.39,-5.4,0.11,49667,121.452,-5.567,10.13495792,57.27356472,1.118225,2.88E-15,92.51,NAN,7.5,0.6,NAN,2.42,-0.235,2.055,9.757,NAN,gb2,gbncc,lotaas,,,,,,
26,J0043-73,NAN,NAN,NAN,57990.69,303.737,-43.932,10.85416667,-73.18333333,0.937429,NAN,115.1,NAN,NAN,0.05,NAN,58.938,-40.892,-35.297,-15.073,EXGAL:SMC,misc,,,,,,,,
27,J0045-7042,NAN,NAN,NAN,52407,303.652,-46.418,11.35704167,-70.70197222,0.632336,2.49E-15,70,NAN,NAN,0.11,NAN,59.7,-43.246,-34.26,-14.307,EXGAL:SMC,misc,,,,,,,,
28,J0048+3412,NAN,NAN,NAN,49875,122.255,-28.666,12.14160282,34.20223077,1.217094,2.35E-15,39.92,0,2.3,NAN,NAN,4.5,-2.159,3.339,10.607,NAN,gb2,gb3,lotaas,,,,,,
29,J0050+03,NAN,NAN,NAN,57022,122.485,-59.071,12.62916667,3.8,1.36656,NAN,26.5,NAN,NAN,NAN,NAN,25,-21.445,10.839,15.401,NAN,ar327,,,,,,,,
30,J0051+0423,NAN,NAN,NAN,49800,122.962,-58.491,12.87541667,4.38027778,0.354732,7E-18,13.9,NAN,3,0.5,NAN,1.247,-1.063,0.547,8.855,NAN,gb4,lotaas,,,,,,,
31,J0052-72,NAN,NAN,NAN,58008.54,302.82,-45.045,13.11666667,-72.08333333,0.191444,NAN,158.6,NAN,NAN,0.04,NAN,60.261,-42.644,-35.781,-14.577,EXGAL:SMC,misc,,,,,,,,
32,J0054+66,NAN,NAN,NAN,54100,123.193,3.13,13.5,66,1.39,NAN,15,NAN,NAN,NAN,NAN,0.901,0.049,0.753,8.993,NAN,gb350,,,,,,,,
33,J0054+69,NAN,NAN,NAN,NAN,123.2,6.563,13.61666667,69.43333333,NAN,NAN,90.3,NAN,NAN,NAN,NAN,2.347,0.268,1.951,9.777,NAN,gbncc,,,,,,,,
34,J0054+6946,NAN,NAN,NAN,56500,123.241,6.902,13.7463175,69.77134719,0.832911,7.19E-16,116.52,NAN,NAN,NAN,NAN,2.758,0.331,2.29,10.001,NAN,gbncc,,,,,,,,
35,J0055+5117,10.47,-17.4,0.35,49664,123.621,-11.576,13.93915875,51.29016694,2.115171,9.54E-15,44.01,0,3.4,1.5,NAN,2.857,-0.573,2.331,10.05,NAN,gb2,lotaas,,,,,,,
36,J0056+4756,NAN,NAN,NAN,49872,123.796,-14.927,14.10630345,47.93626269,0.472037,3.33E-15,18.14,NAN,3,NAN,NAN,1.123,-0.289,0.902,9.104,NAN,gb2,lotaas,,,,,,,
37,J0057-7201,NAN,NAN,NAN,51213,302.244,-45.098,14.43333333,-72.02194444,0.738062,1E-16,27,NAN,NAN,NAN,NAN,3.476,-2.462,-2.075,7.191,NAN,misc,,,,,,,,
38,J0058+4950,NAN,NAN,NAN,56500,124.045,-13.017,14.54162336,49.84055678,0.996023,8.04E-16,66.95,NAN,NAN,NAN,NAN,2.646,-0.596,2.136,9.943,NAN,gbncc,,,,,,,,
39,J0058+6125,NAN,NAN,NAN,54100,123.717,-1.445,14.5,61.41666667,0.637,NAN,129,NAN,NAN,NAN,NAN,2.606,-0.066,2.167,9.946,NAN,gb350,,,,,,,,
40,J0059+69,NAN,NAN,NAN,NAN,123.629,7.056,14.875,69.91666667,1.1459,NAN,63.53,NAN,NAN,NAN,NAN,2.048,0.252,1.692,9.626,NAN,lotaas,,,,,,,,
41,J0100-7211,NAN,NAN,NAN,53032,301.93,-44.918,15.17929167,-72.19266667,8.020392,1.88E-11,NAN,NAN,NAN,NAN,NAN,59.7,-42.153,-35.878,-13.859,EXGAL:SMC,XRS:CXOU_J010043.1-721134,misc,,,,,,,
42,J0100+8023,NAN,NAN,NAN,56676,123.318,17.53,15.06704167,80.39493056,1.493601,3.54E-16,56.01,NAN,NAN,NAN,NAN,2.848,0.858,2.269,9.992,NAN,lotaas,,,,,,,,
43,J0102+6537,9.24,1.77,0.4,49675,124.08,2.773,15.63746417,65.62039333,1.679164,5.95E-15,65.85,NAN,8.5,1.2,NAN,2.5,0.121,2.068,9.899,NAN,gb1,gb3,gbncc,lotaas,,,,,
44,J0103+54,NAN,NAN,NAN,56657,124.741,-8.796,15.90416667,54.03333333,0.354304,NAN,55.6,NAN,NAN,NAN,NAN,2.01,-0.307,1.632,9.632,NAN,gbncc,,,,,,,,
45,J0106+4855,NAN,NAN,NAN,55225,125.465,-13.867,16.60441667,48.93105556,0.083157,4.28E-16,70.87,NAN,NAN,0.01,NAN,3.063,-0.734,2.422,10.225,GRS:2FGL_J0106.5+4854[naa+12],FermiBlind,,,,,,,,
46,J0107+1322,NAN,NAN,NAN,57972,128.991,-49.305,16.91645833,13.37547222,1.197383,6.87E-16,21.67,NAN,NAN,NAN,NAN,2.349,-1.781,1.19,9.464,NAN,lotaas,,,,,,,,
47,J0108-1431,75.1,-152.5,4.2,54100,140.93,-76.815,17.03477923,-14.53060753,0.807565,7.7E-17,2.38,NAN,9,1.4,NAN,0.21,-0.204,0.03,8.537,NAN,pks70,,,,,,,,
48,J0108+6608,-32.75,35.15,0.47,50011,124.646,3.328,17.09377042,66.14291639,1.28366,1.31E-14,30.55,0,10,0.9,NAN,2.128,0.123,1.747,9.708,NAN,jb1,gb1,gb2,lotaas,,,,,
49,J0108+6905,NAN,NAN,NAN,49875,124.461,6.277,17.12293293,69.09795221,1.071118,4.81E-17,61.06,NAN,3.7,0.4,NAN,1.981,0.217,1.624,9.614,NAN,gb2,gbncc,lotaas,,,,,,
50,J0111+6624,NAN,NAN,NAN,56500,124.928,3.609,17.8411505,66.40299564,4.301872,8.36E-15,111.2,NAN,NAN,NAN,NAN,2.412,0.152,1.974,9.878,NAN,gbncc,,,,,,,,
51,J0111-7131,NAN,NAN,NAN,52369,300.669,-45.51,17.869875,-71.52966667,0.688542,7.09E-15,76,NAN,NAN,0.06,NAN,59.7,-42.589,-35.985,-12.84,EXGAL:SMC,misc,,,,,,,,
52,J0113-7220,NAN,NAN,NAN,51212,300.615,-44.688,18.29620833,-72.34227778,0.325883,4.86E-15,125.49,NAN,NAN,0.4,NAN,59.7,-41.984,-36.527,-13.115,EXGAL:SMC,misc,,,,,,,,
53,J0115+6325,NAN,NAN,NAN,57876,125.648,0.687,18.941125,63.43077778,0.521455,1.6E-15,65.07,NAN,NAN,NAN,NAN,1.931,0.023,1.569,9.625,NAN,lotaas,,,,,,,,
54,J0117+5914,-3.316,18.083,NAN,49751,126.283,-3.457,19.41108846,59.24399732,0.101439,5.85E-15,49.42,0,7.6,0.3,NAN,1.768,-0.107,1.423,9.544,XRS:[pb15],gb3,gbncc,lotaas,,,,,,
55,J0122+1416,NAN,NAN,NAN,57876,134.03,-47.94,20.50545833,14.27138889,1.388994,3.8E-15,17.69,NAN,NAN,NAN,NAN,1.584,-1.176,0.763,9.238,NAN,misc,lotaas,,,,,,,
56,J0125-23,NAN,NAN,NAN,55561,189.069,-81.541,21.29166667,-23.45722222,0.003676,NAN,10,NAN,NAN,NAN,NAN,0.918,-0.908,-0.021,8.633,NAN,htru_pks,,,,,,,,
57,J0125+62,NAN,NAN,NAN,56292,126.899,-0.022,21.5,62.58333333,1.708233,NAN,118,NAN,3.4,NAN,NAN,2.403,-0.001,1.922,9.943,NAN,gbncc,,,,,,,,
58,J0131-7310,NAN,NAN,NAN,52335,298.944,-43.648,22.86879167,-73.16926111,0.348124,1.76E-15,205.2,NAN,NAN,0.15,NAN,59.7,-41.206,-37.803,-12.406,EXGAL:SMC,misc,,,,,,,,
59,J0133-6957,NAN,NAN,NAN,49980.2,297.691,-46.739,23.38525,-69.95824444,0.463474,1.2E-16,22.95,NAN,5,NAN,NAN,2.441,-1.778,-1.481,7.723,NAN,pks70,,,,,,,,
60,J0134-2937,17,-9,NAN,54428,230.251,-80.25,23.57784333,-29.62140056,0.136962,7.84E-17,21.81,NAN,9,3.9,NAN,25,-24.639,-3.255,11.207,NAN,pks70,,,,,,,,
61,J0137+1654,NAN,NAN,NAN,52225,138.449,-44.571,24.3495,16.91169444,0.414763,1.22E-17,26.08,NAN,1.4,NAN,NAN,3.061,-2.148,1.446,10.132,NAN,ar4,lotaas,,,,,,,
62,J0137+6349,NAN,NAN,NAN,56500,127.955,1.402,24.30569116,63.82620927,0.717963,9.6E-16,285.5,NAN,NAN,NAN,NAN,9.097,0.223,7.171,14.093,NAN,gbncc,,,,,,,,
63,J0139+3336,NAN,NAN,NAN,57901,134.381,-28.174,24.98845833,33.61658333,1.247961,2.06E-15,21.23,NAN,NAN,NAN,NAN,1.472,-0.695,0.927,9.408,NAN,misc,lotaas,,,,,,,
64,J0139+5621,NAN,NAN,NAN,56000,129.609,-5.885,24.91066667,56.36022222,1.775344,7.91E-14,101.84,NAN,0.7,0.02,NAN,2.41,-0.247,1.847,10.028,NAN,misc,lotaas,,,,,,,
65,J0139+5814,-19.11,-16.6,0.37,52275,129.216,-4.044,24.83225042,58.24217194,0.272451,1.07E-14,73.81,0,28,4.6,NAN,2.6,-0.183,2.009,10.14,NAN,gb1,gb2,gb3,gb4,gbncc,lotaas,,,
66,J0141+6009,NAN,NAN,NAN,49293,129.147,-2.105,25.416409,60.15897317,1.222949,3.91E-16,34.93,0,49,4.5,NAN,2.3,-0.084,1.783,9.951,NAN,misc,gb3,gb4,gbncc,lotaas,,,,
67,J0141+63,NAN,NAN,NAN,56292,128.497,0.798,25.25,63.13333333,0.046686,NAN,272.6,NAN,1.3,NAN,NAN,8.765,0.122,6.859,13.955,NAN,gbncc,,,,,,,,
68,J0146+31,NAN,NAN,NAN,57022,136.532,-30.353,26.5625,31.06666667,0.9381,NAN,25,NAN,NAN,NAN,NAN,1.826,-0.923,1.084,9.644,NAN,misc,,,,,,,,
69,J0146+6145,-4.1,1.9,NAN,49031,129.384,-0.431,26.59341667,61.75077778,8.688994,1.99E-12,NAN,NAN,NAN,NAN,NAN,3.6,-0.027,2.782,10.784,XRS:4U_0142+61,misc,,,,,,,,
70,J0147+5922,-6.39,3.8,0.47,53160,130.059,-2.723,26.93601417,59.36757889,0.196321,2.57E-16,40.11,0,6.6,2.1,NAN,2.128,-0.101,1.627,9.868,NAN,gb3,lotaas,,,,,,,
71,J0151-0635,10.7,-5.38,0.23,49347,160.368,-65.004,27.84465792,-6.58416306,1.464665,4.43E-16,25.66,NAN,38,1.6,NAN,25,-22.658,3.549,18.45,NAN,mol2,pks70,,,,,,,
72,J0152+0948,NAN,NAN,NAN,52858,146.812,-50.221,28.098875,9.80277778,2.746647,1.7E-15,22.88,NAN,0.91,NAN,NAN,2.477,-1.904,0.868,9.826,NAN,ar4,,,,,,,,
73,J0152-1637,0.8,-31.3,0.46,48227,179.306,-72.457,28.04522458,-16.63156694,0.832742,1.3E-15,11.93,NAN,20,2.1,NAN,0.92,-0.877,0.003,8.777,NAN,mol2,pks70,,,,,,,
74,J0154+1833,10.3,-8.9,NAN,56900,143.185,-41.81,28.65367804,18.56409944,0.002365,2.92E-21,19.8,NAN,NAN,NAN,NAN,1.622,-1.081,0.724,9.468,NAN,ar327,,,,,,,,
75,J0156+04,NAN,NAN,NAN,NAN,151.975,-55.155,29.00416667,4.03333333,NAN,NAN,27.5,NAN,NAN,NAN,NAN,25,-20.517,6.711,21.109,NAN,ar327,,,,,,,,
76,J0156+3949,NAN,NAN,NAN,49701,136.369,-21.332,29.23019206,39.82459228,1.811561,1.52E-16,59.83,NAN,4,NAN,NAN,4.916,-1.788,3.16,11.814,NAN,gb2,lotaas,,,,,,,
77,J0157+6212,1.57,44.8,0.56,49709,130.586,0.326,29.4580975,62.20740222,2.351745,1.89E-13,30.21,0,6.5,1.9,NAN,1.786,0.01,1.356,9.662,NAN,jb1,gb3,gbncc,lotaas,,,,,
78,J0158+21,NAN,NAN,NAN,55387,143.208,-39.084,29.62083333,21.13333333,0.5053,NAN,20,NAN,NAN,NAN,NAN,1.569,-0.989,0.729,9.475,NAN,ar327,lotaas,,,,,,,
79,J0201+7005,NAN,NAN,NAN,56777,128.889,8.033,30.42226667,70.08836389,1.349184,5.51E-15,21.03,NAN,NAN,NAN,NAN,1.172,0.164,0.903,9.229,NAN,gbncc,lotaas,,,,,,,
80,J0205+6449,-1.4,0.54,NAN,55487,130.719,3.084,31.40801029,64.82814842,0.065716,1.94E-13,140.7,NAN,NAN,0.04,NAN,3.2,0.172,2.422,10.585,SNR:PWN:3C58,GRS:2FGL_J0205.8+6448[naa+1,misc,,,,,,,
81,J0206-4028,9,26,NAN,57600,258.595,-69.633,31.5053875,-40.46767222,0.630551,1.2E-15,12.9,NAN,11,0.8,NAN,1.26,-1.181,-0.43,8.587,NAN,mol2,pks70,,,,,,,
82,J0210+5845,NAN,NAN,NAN,58011,133.098,-2.543,32.73083333,58.75111111,1.766208,1.34E-13,76.77,NAN,NAN,NAN,NAN,1.952,-0.087,1.424,9.832,NAN,lotaas,,,,,,,,
83,J0211-8159,NAN,NAN,NAN,49525.14,299.592,-34.606,32.99583333,-81.99338889,1.077333,2.9E-16,24.36,NAN,6,0.3,NAN,1.523,-0.865,-1.09,7.881,NAN,pks70,,,,,,,,
84,J0212+5222,NAN,NAN,NAN,56500,135.331,-8.52,33.21724475,52.38041719,0.376386,6.6E-15,38.21,NAN,4.1,0.9,NAN,1.558,-0.231,1.083,9.596,NAN,htru_eff,gbncc,lotaas,,,,,,
85,J0215+6218,NAN,NAN,NAN,51341,132.575,1.03,33.98594524,62.30927029,0.54888,6.62E-16,84,NAN,14.5,3.7,NAN,2.004,0.036,1.475,9.856,NAN,misc,gbncc,,,,,,,
86,J0220+36,NAN,NAN,NAN,57022,142.376,-23.107,35.20833333,36.36666667,1.0297,NAN,40,NAN,NAN,NAN,NAN,2.246,-0.881,1.261,10.136,NAN,misc,lotaas,,,,,,,
87,J0229+20,NAN,NAN,NAN,55388,151.579,-36.417,37.2625,20.96666667,0.8069,NAN,27,NAN,NAN,NAN,NAN,2.089,-1.24,0.8,9.978,NAN,ar327,,,,,,,,
88,J0231+7026,NAN,NAN,NAN,49692,131.155,9.181,37.80832172,70.44274548,1.46682,3.11E-15,46.68,0,2.4,0.3,NAN,1.755,0.28,1.304,9.64,NAN,gb2,gbncc,lotaas,,,,,,
89,J0241+16,NAN,NAN,NAN,55668,157.964,-39.185,40.44166667,16.06666667,1.5454,NAN,16,NAN,NAN,NAN,NAN,0.936,-0.591,0.272,9.172,NAN,ar327,,,,,,,,
90,J0242+62,NAN,NAN,NAN,54100,135.187,2.751,40.64583333,62.94722222,0.592,NAN,4,NAN,NAN,NAN,NAN,0.222,0.011,0.156,8.657,NAN,gb350,lotaas,,,,,,,
91,J0243+6027,NAN,NAN,NAN,54100,136.271,0.5,40.75,60.45,1.473,NAN,141,NAN,NAN,NAN,NAN,2.717,0.024,1.878,10.463,NAN,gb350,,,,,,,,
92,J0244+14,NAN,NAN,NAN,56160,159.914,-40.14,41.2125,14.45,2.1281,NAN,31,NAN,NAN,NAN,NAN,2.796,-1.802,0.734,10.507,NAN,ar327,,,,,,,,
93,J0248+6021,48,48,NAN,54000,136.903,0.697,42.07757083,60.35964444,0.217094,5.51E-14,370,NAN,NAN,13.7,NAN,2,0.024,1.366,9.96,GRS:2FGL_J0248.1+6021[naa+12],misc,,,,,,,,
94,J0250+5854,NAN,NAN,NAN,57973,137.767,-0.505,42.57408333,58.90036111,23.535378,2.72E-14,45.28,NAN,NAN,NAN,NAN,1.558,-0.014,1.047,9.654,NAN,lotaas,,,,,,,,
95,J0255-5304,25,7,NAN,57600,269.862,-55.31,43.98455208,-53.07257639,0.447708,3.13E-17,15.9,NAN,17,5,NAN,1.514,-1.245,-0.862,8.502,NAN,mol1,mol2,pks70,ghrss,,,,,
96,J0302+2252,NAN,NAN,NAN,57811,158.436,-30.815,45.63329167,22.87002778,1.207165,8.25E-17,18.99,NAN,70,NAN,NAN,1.014,-0.519,0.32,9.31,NAN,misc,lotaas,,,,,,,
97,J0304+1932,6,-37,NAN,49289,161.135,-33.27,46.13797917,19.54761111,1.387584,1.3E-15,15.66,0,27,15.1,NAN,0.739,-0.405,0.2,9.085,NAN,misc,mol2,gb4,lotaas,,,,,
98,J0305+11,NAN,NAN,NAN,NAN,167.463,-39.662,46.275,11.38333333,0.8621,NAN,27.97,NAN,NAN,NAN,NAN,1.838,-1.173,0.307,9.881,NAN,lotaas,,,,,,,,
99,J0308+74,NAN,NAN,NAN,55196,132.09,13.608,47,74,0.00316,NAN,6.35,NAN,0.3,NAN,NAN,0.384,0.09,0.277,8.75,GRS:2FGL_J0308.3+7442[naa+12],FermiAssoc,,,,,,,,
100,J0317+13,NAN,NAN,NAN,NAN,168.763,-36.04,49.475,13.48333333,1.9743,NAN,12.9,NAN,NAN,NAN,NAN,0.366,-0.215,0.058,8.79,NAN,misc,lotaas,,,,,,,
101,J0323+3944,26.5,-30.77,1.05,49290,152.18,-14.338,50.86109125,39.74788972,3.032072,6.36E-16,26.19,0,34,0.9,NAN,0.952,-0.236,0.431,9.316,NAN,gb1,gb2,gb4,gbncc,lotaas,,,,
102,J0324+5239,NAN,NAN,NAN,56100,145.094,-3.48,51.23108333,52.65869444,0.33662,3.81E-16,115.46,NAN,NAN,0.19,NAN,2.29,-0.139,1.308,10.375,NAN,htru_eff,,,,,,,,
103,J0325+6744,NAN,NAN,NAN,56500,136.715,9.089,51.2713307,67.74982995,1.364679,1.55E-15,65.28,NAN,NAN,NAN,NAN,1.929,0.305,1.306,9.887,NAN,gbncc,,,,,,,,
104,J0329+1654,NAN,NAN,NAN,52225,168.499,-31.683,52.285625,16.90055556,0.89332,2.15E-16,40.82,NAN,0.6,NAN,NAN,2.557,-1.343,0.434,10.632,NAN,ar4,lotaas,,,,,,,
105,J0332+5434,16.97,-10.37,0.59,46473,144.995,-1.221,53.24754,54.5787025,0.71452,2.05E-15,26.76,0,1500,203,NAN,1.695,-0.036,0.972,9.888,NAN,misc,jb1,gb1,gb2,gb3,gb4,lotaas,,
106,J0332+79,NAN,NAN,NAN,56657,130.309,18.683,53.1875,79.16666667,2.05621,NAN,16.67,NAN,NAN,NAN,NAN,1.054,0.338,0.761,9.146,NAN,gbncc,,,,,,,,
107,J0335+4555,-3.66,-0.08,0.41,49912,150.348,-8.038,53.81934,45.93151444,0.269201,7.35E-18,47.15,0,6,0.8,NAN,2.439,-0.341,1.195,10.599,NAN,gb2,lotaas,,,,,,,
108,J0335+6623,NAN,NAN,NAN,56500,138.383,8.588,53.98776332,66.38989798,1.761934,4.81E-15,66.73,NAN,10.5,NAN,NAN,1.907,0.285,1.252,9.91,NAN,gbncc,lotaas,,,,,,,
109,J0340+4130,-0.532,-3.331,0.7,56675,153.783,-11.022,55.09703317,41.51258087,0.003299,7.05E-21,49.59,NAN,2,0.31,NAN,1.603,-0.306,0.695,9.912,GRS:2FGL_J0340.4+4131[naa+12],FermiAssoc,,,,,,,,
110,J0341+5711,NAN,NAN,NAN,54100,144.371,1.546,55.25,57.18333333,1.888,NAN,100,NAN,364.7,NAN,NAN,2.027,0.055,1.18,10.147,NAN,gb350,gbncc,lotaas,,,,,,
111,J0343-3000,NAN,NAN,NAN,52950,227.758,-52.338,55.86641667,-30.00763889,2.597027,5.7E-17,20.2,NAN,NAN,1.3,NAN,1.594,-1.262,-0.721,9.155,NAN,pkshl,,,,,,,,
112,J0343+5312,NAN,NAN,NAN,49309,147.017,-1.428,55.80378531,53.21484111,1.934478,1.34E-14,67.3,0,3.7,0.3,NAN,1.705,-0.043,0.928,9.93,NAN,gb1,gb2,lotaas,,,,,,
113,J0344-0901,NAN,NAN,NAN,NAN,197.397,-45.333,56.15612917,-9.01740556,1.226006,3.47E-15,30.9,NAN,NAN,0.15,NAN,1.507,-1.072,-0.317,9.511,NAN,fast_uwb,,,,,,,,
114,J0349+2340,NAN,NAN,NAN,57813,167.434,-23.384,57.48908333,23.68138889,2.420771,1.1E-15,62.96,NAN,NAN,NAN,NAN,3.746,-1.487,0.748,11.856,NAN,lotaas,,,,,,,,
115,J0357+3205,117,115,NAN,54946,162.76,-16.006,59.46875,32.09027778,0.444104,1.3E-14,NAN,NAN,NAN,NAN,NAN,0.835,-0.23,0.238,9.267,GRS:2FGL_J0357.8+3205[naa+12],FermiBlind,,,,,,,,
116,J0357+5236,13.88,-10.61,0.28,49912,149.099,-0.522,59.43683458,52.61597028,0.19703,4.77E-16,103.71,0,12,1.9,NAN,3.571,-0.033,1.834,11.564,NAN,gb2,gbncc,,,,,,,
117,J0358+4155,NAN,NAN,NAN,56500,156.112,-8.62,59.51322767,41.92195353,0.226484,1.46E-16,46.33,NAN,NAN,NAN,NAN,1.481,-0.222,0.593,9.839,NAN,gbncc,lotaas,,,,,,,
118,J0358+5413,9.3,8.3,0.91,54096,148.19,0.811,59.72384917,54.22049556,0.156384,4.39E-15,57.14,0,46,23,NAN,1,0.014,0.527,9.35,XRS:PWN[mvk+06],misc,jb1,gb1,gb2,gb3,gb4,gbncc,lota,
119,J0358+6627,NAN,NAN,NAN,56500,140.128,10.064,59.65803763,66.46293697,0.091506,1.09E-17,62.33,NAN,NAN,NAN,NAN,1.884,0.329,1.189,9.924,NAN,gbncc,lotaas,,,,,,,
120,J0359+5414,NAN,NAN,NAN,55716,148.231,0.883,59.858375,54.24880556,0.079427,1.67E-14,NAN,NAN,NAN,NAN,NAN,NAN,0,0,8.5,GRS:3FGL_J0359.5+5413[aaa+15],XRS:[wcp+1,FermiBlind,,,,,,,
121,J0401-7608,NAN,NAN,NAN,57600,290.313,-35.907,60.465625,-76.13693056,0.545254,1.54E-15,21.7,NAN,19,3.8,NAN,1.014,-0.595,-0.77,8.215,NAN,mol2,pks70,,,,,,,
122,J0406+6138,12.4,22.74,0.22,53784,144.025,7.046,61.62533583,61.64483556,0.594576,5.57E-15,65.41,0,15,2.8,NAN,4.545,0.558,2.65,12.151,NAN,gb1,gb2,gb3,gb4,lotaas,,,,
123,J0408+551,NAN,NAN,NAN,54100,148.663,2.267,62,55,1.837,NAN,55,NAN,NAN,NAN,NAN,1.573,0.062,0.817,9.842,NAN,gb350,lotaas,,,,,,,
124,J0408+552,NAN,NAN,NAN,54100,148.663,2.267,62,55,0.754,NAN,64,NAN,NAN,NAN,NAN,1.663,0.066,0.864,9.919,NAN,gb350,,,,,,,,
125,J0410-31,NAN,NAN,NAN,55196,230.586,-46.671,62.6625,-31.12472222,1.8785,NAN,9.2,NAN,NAN,NAN,NAN,0.415,-0.302,-0.22,8.681,NAN,htru_pks,,,,,,,,
126,J0413+58,NAN,NAN,NAN,54100,147.122,4.934,63.25,58,0.687,NAN,57,NAN,NAN,NAN,NAN,1.63,0.14,0.882,9.864,NAN,gb350,lotaas,,,,,,,
127,J0415+6954,-0.757,-12.626,NAN,49874,138.911,13.667,63.98188898,69.90274737,0.390715,7.66E-17,27.45,NAN,6.4,0.5,NAN,1.368,0.323,0.874,9.502,NAN,gb2,gb4,gbncc,lotaas,,,,,
128,J0417+35,NAN,NAN,NAN,49717,163.219,-10.518,64.42916667,35.75,0.6544,NAN,48.53,NAN,NAN,NAN,NAN,1.48,-0.27,0.42,9.893,NAN,ar4,lotaas,,,,,,,
129,J0417+61,NAN,NAN,NAN,56292,145.299,7.54,64.25,61.13333333,0.440283,NAN,71,NAN,1.5,NAN,NAN,1.847,0.242,1.042,10.005,NAN,gbncc,,,,,,,,
130,J0418-4154,NAN,NAN,NAN,57600,246.262,-45.682,64.51572833,-41.90400556,0.757119,1.32E-15,24.32,NAN,NAN,NAN,NAN,2.519,-1.802,-1.611,9.208,NAN,ghrss,,,,,,,,
131,J0418+5732,NAN,NAN,NAN,55045,147.979,5.119,64.6411125,57.53969722,9.078388,4.1E-15,NAN,NAN,NAN,NAN,NAN,NAN,0,0,8.5,XRS:SGR_0418+5729,misc,,,,,,,,
132,J0419+44,NAN,NAN,NAN,54100,157.525,-4.494,64.75,44,1.241,NAN,71,NAN,NAN,NAN,NAN,1.687,-0.132,0.643,10.054,NAN,gb350,,,,,,,,
133,J0420-5022,NAN,NAN,NAN,55430.6,258.136,-44.386,65.008125,-50.38002778,3.453004,2.76E-14,NAN,NAN,NAN,NAN,NAN,NAN,0,0,8.5,XRS:RX_J0420.0-5022[hmp98],OPT:[kkvh11],misc,,,,,,,
134,J0421-0345,NAN,NAN,NAN,50847,197.504,-34.757,65.38981694,-3.75183645,2.161308,1.16E-15,44.61,NAN,6,0.5,NAN,2.196,-1.252,-0.543,10.221,NAN,pks70,,,,,,,,
135,J0421+3255,NAN,NAN,NAN,57310,165.84,-11.921,65.38833333,32.93055556,0.900105,6E-17,77.02,NAN,NAN,NAN,NAN,1.939,-0.401,0.464,10.34,NAN,misc,lotaas,,,,,,,
136,J0426+4933,NAN,NAN,NAN,56100,154.436,0.288,66.5283875,49.56068333,0.922475,3.93E-14,85,NAN,NAN,0.19,NAN,1.802,0.009,0.778,10.126,NAN,gb350,htru_eff,lotaas,,,,,,
137,J0435+2749,NAN,NAN,NAN,53400,171.842,-13.071,68.96590833,27.81713889,0.326279,8.17E-18,53.19,NAN,2,0.24,NAN,1.521,-0.344,0.21,9.967,NAN,ar4,lotaas,,,,,,,
138,J0447-04,NAN,NAN,NAN,56657,202.072,-29.657,71.75,-4.58333333,2.18819,NAN,29.83,NAN,NAN,NAN,NAN,0.675,-0.334,-0.22,9.044,NAN,gb350,,,,,,,,
139,J0448-2749,NAN,NAN,NAN,51009,228.347,-37.918,72.17319758,-27.82964862,0.450448,1.48E-16,26.22,NAN,2,2,NAN,1.809,-1.112,-1.066,9.448,NAN,pks70,pkshl,,,,,,,
140,J0449-7031,NAN,NAN,NAN,52465,282.286,-35.512,72.273625,-70.52547222,0.479164,3.37E-15,65.83,NAN,NAN,0.14,NAN,49.7,-28.869,-39.529,-0.109,EXGAL:LMC,misc,,,,,,,,
141,J0450-1248,NAN,NAN,NAN,49338,211.075,-32.629,72.5365875,-12.80197222,0.438014,1.03E-16,37.04,0,11,1.2,NAN,1.774,-0.957,-0.771,9.78,NAN,mol2,pks70,,,,,,,
142,J0451-67,NAN,NAN,NAN,52817,278.41,-36.29,72.95833333,-67.3,0.245454,0,45,NAN,NAN,0.05,NAN,49.7,-29.416,-39.629,2.641,EXGAL:LMC,misc,,,,,,,,
143,J0452-1759,11.5,6,0.6,52275,217.078,-34.087,73.14210708,-17.98982528,0.548939,5.75E-15,39.9,0,82,16.8,NAN,0.4,-0.224,-0.2,8.764,NAN,mol1,mol2,pks70,,,,,,
144,J0454+4529,NAN,NAN,NAN,56909,160.706,1.243,73.747125,45.49630556,1.389137,4.89E-15,20.83,NAN,NAN,NAN,NAN,0.765,0.017,0.253,9.222,NAN,lotaas,,,,,,,,
145,J0454+5543,53.34,-17.56,0.84,52275,152.617,7.547,73.53229417,55.72817694,0.340729,2.37E-15,14.59,0,59,13,NAN,1.18,0.155,0.538,9.539,NAN,gb1,gb2,gb4,gbncc,lotaas,,,,
146,J0455-6951,NAN,NAN,NAN,48757,281.29,-35.187,73.948125,-69.85952778,0.320423,1.02E-14,94.89,NAN,0.6,NAN,NAN,49.7,-28.64,-39.832,0.548,EXGAL:LMC,misc,,,,,,,,
147,J0456-69,NAN,NAN,NAN,52038,280.457,-35.334,74.125,-69.16666667,0.117073,NAN,103,NAN,NAN,NAN,NAN,49.7,-28.744,-39.872,1.141,EXGAL:LMC,misc,,,,,,,,
148,J0456-7031,NAN,NAN,NAN,52560,282.049,-34.966,74.01041667,-70.5185,0.800132,3.67E-14,100.3,NAN,NAN,0.05,NAN,49.7,-28.483,-39.831,-0.002,EXGAL:LMC,misc,,,,,,,,
149,J0457+23,NAN,NAN,NAN,56160,178.305,-12.005,74.275,23.56666667,0.5049,NAN,59,NAN,NAN,NAN,NAN,1.517,-0.316,0.044,9.983,NAN,ar327,lotaas,,,,,,,
150,J0457-6337,NAN,NAN,NAN,52465,273.816,-36.701,74.28245833,-63.62511111,2.497012,2.1E-16,27.5,NAN,NAN,0.18,NAN,1.333,-0.797,-1.066,8.429,NAN,misc,,,,,,,,
151,J0457-69,NAN,NAN,NAN,55383,281.143,-35.113,74.25833333,-69.76666667,0.23139,NAN,91,NAN,NAN,NAN,NAN,49.7,-28.587,-39.889,0.643,EXGAL:LMC,misc,,,,,,,,
152,J0458-0505,NAN,NAN,NAN,55178,204.139,-27.348,74.65467083,-5.08475,1.88348,5.3E-16,47.81,NAN,NAN,NAN,NAN,1.938,-0.89,-0.704,10.071,NAN,gb350,,,,,,,,
153,J0458-67,NAN,NAN,NAN,51810,278.67,-35.518,74.74583333,-67.71666667,1.1339,NAN,97,NAN,NAN,NAN,NAN,49.7,-28.873,-39.99,2.402,EXGAL:LMC,misc,,,,,,,,
154,J0459-0210,NAN,NAN,NAN,50845,201.444,-25.678,74.96642205,-2.16850891,1.133076,1.4E-15,21.02,NAN,11,0.6,NAN,0.16,-0.069,-0.053,8.634,NAN,pks70,lotaas,,,,,,,
155,J0501+4516,NAN,NAN,NAN,54750,161.547,1.949,75.27816667,45.27608889,5.762097,5.82E-12,NAN,NAN,NAN,NAN,NAN,2.2,0.075,0.696,10.586,SNR:G160.9+2.6,OPT:[dml+11],misc,,,,,,,
156,J0502+4654,-8,8,NAN,48717,160.363,3.077,75.51900417,46.90169167,0.638565,5.58E-15,41.83,0,10.8,2.5,NAN,1.319,0.071,0.443,9.74,NAN,gb1,gb3,gbncc,,,,,,
157,J0502-6617,NAN,NAN,NAN,48771,276.869,-35.504,75.71054167,-66.29966667,0.691251,2.31E-14,68.9,NAN,1,NAN,NAN,49.7,-28.864,-40.169,3.661,EXGAL:LMC,misc,,,,,,,,
158,J0511-6508,NAN,NAN,NAN,52409,275.25,-34.827,77.98541667,-65.14347222,0.322062,2.06E-16,25.66,NAN,NAN,0.6,NAN,0.818,-0.467,-0.669,8.439,NAN,misc,,,,,,,,
159,J0514-4408,NAN,NAN,NAN,57330,249.515,-35.365,78.71745833,-44.14371667,0.320271,2.04E-15,15.12,NAN,NAN,NAN,NAN,0.966,-0.559,-0.738,8.776,GRS:[brs+19],ghrss,,,,,,,,
160,J0517+2212,NAN,NAN,NAN,53400,182.176,-9.012,79.32144583,22.21441667,0.222367,1.16E-17,18.7,NAN,7,0.46,NAN,0.159,-0.025,-0.006,8.657,NAN,ar4,lotaas,,,,,,,
161,J0518+5125,NAN,NAN,NAN,57829,158.262,7.903,79.6089375,51.43297222,0.912512,1.91E-16,39.24,NAN,NAN,NAN,NAN,1.337,0.184,0.49,9.73,NAN,lotaas,,,,,,,,
162,J0518+5416,NAN,NAN,NAN,56500,155.916,9.557,79.72166526,54.28055748,0.340203,1.68E-15,42.33,NAN,NAN,NAN,NAN,1.434,0.238,0.577,9.791,NAN,gbncc,lotaas,,,,,,,
163,J0519+44,NAN,NAN,NAN,54100,164.464,3.754,79.75,44,0.515,NAN,52,NAN,NAN,NAN,NAN,1.421,0.093,0.38,9.866,NAN,gb350,,,,,,,,
164,J0519-6932,NAN,NAN,NAN,52466,280.287,-33.254,79.9454875,-69.53985556,0.263212,6.97E-16,119.4,NAN,NAN,0.14,NAN,49.7,-27.253,-40.894,1.078,EXGAL:LMC,misc,,,,,,,,
165,J0520-2553,NAN,NAN,NAN,51216,228.434,-30.543,80.15077229,-25.88674819,0.241642,3.01E-17,33.77,NAN,8,0.8,NAN,2.379,-1.209,-1.533,9.859,NAN,pks70,pkshl,,,,,,,
166,J0521-68,NAN,NAN,NAN,51871,279.124,-33.262,80.43333333,-68.58333333,0.433421,NAN,136,NAN,NAN,NAN,NAN,49.7,-27.259,-41.032,1.91,EXGAL:LMC,misc,,,,,,,,
167,J0522-6847,NAN,NAN,NAN,52503,279.348,-33.168,80.59608333,-68.78394444,0.674532,1.77E-14,126.45,NAN,NAN,0.19,NAN,49.7,-27.191,-41.05,1.743,EXGAL:LMC,misc,,,,,,,,
168,J0525+1115,31,-1,NAN,48262,192.695,-13.246,81.48520125,11.2553,0.354438,7.36E-17,79.42,0,19.5,1.7,NAN,1.841,-0.422,-0.394,10.248,NAN,mol2,gb4,lotaas,,,,,,
169,J0525-6607,NAN,NAN,NAN,52153,276.087,-33.246,81.50375,-66.07675,8.047,6.5E-11,NAN,NAN,NAN,NAN,NAN,NAN,0,0,8.5,XRS:SGR_0526-66,SNR:N49(?)[ekl+80],misc,,,,,,,
170,J0528+2200,-20,7,NAN,53100,183.856,-6.896,82.21776667,22.00111111,3.745539,4.01E-14,50.87,0,57,8.9,NAN,1.215,-0.146,-0.081,9.703,NAN,gb1,gb3,gb4,lotaas,,,,,
171,J0529-0715,NAN,NAN,NAN,NAN,210.065,-21.582,82.2873875,-7.25734167,0.689224,5.75E-16,87.3,NAN,NAN,0.12,NAN,7.002,-2.576,-3.262,14.135,NAN,fast_uwb,,,,,,,,
172,J0529-6652,NAN,NAN,NAN,57600,276.975,-32.763,82.46208333,-66.87775,0.975737,1.55E-14,103.2,NAN,NAN,0.3,NAN,49.7,-26.896,-41.484,3.425,EXGAL:LMC,misc,,,,,,,,
173,J0532-6639,NAN,NAN,NAN,52462,276.675,-32.481,83.24795833,-66.66036111,0.642743,5.35E-15,69.3,NAN,NAN,0.08,NAN,49.7,-26.69,-41.641,3.627,EXGAL:LMC,misc,,,,,,,,
174,J0532-69,NAN,NAN,NAN,55420,280.333,-32.163,83.01666667,-69.76666667,1.149196,NAN,124,NAN,NAN,NAN,NAN,49.7,-26.457,-41.391,0.954,EXGAL:LMC,misc,,,,,,,,
175,J0533+0402,NAN,NAN,NAN,57600,200.085,-15.326,83.35761667,4.03325,0.963018,1.6E-16,83.7,0,NAN,0.7,NAN,2.172,-0.574,-0.719,10.467,NAN,gb4,lotaas,,,,,,,
176,J0533-4524,NAN,NAN,NAN,57605.56,251.461,-32.264,83.307875,-45.41394444,0.157285,2.8E-16,18.93,NAN,NAN,NAN,NAN,1.239,-0.661,-0.993,8.833,NAN,misc,,,,,,,,
177,J0533+6759,NAN,NAN,NAN,55877,144.78,18.183,83.47975042,67.98819139,0.004388,1.26E-20,57.37,NAN,NAN,NAN,NAN,2.392,0.746,1.311,10.357,GRS:3FGL_J0534.0+6759[san16],FermiAssoc,,,,,,,,
178,J0534+2200,-14.7,2,NAN,40706,184.558,-5.784,83.63322083,22.01446111,0.033392,4.21E-13,56.77,0,550,14,NAN,2,-0.202,-0.158,10.484,SNR:PWN:Crab[ccl+69],GRS:2FGL_J0534.5+22,misc,ar4,gb4,lotaas,,,,
179,J0534+34,NAN,NAN,NAN,NAN,174.353,0.746,83.625,34.11666667,NAN,NAN,24.5,NAN,NAN,NAN,NAN,0.403,0.005,0.04,8.901,NAN,misc,,,,,,,,
180,J0534-6703,NAN,NAN,NAN,52410,277.129,-32.279,83.65070833,-67.06355556,1.817565,4.25E-13,94.7,NAN,NAN,0.08,NAN,49.7,-26.542,-41.694,3.286,EXGAL:LMC,misc,,,,,,,,
181,J0535-66,NAN,NAN,NAN,51393,276.884,-32.197,83.91666667,-66.86666667,0.210524,NAN,75,NAN,NAN,NAN,NAN,49.7,-26.481,-41.754,3.459,EXGAL:LMC,misc,,,,,,,,
182,J0535-6935,NAN,NAN,NAN,52200,280.076,-31.936,83.75,-69.58333333,0.200511,1.15E-14,93.7,NAN,NAN,0.05,NAN,49.7,-26.29,-41.527,1.121,EXGAL:LMC,misc,,,,,,,,
183,J0536-7543,3,65,NAN,57600,287.161,-30.821,84.12841667,-75.73188889,1.245856,5.78E-16,18.58,NAN,75,8.4,NAN,0.143,-0.073,-0.117,8.464,NAN,mol2,pks70,,,,,,,
184,J0537-69,NAN,NAN,NAN,55420,279.768,-31.73,84.42916667,-69.35,0.112613,NAN,273,NAN,NAN,NAN,NAN,49.7,-26.138,-41.659,1.328,EXGAL:LMC,misc,,,,,,,,
185,J0537-6910,NAN,NAN,NAN,52061.33,279.559,-31.745,84.44756667,-69.17218889,0.016122,5.18E-14,NAN,NAN,NAN,0,NAN,49.7,-26.149,-41.678,1.481,EXGAL:LMC,SNR:N157B,misc,,,,,,,
186,J0538+2817,-23.57,52.87,0.72,52275,179.719,-1.686,84.604405,28.28587806,0.143158,3.67E-15,39.57,NAN,8.2,1.9,NAN,1.3,-0.038,0.006,9.799,SNR:S147[acj+96],ar4,gb4,lotaas,,,,,,
187,J0540+3207,NAN,NAN,NAN,54780,176.719,0.761,85.15465,32.12702778,0.524271,4.48E-16,61.97,NAN,NAN,0.34,NAN,1.421,0.019,0.081,9.919,NAN,palfa,lotaas,,,,,,,
188,J0540-6919,NAN,NAN,NAN,51722,279.717,-31.516,85.046675,-69.33171389,0.05057,4.79E-13,146.5,NAN,0,0.02,NAN,49.7,-25.98,-41.761,1.349,EXGAL:LMC,SNR:0540-693,misc,,,,,,,
189,J0540-7125,NAN,NAN,NAN,49527.17,282.148,-31.236,85.12833333,-71.42538889,1.286015,8.2E-16,29.41,NAN,5,0.3,NAN,0.547,-0.284,-0.457,8.402,NAN,pks70,,,,,,,,
190,J0542-68,NAN,NAN,NAN,51975,278.449,-31.406,85.64583333,-68.26666667,0.425189,NAN,114,NAN,NAN,NAN,NAN,49.7,-25.899,-41.958,2.267,EXGAL:LMC,misc,,,,,,,,
191,J0543+2329,19,12,NAN,55580,184.542,-3.422,85.79583333,23.27780556,0.245984,1.54E-14,77.7,0,29,10.7,NAN,1.565,-0.093,-0.124,10.057,XRS:[pb15],jb1,gb1,ar4,gb4,lotaas,,,,
192,J0543-6851,NAN,NAN,NAN,52410,279.125,-31.235,85.969625,-68.85702778,0.708954,3.94E-15,131,NAN,NAN,0.22,NAN,49.7,-25.772,-41.958,1.76,EXGAL:LMC,misc,,,,,,,,
193,J0544+20,NAN,NAN,NAN,NAN,186.756,-4.495,86.05,20.83333333,NAN,NAN,56.9,NAN,NAN,NAN,NAN,1.283,-0.101,-0.15,9.77,NAN,ar327,,,,,,,,
194,J0545-03,NAN,NAN,NAN,56657,208.094,-16.213,86.25,-3.16666667,1.07393,NAN,67.2,NAN,NAN,NAN,NAN,2.062,-0.576,-0.932,10.247,NAN,gb350,,,,,,,,
195,J0546+2441,NAN,NAN,NAN,52914,183.728,-2.045,86.61983333,24.68916667,2.84385,7.65E-15,73.81,NAN,2.65,NAN,NAN,1.517,-0.054,-0.099,10.013,NAN,ar4,lotaas,,,,,,,
196,J0550+09,NAN,NAN,NAN,57022,197.055,-8.774,87.61666667,9.85,1.745,NAN,86.6,NAN,NAN,NAN,NAN,1.804,-0.275,-0.523,10.204,NAN,ar327,,,,,,,,
197,J0554+3107,NAN,NAN,NAN,55214,179.058,2.697,88.520875,31.12805556,0.464961,1.43E-13,NAN,NAN,NAN,NAN,NAN,NAN,0,0,8.5,SNR:G179.0+2.6(?)[pga+13],GRS:3FGL_J0554,FermiBlind,,,,,,,
198,J0555+3948,NAN,NAN,NAN,56375,171.61,7.192,88.75,39.8,1.146906,NAN,37,NAN,NAN,NAN,NAN,1.09,0.136,0.158,9.57,NAN,htru_eff,lotaas,,,,,,,
199,J0555-7056,NAN,NAN,NAN,52408,281.46,-30.119,88.75770833,-70.946,0.827838,5.96E-15,73.4,NAN,NAN,0.21,NAN,49.7,-24.939,-42.133,-0.042,EXGAL:LMC,misc,,,,,,,,
200,J0557-2948,NAN,NAN,NAN,57381,235.47,-23.989,89.38749792,-29.80466778,0.043643,7.3E-20,49.05,NAN,NAN,NAN,NAN,4.272,-1.737,-3.215,10.712,NAN,gbncc,,,,,,,,
201,J0600-5756,NAN,NAN,NAN,43557.36,266.492,-29.343,90.19375,-57.94833333,2.261365,2.78E-15,30,NAN,2.1,NAN,NAN,0.553,-0.271,-0.481,8.529,NAN,mol2,pks70,,,,,,,
202,J0601-0527,-7.36,-15.24,0.48,49379,212.199,-13.481,90.49573,-5.46413083,0.395969,1.3E-15,80.54,0,22.7,2.6,NAN,2.083,-0.486,-1.08,10.214,NAN,mol2,pks70,,,,,,,
203,J0608+00,NAN,NAN,NAN,56033,207.445,-9.171,92.20416667,0.65,1.0762,NAN,48,NAN,NAN,NAN,NAN,1.295,-0.206,-0.589,9.635,NAN,ar327,lotaas,,,,,,,
204,J0609+16,NAN,NAN,NAN,NAN,193.424,-1.504,92.30416667,16.56666667,0.9458,NAN,84,NAN,NAN,NAN,NAN,1.629,-0.043,-0.378,10.084,NAN,misc,,,,,,,,
205,J0609+2130,NAN,NAN,NAN,52758,189.192,1.04,92.49535875,21.50078889,0.055698,2.35E-19,38.73,NAN,0.8,NAN,NAN,0.574,0.01,-0.092,9.067,NAN,ar4,lotaas,,,,,,,
206,J0611+04,NAN,NAN,NAN,57022,204.655,-7.012,92.825,4.1,1.67443,NAN,69.9,NAN,NAN,NAN,NAN,1.662,-0.203,-0.688,9.999,NAN,ar327,,,,,,,,
207,J0611+1436,NAN,NAN,NAN,55818,195.378,-2.004,92.82770417,14.61444444,0.270329,4E-15,45.7,NAN,NAN,1.1,NAN,0.89,-0.031,-0.236,9.358,NAN,palfa,,,,,,,,
208,J0611+30,NAN,NAN,NAN,49717,181.624,5.496,92.81666667,30.26666667,1.41209,NAN,45.26,NAN,1.4,NAN,NAN,1.08,0.103,-0.03,9.575,NAN,misc,lotaas,,,,,,,
209,J0612+3721,5.113,4.884,NAN,49679,175.45,9.093,93.20286134,37.36037689,0.297982,5.95E-17,27.15,0,16,4,NAN,0.535,0.085,0.042,9.027,NAN,gb3,lotaas,,,,,,,
210,J0612+37216,NAN,NAN,NAN,56500,175.442,9.08,93.18375562,37.36117381,0.443871,1.5E-16,39.27,NAN,NAN,NAN,NAN,1.083,0.171,0.085,9.566,NAN,gbncc,lotaas,,,,,,,
211,J0613+3731,NAN,NAN,NAN,56000,175.336,9.239,93.300625,37.52730556,0.619198,3.24E-15,18.99,NAN,1.6,0.13,NAN,0.186,0.03,0.015,8.683,NAN,misc,lotaas,,,,,,,
212,J0614+2229,-0.24,-1.25,0.28,49674,188.795,2.394,93.5708575,22.49912444,0.33496,5.94E-14,96.91,0,29,3.3,NAN,3.571,0.149,-0.546,12.026,NAN,jb1,gb1,gb3,gb4,lotaas,,,,
213,J0614+83,NAN,NAN,NAN,56292,130.353,25.833,93.5,83.23333333,1.039203,NAN,44,NAN,1.9,NAN,NAN,3.662,1.596,2.512,10.634,NAN,gbncc,,,,,,,,
214,J0621+0336,NAN,NAN,NAN,54236,206.246,-5.058,95.29675417,3.61264444,0.269954,7.24E-18,72.59,NAN,NAN,1,NAN,1.702,-0.15,-0.75,10.021,NAN,pkspa,lotaas,,,,,,,
215,J0621-55,NAN,NAN,NAN,NAN,264.804,-26.411,95.175,-56.08333333,NAN,NAN,22,NAN,NAN,NAN,NAN,0.38,-0.169,-0.339,8.531,NAN,pks_superb,,,,,,,,
216,J0622+3749,NAN,NAN,NAN,55225,175.877,10.958,95.54379167,37.82044444,0.333208,2.54E-14,NAN,NAN,NAN,NAN,NAN,NAN,0,0,8.5,GRS:2FGL_J0621.9+3750,FermiBlind,,,,,,,,
217,J0623+0340,NAN,NAN,NAN,54666,206.497,-4.459,95.94482917,3.66855556,0.61376,8.84E-17,54,NAN,NAN,0.27,NAN,1.375,-0.107,-0.612,9.727,NAN,pkspa,,,,,,,,
218,J0624-0424,NAN,NAN,NAN,49876,213.792,-8.036,96.08345088,-4.41401459,1.039076,8.3E-16,70.83,0,4.9,1.4,NAN,1.938,-0.271,-1.067,10.095,NAN,mol2,gb2,pks70,lotaas,,,,,
219,J0625+10,NAN,NAN,NAN,49717,200.878,-0.956,96.4375,10.26666667,0.498397,NAN,78,NAN,NAN,0.09,NAN,1.637,-0.027,-0.583,10.029,NAN,ar4,palfa,,,,,,,
220,J0627+0649,NAN,NAN,NAN,54466,204.166,-2.085,96.9734525,6.83170278,0.346523,1.7E-15,86.6,NAN,NAN,1.89,NAN,1.794,-0.065,-0.734,10.136,NAN,pkspa,ar327,,,,,,,
221,J0627+0706,NAN,NAN,NAN,57600,203.902,-1.991,96.93405,7.10916667,0.475885,2.98E-14,138.25,NAN,6,1.39,NAN,2.289,-0.08,-0.927,10.591,NAN,ar4,pkspa,lotaas,,,,,,
222,J0627+16,NAN,NAN,NAN,54466,195.793,2.124,96.80416667,16.2,2.18,NAN,113,NAN,NAN,NAN,NAN,1.932,0.072,-0.525,10.358,NAN,palfa,,,,,,,,
223,J0628+0909,NAN,NAN,NAN,54990,202.19,-0.851,97.1507625,9.15386111,1.241421,5.48E-16,88.3,NAN,NAN,0.06,NAN,1.771,-0.026,-0.669,10.14,NAN,palfa,,,,,,,,
224,J0629+2415,3.56,-4.68,0.32,49438,188.817,6.223,97.27386375,24.26154056,0.476623,2E-15,84.18,0,31,3.2,NAN,3.125,0.339,-0.476,11.57,NAN,gb1,gb3,gb4,lotaas,,,,,
225,J0630-0046,NAN,NAN,NAN,54355,211.22,-5.02,97.61231667,-0.76829167,0.680575,3.75E-15,97.3,NAN,NAN,0.41,NAN,2.103,-0.184,-1.086,10.292,NAN,pkspa,,,,,,,,
226,J0630+19,NAN,NAN,NAN,57022,193.071,4.303,97.51666667,19.61666667,1.24855,NAN,48.1,NAN,NAN,NAN,NAN,0.982,0.074,-0.221,9.454,NAN,ar327,,,,,,,,
227,J0630-2834,-46.3,21.26,3.01,54100,236.952,-16.758,97.70585164,-28.57854967,1.244419,7.12E-15,34.42,0,206,31.9,NAN,0.32,-0.092,-0.257,8.667,XRS:RX_J0630.8-2834[bjk+05],mol1,mol2,pks70,pkshl,,,,,
228,J0631+0646,NAN,NAN,NAN,55806,204.678,-1.238,97.96825,6.77061111,0.110979,3.62E-15,195.2,NAN,NAN,NAN,NAN,4.583,-0.099,-1.913,12.663,GRS:3FGL_J0631.6+0644[aaa+15],FermiBlind,,,,,,,,
229,J0631+1036,NAN,NAN,NAN,53850,201.219,0.45,97.86468333,10.61736111,0.2878,1.05E-13,125.36,NAN,1.5,0.9,NAN,2.105,0.017,-0.762,10.462,GRS:2FGL_J0631.5+1035[naa+12],misc,ar4,palfa,,,,,,
230,J0633+0632,NAN,NAN,NAN,54945,205.093,-0.932,98.43420833,6.54302778,0.297395,7.96E-14,NAN,NAN,NAN,NAN,NAN,1.355,-0.022,-0.575,9.727,GRS:2FGL_J0633.7+0633[naa+12],XRS:Swift_,FermiBlind,,,,,,,
231,J0633+1746,138,97,6.4,49793,195.134,4.266,98.4756375,17.7702525,0.237099,1.1E-14,2.89,NAN,NAN,NAN,NAN,0.19,0.014,-0.049,8.683,GRS:2CG195+04(Geminga),GRS:2FGL_J0633.9+,misc,,,,,,,
232,J0633-2015,NAN,NAN,NAN,53389,229.26,-12.968,98.28691667,-20.25197222,3.253211,3.82E-15,90.7,NAN,NAN,0.2,NAN,3.676,-0.825,-2.714,10.838,NAN,pkshl,,,,,,,,
233,J0635+0533,NAN,NAN,NAN,50744,206.151,-1.043,98.825,5.55305556,0.033856,NAN,NAN,NAN,NAN,NAN,NAN,NAN,0,0,8.5,OPT:Be-star,misc,,,,,,,,
234,J0636-3044,NAN,NAN,NAN,55738,239.683,-16.344,99.2875,-30.845,0.003946,NAN,16,NAN,NAN,NAN,NAN,0.715,-0.201,-0.592,8.846,NAN,htru_pks,,,,,,,,
235,J0636-4549,NAN,NAN,NAN,52700,254.547,-21.547,99.1406,-45.82572778,1.984597,3.17E-15,26.31,NAN,NAN,0.1,NAN,0.383,-0.141,-0.343,8.595,NAN,pkshl,,,,,,,,
236,J0641+07,NAN,NAN,NAN,NAN,204.882,1.252,100.29166667,7.73333333,NAN,NAN,52,NAN,NAN,NAN,NAN,1.257,0.027,-0.529,9.64,NAN,misc,,,,,,,,
237,J0645+5158,1.525,-7.418,0.8,56534,163.963,20.251,101.49617575,51.97081077,0.008853,4.92E-21,18.25,NAN,2.4,0.29,NAN,1.25,0.433,0.324,9.627,XRS:[ska+16],gbncc,lotaas,,,,,,,
238,J0645+80,NAN,NAN,NAN,56292,133.945,26.465,101.5,80.15,0.657873,NAN,50,NAN,5.5,NAN,NAN,5.249,2.339,3.383,11.761,NAN,gbncc,lotaas,,,,,,,
239,J0646+0905,NAN,NAN,NAN,57600,204.271,3.051,101.62927083,9.09711111,0.903913,7.36E-16,149,NAN,NAN,3.6,NAN,2.525,0.134,-1.036,10.799,NAN,pkspa,,,,,,,,
240,J0647+0913,NAN,NAN,NAN,54195,204.233,3.277,101.81533333,9.23319444,1.234854,6.42E-15,154.7,NAN,NAN,0.18,NAN,2.666,0.152,-1.092,10.927,NAN,pkspa,,,,,,,,
241,J0652-0142,NAN,NAN,NAN,54031,214.538,-0.613,103.046275,-1.70841667,0.924054,1.52E-16,116.3,NAN,NAN,0.41,NAN,2.318,-0.025,-1.314,10.409,NAN,pkspa,,,,,,,,
242,J0653+8051,19,-1,NAN,48712,133.178,26.828,103.312875,80.86672778,1.214441,3.8E-15,33.32,NAN,6.5,0.4,NAN,2.348,1.06,1.528,9.934,NAN,gb1,gbncc,lotaas,,,,,,
243,J0656-2228,NAN,NAN,NAN,52850,233.655,-8.982,104.1258625,-22.47376389,1.224754,2.67E-17,32.39,NAN,NAN,3,NAN,1.623,-0.253,-1.291,9.45,NAN,pkshl,,,,,,,,
244,J0656-5449,NAN,NAN,NAN,53000,264.795,-21.141,104.204125,-54.82081111,0.183157,3.19E-17,67.5,NAN,NAN,0.4,NAN,0.372,-0.134,-0.346,8.531,NAN,pkssw,,,,,,,,
245,J0658+0022,NAN,NAN,NAN,54322,213.374,1.688,104.56337083,0.37647222,0.563295,9.15E-15,122,NAN,NAN,0.13,NAN,2.364,0.07,-1.3,10.473,NAN,pkspa,,,,,,,,
246,J0659+1414,44.07,-2.4,3.47,57600,201.108,8.258,104.95081667,14.23872222,0.384929,5.49E-14,13.94,0,6.5,2.7,NAN,0.288,0.041,-0.103,8.766,SNR:Monogem_Ring[tbb+03],GRS:2FGL_J0659.,mol2,lotaas,,,,,,
247,J0702-4956,NAN,NAN,NAN,57086,260.19,-18.723,105.66375,-49.94283333,0.665994,NAN,98.7,NAN,NAN,NAN,NAN,0.538,-0.173,-0.502,8.587,NAN,ghrss,,,,,,,,
248,J0709-5923,NAN,NAN,NAN,53000,270.029,-20.899,107.38555417,-59.39877778,0.485268,1.26E-16,65,NAN,NAN,0.3,NAN,0.371,-0.132,-0.347,8.5,NAN,pkssw,,,,,,,,
249,J0711+0931,NAN,NAN,NAN,51199.5,206.674,8.776,107.90075,9.52361111,1.21409,4E-16,46.24,NAN,2.4,0.04,NAN,1.168,0.178,-0.518,9.531,NAN,misc,,,,,,,,
250,J0711-6830,-15.57,14.24,NAN,54500,279.531,-23.28,107.97578798,-68.51317068,0.005491,1.49E-20,18.41,NAN,10,3.7,NAN,0.106,-0.042,-0.096,8.484,NAN,pks70,pkssw,,,,,,,
251,J0719-2545,NAN,NAN,NAN,53000,238.934,-5.826,109.78075,-25.75006389,0.974725,7.28E-15,253.89,NAN,NAN,0.8,NAN,9.81,-0.996,-8.36,13.536,NAN,pkshl,,,,,,,,
252,J0720-3125,-93.9,52.8,2.8,52645.1,244.158,-8.165,110.10400833,-31.43057861,8.391116,6.98E-14,NAN,NAN,NAN,NAN,NAN,0.4,-0.057,-0.356,8.673,XRS:RX_J0720.4-3125,OPT:[kva07],misc,,,,,,,
253,J0725-1635,NAN,NAN,NAN,50884,231.473,-0.33,111.25168397,-16.59605977,0.424311,9.26E-17,98.98,NAN,4,0.33,NAN,2.778,-0.016,-2.173,10.23,NAN,pks70,pksmb,,,,,,,
254,J0726-2612,NAN,NAN,NAN,52950,240.079,-4.644,111.53383333,-26.21058333,3.442308,2.93E-13,69.4,NAN,NAN,0.2,NAN,2.9,-0.235,-2.505,9.942,XRS:1RXS_J072559.8-261229[skk11],pkshl,,,,,,,,
255,J0729-1448,NAN,NAN,NAN,51367,230.392,1.424,112.31854167,-14.81022222,0.251659,1.13E-13,91.7,NAN,NAN,0.83,NAN,2.679,0.067,-2.063,10.207,NAN,pksmb,,,,,,,,
256,J0729-1836,-13.06,13.27,0.5,49720,233.76,-0.341,112.38473708,-18.61173444,0.51016,1.9E-14,61.29,NAN,11.2,1.9,NAN,2,-0.012,-1.613,9.682,GRS:[sbc+19],mol2,pks70,pksmb,pkshl,,,,,
257,J0733-2345,NAN,NAN,NAN,53014,238.713,-2.03,113.3525,-23.76561111,1.79625,5.7E-15,194,NAN,NAN,0.07,NAN,4.184,-0.148,-3.573,10.671,NAN,pksmb,,,,,,,,
258,J0734-1559,NAN,NAN,NAN,55000,231.969,1.858,113.5,-15.98333333,0.15625,1.22E-14,NAN,NAN,NAN,NAN,NAN,NAN,0,0,8.5,GRS:3FGL_J0734.7-1558[aaa+15],FermiBlind,,,,,,,,
259,J0736-6304,NAN,NAN,NAN,56212,274.881,-19.153,114.083375,-63.07111111,4.862874,1.52E-13,19.4,NAN,NAN,NAN,NAN,0.104,-0.034,-0.098,8.492,NAN,pkssw,,,,,,,,
260,J0737-2202,NAN,NAN,NAN,51581,237.685,-0.318,114.43362917,-22.03481111,0.320366,5.47E-15,95.7,NAN,NAN,0.47,NAN,3.06,-0.017,-2.586,10.136,NAN,pksmb,,,,,,,,
261,J0738-4042,-14,13,NAN,57600,254.193,-9.192,114.634425,-40.71095,0.374921,1.38E-15,160.9,0,190,99,NAN,1.6,-0.256,-1.52,8.93,NAN,mol1,mol2,pks70,pkshl,htru_pks,,,,
262,J0738+6904,NAN,NAN,NAN,56425,146.593,29.377,114.59419042,69.07223006,6.827693,2.7E-14,17.22,NAN,NAN,NAN,NAN,1.124,0.551,0.539,9.318,NAN,gbncc,,,,,,,,
263,J0740+41,NAN,NAN,NAN,56292,178.179,26.329,115.25,41.06666667,0.003139,NAN,20.83,NAN,5.8,NAN,NAN,0.51,0.226,0.015,8.957,NAN,gbncc,,,,,,,,
264,J0742-2822,-29,4,NAN,49326,243.773,-2.444,115.70440833,-28.37882222,0.166762,1.68E-14,73.73,0,296,26,NAN,2,-0.085,-1.792,9.383,GRS:2FGL_J0742.4-2821[naa+12],misc,mol2,pks70,pksmb,pkshl,htru_pk,,,
265,J0742+4334,NAN,NAN,NAN,57998,175.536,27.214,115.67554167,43.56727778,0.606191,3.71E-16,36.26,NAN,NAN,NAN,NAN,1.61,0.736,0.111,9.927,NAN,lotaas,,,,,,,,
266,J0745-5353,-60,50,NAN,55129,266.66,-14.283,116.26866667,-53.88598889,0.214839,2.19E-15,121.38,0,23,5,NAN,0.565,-0.139,-0.547,8.532,NAN,mol2,pks70,pkssw,htru_pks,ghrss,,,,
267,J0746-4529,NAN,NAN,NAN,52950,259.203,-10.103,116.74799167,-45.49073611,2.791025,1.67E-14,134.57,NAN,NAN,0.2,NAN,0.81,-0.142,-0.783,8.649,NAN,pkshl,,,,,,,,
268,J0747+6646,NAN,NAN,NAN,56500,149.218,30.283,116.91536403,66.78243486,0.407701,6.78E-16,27.58,NAN,NAN,NAN,NAN,1.865,0.94,0.824,9.884,NAN,gbncc,,,,,,,,
269,J0749-4247,NAN,NAN,NAN,49014,257.066,-8.349,117.45697917,-42.79503889,1.095452,9.77E-16,104.59,0,8,0.5,NAN,0.56,-0.081,-0.54,8.624,NAN,pks70,pkshl,htru_pks,,,,,,
270,J0750+57,NAN,NAN,NAN,56292,160.557,30.327,117.5,57,1.174875,NAN,27,NAN,2.9,NAN,NAN,1.624,0.82,0.467,9.822,NAN,gbncc,lotaas,,,,,,,
271,J0750-6846,NAN,NAN,NAN,57388,281.031,-20.014,117.70833333,-68.74083333,0.915171,NAN,26,NAN,NAN,4.1,NAN,0.106,-0.036,-0.098,8.481,NAN,pks_superb,,,,,,,,
272,J0753-0816,NAN,NAN,NAN,56316,227.607,9.771,118.3875,-8.32638889,2.09362,NAN,38,NAN,NAN,NAN,NAN,1.718,0.292,-1.25,9.641,NAN,htru_pks,,,,,,,,
273,J0754+3231,-4,7,NAN,48725,188.187,26.721,118.66953333,32.53227778,1.442349,1.08E-15,39.99,0,8,0.6,NAN,1.464,0.658,-0.186,9.794,NAN,gb1,ar4,lotaas,,,,,,
274,J0758-1528,-10,12,NAN,49896,234.464,7.224,119.62112833,-15.46909389,0.682265,1.62E-15,63.33,NAN,8.2,2.6,NAN,2.71,0.341,-2.188,10.063,NAN,mol2,gb3,pks70,pkshl,,,,,
275,J0802-09,NAN,NAN,NAN,NAN,230.065,10.786,120.5,-9.91666667,0.571256,NAN,21.3,NAN,NAN,NAN,NAN,0.828,0.155,-0.624,9.022,NAN,misc,,,,,,,,
276,J0803-0942,NAN,NAN,NAN,NAN,230.07,11.196,120.86186667,-9.71411389,0.571257,1.16E-15,21.1,NAN,NAN,0.1,NAN,0.818,0.159,-0.615,9.015,NAN,fast_uwb,,,,,,,,
277,J0803+34,NAN,NAN,NAN,NAN,186.778,28.89,120.77083333,34.31666667,NAN,NAN,34,NAN,NAN,NAN,NAN,1.305,0.63,-0.135,9.635,NAN,misc,,,,,,,,
278,J0804-3647,NAN,NAN,NAN,54987,253.331,-2.872,121.0925,-36.79319444,2.191987,4.21E-15,196,NAN,NAN,0.29,NAN,3.355,-0.168,-3.21,9.461,NAN,pkspa,,,,,,,,
279,J0806+08,NAN,NAN,NAN,56477,213.92,20.334,121.52083333,8.28333333,2.0631,NAN,46,NAN,NAN,NAN,NAN,1.848,0.642,-0.967,9.938,NAN,ar327,,,,,,,,
280,J0806-4123,NAN,NAN,NAN,54771.32,257.426,-4.983,121.5975,-41.37525,11.370386,5.56E-14,NAN,NAN,NAN,NAN,NAN,NAN,0,0,8.5,XRS:RX_J0806.4-4123[hmp98],OPT:[kkvh11],misc,,,,,,,
281,J0807-5421,NAN,NAN,NAN,55333,268.727,-11.594,121.94660417,-54.35735,0.526644,3.78E-16,165.03,NAN,NAN,0.4,NAN,0.887,-0.178,-0.869,8.519,NAN,htru_pks,,,,,,,,
282,J0808-3937,NAN,NAN,NAN,54881,256.134,-3.759,122.04845833,-39.63136111,0.866349,4.01E-16,165,NAN,NAN,0.21,NAN,2.602,-0.171,-2.521,9.122,NAN,pkspa,,,,,,,,
283,J0809-4753,-19,15,NAN,57600,263.301,-7.957,122.43264583,-47.89852778,0.547202,3.08E-15,228.3,0,46,2.6,NAN,6.488,-0.898,-6.382,9.25,NAN,mol2,pks70,pkssw,htru_pks,ghrss,,,,
284,J0811+37,NAN,NAN,NAN,NAN,183.676,31.217,122.8,37.46666667,1.2483,NAN,16.95,NAN,NAN,NAN,NAN,0.355,0.184,-0.019,8.803,NAN,misc,lotaas,,,,,,,
285,J0812-3905,NAN,NAN,NAN,55083,256.111,-2.811,123.061675,-39.09692222,0.482596,4.49E-17,327,NAN,NAN,0.38,NAN,5.829,-0.286,-5.652,9.897,NAN,pkspa,,,,,,,,
286,J0813+22,NAN,NAN,NAN,NAN,200.909,27.48,123.475,22.01666667,0.5314,NAN,52.29,NAN,NAN,NAN,NAN,2.449,1.13,-0.775,10.53,NAN,lotaas,,,,,,,,
287,J0814+7429,24.02,-44,2.31,49162,139.998,31.618,123.74791667,74.48491667,1.292241,1.68E-16,5.75,0,79,10,NAN,0.432,0.226,0.236,8.782,NAN,gb1,gb2,gb4,gbncc,lotaas,,,,
288,J0815+0939,NAN,NAN,NAN,52854,213.626,22.95,123.78656667,9.66408333,0.645161,1.39E-16,52.66,NAN,3.7,NAN,NAN,2.491,0.971,-1.27,10.41,NAN,ar4,,,,,,,,
289,J0815+4611,NAN,NAN,NAN,57662,173.626,33.453,123.99775958,46.19812222,0.434242,3.9E-18,11.27,NAN,2.5,NAN,NAN,0.358,0.197,0.033,8.797,NAN,lotaas,,,,,,,,
290,J0818-3049,NAN,NAN,NAN,55903,249.983,2.908,124.70541667,-30.82527778,0.763742,5.8E-16,133.7,NAN,NAN,0.33,NAN,0.434,0.022,-0.407,8.648,NAN,pkspa,,,,,,,,
291,J0818-3232,NAN,NAN,NAN,52500,251.358,1.875,124.6080625,-32.54181389,2.161259,7.53E-16,131.8,NAN,NAN,1.4,NAN,0.484,0.016,-0.458,8.655,NAN,pkshl,htru_pks,,,,,,,
292,J0820-1350,21.64,-39.44,0.51,52275,235.89,12.595,125.10992375,-13.84884972,1.23813,2.11E-15,40.94,0,102,6,NAN,1.9,0.414,-1.535,9.54,NAN,mol1,mol2,gb3,pks70,pkshl,,,,
293,J0820-3826,NAN,NAN,NAN,55583,256.523,-1.032,125.24970417,-38.44525,0.124837,2.44E-15,195.56,NAN,NAN,0.49,NAN,4.086,-0.074,-3.973,9.452,NAN,pkspa,,,,,,,,
294,J0820-3921,NAN,NAN,NAN,52700,257.261,-1.583,125.204625,-39.36547222,1.073567,1.22E-14,179.4,NAN,NAN,0.4,NAN,3.576,-0.099,-3.487,9.288,NAN,pkshl,htru_pks,,,,,,,
295,J0820-4114,NAN,NAN,NAN,57600,258.749,-2.734,125.06441667,-41.24311111,0.545446,1.98E-17,113.4,0,65,5,NAN,0.571,-0.027,-0.559,8.611,NAN,mol2,pks70,pksmb,pkshl,htru_pks,,,,
296,J0821-4221,NAN,NAN,NAN,52950,259.825,-3.137,125.43598333,-42.35707222,0.396728,3.48E-15,270.6,NAN,NAN,0.8,NAN,5.802,-0.318,-5.702,9.523,NAN,pkshl,htru_pks,,,,,,,
297,J0821-4300,-54.1,-28.1,NAN,53454,260.382,-3.473,125.48902208,-43.00474278,0.112799,9.28E-18,NAN,NAN,NAN,NAN,NAN,2.2,-0.133,-2.165,8.867,SNR:PUPPIS_A,XRS:RX_J0822-4300,misc,,,,,,,
298,J0826+2637,63,-96.75,2.01,46450,196.964,31.743,126.71461167,26.6225825,0.530661,1.71E-15,19.48,0,73,10,NAN,0.498,0.262,-0.123,8.905,NAN,gb1,ar4,gb4,lotaas,,,,,
299,J0827+53,NAN,NAN,NAN,NAN,165.47,35.647,126.95,53,0.0135,NAN,23.1,NAN,NAN,NAN,NAN,1.571,0.916,0.32,9.736,NAN,lotaas,,,,,,,,
300,J0828-3417,NAN,NAN,NAN,48132,253.965,2.561,127.06927293,-34.28529102,1.848919,9.96E-16,52.2,NAN,16,0.25,NAN,0.354,0.016,-0.34,8.598,NAN,mol2,pks70,pksmb,pkshl,,,,,
301,J0831-4406,NAN,NAN,NAN,51396,262.285,-2.694,127.885125,-44.10330556,0.311674,1.28E-15,254,NAN,NAN,0.43,NAN,5.883,-0.276,-5.823,9.289,NAN,pksmb,htru_pks,,,,,,,
302,J0834-4159,NAN,NAN,NAN,55308,260.886,-1.036,128.57419583,-41.99333056,0.121118,4.28E-15,240.5,NAN,NAN,0.28,NAN,5.508,-0.1,-5.438,9.372,NAN,pksmb,htru_pks,,,,,,,
303,J0834-60,NAN,NAN,NAN,51401.1,276.075,-11.924,128.70833333,-60.58333333,0.384645,NAN,20,NAN,NAN,NAN,NAN,0.095,-0.02,-0.092,8.49,NAN,pkssw,,,,,,,,
304,J0835-3707,NAN,NAN,NAN,51137,257.076,1.99,128.76283333,-37.13097222,0.541404,9.78E-15,112.3,NAN,NAN,0.28,NAN,0.555,0.019,-0.541,8.624,NAN,pksmb,pkshl,htru_pks,,,,,,
305,J0835-4510,-49.68,29.9,3.5,51544,263.552,-2.787,128.83588121,-45.17635419,0.089328,1.25E-13,67.97,0,5000,1050,NAN,0.28,-0.014,-0.278,8.531,SNR:Vela,GRS:2FGL_J0835.3-4510[naa+12],G,mol1,mol2,pks70,pksmb,htru_pks,,
306,J0836-4233,NAN,NAN,NAN,56290,261.537,-1.107,129.024375,-42.55691667,0.738436,1.32E-15,180,NAN,NAN,0.13,NAN,3.609,-0.07,-3.569,9.031,NAN,htru_pks,,,,,,,,
307,J0837+0610,2,51,NAN,48721,219.721,26.272,129.27350833,6.17071111,1.273768,6.8E-15,12.86,0,89,5,NAN,0.19,0.084,-0.109,8.631,NAN,misc,mol2,gb2,gb4,lotaas,,,,
308,J0837-24,NAN,NAN,NAN,NAN,247.453,9.799,129.43333333,-24.79666667,NAN,NAN,142.8,NAN,NAN,NAN,NAN,25,4.255,-22.752,17.946,NAN,htru_pks,,,,,,,,
309,J0837-4135,11,-13,NAN,57600,260.904,-0.336,129.33830958,-41.58737861,0.751625,3.54E-15,147.29,0,197,35,NAN,1.5,-0.009,-1.481,8.737,NAN,mol1,mol2,pks70,pksmb,pkshl,htru_pk,,,
310,J0838-2621,NAN,NAN,NAN,53200,248.807,8.981,129.5783375,-26.35820833,0.308581,3.9E-17,116.9,NAN,NAN,0.5,NAN,4.102,0.64,-3.778,9.965,NAN,pkshl,htru_pks,,,,,,,
311,J0838-3947,NAN,NAN,NAN,51162,259.606,0.928,129.62833333,-39.78944444,1.703946,8.13E-16,219,NAN,NAN,0.11,NAN,5.095,0.083,-5.011,9.419,NAN,pksmb,,,,,,,,
312,J0839-66,NAN,NAN,NAN,56012,281.441,-14.927,129.90416667,-66.58111111,0.449339,NAN,83,NAN,NAN,NAN,NAN,0.448,-0.115,-0.424,8.414,NAN,htru_pks,,,,,,,,
313,J0840-5332,NAN,NAN,NAN,57600,270.774,-7.143,130.140525,-53.54331944,0.720614,1.64E-15,156.5,0,19,1.7,NAN,0.566,-0.07,-0.562,8.492,NAN,mol2,pks70,pkssw,htru_pks,ghrss,,,,
314,J0842-4851,NAN,NAN,NAN,57600,267.182,-4.101,130.52268458,-48.85572222,0.644354,9.56E-15,196.85,0,6.2,1.1,NAN,3.103,-0.222,-3.091,8.652,NAN,mol2,pks70,pksmb,htru_pks,ghrss,,,,
315,J0843+0719,NAN,NAN,NAN,52892,219.4,28.223,130.89091667,7.31327778,1.36586,NAN,36.6,NAN,NAN,NAN,NAN,2.068,0.978,-1.157,9.908,NAN,pkshl,,,,,,,,
316,J0843-5022,NAN,NAN,NAN,51500,268.496,-4.898,130.79118333,-50.37863889,0.208956,1.72E-16,178.47,NAN,NAN,0.7,NAN,1.573,-0.134,-1.567,8.541,NAN,pkssw,pksmb,htru_pks,ghrss,,,,,
317,J0846-3533,93,-15,NAN,57600,257.19,4.71,131.52516667,-35.56144444,1.116098,1.6E-15,94.16,0,16,5,NAN,0.535,0.044,-0.52,8.618,NAN,mol2,pks70,pkshl,pksmb,htru_pks,,,,
318,J0847-4316,NAN,NAN,NAN,53816,263.444,0.158,131.988875,-43.28244444,5.977493,1.2E-13,292.5,NAN,NAN,NAN,NAN,6.547,0.018,-6.504,9.247,NAN,pksmb,,,,,,,,
319,J0848+16,NAN,NAN,NAN,55673,210.06,33.305,132.22083333,16.71666667,0.4524,NAN,38,NAN,NAN,NAN,NAN,2.283,1.254,-0.956,10.151,NAN,ar327,,,,,,,,
320,J0849-6322,NAN,NAN,NAN,51500,279.433,-12.171,132.42745833,-63.37638889,0.367953,7.91E-16,91.29,NAN,NAN,1,NAN,0.383,-0.081,-0.369,8.439,NAN,pkssw,htru_pks,,,,,,,
321,J0849+8028,NAN,NAN,NAN,49993,132.654,31.462,132.25628211,80.4830896,1.602228,4.46E-16,34.81,NAN,1.5,NAN,NAN,3.304,1.724,2.073,10.41,NAN,gb2,gbncc,lotaas,,,,,,
322,J0855-3331,NAN,NAN,NAN,49886,256.847,7.517,133.91005628,-33.52758448,1.267536,6.32E-15,86.64,0,7.7,0.6,NAN,0.503,0.066,-0.486,8.613,NAN,mol2,pks70,pkshl,htru_pks,,,,,
323,J0855-4644,NAN,NAN,NAN,51368,266.967,-1.004,133.90075,-46.73705556,0.064686,7.26E-15,236.4,NAN,NAN,0.28,NAN,5.638,-0.099,-5.629,8.798,SNR:RX_J0852.0-4622(?)[rm05],pksmb,htru_pks,,,,,,,
324,J0855-4658,NAN,NAN,NAN,51395,267.116,-1.193,133.83154167,-46.97294444,0.575072,1.36E-14,472.7,NAN,NAN,0.23,NAN,13.74,-0.286,-13.72,9.191,NAN,pksmb,htru_pks,,,,,,,
325,J0856-6137,NAN,NAN,NAN,57600,278.575,-10.427,134.24695833,-61.63130833,0.962511,1.68E-15,95,NAN,11,3.3,NAN,0.37,-0.067,-0.36,8.446,NAN,mol2,pks70,pkssw,htru_pks,,,,,
326,J0857+3349,NAN,NAN,NAN,57876,190.141,39.736,134.27945833,33.82138889,0.242961,2.4E-16,24,NAN,0.4,NAN,NAN,1.567,1.002,-0.212,9.686,NAN,lotaas,,,,,,,,
327,J0857-4424,NAN,NAN,NAN,55335,265.457,0.822,134.48263333,-44.40295833,0.326786,2.09E-14,184.43,0,12,0.98,NAN,2.833,0.041,-2.824,8.724,NAN,pks70,pksmb,htru_pks,,,,,,
328,J0901-4624,NAN,NAN,NAN,51031,267.404,-0.004,135.41716667,-46.41347222,0.441995,8.75E-14,199.3,NAN,NAN,0.51,NAN,3.032,0,-3.029,8.637,NAN,pksmb,,,,,,,,
329,J0902-6325,NAN,NAN,NAN,43557.5,280.39,-11.082,135.635,-63.42,0.660313,1.07E-16,76,NAN,4.5,1.7,NAN,0.358,-0.069,-0.346,8.437,NAN,mol2,pkssw,htru_pks,,,,,,
330,J0904-4246,NAN,NAN,NAN,57600,265.074,2.859,136.24617917,-42.77038889,0.965173,1.88E-15,145.8,0,8,0.6,NAN,0.675,0.034,-0.672,8.558,NAN,mol2,pks70,pksmb,,,,,,
331,J0904-7459,NAN,NAN,NAN,57600,289.738,-18.32,136.043625,-74.99491667,0.549554,4.61E-16,51.1,NAN,11,2,NAN,1.048,-0.329,-0.936,8.164,NAN,mol2,pks70,,,,,,,
332,J0905-4536,NAN,NAN,NAN,48818,267.239,1.011,136.34958333,-45.61472222,0.988281,1.49E-16,179.7,0,13,1.1,NAN,1.963,0.035,-1.96,8.595,NAN,pks70,pksmb,htru_pks,,,,,,
333,J0905-5127,NAN,NAN,NAN,55341,271.633,-2.854,136.4665,-51.46501389,0.346301,2.49E-14,196.43,0,12,1.05,NAN,1.33,-0.066,-1.328,8.462,NAN,pks70,pksmb,htru_pks,ghrss,,,,,
334,J0905-6019,NAN,NAN,NAN,55191,278.222,-8.816,136.31352083,-60.32279444,0.340854,5.22E-16,91.4,NAN,NAN,0.3,NAN,0.359,-0.055,-0.351,8.449,NAN,htru_pks,,,,,,,,
335,J0907-5157,NAN,NAN,NAN,57600,272.151,-3.031,136.81625417,-51.96648889,0.253558,1.83E-15,103.72,0,35,17,NAN,0.341,-0.018,-0.34,8.487,NAN,mol2,pks1,pks70,pksmb,htru_pks,ghrs,,,
336,J0908-1739,27,-40,NAN,48737,246.119,19.85,137.1590925,-17.66046389,0.401626,6.69E-16,15.88,0,16,4,NAN,0.805,0.273,-0.692,8.807,NAN,mol2,gb2,pks70,pkshl,,,,,
337,J0908-4913,NAN,NAN,NAN,57600,270.265,-1.019,137.14775,-49.21805556,0.106769,1.51E-14,180.37,0,28,20,NAN,1,-0.018,-1,8.495,NAN,misc,pks1,pks70,pksmb,htru_pks,,,,
338,J0909-7212,NAN,NAN,NAN,57600,287.728,-16.256,137.39920833,-72.20248333,1.36289,3.27E-16,54.3,NAN,6.5,1.9,NAN,0.752,-0.211,-0.688,8.28,NAN,mol2,pks70,,,,,,,
339,J0910+77,NAN,NAN,NAN,39856,135.325,33.704,137.5,77.46666667,1.57905,NAN,NAN,NAN,NAN,NAN,NAN,NAN,0,0,8.5,NAN,misc,,,,,,,,
340,J0912-3851,NAN,NAN,NAN,55093,263.165,6.584,138.17791667,-38.85083333,1.526085,3.59E-15,71.5,NAN,NAN,0.1,NAN,0.346,0.04,-0.341,8.541,NAN,htru_pks,,,,,,,,
341,J0919-42,NAN,NAN,NAN,56657,266.285,5.274,139.75,-42,0.8126,NAN,57.8,NAN,NAN,NAN,NAN,0.329,0.03,-0.327,8.521,NAN,ghrss,,,,,,,,
342,J0919-6040,NAN,NAN,NAN,55190,279.687,-7.774,139.866125,-60.68066667,1.216976,1E-17,82.5,NAN,NAN,0.2,NAN,0.355,-0.048,-0.347,8.441,NAN,htru_pks,,,,,,,,
343,J0921+6254,NAN,NAN,NAN,49687,151.431,40.725,140.30889747,62.90386409,1.567994,3.61E-15,13.15,NAN,5,0.5,NAN,1.003,0.654,0.364,9.168,NAN,gb2,gb4,lotaas,,,,,,
344,J0922+0638,18.8,86.4,0.83,48227,225.42,36.392,140.558425,6.63980556,0.430627,1.37E-14,27.3,0,52,10,NAN,1.1,0.653,-0.631,9.122,XRS:[pb15],mol2,ar4,pkshl,gb4,lotaas,,,,
345,J0922-4949,NAN,NAN,NAN,51279,272.237,0.16,140.5623375,-49.82002222,0.950289,9.76E-14,237.1,NAN,NAN,0.52,NAN,2.698,0.008,-2.696,8.395,NAN,pksmb,htru_pks,,,,,,,
346,J0922-52,NAN,NAN,NAN,56102,273.745,-1.415,140.5,-52,0.00968,NAN,122.4,NAN,NAN,0.16,NAN,0.355,-0.009,-0.354,8.477,NAN,pksmb,,,,,,,,
347,J0923-31,NAN,NAN,NAN,NAN,259.697,13.003,140.99166667,-31.95,NAN,NAN,72,NAN,NAN,NAN,NAN,0.382,0.086,-0.366,8.567,NAN,pkssw,,,,,,,,
348,J0924-5302,NAN,NAN,NAN,57600,274.712,-1.93,141.03634167,-53.04516667,0.746338,3.53E-14,152.9,0,12,1.1,NAN,0.513,-0.017,-0.511,8.458,NAN,mol2,pks1,pks70,pksmb,htru_pks,ghrs,,,
349,J0924-5814,NAN,NAN,NAN,57600,278.394,-5.595,141.12841667,-58.23475,0.739505,4.92E-15,57.4,0,22,6,NAN,0.107,-0.01,-0.105,8.484,NAN,mol2,pks70,pksmb,htru_pks,,,,,
350,J0927+2345,NAN,NAN,NAN,53400,205.286,44.202,141.93858333,23.75297222,0.761889,3.05E-16,17.24,NAN,1,0.06,NAN,1.091,0.761,-0.334,9.207,NAN,ar4,,,,,,,,
351,J0928+06,NAN,NAN,NAN,56437,226.854,37.601,142.18333333,6.23333333,2.0604,NAN,50,NAN,NAN,NAN,NAN,25,15.254,-14.451,22.045,NAN,ar327,,,,,,,,
352,J0928+30,NAN,NAN,NAN,57022,195.838,45.915,142.25,30.63333333,2.0915,NAN,21.95,NAN,NAN,NAN,NAN,2.037,1.463,-0.387,9.863,NAN,misc,lotaas,,,,,,,
353,J0930-2301,NAN,NAN,NAN,57254,253.932,20.138,142.51175,-23.02916667,1.807069,3.36E-15,78.3,NAN,NAN,NAN,NAN,25,8.607,-22.555,14.997,NAN,gbncc,,,,,,,,
354,J0931-1902,-2.384,-4.323,1.2,56864,250.999,23.054,142.82965533,-19.04861794,0.004638,3.63E-21,41.49,NAN,NAN,0.42,NAN,3.722,1.458,-3.238,9.615,NAN,gb350,,,,,,,,
355,J0932-3217,NAN,NAN,NAN,51500,261.277,14.069,143.163125,-32.28727778,1.931627,2.5E-16,102.1,NAN,NAN,0.3,NAN,0.414,0.101,-0.397,8.561,NAN,pkssw,htru_pks,,,,,,,
356,J0932-5327,NAN,NAN,NAN,53099,275.885,-1.375,143.09525,-53.45305556,4.392159,8.37E-15,122,NAN,NAN,0.15,NAN,0.361,-0.009,-0.359,8.463,NAN,pksmb,htru_pks,,,,,,,
357,J0934-4154,NAN,NAN,NAN,51650,268.361,7.411,143.7425,-41.90541667,0.570409,2.69E-16,113.79,NAN,NAN,0.3,NAN,0.53,0.068,-0.525,8.515,NAN,pkssw,,,,,,,,
358,J0934-5249,NAN,NAN,NAN,57600,275.69,-0.7,143.61765417,-52.82425,1.444777,4.65E-15,100,0,18,3.2,NAN,0.349,-0.004,-0.347,8.465,NAN,mol2,pks1,pks70,pksmb,htru_pks,ghrs,,,
359,J0935+33,NAN,NAN,NAN,NAN,192.376,47.511,143.775,33.18333333,0.9615,NAN,18.35,NAN,NAN,NAN,NAN,1.728,1.274,-0.25,9.64,NAN,misc,lotaas,,,,,,,
360,J0940-5428,NAN,NAN,NAN,51091,277.51,-1.292,145.24258333,-54.47794444,0.087545,3.29E-14,134.55,NAN,NAN,0.66,NAN,0.377,-0.009,-0.374,8.451,NAN,pksmb,,,,,,,,
361,J0941-39,NAN,NAN,NAN,54831,267.795,9.904,145.40833333,-39.68333333,0.586778,NAN,78.2,NAN,NAN,NAN,NAN,0.356,0.061,-0.35,8.513,NAN,pkssw,htru_pks,,,,,,,
362,J0941-5244,NAN,NAN,NAN,48930,276.446,0.092,145.42144583,-52.73457778,0.658558,1.14E-15,157.94,NAN,11,0.5,NAN,0.398,0.001,-0.395,8.455,NAN,pks70,pksmb,htru_pks,,,,,,
363,J0942-5552,NAN,NAN,NAN,57600,278.569,-2.232,145.562,-55.88197222,0.664389,2.27E-14,180.2,0,55,11,NAN,0.3,-0.012,-0.296,8.455,NAN,mol1,mol2,pks1,pks70,pksmb,htru_pks,,,
364,J0942-5657,-12,12,NAN,57600,279.345,-2.99,145.72676667,-56.96200278,0.808164,3.96E-14,159.74,NAN,13,1,NAN,0.406,-0.021,-0.4,8.434,NAN,mol2,pks1,pks70,pksmb,htru_pks,,,,
365,J0943+1631,23,9,NAN,48865,216.609,45.38,145.87541667,16.52694444,1.087418,9.11E-17,20.34,NAN,7,1.3,NAN,1.487,1.058,-0.623,9.338,NAN,mol2,ar4,lotaas,,,,,,
366,J0943+2253,NAN,NAN,NAN,53400,207.887,47.458,145.88498958,22.88490556,0.532975,8.98E-17,27.25,NAN,5.5,0.39,NAN,3.555,2.619,-1.124,10.625,NAN,ar4,lotaas,,,,,,,
367,J0944-1354,-1,-22,NAN,49337,249.129,28.843,146.12064958,-13.91156389,0.570264,4.53E-17,12.5,NAN,26,0.6,NAN,0.686,0.331,-0.561,8.714,NAN,mol2,gb2,gb3,pks70,pkshl,,,,
368,J0944+4106,NAN,NAN,NAN,56350,180.437,49.375,146.07557733,41.10126386,2.229431,4.42E-15,21.41,NAN,NAN,NAN,NAN,2.673,2.029,-0.013,10.24,NAN,gbncc,lotaas,,,,,,,
369,J0945-4833,NAN,NAN,NAN,51703,274.199,3.674,146.40939167,-48.55402778,0.331586,4.83E-15,98.1,NAN,NAN,0.39,NAN,0.352,0.023,-0.35,8.474,NAN,pksmb,htru_pks,,,,,,,
370,J0946+0951,-38,-21,NAN,48483,225.413,43.126,146.53166667,9.86527778,1.097706,3.49E-15,15.32,0,4,NAN,NAN,0.892,0.61,-0.464,8.957,XRS:[zsp05],misc,gb2,lotaas,,,,,,
371,J0947+2740,NAN,NAN,NAN,53400,201.142,49.384,146.83869583,27.67875,0.851014,4.3E-16,29.09,NAN,1,0.13,NAN,25,18.977,-5.87,23.679,NAN,ar4,lotaas,,,,,,,
372,J0949-6902,NAN,NAN,NAN,55195,287.826,-11.702,147.33569583,-69.04488889,0.640016,6.37E-16,93,NAN,NAN,0.3,NAN,1.677,-0.34,-1.563,7.997,NAN,htru_pks,,,,,,,,
373,J0951-71,NAN,NAN,NAN,54810,289.469,-13.321,147.85,-71.31694444,0.212378,NAN,77,NAN,NAN,NAN,NAN,1.516,-0.349,-1.391,8.008,NAN,htru_pks,,,,,,,,
374,J0952-3839,NAN,NAN,NAN,43557.59,268.702,12.033,148.07166667,-38.65283333,1.373815,5.8E-16,167,0,8.5,4,NAN,0.526,0.11,-0.514,8.512,NAN,mol2,pks70,pkssw,htru_pks,,,,,
375,J0953+0755,-2.09,29.46,3.82,46375,228.908,43.697,148.28879042,7.92659722,0.253065,2.3E-16,2.97,0,400,100,NAN,0.261,0.18,-0.142,8.624,NAN,misc,mol2,ar4,pkshl,gb4,lotaas,,,
376,J0954-5430,NAN,NAN,NAN,55323,278.998,-0.101,148.52519167,-54.51467222,0.472851,4.39E-14,201.57,NAN,NAN,0.51,NAN,0.433,-0.001,-0.428,8.432,NAN,pksmb,htru_pks,,,,,,,
377,J0955-5304,NAN,NAN,NAN,57600,278.264,1.159,148.87275417,-53.07128889,0.862122,3.53E-15,156.9,0,29,0.94,NAN,0.401,0.008,-0.397,8.442,NAN,mol2,pks70,pksmb,htru_pks,ghrss,,,,
378,J0957-06,NAN,NAN,NAN,56657,244.762,36.201,149.25,-6.28333333,1.7237,NAN,26.95,NAN,NAN,NAN,NAN,2.461,1.454,-1.796,9.347,NAN,gb350,,,,,,,,
379,J0957-5432,NAN,NAN,NAN,51035,279.448,0.227,149.483375,-54.53441667,0.203557,1.95E-15,226.1,NAN,NAN,0.18,NAN,0.449,0.002,-0.443,8.426,NAN,pksmb,,,,,,,,
380,J0959-4809,NAN,NAN,NAN,57600,275.742,5.418,149.85921667,-48.16318611,0.670086,8.47E-17,92.7,NAN,16,4,NAN,0.361,0.034,-0.358,8.464,NAN,mol2,pks70,pkssw,htru_pks,,,,,
381,J1000+08,NAN,NAN,NAN,56654,229.732,45.498,150.15833333,8.33277778,0.440372,NAN,21,NAN,NAN,NAN,NAN,1.741,1.242,-0.931,9.289,NAN,htru_pks,lotaas,,,,,,,
382,J1000-5149,NAN,NAN,NAN,51368,278.107,2.603,150.11725417,-51.83281111,0.255677,9.59E-16,72.8,NAN,NAN,0.26,NAN,0.127,0.006,-0.126,8.482,NAN,pksmb,htru_pks,,,,,,,
383,J1001-5507,NAN,NAN,NAN,57600,280.226,0.084,150.40770833,-55.11883333,1.436631,5.16E-14,130.32,0,80,10,NAN,0.3,0,-0.295,8.447,NAN,mol1,mol2,pks1,pks70,pksmb,htru_pks,,,
384,J1001-5559,NAN,NAN,NAN,51172,280.691,-0.648,150.28583333,-55.98338889,1.661177,8.6E-16,159.3,NAN,NAN,1.4,NAN,0.432,-0.005,-0.424,8.42,NAN,pksmb,htru_pks,,,,,,,
385,J1001-5939,NAN,NAN,NAN,53069,282.945,-3.548,150.38429167,-59.65494444,7.73364,5.99E-14,113,NAN,NAN,0.15,NAN,1.24,-0.077,-1.206,8.223,NAN,pksmb,htru_pks,,,,,,,
386,J1002-5559,NAN,NAN,NAN,51035,280.901,-0.503,150.74125,-55.99361111,0.777501,1.57E-15,426,NAN,NAN,0.12,NAN,3.27,-0.029,-3.211,7.882,NAN,pksmb,,,,,,,,
387,J1002-5919,NAN,NAN,NAN,56677,282.829,-3.224,150.58541667,-59.327,0.713489,1.04E-16,347,NAN,NAN,0.17,NAN,3.171,-0.178,-3.087,7.797,NAN,htru_pks,,,,,,,,
388,J1003-4747,NAN,NAN,NAN,57600,276.037,6.117,150.83970417,-47.78366389,0.307074,2.07E-15,98.49,NAN,6,1.43,NAN,0.369,0.039,-0.365,8.461,NAN,mol2,pks70,pkssw,htru_pks,ghrss,,,,
389,J1005+30,NAN,NAN,NAN,NAN,197.937,53.673,151.375,30.25,NAN,NAN,17.5,NAN,NAN,NAN,NAN,1.99,1.603,-0.363,9.622,NAN,misc,,,,,,,,
390,J1006-6311,NAN,NAN,NAN,49178.02,285.55,-6.029,151.6525,-63.19477778,0.835797,5.73E-16,195.99,NAN,4,NAN,NAN,2.381,-0.25,-2.281,7.865,NAN,pks70,,,,,,,,
391,J1010+15,NAN,NAN,NAN,NAN,221.258,50.98,152.5,15.85,NAN,NAN,42,NAN,NAN,NAN,NAN,25,19.423,-10.38,20.332,NAN,ar327,,,,,,,,
392,J1012-2337,NAN,NAN,NAN,49874,262.131,26.377,153.14052652,-23.63956138,2.517945,8.81E-16,22.51,NAN,4.1,NAN,NAN,0.983,0.437,-0.872,8.621,NAN,mol2,,,,,,,,
393,J1012-5830,NAN,NAN,NAN,51702,283.459,-1.762,153.22875,-58.50711111,2.133591,3.77E-14,294,NAN,NAN,0.08,NAN,2.799,-0.086,-2.721,7.849,NAN,pksmb,htru_pks,,,,,,,
394,J1012-5857,NAN,NAN,NAN,57600,283.707,-2.146,153.20195833,-58.96347222,0.819926,1.78E-14,383.9,0,15,1.8,NAN,3.185,-0.119,-3.092,7.746,NAN,pks1,pks70,pksmb,htru_pks,,,,,
395,J1013-5934,NAN,NAN,NAN,57600,284.13,-2.596,153.3827,-59.57406389,0.442901,5.56E-16,379.78,NAN,NAN,2.6,NAN,3.144,-0.142,-3.046,7.733,NAN,pksmb,htru_pks,,,,,,,
396,J1014-48,NAN,NAN,NAN,55196,278.136,6.33,153.575,-48.82833333,1.5088,NAN,87,NAN,NAN,NAN,NAN,0.379,0.042,-0.373,8.447,NAN,htru_pks,,,,,,,,
397,J1015-5719,NAN,NAN,NAN,51476,283.088,-0.578,153.90816667,-57.32022222,0.139882,5.74E-14,278.1,NAN,NAN,3,NAN,2.732,-0.028,-2.661,7.881,NAN,pksmb,htru_pks,,,,,,,
398,J1016-5345,NAN,NAN,NAN,57600,281.201,2.45,154.12972917,-53.75396111,0.769586,1.93E-15,66.8,NAN,3.5,1.1,NAN,0.117,0.005,-0.115,8.477,NAN,mol2,pks1,pksmb,htru_pks,,,,,
399,J1016-5819,NAN,NAN,NAN,55333,283.708,-1.363,154.05029583,-58.31696389,0.087834,6.99E-16,252.16,NAN,NAN,0.36,NAN,2.587,-0.062,-2.513,7.887,NAN,pksmb,htru_pks,,,,,,,
400,J1016-5857,NAN,NAN,NAN,52717,284.079,-1.88,154.08816667,-58.95336111,0.107386,8.08E-14,394.48,NAN,NAN,0.9,NAN,3.163,-0.104,-3.066,7.731,SNR:G284.3-1.8(?),pksmb,htru_pks,,,,,,,
401,J1017+3011,NAN,NAN,NAN,57986,198.432,56.273,154.40120833,30.19613889,0.452785,5.7E-16,27.15,NAN,NAN,NAN,NAN,25,20.792,-4.389,21.669,NAN,lotaas,,,,,,,,
402,J1017-5621,NAN,NAN,NAN,57600,282.732,0.341,154.3034625,-56.35847778,0.503463,3.14E-15,438.7,0,15,1.8,NAN,3.513,0.021,-3.427,7.726,NAN,mol2,pks1,pks70,pksmb,htru_pks,,,,
403,J1018-1642,NAN,NAN,NAN,49688,258.261,32.61,154.66818997,-16.7028163,1.804695,1.74E-15,48.82,NAN,5.1,0.7,NAN,25,13.473,-20.618,12.784,NAN,gb2,pks70,,,,,,,
404,J1019-5749,NAN,NAN,NAN,51371,283.837,-0.679,154.96725,-57.81830556,0.162499,2.01E-14,1040,NAN,NAN,3.8,NAN,10.913,-0.129,-10.596,5.89,NAN,pksmb,htru_pks,,,,,,,
405,J1020-5921,NAN,NAN,NAN,51397,284.719,-1.944,155.05845833,-59.35944444,1.238305,4.05E-14,80,NAN,NAN,0.2,NAN,0.938,-0.032,-0.907,8.262,NAN,pksmb,htru_pks,,,,,,,
406,J1020-6026,NAN,NAN,NAN,55494,285.302,-2.848,155.04754167,-60.43508333,0.140481,6.74E-15,441.5,NAN,NAN,0.25,NAN,3.26,-0.162,-3.141,7.641,NAN,pksmb,htru_pks,,,,,,,
407,J1021-5601,NAN,NAN,NAN,51875,283.041,0.935,155.35341667,-56.03080556,0.670026,5.34E-17,212,NAN,NAN,0.37,NAN,2.429,0.04,-2.366,7.952,NAN,pksmb,htru_pks,,,,,,,
408,J1022-5813,NAN,NAN,NAN,51398,284.347,-0.834,155.61708333,-58.225,1.643726,1.45E-13,714,NAN,NAN,0.2,NAN,4.245,-0.062,-4.112,7.448,NAN,pksmb,htru_pks,,,,,,,
409,J1023-5746,NAN,NAN,NAN,54856,284.166,-0.407,155.76208333,-57.76805556,0.111472,3.84E-13,NAN,NAN,NAN,NAN,NAN,2.08,-0.015,-2.017,7.991,GRS:2FGL_J1022.7-5741[naa+12],GRS:HESS_J,FermiBlind,,,,,,,
410,J1024-0719,-35.296,-48.227,0.77,56239,251.702,40.515,156.1611138,-7.32210973,0.005162,1.86E-20,6.48,NAN,4.6,2.3,NAN,1.22,0.793,-0.881,8.791,OPT:2MASS_10243869-0719190[kkn+16],pks70,pkshl,,,,,,,
411,J1028-5819,NAN,NAN,NAN,54562,285.065,-0.496,157.11666667,-58.31811111,0.091403,1.61E-14,96.53,NAN,NAN,0.24,0.52,1.423,-0.012,-1.374,8.13,GRS:2FGL_J1028.5-5819[naa+12],misc,htru_pks,,,,,,,
412,J1031-6117,NAN,NAN,NAN,51496,286.88,-2.881,157.75933333,-61.29738889,0.306411,1.78E-15,506.8,NAN,NAN,0.12,NAN,3.383,-0.17,-3.233,7.519,NAN,pksmb,,,,,,,,
413,J1032-5206,NAN,NAN,NAN,52161,282.354,5.128,158.115375,-52.10236111,2.407622,1.79E-14,139,NAN,NAN,0.19,NAN,2.096,0.187,-2.039,8.053,NAN,pksmb,htru_pks,,,,,,,
414,J1032-5911,NAN,NAN,NAN,57600,285.92,-1.01,158.02031667,-59.19855556,0.464213,1.8E-15,418.2,0,14,1.1,NAN,3.005,-0.053,-2.889,7.676,NAN,mol2,pks70,pksmb,htru_pks,,,,,
415,J1034-3224,NAN,NAN,NAN,50705,272.05,22.117,158.58129582,-32.4072169,1.15059,2.3E-16,50.75,NAN,41,8,NAN,1.636,0.616,-1.515,8.446,NAN,pks70,pkssw,,,,,,,
416,J1035-6345,NAN,NAN,NAN,51875,288.528,-4.765,158.76283333,-63.75511389,0.579577,3.5E-16,189.7,NAN,NAN,0.24,NAN,2.167,-0.18,-2.048,7.814,NAN,pksmb,htru_pks,,,,,,,
417,J1035-6720,-12,1,NAN,55716,290.371,-7.843,158.86449167,-67.33685889,0.002872,4.65E-20,84.16,NAN,NAN,0.04,NAN,1.46,-0.199,-1.356,7.997,GRS:3FGL_J1035.7-6720[aaa+15],FermiBlind,,,,,,,,
418,J1036-4926,NAN,NAN,NAN,57600,281.519,7.727,159.05467083,-49.43922222,0.510369,1.65E-15,136.52,0,9,0.8,NAN,2.313,0.311,-2.246,8.042,NAN,pks70,pkssw,htru_pks,ghrss,,,,,
419,J1036-6559,NAN,NAN,NAN,55010,289.766,-6.63,159.0835,-65.98590833,0.533502,1.36E-15,158.36,NAN,NAN,0.3,NAN,2.052,-0.237,-1.918,7.811,NAN,htru_pks,,,,,,,,
420,J1038+0032,NAN,NAN,NAN,53000,247.152,48.471,159.61222083,0.54544444,0.028852,6.7E-20,26.59,NAN,NAN,0.2,NAN,5.946,4.451,-3.633,10.031,NAN,pkshl,,,,,,,,
421,J1038-5831,NAN,NAN,NAN,47910.63,286.284,-0.023,159.58208333,-58.52421667,0.661992,1.25E-15,72.74,NAN,NAN,2.3,NAN,0.917,0,-0.88,8.243,NAN,pks1,pksmb,htru_pks,,,,,,
422,J1041-1942,-1,14,NAN,48738,265.591,33.59,160.40081667,-19.70378056,1.386368,9.45E-16,33.78,NAN,28,2.3,NAN,2.533,1.401,-2.104,8.662,NAN,mol2,pks70,,,,,,,
423,J1042-5521,NAN,NAN,NAN,57600,285.192,2.998,160.50202208,-55.35160917,1.170867,6.72E-15,306.5,0,14,0.62,NAN,2.789,0.146,-2.688,7.77,NAN,mol2,pks1,pks70,pksmb,htru_pks,,,,
424,J1043-6116,NAN,NAN,NAN,55358,288.221,-2.106,160.98025417,-61.28076667,0.288605,1.04E-14,448.91,NAN,NAN,1.39,NAN,3.055,-0.112,-2.9,7.545,NAN,pksmb,htru_pks,,,,,,,
425,J1044-5737,NAN,NAN,NAN,54800,286.574,1.163,161.13666667,-57.62202778,0.139029,5.46E-14,NAN,NAN,NAN,NAN,NAN,1.895,0.038,-1.816,7.96,GRS:2FGL_J1044.5-5737[naa+12],GRS:1AGL_J,FermiBlind,,,,,,,
426,J1046+0304,NAN,NAN,NAN,53065,246.412,51.697,161.680125,3.06858333,0.326271,1.24E-16,25.3,NAN,NAN,0.3,NAN,5.788,4.542,-3.288,9.936,NAN,pkshl,,,,,,,,
427,J1046-5813,NAN,NAN,NAN,57600,287.065,0.733,161.578375,-58.23111111,0.369428,1.15E-15,240.2,0,18,1.4,NAN,2.34,0.03,-2.237,7.813,NAN,mol2,pks1,pks70,pksmb,htru_pks,,,,
428,J1047-3032,NAN,NAN,NAN,51019,273.495,25.127,161.75338998,-30.53833367,0.330328,6.1E-17,52.54,NAN,8,1.1,NAN,2.144,0.91,-1.938,8.382,NAN,pks70,,,,,,,,
429,J1047-6709,NAN,NAN,NAN,49139,291.314,-7.132,161.86784167,-67.164185,0.198451,1.69E-15,116.16,NAN,4,3.1,NAN,1.765,-0.219,-1.632,7.863,NAN,pks70,pkssw,htru_pks,,,,,,
430,J1048-5832,NAN,NAN,NAN,57600,287.427,0.577,162.054375,-58.53505556,0.123725,9.61E-14,128.68,NAN,NAN,9.1,NAN,2.9,0.029,-2.767,7.632,GRS:2FGL_J1048.2-5831[naa+12],pks1,pksmb,htru_pks,,,,,,
431,J1048-5838,NAN,NAN,NAN,53510,287.473,0.485,162.0523375,-58.63861667,1.231305,1.22E-14,70.7,NAN,NAN,NAN,NAN,1.008,0.009,-0.961,8.197,NAN,pksmb,,,,,,,,
432,J1049-5833,NAN,NAN,NAN,51031,287.628,0.649,162.45975,-58.56238889,2.202325,4.41E-15,446.8,NAN,NAN,0.7,NAN,3.004,0.034,-2.863,7.59,NAN,pksmb,htru_pks,,,,,,,
433,J1050-5953,NAN,NAN,NAN,51650,288.256,-0.52,162.52966667,-59.88927778,6.452077,3.81E-11,NAN,NAN,NAN,NAN,NAN,9,-0.082,-8.547,5.681,XRS:1E_1048.1-5937,misc,,,,,,,,
434,J1052-5954,NAN,NAN,NAN,51683,288.549,-0.4,163.15879167,-59.91225,0.180592,2E-14,491.9,NAN,NAN,0.15,NAN,3.143,-0.022,-2.98,7.5,NAN,pksmb,,,,,,,,
435,J1052-6348,NAN,NAN,NAN,52477,290.294,-3.881,163.22245833,-63.80461111,0.38383,3.87E-16,167.5,NAN,NAN,0.11,NAN,1.994,-0.135,-1.866,7.81,NAN,pksmb,,,,,,,,
436,J1054-5943,NAN,NAN,NAN,51395,288.729,-0.1,163.740625,-59.72058333,0.346909,4.07E-15,330.7,NAN,NAN,0.31,NAN,2.585,-0.005,-2.448,7.67,NAN,pksmb,htru_pks,,,,,,,
437,J1054-5946,NAN,NAN,NAN,55337,288.701,-0.174,163.62691667,-59.77527778,0.228324,2.09E-16,253.9,NAN,NAN,0.2,NAN,2.327,-0.007,-2.204,7.754,NAN,htru_pks,,,,,,,,
438,J1054-6452,NAN,NAN,NAN,51875,290.889,-4.784,163.53683333,-64.87708333,1.840004,3.14E-15,234,NAN,NAN,0.25,NAN,2.342,-0.195,-2.18,7.668,NAN,pksmb,htru_pks,,,,,,,
439,J1055-6022,NAN,NAN,NAN,52746,289.109,-0.65,163.95208333,-60.38111111,0.947558,9.24E-14,590,NAN,NAN,0.2,NAN,3.597,-0.041,-3.399,7.323,NAN,pksmb,htru_pks,,,,,,,
440,J1055-6028,NAN,NAN,NAN,54362.2,289.133,-0.745,163.91329167,-60.47708333,0.099661,2.95E-14,636.5,NAN,NAN,0.95,NAN,3.83,-0.05,-3.618,7.245,GRS:[hsg+14],pksmb,htru_pks,,,,,,,
441,J1055-6236,NAN,NAN,NAN,51703,290.081,-2.66,163.97754167,-62.61341667,0.448635,7.08E-16,149.7,NAN,NAN,0.12,NAN,1.883,-0.087,-1.767,7.854,NAN,pksmb,htru_pks,,,,,,,
442,J1055-6905,NAN,NAN,NAN,51500,292.879,-8.504,163.93629167,-69.0865,2.919397,2.03E-14,142.8,NAN,NAN,0.3,NAN,2.035,-0.301,-1.854,7.718,NAN,pkssw,htru_pks,,,,,,,
443,J1056-5709,NAN,NAN,NAN,51216,287.835,2.311,164.18245833,-57.15958333,0.676082,5.76E-16,436.5,NAN,NAN,0.11,NAN,3.062,0.123,-2.912,7.563,NAN,pksmb,htru_pks,,,,,,,
444,J1056-6258,NAN,NAN,NAN,57600,290.292,-2.966,164.1066,-62.97991389,0.422451,3.58E-15,320.3,0,45,34,NAN,2.4,-0.124,-2.248,7.669,NAN,mol2,pks1,pks70,pksmb,htru_pks,,,,
445,J1057-4754,NAN,NAN,NAN,53000,284.007,10.739,164.47140833,-47.916,0.628306,2.25E-16,60,NAN,NAN,NAN,NAN,0.639,0.119,-0.609,8.348,NAN,pkssw,htru_pks,,,,,,,
446,J1057-5226,42,-3,NAN,57600,285.984,6.649,164.49602083,-52.44898056,0.197115,5.84E-15,29.69,NAN,80,4.4,NAN,0.093,0.011,-0.089,8.475,XRS:[of93],GRS:2FGL_J1057.9-5226[naa+12],mol1,mol2,pks70,pkssw,htru_pks,,,
447,J1057-5851,NAN,NAN,NAN,55716,288.609,0.805,164.28958333,-58.85194444,0.620365,1.01E-13,NAN,NAN,NAN,NAN,NAN,NAN,0,0,8.5,GRS:3FGL_J1056.7-5853[aaa+15],FermiBlind,,,,,,,,
448,J1057-7914,NAN,NAN,NAN,57600,297.571,-17.574,164.36541667,-79.23988889,1.347404,1.33E-15,51,NAN,6.5,0.6,NAN,1.439,-0.434,-1.216,7.865,NAN,mol2,pks70,,,,,,,
449,J1058-5957,NAN,NAN,NAN,51446,289.241,-0.123,164.64270833,-59.96011111,0.61627,6.57E-16,334,NAN,NAN,0.6,NAN,2.588,-0.006,-2.443,7.647,NAN,pksmb,htru_pks,,,,,,,
450,J1059-5742,NAN,NAN,NAN,57600,288.345,1.948,164.7537025,-57.70404167,1.185003,4.31E-15,108.7,0,19,2,NAN,1.645,0.056,-1.56,7.983,NAN,mol2,pks1,pks70,pksmb,htru_pks,,,,
451,J1059+6459,NAN,NAN,NAN,56500,140.251,48.198,164.86459671,64.99219973,3.63117,5.74E-15,18.5,NAN,NAN,NAN,NAN,1.814,1.352,0.773,9.43,NAN,gbncc,lotaas,,,,,,,
452,J1101-6101,NAN,NAN,NAN,56494,290.04,-0.932,165.43733333,-61.02766667,0.0628,8.56E-15,NAN,NAN,NAN,NAN,NAN,7,-0.114,-6.575,6.102,SNR:G290.1-0.8(MSH_11-61A)[htg+14],misc,,,,,,,,
453,J1103-5403,NAN,NAN,NAN,55300,287.421,5.529,165.888725,-54.0620125,0.003393,3.68E-21,103.92,NAN,NAN,0.18,NAN,1.683,0.162,-1.598,7.998,GRS:2FGL_J1103.9-5356[naa+12],FermiAssoc,,,,,,,,
454,J1103-6025,NAN,NAN,NAN,51489,289.994,-0.294,165.88116667,-60.426775,0.396587,9.9E-16,275.9,NAN,NAN,0.17,NAN,2.378,-0.012,-2.235,7.687,NAN,pksmb,htru_pks,,,,,,,
455,J1104-6103,NAN,NAN,NAN,49177,290.331,-0.828,166.071925,-61.05107778,0.280905,1.97E-15,78.51,NAN,5,0.24,NAN,1.327,-0.019,-1.244,8.039,NAN,misc,pksmb,htru_pks,,,,,,
456,J1105-4353,NAN,NAN,NAN,55976,283.486,14.947,166.3535,-43.88472222,0.351112,2.5E-15,45,NAN,NAN,0.19,NAN,0.127,0.033,-0.119,8.471,NAN,htru_pks,,,,,,,,
457,J1105-6037,NAN,NAN,NAN,55716,290.239,-0.399,166.252,-60.62119444,0.194938,2.18E-14,NAN,NAN,NAN,NAN,NAN,NAN,0,0,8.5,GRS:3FGL_J1104.9-6036[aaa+15],XRS:1XSPS_,FermiBlind,,,,,,,
458,J1105-6107,NAN,NAN,NAN,57600,290.489,-0.846,166.35891667,-61.13026111,0.063202,1.58E-14,271.24,NAN,NAN,1.2,NAN,2.36,-0.035,-2.21,7.674,XRS:PWN[gk98],misc,pksmb,htru_pks,,,,,,
459,J1106-6438,NAN,NAN,NAN,51875,291.992,-4.031,166.6185,-64.65,2.717934,2.33E-15,203,NAN,NAN,0.19,NAN,2.153,-0.151,-1.991,7.696,NAN,pksmb,htru_pks,,,,,,,
460,J1107-5907,NAN,NAN,NAN,53089,289.944,1.106,166.89358333,-59.12186111,0.252773,9.01E-18,40.75,NAN,NAN,0.18,NAN,0.115,0.002,-0.108,8.461,NAN,pksmb,htru_pks,,,,,,,
461,J1107-5947,NAN,NAN,NAN,43558.51,290.249,0.515,166.99458333,-59.78444444,1.516531,3.4E-16,158.4,NAN,7,0.3,NAN,1.915,0.017,-1.797,7.837,NAN,mol2,pks70,pksmb,htru_pks,,,,,
462,J1107-6143,NAN,NAN,NAN,51397,290.921,-1.316,166.80125,-61.73305556,1.799396,1.56E-13,406,NAN,NAN,0.38,NAN,2.937,-0.067,-2.743,7.452,NAN,pksmb,htru_pks,,,,,,,
463,J1110-5637,NAN,NAN,NAN,57600,289.279,3.533,167.50154667,-56.62571389,0.558254,2.06E-15,262.56,NAN,NAN,3.3,NAN,2.447,0.151,-2.305,7.694,NAN,pks1,pks70,pksmb,htru_pks,,,,,
464,J1110+58,NAN,NAN,NAN,56292,144.74,53.801,167.75,58.86666667,0.793348,NAN,26,NAN,1.6,NAN,NAN,25,20.174,8.523,20.556,NAN,gbncc,lotaas,,,,,,,
465,J1112-6103,NAN,NAN,NAN,51055,291.221,-0.462,168.06170833,-61.05863889,0.064962,3.15E-14,599.1,NAN,NAN,2.3,NAN,4.5,-0.036,-4.195,6.871,XRS:[pb15],pksmb,htru_pks,,,,,,,
466,J1112-6613,NAN,NAN,NAN,57600,293.19,-5.233,168.16005833,-66.21796194,0.334214,8.25E-16,249.3,NAN,19,1.7,NAN,2.534,-0.231,-2.32,7.506,NAN,mol2,pks70,pkssw,pksmb,htru_pks,,,,
467,J1112-6926,NAN,NAN,NAN,57600,294.423,-8.216,168.21158333,-69.44231389,0.820488,2.82E-15,148.4,NAN,13,0.6,NAN,2.076,-0.297,-1.871,7.65,NAN,mol2,pks70,pkssw,htru_pks,,,,,
468,J1114-6100,NAN,NAN,NAN,57600,291.443,-0.321,168.59454167,-61.00891667,0.880858,4.6E-14,677,0.02,NAN,4.7,NAN,5.479,-0.031,-5.1,6.497,NAN,pks1,pksmb,htru_pks,,,,,,
469,J1115+5030,22,-51,NAN,49334,154.408,60.365,168.91,50.50341389,1.65644,2.49E-15,9.19,0,12,3,NAN,0.923,0.802,0.197,8.912,NAN,gb1,gb2,gb4,gbncc,lotaas,,,,
470,J1115-6052,NAN,NAN,NAN,55366,291.565,-0.126,168.97384167,-60.87183611,0.259779,7.23E-15,226.92,NAN,NAN,0.48,NAN,2.185,-0.005,-2.032,7.697,NAN,pksmb,htru_pks,,,,,,,
471,J1116-2444,NAN,NAN,NAN,57513,276.971,33.287,169.09691667,-24.74891667,0.867949,9.85E-16,29.8,NAN,NAN,NAN,NAN,0.855,0.469,-0.709,8.413,NAN,gbncc,,,,,,,,
472,J1116-4122,-1,7,NAN,51360,284.451,18.069,169.179525,-41.37887778,0.943158,7.95E-15,40.53,0,26,6,NAN,0.28,0.087,-0.258,8.434,NAN,mol2,pks70,pkssw,,,,,,
473,J1117-6154,NAN,NAN,NAN,51397,292.102,-1.028,169.34920833,-61.90611111,0.505097,1.25E-14,493.6,NAN,NAN,1.6,NAN,3.976,-0.071,-3.683,7.004,NAN,pksmb,htru_pks,,,,,,,
474,J1117-6447,NAN,NAN,NAN,51703,293.167,-3.719,169.4375,-64.79944444,1.155272,2.4E-16,303,NAN,NAN,0.14,NAN,2.752,-0.179,-2.525,7.42,NAN,pksmb,,,,,,,,
475,J1119-6127,NAN,NAN,NAN,52109.85,292.151,-0.537,169.80958333,-61.46375,0.407963,4.02E-12,704.8,NAN,NAN,1.09,NAN,8.4,-0.079,-7.78,5.333,SNR:G292.2-0.5[cgk+01],pksmb,htru_pks,,,,,,,
476,J1119-7936,NAN,NAN,NAN,43557.71,298.705,-17.498,169.92,-79.60841667,2.280597,3.67E-15,27.4,NAN,7,0.7,NAN,0.814,-0.245,-0.681,8.127,NAN,mol2,,,,,,,,
477,J1120-3618,NAN,NAN,NAN,55927,283.125,23.036,170.09333333,-36.30894444,0.00555,NAN,45.1,NAN,NAN,NAN,NAN,0.953,0.373,-0.854,8.301,NAN,misc,,,,,,,,
478,J1121-5444,-17,18,NAN,57600,290.082,5.873,170.32954167,-54.73475,0.535787,2.78E-15,204.7,0,24,1.5,NAN,2.324,0.238,-2.171,7.706,NAN,mol2,pks70,pksmb,pkssw,htru_pks,,,,
479,J1122-3546,NAN,NAN,NAN,NAN,283.238,23.661,170.5,-35.76666667,0.0078,NAN,39.49,NAN,NAN,NAN,NAN,0.656,0.263,-0.585,8.362,NAN,gbncc,,,,,,,,
480,J1123-4844,NAN,NAN,NAN,49542.28,288.295,11.61,170.8152125,-48.73965278,0.244838,6.54E-17,92.92,0,8,1,NAN,1.858,0.374,-1.728,7.929,NAN,pks70,pkssw,htru_pks,,,,,,
481,J1123-6102,NAN,NAN,NAN,51155,292.509,0.049,170.92375,-61.03505556,0.640234,6.46E-15,439.4,NAN,NAN,1.1,NAN,3.487,0.003,-3.221,7.165,NAN,pksmb,htru_pks,,,,,,,
482,J1123-6259,NAN,NAN,NAN,57600,293.183,-1.783,170.981375,-62.98636667,0.271437,5.25E-15,223.26,NAN,11,0.51,NAN,2.187,-0.068,-2.009,7.639,NAN,pks70,pksmb,htru_pks,,,,,,
483,J1123-6651,NAN,NAN,NAN,49139,294.469,-5.442,170.96754167,-66.86363056,0.232976,2.75E-15,111.2,NAN,8,0.6,NAN,1.675,-0.159,-1.518,7.809,NAN,pks70,pksmb,htru_pks,,,,,,
484,J1124-3653,NAN,NAN,NAN,55196,283.742,23.592,171,-36,0.00241,NAN,44.9,NAN,0.3,NAN,NAN,1.049,0.42,-0.934,8.272,GRS:2FGL_J1124.2-3654[naa+12],FermiAssoc,,,,,,,,
485,J1124-5638,NAN,NAN,NAN,51752,291.209,4.246,171.23529167,-56.64436111,0.18556,9E-18,289.5,NAN,NAN,0.31,NAN,2.639,0.195,-2.454,7.548,NAN,pksmb,htru_pks,,,,,,,
486,J1124-5916,NAN,NAN,NAN,54683.28,292.038,1.752,171.1625,-59.27194444,0.135477,7.53E-13,330,NAN,NAN,0.08,NAN,5,0.153,-4.633,6.625,SNR:G292.0+1.8,GRS:2FGL_J1124.6-5913[naa,misc,,,,,,,
487,J1124-6421,NAN,NAN,NAN,51400,293.747,-3.036,171.24791667,-64.35472222,0.479099,6.2E-16,298,NAN,NAN,0.19,NAN,2.702,-0.143,-2.47,7.413,NAN,pksmb,htru_pks,,,,,,,
488,J1126-27,NAN,NAN,NAN,56657,280.682,31.537,171.5,-27.61666667,0.358161,NAN,26.86,NAN,NAN,NAN,NAN,0.436,0.228,-0.365,8.431,NAN,gbncc,,,,,,,,
489,J1126-38,NAN,NAN,NAN,57388,285.214,21.292,171.575,-38.63333333,0.88755,NAN,46,NAN,NAN,NAN,NAN,1.013,0.368,-0.911,8.252,NAN,pks_superb,,,,,,,,
490,J1126-6054,NAN,NAN,NAN,47909.9,292.834,0.292,171.7192,-60.9111,0.202737,2.81E-16,280.27,NAN,NAN,1.4,NAN,2.426,0.012,-2.236,7.559,NAN,pks1,pksmb,htru_pks,,,,,,
491,J1126-6942,NAN,NAN,NAN,57600,295.631,-8.048,171.59025,-69.70438889,0.579419,3.29E-15,55.33,NAN,9,0.3,NAN,1.185,-0.166,-1.058,7.992,NAN,pks70,pkssw,htru_pks,,,,,,
492,J1128-6219,NAN,NAN,NAN,51660,293.495,-0.972,172.19458333,-62.31916667,0.515984,1.1E-17,675,NAN,NAN,0.27,NAN,7.401,-0.125,-6.786,5.55,NAN,pksmb,htru_pks,,,,,,,
493,J1129-53,NAN,NAN,NAN,54831,290.798,7.41,172.3375,-53.51666667,1.06288,NAN,77,NAN,NAN,NAN,NAN,1.457,0.188,-1.351,7.987,NAN,pkssw,,,,,,,,
494,J1130-5826,NAN,NAN,NAN,51696,292.46,2.778,172.56804167,-58.43397222,0.162323,1.59E-17,261.1,NAN,NAN,0.18,NAN,2.408,0.117,-2.223,7.581,NAN,pksmb,htru_pks,,,,,,,
495,J1130-5925,NAN,NAN,NAN,51172,292.755,1.83,172.5435,-59.42613889,0.680984,9.52E-16,264.4,NAN,NAN,0.12,NAN,2.387,0.076,-2.2,7.577,NAN,pksmb,htru_pks,,,,,,,
496,J1130-6807,NAN,NAN,NAN,50145.25,295.484,-6.431,172.63297083,-68.12458889,0.256353,4.6E-16,148.73,NAN,8,0.55,NAN,1.972,-0.221,-1.769,7.657,NAN,pks70,htru_pks,,,,,,,
497,J1132+25,NAN,NAN,NAN,NAN,214.581,72.285,173.20833333,25.25,1.002,NAN,23,NAN,NAN,NAN,NAN,25,23.815,-4.318,14.763,NAN,misc,,,,,,,,
498,J1132-4700,NAN,NAN,NAN,56122,289.177,13.736,173.0605,-47.01013889,0.325633,7.77E-16,123,NAN,NAN,0.49,NAN,2.688,0.638,-2.466,7.642,NAN,htru_pks,,,,,,,,
499,J1132-5627,NAN,NAN,NAN,52165,292.11,4.741,173.06558333,-56.45802778,0.175166,6.8E-17,305.7,NAN,NAN,0.09,NAN,2.911,0.241,-2.688,7.408,NAN,pksmb,htru_pks,,,,,,,
500,J1133-6250,NAN,NAN,NAN,50013.17,294.213,-1.296,173.464375,-62.84738889,1.022875,4.52E-16,567.8,0.02,NAN,7,NAN,7.448,-0.169,-6.791,5.446,NAN,pks1,pksmb,htru_pks,,,,,,
501,J1135-49,NAN,NAN,NAN,NAN,290.526,11.619,173.98333333,-49.42527778,NAN,NAN,114,NAN,NAN,NAN,NAN,2.129,0.429,-1.953,7.769,NAN,htru_pks,,,,,,,,
502,J1135-6055,NAN,NAN,NAN,55000,293.775,0.589,173.75,-60.91666667,0.114943,7.93E-14,NAN,NAN,NAN,NAN,NAN,NAN,0,0,8.5,GRS:3FGL_J1135.2-6054[aaa+15],FermiBlind,,,,,,,,
503,J1136+1551,-73.774,366.58,2.69,46407,241.895,69.196,174.01299917,15.85393972,1.187913,3.73E-15,4.84,0,257,20,NAN,0.372,0.348,-0.116,8.562,XRS:[kpg06a],misc,mol2,ar4,gb4,lotaas,,,,
504,J1136-5525,10,43,NAN,57600,292.308,5.89,174.009,-55.41858333,0.364713,8.23E-15,85.5,NAN,23,6,NAN,1.522,0.156,-1.401,7.925,NAN,mol2,pks70,pkssw,htru_pks,,,,,
505,J1136-6527,NAN,NAN,NAN,57895,295.241,-3.71,174.10508333,-65.45541667,1.189309,1.75E-15,164.1,NAN,NAN,0.14,NAN,1.955,-0.127,-1.765,7.668,NAN,htru_pks,,,,,,,,
506,J1137-6700,NAN,NAN,NAN,49139,295.793,-5.167,174.38370417,-67.00916944,0.556216,7.17E-17,228.04,NAN,14,1.5,NAN,2.603,-0.234,-2.334,7.372,NAN,pks70,pksmb,htru_pks,,,,,,
507,J1138-6207,NAN,NAN,NAN,51171,294.506,-0.463,174.59008333,-62.13313889,0.117564,1.25E-14,520.4,NAN,NAN,0.57,NAN,7.197,-0.058,-6.548,5.515,NAN,pksmb,htru_pks,,,,,,,
508,J1141-3107,NAN,NAN,NAN,49765.9,285.746,29.393,175.3567875,-31.13127778,0.538432,1.96E-15,30.77,NAN,10,0.8,NAN,0.783,0.384,-0.657,8.315,NAN,pks70,pkssw,,,,,,,
509,J1141-3322,NAN,NAN,NAN,57600,286.586,27.272,175.42815,-33.37703056,0.291468,4.65E-16,46.45,NAN,8,1.6,NAN,1.853,0.849,-1.578,8.03,NAN,pks70,pkssw,,,,,,,
510,J1142-6230,NAN,NAN,NAN,51137,295.11,-0.675,175.71875,-62.50108333,0.558383,7.79E-17,343.8,NAN,NAN,0.26,NAN,3.483,-0.041,-3.154,7.022,NAN,pksmb,htru_pks,,,,,,,
511,J1143-5158,NAN,NAN,NAN,48917,292.383,9.492,175.81277083,-51.97774722,0.675646,6.95E-16,159.03,NAN,7,0.3,NAN,2.397,0.395,-2.186,7.6,NAN,pks70,htru_pks,ghrss,,,,,,
512,J1143-5536,NAN,NAN,NAN,55213,293.334,5.993,175.79079167,-55.60125,0.685358,4.85E-16,185,NAN,NAN,0.2,NAN,2.22,0.232,-2.027,7.625,NAN,htru_pks,,,,,,,,
513,J1144-6146,NAN,NAN,NAN,51032,295.116,0.073,176.145,-61.78027778,0.987783,-3.81E-17,78.7,NAN,NAN,0.45,NAN,1.395,0.002,-1.263,7.908,NAN,pksmb,htru_pks,,,,,,,
514,J1144-6217,NAN,NAN,NAN,51110,295.186,-0.438,176.00879167,-62.29175,0.850665,3.08E-14,284.7,NAN,NAN,0.2,NAN,2.645,-0.02,-2.393,7.374,NAN,pksmb,htru_pks,,,,,,,
515,J1146-6030,NAN,NAN,NAN,57600,294.977,1.343,176.53214667,-60.51656167,0.273375,1.79E-15,111.68,NAN,17,3.2,NAN,1.634,0.038,-1.481,7.81,NAN,mol2,pks1,pks70,pksmb,htru_pks,,,,
516,J1147-66,NAN,NAN,NAN,56158,296.436,-3.944,176.75,-66,0.00372,NAN,133.8,NAN,NAN,0.8,NAN,1.789,-0.123,-1.598,7.705,NAN,pksmb,,,,,,,,
517,J1148-5725,NAN,NAN,NAN,52837,294.507,4.418,177.118875,-57.42016667,3.559937,1.11E-14,174,NAN,NAN,0.12,NAN,2.063,0.159,-1.872,7.647,NAN,pksmb,,,,,,,,
518,J1148-6415,NAN,NAN,NAN,51474,296.177,-2.214,177.1575,-64.25916667,3.241029,2.7E-15,241,NAN,NAN,0.06,NAN,2.454,-0.095,-2.201,7.418,NAN,pksmb,htru_pks,,,,,,,
519,J1151-6108,NAN,NAN,NAN,56714,295.814,0.909,177.98691667,-61.13822222,0.101633,1.03E-14,216,NAN,NAN,0.06,NAN,2.216,0.035,-1.995,7.535,NAN,htru_pks,,,,,,,,
520,J1152-5800,NAN,NAN,NAN,52746,295.126,3.961,178.04166667,-58.00944444,1.789829,1.28E-15,191,NAN,NAN,0.12,NAN,2.156,0.149,-1.947,7.587,NAN,pksmb,,,,,,,,
521,J1152-6012,NAN,NAN,NAN,51397,295.716,1.843,178.22416667,-60.20583333,0.37657,6.69E-15,74,NAN,NAN,0.17,NAN,1.367,0.044,-1.231,7.907,NAN,pksmb,htru_pks,,,,,,,
522,J1153-21,NAN,NAN,NAN,56657,285.188,39.55,178.25,-21.3,2.34348,NAN,34.8,NAN,NAN,NAN,NAN,2.332,1.485,-1.735,8.029,NAN,gbncc,,,,,,,,
523,J1154-6250,NAN,NAN,NAN,51464,296.467,-0.681,178.58375,-62.83408333,0.282012,5.59E-16,74,NAN,NAN,0.07,NAN,1.358,-0.016,-1.216,7.895,NAN,pksmb,,,,,,,,
524,J1156-5707,NAN,NAN,NAN,55354,295.448,4.949,179.03104167,-57.11725,0.288417,2.65E-14,243.2,NAN,NAN,0.27,NAN,2.848,0.246,-2.562,7.281,NAN,pksmb,,,,,,,,
525,J1156-5909,NAN,NAN,NAN,49314.78,295.912,2.966,179.08958333,-59.15341667,1.037931,1.02E-15,219.2,NAN,7,NAN,NAN,2.331,0.121,-2.094,7.483,NAN,pks70,,,,,,,,
526,J1157-6224,NAN,NAN,NAN,57600,296.705,-0.199,179.3133625,-62.41414722,0.400526,3.93E-15,325.2,0,145,14,NAN,4,-0.014,-3.573,6.702,NAN,mol1,mol2,pks1,pks70,pksmb,htru_pks,,,
527,J1159-6409,NAN,NAN,NAN,51767,297.295,-1.865,179.84041667,-64.16583333,0.667486,2.4E-17,178,NAN,NAN,0.47,NAN,2.035,-0.066,-1.807,7.567,NAN,pksmb,htru_pks,,,,,,,
528,J1159-7910,NAN,NAN,NAN,49524.41,300.412,-16.551,179.89879167,-79.16822222,0.525074,2.82E-15,59.24,NAN,6,0.7,NAN,1.607,-0.458,-1.328,7.72,NAN,pks70,pkssw,,,,,,,
529,J1201-6306,NAN,NAN,NAN,51676,297.309,-0.793,180.345875,-63.11652778,0.592136,3.56E-15,683,NAN,NAN,0.13,NAN,9.538,-0.132,-8.474,4.125,NAN,pksmb,htru_pks,,,,,,,
530,J1202-5820,-14,1,NAN,57600,296.528,3.919,180.61802083,-58.34267778,0.452803,2.13E-15,145.41,NAN,23,3,NAN,1.887,0.129,-1.684,7.659,NAN,mol2,pks1,pks70,pksmb,htru_pks,,,,
531,J1204-6843,NAN,NAN,NAN,51500,298.684,-6.237,181.153,-68.72144167,0.308861,2.17E-16,133.93,NAN,NAN,0.5,NAN,1.906,-0.207,-1.662,7.591,NAN,pkssw,htru_pks,,,,,,,
532,J1207-5050,NAN,NAN,NAN,55561,295.859,11.424,181.840875,-50.84175,0.00484,NAN,50.6,NAN,NAN,NAN,NAN,1.266,0.251,-1.117,7.959,GRS:2FGL_J1207.3-5055[naa+12],FermiAssoc,,,,,,,,
533,J1208-6238,NAN,NAN,NAN,56040,297.99,-0.178,182.05816667,-62.63425,0.440591,3.27E-12,NAN,NAN,NAN,NAN,NAN,NAN,0,0,8.5,GRS:3FGL_J1208.4-6239[aaa+15],FermiBlind,,,,,,,,
534,J1210-5226,NAN,NAN,NAN,53562,296.545,9.916,182.50379167,-52.44122222,0.424131,2.22E-17,NAN,NAN,NAN,NAN,NAN,2.6,0.448,-2.291,7.355,SNR:G296.5+10.0,XRS:1E_1207.4-5209,misc,,,,,,,
535,J1210-5559,NAN,NAN,NAN,57600,297.136,6.421,182.52494608,-55.98440281,0.279768,7.25E-16,174.35,0,23,2.3,NAN,2.372,0.265,-2.098,7.425,NAN,pks70,pkssw,htru_pks,,,,,,
536,J1210-6322,NAN,NAN,NAN,57648,298.395,-0.859,182.69491667,-63.37247222,1.163186,9.25E-15,547,NAN,NAN,0.15,NAN,9.548,-0.143,-8.398,3.96,NAN,htru_pks,,,,,,,,
537,J1210-6550,NAN,NAN,NAN,52499,298.774,-3.292,182.675,-65.83461111,4.23701,4.31E-16,37,NAN,NAN,0.17,NAN,0.923,-0.053,-0.808,8.056,NAN,pksmb,,,,,,,,
538,J1211-6324,NAN,NAN,NAN,51489,298.47,-0.888,182.85075,-63.41255556,0.433084,2.57E-16,333.8,NAN,NAN,0.45,NAN,8.049,-0.125,-7.075,4.664,NAN,pksmb,htru_pks,,,,,,,
539,J1214-5830,NAN,NAN,NAN,51546,298.065,4.012,183.53508333,-58.50719444,0.909823,5.34E-17,141.1,NAN,NAN,0.14,NAN,1.883,0.132,-1.658,7.616,NAN,pksmb,htru_pks,,,,,,,
540,J1215-5328,NAN,NAN,NAN,51500,297.459,9.009,183.75258333,-53.47544444,0.636414,1.15E-16,163,NAN,NAN,0.5,NAN,3.275,0.513,-2.87,7.008,NAN,pkssw,htru_pks,,,,,,,
541,J1216-50,NAN,NAN,NAN,55196,297.231,12.032,184.08333333,-50.45027778,6.355,NAN,110,NAN,NAN,NAN,NAN,2.302,0.48,-2.002,7.47,NAN,htru_pks,,,,,,,,
542,J1216-6223,NAN,NAN,NAN,55391,298.92,0.202,184.17483333,-62.39916667,0.374053,1.68E-14,790,NAN,NAN,0.23,NAN,18.316,0.064,-16.032,-0.357,NAN,pksmb,,,,,,,,
543,J1220-6318,NAN,NAN,NAN,51216,299.444,-0.652,185.07441667,-63.31291667,0.789212,8.03E-17,347,NAN,NAN,0.68,NAN,8.948,-0.102,-7.792,4.102,NAN,pksmb,htru_pks,,,,,,,
544,J1222-5738,NAN,NAN,NAN,51587,299.102,5.02,185.71791667,-57.63888889,1.081164,1.5E-16,74,NAN,NAN,0.11,NAN,1.408,0.123,-1.226,7.818,NAN,pksmb,,,,,,,,
545,J1223-5856,NAN,NAN,NAN,57405,299.35,3.732,185.91725,-58.94691667,0.288541,5.7E-18,233,NAN,NAN,0.38,NAN,4.77,0.31,-4.149,6.167,NAN,htru_pks,,,,,,,,
546,J1224-6208,NAN,NAN,NAN,51111,299.818,0.565,186.184375,-62.14475,0.585761,2.02E-14,454.2,NAN,NAN,0.23,NAN,9.876,0.097,-8.568,3.589,NAN,pksmb,htru_pks,,,,,,,
547,J1224-6407,20,2,NAN,55191,299.984,-1.415,186.092725,-64.13163056,0.21648,4.95E-15,97.69,NAN,48,8.9,NAN,4,-0.099,-3.464,6.502,XRS:[pb15],misc,mol2,pks1,pks70,pksmb,htru_pks,,,
548,J1225-5556,NAN,NAN,NAN,48660,299.313,6.746,186.4326125,-55.94531667,1.018453,2.06E-15,125.83,NAN,5,0.3,NAN,1.929,0.227,-1.67,7.562,NAN,pks70,htru_pks,,,,,,,
549,J1225-6035,NAN,NAN,NAN,51752,299.748,2.117,186.36929167,-60.59377778,0.626324,2.88E-16,176.1,NAN,NAN,0.26,NAN,2.194,0.081,-1.904,7.412,NAN,pksmb,htru_pks,,,,,,,
550,J1225-6408,NAN,NAN,NAN,43558.59,300.131,-1.414,186.42833333,-64.14527778,0.419618,9.46E-16,415.1,NAN,11,1.8,NAN,9.846,-0.243,-8.513,3.559,NAN,mol2,pks70,pksmb,htru_pks,,,,,
551,J1226+0005,NAN,NAN,NAN,57785,289.28,62.298,186.56,0.09555556,2.285076,2.47E-15,18.5,NAN,0.5,NAN,NAN,1.868,1.654,-0.82,8.213,NAN,lotaas,,,,,,,,
552,J1226-3223,NAN,NAN,NAN,56114,296.908,30.2,186.69428333,-32.38361111,6.193004,7.05E-15,36.7,NAN,NAN,NAN,NAN,2.175,1.094,-1.676,7.649,NAN,pkssw,,,,,,,,
553,J1227-63,NAN,NAN,NAN,56657,300.199,-0.407,186.8,-63.15,0.444578,NAN,359,NAN,NAN,NAN,NAN,9.406,-0.067,-8.129,3.769,NAN,htru_pks,,,,,,,,
554,J1231-4609,NAN,NAN,NAN,53000,299.379,16.573,187.94066667,-46.16255556,0.877239,3.8E-17,76,NAN,NAN,1.7,NAN,2.43,0.693,-2.03,7.357,NAN,pkssw,,,,,,,,
555,J1231-6303,NAN,NAN,NAN,57600,300.644,-0.273,187.80416667,-63.055,1.351236,1.32E-16,301,NAN,NAN,1.5,NAN,8.279,-0.039,-7.123,4.28,NAN,pksmb,htru_pks,,,,,,,
556,J1232-4742,NAN,NAN,NAN,53000,299.604,15.034,188.07958333,-47.71413889,1.872994,1.4E-17,26,NAN,NAN,NAN,NAN,0.871,0.226,-0.731,8.084,NAN,pkssw,htru_pks,,,,,,,
557,J1233-6312,NAN,NAN,NAN,51396,300.915,-0.406,188.38125,-63.20805556,0.564759,6.92E-15,414,NAN,NAN,0.25,NAN,10.02,-0.071,-8.596,3.352,NAN,pksmb,htru_pks,,,,,,,
558,J1233-6344,NAN,NAN,NAN,51451,300.968,-0.945,188.41625,-63.74861111,0.756892,3.88E-15,495,NAN,NAN,0.07,NAN,10.379,-0.171,-8.898,3.16,NAN,pksmb,htru_pks,,,,,,,
559,J1234-3630,NAN,NAN,NAN,57602,299.071,26.231,188.55,-36.51141667,0.569242,8.66E-16,58.8,NAN,NAN,NAN,NAN,5.728,2.532,-4.491,6.003,NAN,gbncc,,,,,,,,
560,J1235-54,NAN,NAN,NAN,43558.61,300.597,7.849,188.82916667,-54.95,0.638234,NAN,100,NAN,4.5,1,NAN,1.741,0.238,-1.485,7.622,NAN,mol2,pkssw,,,,,,,
561,J1235-6354,NAN,NAN,NAN,51700,301.231,-1.088,188.9905,-63.90844444,0.256778,1.97E-16,439.9,NAN,NAN,0.16,NAN,10.296,-0.195,-8.802,3.163,NAN,pksmb,htru_pks,,,,,,,
562,J1236-0159,NAN,NAN,NAN,57803,295.065,60.65,189.01041667,-1.98611111,3.597574,5.1E-15,19.08,NAN,NAN,NAN,NAN,2.039,1.777,-0.905,8.077,NAN,lotaas,,,,,,,,
563,J1236-5033,NAN,NAN,NAN,51500,300.584,12.246,189.24645833,-50.56008333,0.29476,1.56E-16,105.02,NAN,NAN,0.6,NAN,2.755,0.584,-2.318,7.13,NAN,pkssw,htru_pks,,,,,,,
564,J1237-6725,NAN,NAN,NAN,51702,301.584,-4.591,189.35791667,-67.42608333,2.110974,2.19E-15,176.5,NAN,NAN,0.4,NAN,3.036,-0.243,-2.578,6.915,NAN,pksmb,htru_pks,,,,,,,
565,J1238+2152,NAN,NAN,NAN,51438,272.789,83.962,189.59656936,21.86974274,1.118591,1.45E-15,17.97,NAN,2,NAN,NAN,2.555,2.541,-0.268,8.487,NAN,ar4,lotaas,,,,,,,
566,J1239+2453,-104.5,49.4,1.16,46531,252.45,86.541,189.91858917,24.897025,1.382449,9.6E-16,9.25,0,110,23.2,NAN,0.84,0.838,-0.048,8.515,NAN,gb1,ar4,gb4,lotaas,,,,,
567,J1239-48,NAN,NAN,NAN,NAN,300.78,14.82,189.75,-48,0.6539,NAN,107.6,NAN,NAN,NAN,NAN,5.355,1.37,-4.448,5.851,NAN,ghrss,,,,,,,,
568,J1239-6832,NAN,NAN,NAN,57600,301.879,-5.693,189.99566667,-68.54137222,1.301923,1.19E-14,94.3,NAN,6.5,0.96,NAN,1.575,-0.156,-1.331,7.672,NAN,mol2,pks70,pkssw,pksmb,htru_pks,,,,
569,J1240-4124,NAN,NAN,NAN,43564.84,300.688,21.409,190.073375,-41.41436111,0.512242,1.74E-15,44.1,NAN,3.5,0.6,NAN,1.682,0.614,-1.347,7.701,NAN,mol2,pkssw,ghrss,,,,,,
570,J1242+39,NAN,NAN,NAN,57022,130.76,77.36,190.64166667,39.63333333,1.31,NAN,26,NAN,NAN,NAN,NAN,25,24.394,4.144,12.072,NAN,misc,lotaas,,,,,,,
571,J1243+17,NAN,NAN,NAN,NAN,290.63,80.536,190.75,17.86666667,1.2165,NAN,5,NAN,NAN,NAN,NAN,0.405,0.399,-0.062,8.477,NAN,misc,,,,,,,,
572,J1243-5735,NAN,NAN,NAN,51590,301.876,5.26,190.89741667,-57.59522222,0.471225,8E-17,270.6,NAN,NAN,0.14,NAN,14.144,1.297,-11.96,1.062,NAN,pksmb,,,,,,,,
573,J1243-6423,NAN,NAN,NAN,57600,302.051,-1.532,190.82125417,-64.389925,0.388485,4.49E-15,297.25,NAN,110,34.2,NAN,2,-0.053,-1.695,7.439,NAN,mol1,mol2,pks1,pks70,pksmb,htru_pks,,,
574,J1244-5053,NAN,NAN,NAN,51500,301.764,11.966,191.04783333,-50.88905556,0.275207,1E-15,109.95,NAN,NAN,0.2,NAN,3.422,0.71,-2.846,6.738,NAN,pkssw,htru_pks,,,,,,,
575,J1244-6531,NAN,NAN,NAN,54196.5,302.227,-2.658,191.15958333,-65.52,1.546819,7.18E-15,388,NAN,NAN,0.17,NAN,10.862,-0.504,-9.179,2.714,NAN,pksmb,htru_pks,,,,,,,
576,J1245-6238,NAN,NAN,NAN,51206,302.233,0.215,191.338,-62.64886111,2.283093,1.09E-14,336.2,NAN,NAN,0.14,NAN,9.956,0.037,-8.422,3.19,NAN,pksmb,htru_pks,,,,,,,
577,J1246+2253,NAN,NAN,NAN,53400,288.809,85.64,191.70567917,22.89535278,0.473871,8.89E-17,17.79,NAN,29,0.39,NAN,2.465,2.458,-0.177,8.44,NAN,ar4,lotaas,,,,,,,
578,J1248-6344,NAN,NAN,NAN,51451,302.637,-0.866,192.19316667,-63.736,0.198335,1.69E-14,433,NAN,NAN,0.2,NAN,10.699,-0.162,-9.009,2.731,NAN,pksmb,,,,,,,,
579,J1248-6444,NAN,NAN,NAN,56715,302.623,-1.863,192.13695833,-64.73333333,1.234893,1.93E-15,236.4,NAN,NAN,0.15,NAN,5.969,-0.194,-5.025,5.284,NAN,htru_pks,,,,,,,,
580,J1249-6507,NAN,NAN,NAN,51724,302.771,-2.251,192.47633333,-65.12216667,0.434445,1.21E-17,215,NAN,NAN,0.1,NAN,5.123,-0.201,-4.304,5.729,NAN,pksmb,htru_pks,,,,,,,
581,J1251-7407,NAN,NAN,NAN,55332,302.963,-11.249,192.97058333,-74.12084444,0.327058,3.65E-16,89.81,NAN,NAN,0.2,NAN,1.86,-0.363,-1.531,7.507,NAN,htru_pks,,,,,,,,
582,J1252-6314,NAN,NAN,NAN,51155,303.075,-0.371,193.17758333,-63.24241667,0.823339,1.08E-16,278.4,NAN,NAN,0.66,NAN,7.317,-0.047,-6.131,4.507,NAN,pksmb,htru_pks,,,,,,,
583,J1253-5820,24,13,NAN,49020,303.2,4.526,193.36809167,-58.34469167,0.255496,2.1E-15,100.58,NAN,20,4.1,NAN,1.641,0.129,-1.369,7.604,NAN,pks70,pksmb,htru_pks,,,,,,
584,J1254-6150,NAN,NAN,NAN,51368,303.298,1.022,193.63533333,-61.84744444,0.184502,6.24E-16,95,NAN,NAN,0.15,NAN,1.531,0.027,-1.279,7.66,NAN,pksmb,,,,,,,,
585,J1255-46,NAN,NAN,NAN,56657,303.578,16.867,193.75,-46,0.052,NAN,42.9,NAN,NAN,NAN,NAN,1.359,0.394,-1.084,7.781,NAN,ghrss,,,,,,,,
586,J1255-6131,NAN,NAN,NAN,51449,303.466,1.348,193.97858333,-61.51947222,0.657974,4E-15,206.5,NAN,NAN,0.13,NAN,4.824,0.113,-4.023,5.841,NAN,pksmb,htru_pks,,,,,,,
587,J1255-62,NAN,NAN,NAN,56657,303.373,0.068,193.825,-62.8,0.182912,NAN,713,NAN,NAN,0.13,NAN,19.757,0.024,-16.499,-2.368,NAN,htru_pks,,,,,,,,
588,J1257-1027,-7.15,12.08,0.13,49667,305.205,52.395,194.26984375,-10.45154194,0.617308,3.63E-16,29.63,NAN,12,1.2,NAN,25,19.806,-12.465,-0.295,NAN,gb2,pks70,,,,,,,
589,J1259-6741,NAN,NAN,NAN,57600,303.688,-4.834,194.84433333,-67.69451944,0.66333,8.55E-16,94.7,NAN,4.5,1.3,NAN,1.574,-0.133,-1.305,7.63,NAN,mol2,pks70,pksmb,htru_pks,,,,,
590,J1300-6602,NAN,NAN,NAN,57554,303.848,-3.182,195.11220833,-66.038,1.143316,3.35E-16,460,NAN,NAN,0.12,NAN,15.566,-0.864,-12.908,-0.157,NAN,htru_pks,,,,,,,,
591,J1301-6305,NAN,NAN,NAN,51206,304.1,-0.244,195.44066667,-63.09275,0.184528,2.67E-13,374,NAN,NAN,0.49,NAN,10.717,-0.046,-8.874,2.492,NAN,pksmb,htru_pks,,,,,,,
592,J1301-6310,NAN,NAN,NAN,51487,304.064,-0.328,195.36791667,-63.17791667,0.66383,5.64E-14,86.1,NAN,NAN,0.11,NAN,1.458,-0.008,-1.208,7.683,XRS:[pb15],pksmb,,,,,,,,
593,J1302-32,NAN,NAN,NAN,55196,305.539,30.818,195.5,-32,0.00377,NAN,26.2,NAN,0.5,NAN,NAN,1.493,0.765,-1.043,7.755,GRS:2FGL_J1302.4-3257[naa+12],FermiAssoc,,,,,,,,
594,J1302-63,NAN,NAN,NAN,50571,304.107,-0.901,195.51666667,-63.74805556,0.325724,NAN,875,NAN,NAN,0.1,NAN,25,-0.393,-20.697,-5.517,NAN,misc,pksmb,htru_pks,,,,,,
595,J1302-6313,NAN,NAN,NAN,51342,304.157,-0.379,195.58,-63.22472222,0.967846,6.33E-15,500,NAN,NAN,0.18,NAN,11.331,-0.075,-9.376,2.138,NAN,pksmb,,,,,,,,
596,J1303+38,NAN,NAN,NAN,NAN,111.027,78.636,195.825,38.21666667,0.3963,NAN,19,NAN,NAN,NAN,NAN,3.19,3.127,0.587,8.726,NAN,lotaas,,,,,,,,
597,J1303-6305,NAN,NAN,NAN,51138,304.24,-0.241,195.75008333,-63.08355556,2.306642,2.18E-15,343,NAN,NAN,0.36,NAN,10.248,-0.043,-8.472,2.734,NAN,pksmb,htru_pks,,,,,,,
598,J1305-6203,NAN,NAN,NAN,55390,304.561,0.772,196.33808333,-62.05585278,0.427774,3.22E-14,471,NAN,NAN,0.67,NAN,11.6,0.156,-9.552,1.92,NAN,pksmb,htru_pks,,,,,,,
599,J1305-6256,NAN,NAN,NAN,51138,304.526,-0.116,196.36666667,-62.94416667,0.478231,2.11E-15,967,NAN,NAN,0.32,NAN,25,-0.051,-20.597,-5.67,NAN,pksmb,htru_pks,,,,,,,
600,J1305-6455,NAN,NAN,NAN,57600,304.411,-2.093,196.34779167,-64.92458333,0.571652,4.03E-15,505,0,29,2.1,NAN,11.9,-0.435,-9.811,1.78,NAN,mol2,pks1,pks70,pksmb,htru_pks,,,,
601,J1305-66,NAN,NAN,NAN,51559.7,304.338,-3.817,196.4,-66.65,0.197276,NAN,316.1,NAN,NAN,0.2,NAN,11.627,-0.774,-9.579,1.956,NAN,pksmb,,,,,,,,
602,J1306-6242,NAN,NAN,NAN,51448,304.686,0.119,196.68583333,-62.70083333,0.981902,5.86E-15,480,NAN,NAN,0.14,NAN,11.43,0.024,-9.399,1.995,NAN,pksmb,htru_pks,,,,,,,
603,J1306-6617,NAN,NAN,NAN,57600,304.462,-3.463,196.65883333,-66.28922222,0.473028,5.98E-15,436.9,0.01,NAN,5,NAN,15.872,-0.959,-13.063,-0.465,NAN,pks1,pksmb,htru_pks,,,,,,
604,J1307-6318,NAN,NAN,NAN,51206,304.781,-0.497,196.97791667,-63.30972222,4.962427,2.11E-14,374,NAN,NAN,1.4,NAN,10.783,-0.094,-8.856,2.349,NAN,pksmb,htru_pks,,,,,,,
605,J1307-67,NAN,NAN,NAN,55196,304.518,-4.236,196.92083333,-67.0575,3.6512,NAN,44,NAN,NAN,NAN,NAN,1.093,-0.081,-0.898,7.882,NAN,pksmb,htru_pks,,,,,,,
606,J1308+2127,NAN,NAN,NAN,53415.68,338.733,83.082,197.201125,21.45188333,10.312522,1.12E-13,NAN,NAN,NAN,NAN,NAN,NAN,0,0,8.5,XRS:RX_J1308.6+2127,OPT:[kkvh11],misc,,,,,,,
607,J1308-4650,NAN,NAN,NAN,53000,306.008,15.927,197.1857875,-46.84158333,1.058833,5.26E-16,66,NAN,NAN,NAN,NAN,2.188,0.6,-1.702,7.263,NAN,pkssw,,,,,,,,
608,J1308-5844,NAN,NAN,NAN,51560,305.13,4.062,197.08783333,-58.73716667,0.4647,8.64E-15,205.6,NAN,NAN,0.21,NAN,6.462,0.458,-5.272,4.791,NAN,pksmb,htru_pks,,,,,,,
609,J1309-6415,NAN,NAN,NAN,51303,304.867,-1.462,197.31916667,-64.26638889,0.619454,8.79E-15,574,NAN,NAN,0.21,NAN,11.977,-0.306,-9.824,1.655,NAN,pksmb,htru_pks,,,,,,,
610,J1309-6526,NAN,NAN,NAN,51767,304.758,-2.628,197.25120833,-65.43794444,0.398292,1.84E-17,340,NAN,NAN,0.15,NAN,11.256,-0.516,-9.238,2.09,NAN,pksmb,,,,,,,,
611,J1311-1228,NAN,NAN,NAN,49667,310.723,50.095,197.96937478,-12.46711749,0.447518,1.51E-16,36.21,NAN,4,0.5,NAN,25,19.178,-12.155,-1.963,NAN,gb2,pks70,,,,,,,
612,J1312-5402,NAN,NAN,NAN,57600,305.994,8.704,198.01961667,-54.04513889,0.728154,1.47E-16,133,NAN,15,NAN,NAN,4.905,0.742,-3.923,5.651,NAN,mol2,pks70,pkssw,ghrss,,,,,
613,J1312-5516,NAN,NAN,NAN,57600,306.01,7.464,198.22305417,-55.27980556,0.849243,5.7E-15,134.1,NAN,16,NAN,NAN,4.187,0.544,-3.358,6.059,NAN,mol2,pks70,pkssw,htru_pks,,,,,
614,J1312-6400,NAN,NAN,NAN,51303,305.195,-1.235,198.02983333,-64.01544444,2.437432,6.83E-16,93,NAN,NAN,0.75,NAN,1.526,-0.033,-1.247,7.621,NAN,pksmb,htru_pks,,,,,,,
615,J1313+0931,NAN,NAN,NAN,50984.5,320.366,71.657,198.34583333,9.53222222,0.848933,8E-16,12.04,NAN,3.5,0.16,NAN,1.08,1.025,-0.217,8.238,NAN,misc,lotaas,,,,,,,
616,J1314-6101,NAN,NAN,NAN,51396,305.71,1.727,198.5975,-61.02111111,2.94839,1.17E-14,309,NAN,NAN,0.41,NAN,8.539,0.257,-6.93,3.518,NAN,pksmb,htru_pks,,,,,,,
617,J1316-6232,NAN,NAN,NAN,49800,305.848,0.191,199.19291667,-62.53672222,0.342825,5.3E-15,983.3,NAN,NAN,0.74,NAN,25,0.084,-20.264,-6.141,NAN,misc,pksmb,htru_pks,,,,,,
618,J1317-5759,NAN,NAN,NAN,53911,306.428,4.701,199.442875,-57.99180556,2.642199,1.26E-14,145.3,NAN,NAN,NAN,NAN,3.765,0.309,-3.019,6.272,NAN,pksmb,,,,,,,,
619,J1317-6302,NAN,NAN,NAN,51138,305.908,-0.328,199.43620833,-63.04783333,0.261271,1.02E-16,678.1,NAN,NAN,1.6,NAN,12.771,-0.073,-10.344,1.01,NAN,pksmb,htru_pks,,,,,,,
620,J1319-6056,NAN,NAN,NAN,57600,306.314,1.742,199.834375,-60.94633056,0.284353,1.53E-15,400.94,0,NAN,1.3,NAN,11.852,0.36,-9.546,1.484,NAN,pks1,pksmb,htru_pks,,,,,,
621,J1319-6105,NAN,NAN,NAN,51709,306.311,1.597,199.85966667,-61.09061111,0.421118,1.5E-15,442.2,NAN,NAN,0.84,NAN,12.194,0.34,-9.822,1.282,NAN,pksmb,htru_pks,,,,,,,
622,J1320-3512,NAN,NAN,NAN,48734,309.543,27.295,200.05283333,-35.20722222,0.458488,1.9E-18,16.42,NAN,7,4.7,NAN,0.873,0.4,-0.598,8.006,NAN,pks70,pkssw,,,,,,,
623,J1320-5359,8,49,NAN,57600,307.305,8.637,200.22467083,-53.98472222,0.279738,9.25E-15,97.1,0,18,2.1,NAN,2.204,0.331,-1.733,7.179,NAN,mol2,pks70,pkssw,htru_pks,ghrss,,,,
624,J1320+67,NAN,NAN,NAN,56292,118.741,49.395,200,67.5,1.02862,NAN,28,NAN,1.4,NAN,NAN,25,18.98,14.266,16.324,NAN,gbncc,,,,,,,,
625,J1321-5922,NAN,NAN,NAN,54212,306.778,3.265,200.41483333,-59.38113889,1.279058,2.37E-15,383,NAN,NAN,0.19,NAN,25,1.424,-19.992,-6.444,NAN,pksmb,,,,,,,,
626,J1321+8323,-52.66,32.45,0.92,48889,121.887,33.672,200.44013125,83.39428667,0.670037,5.66E-16,13.32,NAN,11,0.9,NAN,1.087,0.603,0.768,8.978,NAN,gb1,gb2,gbncc,lotaas,,,,,
627,J1322-62,NAN,NAN,NAN,50591.6,306.512,-0.197,200.725,-62.85,1.044851,NAN,733.6,NAN,NAN,0.3,NAN,15.752,-0.054,-12.66,-0.872,NAN,pksmb,,,,,,,,
628,J1322-6241,NAN,NAN,NAN,51138,306.489,-0.041,200.63395833,-62.69819444,0.506058,2.59E-15,618.8,NAN,NAN,0.37,NAN,12.236,-0.009,-9.837,1.224,NAN,pksmb,htru_pks,,,,,,,
629,J1322-6329,NAN,NAN,NAN,51456,306.367,-0.828,200.575,-63.49361111,2.764209,1.11E-14,659,NAN,NAN,0.17,NAN,12.376,-0.179,-9.965,1.162,NAN,pksmb,,,,,,,,
630,J1324-6146,NAN,NAN,NAN,51397,306.859,0.851,201.18291667,-61.76666667,0.844109,5.58E-15,828,NAN,NAN,0.73,NAN,25,0.371,-20.001,-6.495,NAN,pksmb,htru_pks,,,,,,,
631,J1324-6302,NAN,NAN,NAN,51523,306.638,-0.404,201.056875,-63.03919444,2.483804,9.79E-16,497,NAN,NAN,0.23,NAN,11.685,-0.082,-9.376,1.527,NAN,pksmb,htru_pks,,,,,,,
632,J1326+33,NAN,NAN,NAN,NAN,76.238,79.917,201.675,33.76666667,0.0415,NAN,4.19,NAN,NAN,NAN,NAN,0.344,0.339,0.058,8.486,NAN,misc,,,,,,,,
633,J1326-5859,NAN,NAN,NAN,57600,307.504,3.565,201.74257083,-58.99146944,0.477994,3.24E-15,287.3,0,120,18,NAN,3,0.187,-2.375,6.677,NAN,mol2,pks1,pks70,pksmb,htru_pks,,,,
634,J1326-6408,NAN,NAN,NAN,57600,306.748,-1.534,201.6351375,-64.1455,0.792674,3.09E-15,502.7,0,18,1.9,NAN,11.992,-0.321,-9.605,1.328,NAN,mol2,pks70,pksmb,htru_pks,,,,,
635,J1326-6700,NAN,NAN,NAN,57600,306.31,-4.369,201.511375,-67.01366667,0.543015,5.33E-15,209.6,NAN,28,13.6,NAN,6.734,-0.513,-5.411,4.524,NAN,mol2,pksmb,htru_pks,,,,,,
636,J1327-6222,NAN,NAN,NAN,57600,307.074,0.204,201.82156667,-62.37929444,0.529929,1.88E-14,318.8,0,135,21,NAN,4,0.014,-3.191,6.089,NAN,misc,mol2,pks1,pks70,pksmb,htru_pks,,,
637,J1327-6301,NAN,NAN,NAN,57600,306.966,-0.429,201.78096667,-63.020975,0.19648,1.53E-15,294.91,NAN,NAN,4.2,NAN,6.218,-0.047,-4.968,4.761,NAN,pks1,pksmb,htru_pks,,,,,,
638,J1327-6400,NAN,NAN,NAN,51206,306.836,-1.403,201.79279167,-64.00363889,0.280678,3.12E-14,679,NAN,NAN,0.21,NAN,12.991,-0.318,-10.394,0.714,NAN,pksmb,htru_pks,,,,,,,
639,J1328-4357,3,54,NAN,51360,309.874,18.415,202.0268,-43.96225556,0.532699,3.01E-15,42,NAN,18,4.4,NAN,1.424,0.45,-1.037,7.634,NAN,mol2,pks70,pkssw,,,,,,
640,J1328-4921,NAN,NAN,NAN,43557.83,309.122,13.066,202.13991667,-49.35927778,1.478721,6.1E-16,118,0,11,NAN,NAN,8.396,1.898,-6.345,3.339,NAN,mol2,pks70,pkssw,htru_pks,,,,,
641,J1329+13,NAN,NAN,NAN,NAN,338.007,73.989,202.25,13.73333333,NAN,NAN,12,NAN,NAN,NAN,NAN,1.087,1.045,-0.112,8.222,NAN,misc,,,,,,,,
642,J1329-6158,NAN,NAN,NAN,51490,307.334,0.567,202.26375,-61.98305556,1.565218,3.39E-14,514,NAN,NAN,0.22,NAN,11.872,0.117,-9.439,1.3,NAN,pksmb,htru_pks,,,,,,,
643,J1331-5245,NAN,NAN,NAN,55195,308.985,9.649,202.75004167,-52.75705556,0.648117,5.1E-16,148.4,NAN,NAN,0.3,NAN,8.933,1.497,-6.846,2.96,NAN,htru_pks,,,,,,,,
644,J1332-03,NAN,NAN,NAN,56657,322.25,57.909,203,-3.43333333,1.1064,NAN,27.1,NAN,NAN,NAN,NAN,25,21.18,-8.131,-2.002,NAN,gb350,,,,,,,,
645,J1332-3032,NAN,NAN,NAN,50625.78,313.396,31.49,203.21868568,-30.53813716,0.650434,5.6E-16,15.1,NAN,9,0.3,NAN,0.882,0.461,-0.546,7.983,NAN,pks70,,,,,,,,
646,J1333-4449,NAN,NAN,NAN,53000,310.774,17.403,203.4367875,-44.82395,0.345603,5.4E-19,44.3,NAN,NAN,0.3,NAN,1.434,0.429,-1.036,7.606,NAN,pkssw,,,,,,,,
647,J1334+10,NAN,NAN,NAN,NAN,335.745,70.162,203.625,10.08333333,0.9111,NAN,24,NAN,NAN,NAN,NAN,25,23.516,-3.485,0.765,NAN,lotaas,,,,,,,,
648,J1334-5839,NAN,NAN,NAN,48959,308.52,3.749,203.62545458,-58.65459583,0.107718,2.16E-17,119.3,NAN,18,0.62,NAN,2.495,0.163,-1.948,6.949,NAN,pks70,pksmb,htru_pks,,,,,,
649,J1335-3642,NAN,NAN,NAN,50400,312.713,25.332,203.9,-36.7,0.399192,NAN,41.7,NAN,10,NAN,NAN,2.479,1.061,-1.646,6.98,NAN,pks70,pkssw,,,,,,,
650,J1336-2522,NAN,NAN,NAN,57514,315.557,36.401,204.08683333,-25.36711111,0.478145,3.31E-16,37.5,NAN,NAN,NAN,NAN,5.467,3.244,-3.081,5.358,NAN,gbncc,,,,,,,,
651,J1336+33,NAN,NAN,NAN,NAN,70.319,78.337,204,33.76666667,3.013,NAN,8.5,NAN,NAN,NAN,NAN,0.719,0.704,0.137,8.451,NAN,misc,,,,,,,,
652,J1337-4441,NAN,NAN,NAN,57388,311.408,17.402,204.275,-44.71666667,1.25752,NAN,96,NAN,NAN,NAN,NAN,25,7.477,-17.892,-7.278,NAN,pks_superb,,,,,,,,
653,J1337-6306,NAN,NAN,NAN,51900,308.095,-0.696,204.33479167,-63.10647222,0.207953,3.56E-16,777.7,NAN,NAN,0.11,NAN,12.932,-0.157,-10.177,0.522,NAN,pksmb,,,,,,,,
654,J1338-6204,NAN,NAN,NAN,57600,308.372,0.305,204.53852917,-62.07186111,1.239001,1.38E-14,640.3,0.03,NAN,5.9,NAN,12.363,0.066,-9.692,0.826,NAN,pks1,pksmb,htru_pks,,,,,,
655,J1339-4712,NAN,NAN,NAN,53000,311.424,14.869,204.98578583,-47.20153333,0.137055,5.3E-19,39.9,NAN,NAN,0.7,NAN,1.212,0.311,-0.878,7.725,NAN,pkssw,htru_pks,,,,,,,
656,J1339-6618,NAN,NAN,NAN,51760,307.786,-3.889,204.98583333,-66.30216667,0.558179,3.5E-16,241,NAN,NAN,0.23,NAN,7.327,-0.497,-5.777,4.021,NAN,pksmb,htru_pks,,,,,,,
657,J1340-6456,NAN,NAN,NAN,43564.94,308.047,-2.557,205.00133333,-64.94525,0.378622,5.05E-15,76.99,NAN,9,0.9,NAN,1.402,-0.063,-1.103,7.637,NAN,mol2,pks70,pksmb,htru_pks,,,,,
658,J1341-6023,NAN,NAN,NAN,51280,309.035,1.889,205.28070833,-60.39297222,0.627285,1.95E-14,364.6,NAN,NAN,0.63,NAN,7.278,0.24,-5.65,3.919,NAN,pksmb,htru_pks,,,,,,,
659,J1341-6220,NAN,NAN,NAN,49381,308.73,-0.035,205.427625,-62.33908333,0.19334,2.53E-13,719.65,0.03,NAN,2.7,NAN,12.599,-0.008,-9.829,0.617,SNR:G308.8-0.1[cks+92],XRS:[pb15],misc,pks1,pksmb,htru_pks,,,,
660,J1342+2822A,NAN,NAN,NAN,52770,42.209,78.709,205.54583333,28.37555556,0.002545,NAN,26.5,NAN,NAN,0.01,NAN,9.9,9.708,1.302,7.064,GC:M3,misc,,,,,,,,
661,J1342+2822C,NAN,NAN,NAN,52770,42.209,78.709,205.54583333,28.37555556,0.002166,NAN,26.5,NAN,NAN,0.01,NAN,9.9,9.708,1.302,7.064,GC:M3,misc,,,,,,,,
662,J1343+6634,NAN,NAN,NAN,57785,114.896,49.727,205.99691667,66.573625,1.394104,1.09E-15,30.03,NAN,NAN,NAN,NAN,25,19.074,14.659,15.303,NAN,lotaas,,,,,,,,
663,J1344-5855,NAN,NAN,NAN,57942,309.794,3.234,206.22104167,-58.92354722,0.252398,2.91E-15,294.1,NAN,NAN,0.14,NAN,7.537,0.425,-5.782,3.684,NAN,htru_pks,,,,,,,,
664,J1344-6059,NAN,NAN,NAN,51676,309.341,1.216,206.165,-60.99194444,0.540102,4.3E-17,435,NAN,NAN,0.19,NAN,7.414,0.157,-5.733,3.801,NAN,pksmb,htru_pks,,,,,,,
665,J1345-6115,NAN,NAN,NAN,51138,309.414,0.928,206.435125,-61.2585,1.253085,3.25E-15,278.1,NAN,NAN,0.59,NAN,5.565,0.09,-4.299,4.967,NAN,pksmb,htru_pks,,,,,,,
666,J1346-4918,NAN,NAN,NAN,55000,312.059,12.594,206.593125,-49.302,0.299625,3.5E-17,74.42,NAN,NAN,0.5,NAN,2.529,0.551,-1.832,6.847,NAN,htru_pks,,,,,,,,
667,J1347-5947,NAN,NAN,NAN,51294,309.914,2.318,206.83075,-59.79438889,0.609962,1.42E-14,293.4,NAN,NAN,0.67,NAN,6.285,0.254,-4.817,4.471,NAN,pksmb,htru_pks,,,,,,,
668,J1348-6307,NAN,NAN,NAN,51304,309.353,-0.962,207.17666667,-63.11777778,0.927772,3.79E-15,597,NAN,NAN,0.51,NAN,10.64,-0.179,-8.226,1.754,NAN,pksmb,htru_pks,,,,,,,
669,J1349-6130,NAN,NAN,NAN,55429,309.813,0.587,207.40258333,-61.50475556,0.259365,5.12E-15,284.5,NAN,NAN,0.76,NAN,5.486,0.056,-4.214,4.988,NAN,pksmb,htru_pks,,,,,,,
670,J1349-63,NAN,NAN,NAN,56657,309.237,-1.772,207.325,-63.93333333,0.373034,NAN,478,NAN,NAN,NAN,NAN,9.312,-0.288,-7.209,2.613,NAN,htru_pks,,,,,,,,
671,J1350-5115,NAN,NAN,NAN,57600,312.233,10.549,207.56732917,-51.25682222,0.2957,7.58E-16,90.39,NAN,9,NAN,NAN,3.304,0.605,-2.405,6.317,NAN,pks70,pkssw,htru_pks,,,,,,
672,J1350-6225,NAN,NAN,NAN,55806,309.734,-0.343,207.68520833,-62.42883333,0.138158,8.88E-15,NAN,NAN,NAN,NAN,NAN,NAN,0,0,8.5,GRS:3FGL_J1350.4-6224[aaa+15],FermiBlind,,,,,,,,
673,J1352-6803,NAN,NAN,NAN,51650,308.614,-5.866,208.14354167,-68.06030556,0.628903,1.23E-15,214.6,NAN,NAN,1,NAN,9.902,-1.012,-7.697,2.353,NAN,pkssw,pksmb,htru_pks,,,,,,
674,J1354-6249,NAN,NAN,NAN,51396,310.07,-0.832,208.64583333,-62.825,2.951938,1.48E-14,254,NAN,NAN,0.24,NAN,5.159,-0.075,-3.948,5.179,NAN,pksmb,htru_pks,,,,,,,
675,J1355-5153,NAN,NAN,NAN,57600,312.951,9.713,208.99455,-51.89831944,0.644305,2.81E-15,112.1,NAN,12,NAN,NAN,4.984,0.841,-3.596,5.153,NAN,mol2,pks70,pkssw,htru_pks,ghrss,,,,
676,J1355-5747,NAN,NAN,NAN,53513,311.425,4.022,208.90395833,-57.7875,2.038674,7.15E-16,229,NAN,NAN,0.36,NAN,6.443,0.452,-4.819,4.248,NAN,pksmb,htru_pks,,,,,,,
677,J1355-5925,NAN,NAN,NAN,51730,311.069,2.431,208.99629167,-59.41691667,1.213381,5.99E-15,354.8,NAN,NAN,0.55,NAN,7.208,0.306,-5.429,3.769,NAN,pksmb,htru_pks,,,,,,,
678,J1355-6206,NAN,NAN,NAN,51724,310.332,-0.156,208.83891667,-62.10558333,0.276603,3.1E-18,547,NAN,NAN,0.54,NAN,7.542,-0.02,-5.749,3.619,NAN,pksmb,htru_pks,,,,,,,
679,J1356-5521,NAN,NAN,NAN,49016,312.199,6.337,209.21065833,-55.3536,0.50738,7.24E-16,174.17,NAN,12,0.9,NAN,7.317,0.808,-5.387,3.615,NAN,pks70,htru_pks,,,,,,,
680,J1357-62,NAN,NAN,NAN,47900,310.474,-0.565,209.35416667,-62.46666667,0.455761,NAN,416.8,NAN,NAN,13.2,NAN,6.482,-0.064,-4.931,4.293,NAN,misc,pks1,pksmb,htru_pks,,,,,
681,J1357-6429,NAN,NAN,NAN,52921,309.923,-2.514,209.260125,-64.49172222,0.166108,3.6E-13,128.5,NAN,NAN,0.52,NAN,3.1,-0.136,-2.375,6.512,XRS:PWN[zav07],pksmb,htru_pks,,,,,,,
682,J1358-2533,NAN,NAN,NAN,48742,321.485,34.887,209.675,-25.55,0.912971,NAN,31.27,NAN,6,NAN,NAN,2.545,1.456,-1.3,6.867,NAN,pks70,,,,,,,,
683,J1359-6038,NAN,NAN,NAN,57600,311.239,1.126,209.9927,-60.63543056,0.127508,6.33E-15,293.74,0,105,12.5,NAN,5,0.098,-3.759,5.205,NAN,mol2,pks1,pks70,pksmb,htru_pks,,,,
684,J1400+21,NAN,NAN,NAN,NAN,16.752,73.332,210.075,21.45,NAN,NAN,10.5,NAN,NAN,NAN,NAN,0.908,0.87,0.075,8.251,NAN,misc,,,,,,,,
685,J1400-6325,NAN,NAN,NAN,55105,310.592,-1.593,210.190375,-63.4285,0.031182,3.89E-14,563,NAN,NAN,0.25,NAN,7,-0.195,-5.313,3.947,GRS:IGR_J14003-6326,SNR:G310.6-1.6,misc,,,,,,,
686,J1401-6357,NAN,NAN,NAN,57600,310.569,-2.139,210.46854167,-63.96166667,0.842805,1.68E-14,98,NAN,34,7.1,NAN,1.8,-0.067,-1.366,7.33,NAN,mol2,pks1,pks70,pksmb,htru_pks,,,,
687,J1402-50,NAN,NAN,NAN,58657.41,314.434,10.906,210.73333333,-50.36194444,1.380182,5.41E-15,51,NAN,10,NAN,NAN,1.285,0.243,-0.901,7.617,NAN,mol1,mol2,pkssw,,,,,,
688,J1403-0314,NAN,NAN,NAN,56656,335.565,54.97,210.92083333,-3.25777778,0.362634,NAN,31,NAN,NAN,NAN,NAN,25,20.471,-5.936,-4.565,NAN,htru_pks,,,,,,,,
689,J1403-6310,NAN,NAN,NAN,51341,310.928,-1.423,210.80833333,-63.17416667,0.39917,9E-17,305,NAN,NAN,0.65,NAN,5.667,-0.141,-4.28,4.789,NAN,pksmb,htru_pks,,,,,,,
690,J1403-7646,NAN,NAN,NAN,49526.44,307.096,-14.494,210.76708333,-76.78263889,1.306198,1.2E-15,100.6,NAN,4,0.8,NAN,5.307,-1.328,-4.098,5.401,NAN,pks70,pkssw,,,,,,,
691,J1404+1159,NAN,NAN,NAN,57820,355.078,67.115,211.1541125,11.98777778,2.650439,1.38E-15,18.5,NAN,2.7,0.28,NAN,2.189,2.017,-0.073,7.652,NAN,ar4,misc,lotaas,,,,,,
692,J1405-5641,NAN,NAN,NAN,52898,312.971,4.737,211.30170833,-56.69005556,0.617575,1.2E-15,273,NAN,NAN,0.1,NAN,12.383,1.023,-9.03,0.088,NAN,pksmb,htru_pks,,,,,,,
693,J1406-4233,NAN,NAN,NAN,57388,317.249,18.245,211.45,-42.55,2.3468,NAN,64,NAN,NAN,NAN,NAN,3.659,1.146,-2.359,5.948,NAN,pks_superb,,,,,,,,
694,J1406-5806,NAN,NAN,NAN,51730,312.673,3.345,211.505,-58.10888889,0.288349,6.11E-16,229,NAN,NAN,0.84,NAN,5.567,0.325,-4.086,4.733,NAN,pksmb,htru_pks,,,,,,,
695,J1406-6121,NAN,NAN,NAN,51111,311.841,0.203,211.7085,-61.35775,0.213075,5.47E-14,537.8,NAN,NAN,0.44,NAN,7.297,0.026,-5.436,3.632,NAN,pksmb,htru_pks,,,,,,,
696,J1407-6048,NAN,NAN,NAN,51161,312.13,0.681,211.99433333,-60.81633333,0.492344,3.16E-15,575.2,NAN,NAN,0.2,NAN,7.86,0.093,-5.829,3.228,NAN,pksmb,htru_pks,,,,,,,
697,J1407-6153,NAN,NAN,NAN,51093,311.81,-0.354,211.98541667,-61.89972222,0.701615,8.85E-15,645,NAN,NAN,0.36,NAN,8.205,-0.051,-6.116,3.03,NAN,pksmb,htru_pks,,,,,,,
698,J1409-6953,NAN,NAN,NAN,55191,309.574,-8.031,212.32041667,-69.89288889,0.528591,8.4E-16,167.63,NAN,NAN,0.3,NAN,8.751,-1.223,-6.679,2.98,NAN,htru_pks,,,,,,,,
699,J1410-6132,NAN,NAN,NAN,54357.3,312.196,-0.09,212.6,-61.53333333,0.050052,3.2E-14,961,NAN,NAN,1.9,NAN,13.51,-0.021,-10.009,-0.574,NAN,misc,htru_pks,,,,,,,
700,J1410-7404,NAN,NAN,NAN,51460,308.349,-12.043,212.53070833,-74.08147778,0.278729,6.74E-18,54.24,NAN,NAN,1.2,NAN,1.336,-0.279,-1.025,7.689,NAN,pkssw,htru_pks,,,,,,,
701,J1412-6111,NAN,NAN,NAN,51031,312.597,0.14,213.24841667,-61.19180556,0.529156,1.91E-15,311.8,NAN,NAN,0.44,NAN,5.284,0.013,-3.89,4.924,NAN,pksmb,htru_pks,,,,,,,
702,J1412-6145,NAN,NAN,NAN,55363,312.324,-0.366,213.03179167,-61.75791111,0.315258,9.9E-14,514.4,NAN,NAN,0.69,NAN,7.115,-0.045,-5.26,3.709,NAN,pksmb,htru_pks,,,,,,,
703,J1412+7922,-40,-56,NAN,55449.5,118.318,37.02,213.23277917,79.36774861,0.058199,3.29E-15,NAN,NAN,NAN,NAN,NAN,NAN,0,0,8.5,XRS:1RXS_J141256.0+792204(Calvera),misc,,,,,,,,
704,J1413-6141,NAN,NAN,NAN,51500,312.462,-0.337,213.291125,-61.68694444,0.285625,3.33E-13,670.6,NAN,NAN,0.82,NAN,8.494,-0.05,-6.266,2.766,NAN,pksmb,htru_pks,,,,,,,
705,J1413-6205,NAN,NAN,NAN,54800,312.373,-0.736,213.37458333,-62.09388889,0.109741,2.77E-14,NAN,NAN,NAN,NAN,NAN,2.15,-0.028,-1.588,7.051,GRS:2FGL_J1413.4-6204[naa+12],GRS:1AGL_J,FermiBlind,,,,,,,
706,J1413-6222,NAN,NAN,NAN,51092,312.241,-0.988,213.27279167,-62.37438889,0.292408,2.23E-15,808.1,NAN,NAN,0.96,NAN,13.087,-0.226,-9.687,-0.296,NAN,pksmb,htru_pks,,,,,,,
707,J1413-6307,NAN,NAN,NAN,48375.5,312.053,-1.718,213.38048333,-63.12651389,0.394946,7.43E-15,121.98,NAN,NAN,1.2,NAN,3.037,-0.091,-2.254,6.467,NAN,pks1,pksmb,htru_pks,,,,,,
708,J1414-6802,NAN,NAN,NAN,51650,310.59,-6.42,213.60708333,-68.04944444,4.630188,6.39E-15,153.5,NAN,NAN,NAN,NAN,5.42,-0.606,-4.09,4.996,NAN,pkssw,htru_pks,,,,,,,
709,J1415-6621,NAN,NAN,NAN,51396.18,311.234,-4.846,213.88029167,-66.35338889,0.392479,5.8E-16,260.17,NAN,NAN,0.5,NAN,10.428,-0.881,-7.814,1.651,NAN,pkssw,pksmb,htru_pks,,,,,,
710,J1416-5033,NAN,NAN,NAN,55337,316.504,10.055,214.18583333,-50.55472222,0.794883,1.2E-16,58.5,NAN,NAN,0.1,NAN,1.423,0.248,-0.964,7.484,NAN,htru_pks,,,,,,,,
711,J1416-6037,NAN,NAN,NAN,51031,313.179,0.535,214.12745833,-60.63319444,0.29558,4.28E-15,289.2,NAN,NAN,0.7,NAN,5.083,0.047,-3.706,5.022,NAN,pksmb,htru_pks,,,,,,,
712,J1418-3921,NAN,NAN,NAN,49014,320.82,20.461,214.7095125,-39.35514167,1.096806,8.89E-16,60.49,NAN,24,1,NAN,4.081,1.427,-2.416,5.536,NAN,pks70,pkssw,,,,,,,
713,J1418-5945,NAN,NAN,NAN,51668,313.706,1.287,214.63458333,-59.75,1.672596,2.71E-16,369,NAN,NAN,0.18,NAN,6.14,0.138,-4.437,4.259,NAN,pksmb,htru_pks,,,,,,,
714,J1418-6058,NAN,NAN,NAN,54944,313.325,0.135,214.67791667,-60.96361111,0.110573,1.69E-13,NAN,NAN,NAN,NAN,NAN,1.885,0.004,-1.371,7.207,GRS:2FGL_J1418.7-6058[naa+12],GRS:HESS_J,FermiBlind,,,,,,,
715,J1420-5416,NAN,NAN,NAN,57600,315.793,6.36,215.12129167,-54.27297222,0.935772,2.32E-16,129.6,NAN,9,NAN,NAN,4.399,0.487,-3.048,5.366,NAN,mol2,pks70,pkssw,htru_pks,,,,,
716,J1420-6048,NAN,NAN,NAN,51600,313.541,0.227,215.03432083,-60.80456389,0.06818,8.32E-14,360.15,NAN,NAN,1.19,NAN,5.632,0.022,-4.082,4.62,GRS:2FGL_J1420.1-6047[naa+12],GRS:HESS_J,pksmb,htru_pks,,,,,,
717,J1422-6138,NAN,NAN,NAN,55214,313.519,-0.654,215.61279167,-61.64111111,0.340968,9.68E-14,NAN,NAN,NAN,0,NAN,NAN,0,0,8.5,GRS:3FGL_J1135.2-6054[aaa+15],FermiBlind,,,,,,,,
718,J1423-6953,NAN,NAN,NAN,53000,310.736,-8.43,215.861625,-69.89522778,0.333411,1.45E-15,123.98,NAN,NAN,NAN,NAN,4.704,-0.69,-3.526,5.463,NAN,pkssw,htru_pks,,,,,,,
719,J1424-5556,NAN,NAN,NAN,52260,315.718,4.614,216.05316667,-55.93719444,0.770375,7.8E-16,198.7,NAN,NAN,0.38,NAN,6.205,0.499,-4.318,4.072,NAN,pksmb,htru_pks,,,,,,,
720,J1424-56,NAN,NAN,NAN,54831,315.478,3.911,216.09583333,-56.67972222,1.427,NAN,32.9,NAN,NAN,NAN,NAN,0.949,0.065,-0.664,7.825,NAN,htru_pks,,,,,,,,
721,J1424-5822,NAN,NAN,NAN,57600,314.897,2.31,216.133875,-58.38213889,0.366736,3.94E-15,323.9,NAN,NAN,1.3,NAN,6.695,0.27,-4.739,3.778,NAN,pksmb,htru_pks,,,,,,,
722,J1424-6438,NAN,NAN,NAN,51780,312.741,-3.561,216.24666667,-64.63611111,1.023504,2.4E-16,248,NAN,NAN,0.24,NAN,6.079,-0.378,-4.456,4.382,NAN,pksmb,,,,,,,,
723,J1425-5723,NAN,NAN,NAN,51468,315.382,3.186,216.40233333,-57.39188889,0.353263,2.2E-17,43.4,NAN,NAN,0.24,NAN,1.065,0.059,-0.747,7.743,NAN,pksmb,htru_pks,,,,,,,
724,J1425-5759,NAN,NAN,NAN,51496,315.217,2.613,216.49629167,-57.98616667,0.707868,7.42E-16,325,NAN,NAN,0.09,NAN,7.636,0.348,-5.373,3.086,NAN,pksmb,htru_pks,,,,,,,
725,J1425-6210,NAN,NAN,NAN,51031,313.63,-1.258,216.28208333,-62.16802778,0.50173,4.78E-16,430.1,NAN,NAN,0.19,NAN,6.851,-0.15,-4.958,3.774,NAN,pksmb,htru_pks,,,,,,,
726,J1426+52,NAN,NAN,NAN,NAN,93.88,59.233,216.75,52.16666667,0.9958,NAN,25.37,NAN,NAN,NAN,NAN,25,21.481,12.759,9.365,NAN,lotaas,,,,,,,,
727,J1427-4158,NAN,NAN,NAN,53000,321.48,17.391,216.96154167,-41.98230556,0.586486,6.21E-16,71,NAN,NAN,0.3,NAN,4.561,1.363,-2.711,5.095,NAN,pkssw,,,,,,,,
728,J1428-5530,NAN,NAN,NAN,57600,316.427,4.796,217.10933333,-55.51390556,0.570292,2.09E-15,82.4,NAN,35,6.5,NAN,1.897,0.159,-1.303,7.13,NAN,mol2,pks70,pksmb,htru_pks,,,,,
729,J1429-5911,NAN,NAN,NAN,54800,315.261,1.299,217.49416667,-59.1935,0.115843,3.05E-14,NAN,NAN,NAN,NAN,NAN,1.955,0.044,-1.376,7.112,GRS:2FGL_J1430.0-5909[naa+12],FermiBlind,,,,,,,,
730,J1429-5935,NAN,NAN,NAN,51232,315.046,0.947,217.35791667,-59.59969444,0.763915,4.28E-14,456.7,NAN,NAN,0.11,NAN,7.685,0.127,-5.429,3.062,NAN,pksmb,,,,,,,,
731,J1430-5712,NAN,NAN,NAN,57562,316.036,3.127,217.567375,-57.20872222,0.491519,4.69E-14,149,NAN,NAN,0.09,NAN,3.902,0.213,-2.705,5.696,NAN,htru_pks,,,,,,,,
732,J1430-6623,-31,-21,NAN,57600,312.653,-5.404,217.66972917,-66.384875,0.785443,2.78E-15,65.3,NAN,130,16.3,NAN,1.33,-0.125,-0.974,7.603,NAN,mol1,mol2,pks70,pkssw,pksmb,htru_pk,,,
733,J1431-6328,NAN,NAN,NAN,58622.35,311.929,-2.037,213.33845833,-63.46905556,0.002772,NAN,228.27,NAN,NAN,NAN,NAN,4.924,-0.175,-3.661,5.212,NAN,misc,,,,,,,,
734,J1432-5032,NAN,NAN,NAN,54842,318.936,9.155,218.21779167,-50.53813889,2.034989,5.92E-15,113,NAN,NAN,0.3,NAN,5.28,0.84,-3.424,4.57,NAN,htru_pks,,,,,,,,
735,J1433+00,NAN,NAN,NAN,NAN,349.749,53.792,218.375,0.46666667,NAN,NAN,23.5,NAN,NAN,NAN,NAN,2.993,2.415,-0.315,6.76,NAN,ar327,,,,,,,,
736,J1433-6038,NAN,NAN,NAN,54087.9,315.092,-0.197,218.30491667,-60.64297222,1.95443,5.63E-15,409,NAN,NAN,0.23,NAN,6.221,-0.021,-4.392,4.094,NAN,pksmb,htru_pks,,,,,,,
737,J1434-5943,NAN,NAN,NAN,57530,315.645,0.563,218.74295833,-59.72822222,1.072121,2.96E-17,126,NAN,NAN,0.17,NAN,3.212,0.032,-2.245,6.203,NAN,htru_pks,,,,,,,,
738,J1434-6006,NAN,NAN,NAN,51396,315.396,0.256,218.52208333,-60.10805556,0.306368,3.02E-15,332,NAN,NAN,0.24,NAN,5.297,0.024,-3.72,4.729,NAN,pksmb,htru_pks,,,,,,,
739,J1434-6029,NAN,NAN,NAN,51137,315.31,-0.13,218.66291667,-60.49694444,0.963348,1.03E-15,282,NAN,NAN,0.14,NAN,4.808,-0.011,-3.381,5.082,NAN,pksmb,htru_pks,,,,,,,
740,J1434+7257,NAN,NAN,NAN,55891,113.082,42.153,218.49890417,72.95736444,0.041741,5.5E-19,12.61,NAN,1.3,NAN,NAN,0.974,0.654,0.664,8.783,NAN,gbncc,lotaas,,,,,,,
741,J1435-5954,NAN,NAN,NAN,57600,315.577,0.391,218.75086667,-59.91375,0.472996,1.55E-15,44.26,NAN,NAN,1.6,NAN,1.064,0.007,-0.745,7.74,NAN,pksmb,htru_pks,,,,,,,
742,J1437-5959,NAN,NAN,NAN,54827,315.783,0.227,219.25795833,-59.98372222,0.061696,8.59E-15,549.6,NAN,NAN,0.07,NAN,8.543,0.034,-5.958,2.377,SNR:G315.9-0.0,PWN:G315.78-0.23[nbg+12],misc,,,,,,,
743,J1437-6146,NAN,NAN,NAN,51614,315.101,-1.422,219.31379167,-61.76722222,0.467616,6.33E-15,200.5,NAN,NAN,0.24,NAN,4.253,-0.106,-3.001,5.488,NAN,pksmb,htru_pks,,,,,,,
744,J1439+76,NAN,NAN,NAN,56657,115.405,38.596,219.75,76.91666667,0.947903,NAN,22.29,NAN,NAN,NAN,NAN,2.048,1.278,1.446,9.187,NAN,gbncc,,,,,,,,
745,J1440-6344,NAN,NAN,NAN,57600,314.646,-3.384,220.13025,-63.74677778,0.459607,1.12E-15,124.2,NAN,21,0.78,NAN,3.446,-0.203,-2.447,6.083,NAN,mol2,pks70,pksmb,htru_pks,,,,,
746,J1441-6137,NAN,NAN,NAN,51670,315.646,-1.505,220.43458333,-61.62333333,1.17584,3.6E-16,166,NAN,NAN,0.15,NAN,3.882,-0.102,-2.713,5.725,NAN,pksmb,htru_pks,,,,,,,
747,J1443-5122,NAN,NAN,NAN,54800,320.135,7.717,220.862375,-51.37388889,0.732061,3.38E-16,87,NAN,NAN,0.6,NAN,2.979,0.4,-1.892,6.234,NAN,htru_pks,,,,,,,,
748,J1444-5941,NAN,NAN,NAN,51137,316.791,0.098,221.19375,-59.68861111,2.760228,8.23E-15,177.1,NAN,NAN,0.42,NAN,3.844,0.007,-2.632,5.698,NAN,pksmb,htru_pks,,,,,,,
749,J1444-6026,NAN,NAN,NAN,53893,316.4,-0.544,221.02508333,-60.43594444,4.758576,1.85E-14,367.7,NAN,NAN,NAN,NAN,5.823,-0.055,-4.015,4.283,NAN,pksmb,,,,,,,,
750,J1449-5846,NAN,NAN,NAN,51507,317.72,0.664,222.35595833,-58.77788889,0.46333,8.6E-17,216.6,NAN,NAN,0.28,NAN,4.169,0.048,-2.805,5.416,NAN,pksmb,htru_pks,,,,,,,
751,J1452-5851,NAN,NAN,NAN,55367,318.087,0.398,223.21916667,-58.85366667,0.386643,5.07E-14,260.5,NAN,NAN,0.33,NAN,4.504,0.031,-3.009,5.148,NAN,pksmb,htru_pks,,,,,,,
752,J1452-6036,NAN,NAN,NAN,51630,317.296,-1.169,223.21624167,-60.60870833,0.154991,1.45E-15,349.54,NAN,NAN,1.9,NAN,6.135,-0.125,-4.16,3.993,NAN,pksmb,htru_pks,,,,,,,
753,J1453+1902,0.458,-10.837,NAN,56936,23.395,60.812,223.44049721,19.03670079,0.005792,1.17E-20,14.06,NAN,2.2,NAN,NAN,1.269,1.108,0.246,7.932,NAN,ar4,,,,,,,,
754,J1453-6413,-16,-21.3,NAN,55433,315.733,-4.427,223.38610417,-64.22111111,0.179487,2.74E-15,71.25,NAN,230,18,NAN,2.8,-0.216,-1.949,6.501,NAN,mol1,mol2,pks70,pksmb,htru_pks,,,,
755,J1455-59,NAN,NAN,NAN,50841.7,318.101,-0.203,223.775,-59.38333333,0.176191,NAN,498,NAN,NAN,1.6,NAN,6.692,-0.024,-4.469,3.519,NAN,pksmb,,,,,,,,
756,J1456-48,NAN,NAN,NAN,56657,323.492,9.837,224,-48,0.53681,NAN,133,NAN,NAN,NAN,NAN,9.338,1.595,-5.474,1.105,NAN,ghrss,,,,,,,,
757,J1456-6843,-39.5,-12.3,2.2,57600,313.868,-8.543,223.99967917,-68.72763889,0.263377,9.89E-17,8.64,0,350,64,NAN,0.43,-0.064,-0.307,8.205,NAN,mol1,mol2,pks70,pkssw,htru_pks,,,,
758,J1457-5122,NAN,NAN,NAN,57600,322.134,6.722,224.41705417,-51.38191667,1.748308,5.3E-15,37,NAN,4,NAN,NAN,0.994,0.116,-0.606,7.721,NAN,mol2,pks70,pkssw,htru_pks,,,,,
759,J1457-5900,NAN,NAN,NAN,51462,318.561,-0.027,224.4125,-59.01416667,1.498637,3.66E-15,175,NAN,NAN,0.24,NAN,3.738,-0.002,-2.474,5.698,NAN,pksmb,htru_pks,,,,,,,
760,J1457-5902,NAN,NAN,NAN,51312,318.538,-0.037,224.38291667,-59.03444444,0.390739,1.23E-14,477.2,NAN,NAN,0.26,NAN,6.366,-0.004,-4.215,3.729,NAN,pksmb,htru_pks,,,,,,,
761,J1459-6053,NAN,NAN,NAN,54935,317.886,-1.791,224.87495833,-60.88908333,0.103151,2.53E-14,NAN,NAN,NAN,NAN,NAN,1.84,-0.058,-1.233,7.136,GRS:2FGL_J1459.4-6054[naa+12],FermiBlind,,,,,,,,
762,J1501-0046,NAN,NAN,NAN,55170,356.582,48.051,225.43731583,-0.7732,0.464037,2.39E-16,22.26,NAN,NAN,NAN,NAN,2.131,1.585,-0.085,7.078,NAN,gb350,,,,,,,,
763,J1501-5637,NAN,NAN,NAN,51506,320.181,1.81,225.4625,-56.63,0.782949,1.7E-16,258,NAN,NAN,0.21,NAN,4.938,0.156,-3.161,4.709,NAN,pksmb,htru_pks,,,,,,,
764,J1502+28,NAN,NAN,NAN,NAN,42.78,61.127,225.5375,28.21666667,3.784,NAN,14,NAN,NAN,NAN,NAN,1.289,1.129,0.423,8.043,NAN,misc,,,,,,,,
765,J1502-5653,NAN,NAN,NAN,51780,320.186,1.505,225.73912083,-56.894225,0.535504,1.83E-15,194,NAN,NAN,0.39,NAN,3.961,0.104,-2.535,5.458,NAN,pksmb,htru_pks,,,,,,,
766,J1502-5828,NAN,NAN,NAN,51297,319.395,0.133,225.6825,-58.47833333,0.668105,3.64E-14,584,NAN,NAN,0.5,NAN,7.093,0.016,-4.616,3.115,NAN,pksmb,htru_pks,,,,,,,
767,J1502-6128,NAN,NAN,NAN,51708,317.921,-2.483,225.62433333,-61.48063889,0.842104,1.35E-15,256.5,NAN,NAN,0.56,NAN,5.189,-0.225,-3.474,4.652,NAN,pksmb,htru_pks,,,,,,,
768,J1503+2111,NAN,NAN,NAN,52857,29.062,59.296,225.9775,21.18591667,3.314002,1.4E-16,3.26,NAN,1.3,NAN,NAN,0.244,0.21,0.061,8.391,NAN,ar4,,,,,,,,
769,J1504-5621,NAN,NAN,NAN,51505,320.671,1.849,226.20475,-56.35888889,0.412985,5.53E-15,143,NAN,NAN,0.24,NAN,3.488,0.113,-2.209,5.803,NAN,pksmb,htru_pks,,,,,,,
770,J1504-5659,NAN,NAN,NAN,57483,320.328,1.318,226.13327917,-56.98872222,1.672372,1.43E-15,454.2,NAN,NAN,0.11,NAN,11.274,0.259,-7.195,-0.175,NAN,htru_pks,,,,,,,,
771,J1506-5158,NAN,NAN,NAN,43613.68,323.076,5.534,226.66458333,-51.96944444,0.840739,6.37E-15,61,NAN,5,NAN,NAN,1.384,0.133,-0.828,7.399,NAN,mol2,,,,,,,,
772,J1507-4352,NAN,NAN,NAN,57600,327.339,12.459,226.89239583,-43.86779167,0.286758,1.58E-15,48.7,NAN,16,0.9,NAN,1.394,0.301,-0.735,7.354,NAN,mol2,pks70,pkssw,htru_pks,,,,,
773,J1507-5800,NAN,NAN,NAN,57604,320.118,0.258,226.7646,-58.01561111,0.897254,2.6E-16,429.5,NAN,NAN,0.2,NAN,5.893,0.026,-3.779,3.978,NAN,htru_pks,,,,,,,,
774,J1507-6640,NAN,NAN,NAN,57600,315.858,-7.297,226.95264167,-66.68273889,0.355656,1.15E-15,129.8,NAN,13,0.6,NAN,4.792,-0.609,-3.31,5.089,NAN,mol2,pkssw,htru_pks,,,,,,
775,J1509+5531,-73.64,-62.65,0.47,52275,91.325,52.287,227.35679083,55.525665,0.739682,5E-15,19.62,0,114,8,NAN,2.1,1.661,1.284,8.53,NAN,gb1,gb2,gb3,gb4,gbncc,lotaas,,,
776,J1509-5850,NAN,NAN,NAN,55378,319.972,-0.621,227.36315,-58.84889167,0.088925,9.17E-15,142.1,NAN,NAN,0.21,NAN,3.372,-0.037,-2.169,5.918,XRS:PWN[hb07c],GRS:2FGL_J1509.6-5850[naa,pksmb,,,,,,,
777,J1509-6015,NAN,NAN,NAN,51759,319.228,-1.815,227.28125,-60.25516667,0.339038,2.12E-15,423.6,NAN,NAN,0.17,NAN,11.09,-0.351,-7.239,0.106,NAN,pksmb,htru_pks,,,,,,,
778,J1510-4422,NAN,NAN,NAN,43557.99,327.586,11.729,227.70375,-44.36861111,0.943871,6.1E-16,84,NAN,14,NAN,NAN,4.128,0.839,-2.167,5.088,NAN,mol2,pks70,pkssw,htru_pks,,,,,
779,J1511-5414,NAN,NAN,NAN,57600,322.598,3.177,227.9636875,-54.24453333,0.200384,4.85E-16,84.76,NAN,NAN,0.75,NAN,2.43,0.135,-1.474,6.573,NAN,pksmb,htru_pks,,,,,,,
780,J1511-5835,NAN,NAN,NAN,51397,320.289,-0.508,227.77916667,-58.59111111,0.301511,3.44E-16,332,NAN,NAN,0.5,NAN,5.146,-0.046,-3.288,4.541,NAN,pksmb,htru_pks,,,,,,,
781,J1512-5431,NAN,NAN,NAN,51709,322.486,2.92,228.02375,-54.52194444,2.040532,1.92E-15,219,NAN,NAN,0.38,NAN,5.115,0.261,-3.111,4.448,NAN,pksmb,htru_pks,,,,,,,
782,J1512-5759,NAN,NAN,NAN,55383,320.772,-0.108,228.17933333,-57.99994444,0.128699,6.85E-15,627.47,0,NAN,7.8,NAN,6.835,-0.013,-4.322,3.205,NAN,pks1,pksmb,htru_pks,,,,,,
783,J1513-5739,NAN,NAN,NAN,51137,321.097,0.104,228.49579167,-57.65038889,0.973458,2.75E-14,469.7,NAN,NAN,0.77,NAN,5.89,0.011,-3.699,3.916,NAN,pksmb,htru_pks,,,,,,,
784,J1513-5908,NAN,NAN,NAN,55336,320.321,-1.162,228.48254583,-59.136,0.151582,1.53E-12,252.5,NAN,1.5,1.43,NAN,4.4,-0.089,-2.809,5.114,SNR:G320.4-1.2,GRS:PWN:2FGL_J1514.0-5915,misc,pksmb,htru_pks,,,,,
785,J1513-5946,NAN,NAN,NAN,54909,319.97,-1.697,228.43658333,-59.77552778,1.046117,8.53E-15,171.7,NAN,NAN,NAN,NAN,3.757,-0.111,-2.415,5.625,NAN,pksmb,,,,,,,,
786,J1513-6013,NAN,NAN,NAN,57633,319.753,-2.091,228.47508333,-60.22402778,1.958737,1.37E-15,322.7,NAN,NAN,0.2,NAN,7.928,-0.289,-5.119,2.453,NAN,htru_pks,,,,,,,,
787,J1514-4834,NAN,NAN,NAN,57600,325.872,7.835,228.56067917,-48.57221389,0.45484,9.26E-16,51.5,NAN,8.5,1.3,NAN,1.243,0.169,-0.691,7.481,NAN,mol2,pks70,pkssw,htru_pks,,,,,
788,J1514-5316,NAN,NAN,NAN,57892,323.461,3.798,228.66733333,-53.26730556,0.296279,1.6E-18,27.1,NAN,NAN,0.15,NAN,0.85,0.056,-0.505,7.819,NAN,htru_pks,,,,,,,,
789,J1514-5925,NAN,NAN,NAN,55415,320.284,-1.482,228.74625,-59.42875,0.148797,2.88E-15,194,NAN,NAN,0.29,NAN,3.919,-0.101,-2.503,5.486,NAN,pksmb,htru_pks,,,,,,,
790,J1515-5720,NAN,NAN,NAN,55380,321.389,0.281,228.78845833,-57.34726389,0.286648,6.09E-15,480.6,NAN,NAN,0.25,NAN,6.069,0.03,-3.787,3.758,NAN,pksmb,htru_pks,,,,,,,
791,J1517-32,NAN,NAN,NAN,56387,335.397,21.105,229.25416667,-32.43472222,0.064402,NAN,25.3,NAN,NAN,NAN,NAN,0.966,0.348,-0.375,7.681,NAN,htru_pks,,,,,,,,
792,J1517-4356,NAN,NAN,NAN,51500,328.85,11.463,229.36391667,-43.93830556,0.650837,2.16E-16,87.78,NAN,NAN,0.5,NAN,4.473,0.889,-2.268,4.748,NAN,pkssw,htru_pks,,,,,,,
793,J1517-4636,NAN,NAN,NAN,55210,327.399,9.217,229.3724,-46.60016667,0.886612,2.1E-15,127,NAN,NAN,0.3,NAN,7.675,1.229,-4.082,2.118,NAN,htru_pks,,,,,,,,
794,J1518+0204A,NAN,NAN,NAN,48445,3.87,46.802,229.63882333,2.09098611,0.005554,4.12E-20,30.08,NAN,NAN,0.12,NAN,8.5,6.196,0.393,2.695,GC:M5,misc,,,,,,,,
795,J1518-0627,NAN,NAN,NAN,55170,355.146,41.002,229.74629333,-6.45213889,0.794997,4.18E-16,27.96,NAN,NAN,NAN,NAN,2.679,1.758,-0.171,6.485,NAN,gb350,,,,,,,,
796,J1518-3952,NAN,NAN,NAN,56442,331.368,14.715,229.73736667,-39.87508333,0.499196,2.37E-16,101,NAN,NAN,0.9,NAN,11.145,2.831,-5.165,-0.961,NAN,htru_pks,,,,,,,,
797,J1518-5415,NAN,NAN,NAN,54220.6,323.383,2.675,229.55625,-54.2625,0.214925,4.06E-17,167.2,NAN,NAN,0.08,NAN,3.768,0.176,-2.245,5.479,NAN,pksmb,htru_pks,,,,,,,
798,J1519-5734,NAN,NAN,NAN,53105,321.8,-0.238,229.94829167,-57.57044444,0.518758,4.27E-15,664,NAN,NAN,0.45,NAN,6.851,-0.028,-4.237,3.116,NAN,pksmb,htru_pks,,,,,,,
799,J1519-6106,NAN,NAN,NAN,53048,319.876,-3.216,229.89920833,-61.11516667,2.154307,8.37E-15,221,NAN,NAN,0.19,NAN,5.047,-0.283,-3.247,4.647,NAN,pksmb,htru_pks,,,,,,,
800,J1519-6308,NAN,NAN,NAN,52144,318.743,-4.896,229.78983333,-63.13875,1.254052,5.96E-15,250,NAN,NAN,0.32,NAN,12.367,-1.055,-8.125,-0.763,NAN,pksmb,htru_pks,,,,,,,
801,J1522-5525,NAN,NAN,NAN,51097,323.231,1.397,230.52791667,-55.42152778,1.389605,3.3E-15,79,NAN,NAN,0.25,NAN,2,0.049,-1.197,6.898,NAN,pksmb,htru_pks,,,,,,,
802,J1522-5735,NAN,NAN,NAN,55250,322.052,-0.415,230.52208333,-57.58333333,0.102136,3.12E-14,NAN,NAN,NAN,0,NAN,NAN,0,0,8.5,SNR:G321.9-0.3(?)[pga+13],GRS:3FGL_J1521,FermiBlind,,,,,,,
803,J1522-5829,NAN,NAN,NAN,57600,321.63,-1.215,230.67601667,-58.48411528,0.395354,2.06E-15,199.9,0,NAN,6,NAN,3.882,-0.082,-2.409,5.457,NAN,pks1,pksmb,htru_pks,,,,,,
804,J1524-5625,NAN,NAN,NAN,51733,323,0.351,231.20775,-56.42316667,0.078219,3.9E-14,152.2,NAN,NAN,1.28,NAN,3.378,0.021,-2.033,5.802,NAN,pksmb,htru_pks,,,,,,,
805,J1524-5706,NAN,NAN,NAN,55383,322.568,-0.186,231.08925,-57.10962222,1.116174,3.56E-13,832,NAN,NAN,0.45,NAN,7.434,-0.024,-4.519,2.597,NAN,pksmb,htru_pks,,,,,,,
806,J1524-5819,NAN,NAN,NAN,54174.8,321.907,-1.201,231.10270833,-58.32058333,0.961043,1.26E-13,406.6,NAN,NAN,0.09,NAN,7.546,-0.158,-4.654,2.563,NAN,pksmb,,,,,,,,
807,J1525-5417,NAN,NAN,NAN,51463,324.258,2.078,231.368125,-54.28888889,1.011694,1.62E-14,235,NAN,NAN,0.18,NAN,4.88,0.177,-2.849,4.542,NAN,pksmb,htru_pks,,,,,,,
808,J1525-5523,NAN,NAN,NAN,55682,323.662,1.151,231.40026667,-55.39088889,0.355156,8.96E-18,124.7,NAN,NAN,0.21,NAN,3.132,0.063,-1.856,5.978,NAN,htru_pks,,,,,,,,
809,J1525-5605,NAN,NAN,NAN,51467,323.286,0.565,231.42270833,-56.08694444,0.280349,1.16E-16,338,NAN,NAN,0.25,NAN,5.117,0.05,-3.059,4.398,NAN,pksmb,htru_pks,,,,,,,
810,J1526-5633,NAN,NAN,NAN,51490,323.136,0.093,231.67166667,-56.56194444,0.301888,1.23E-16,329,NAN,NAN,0.11,NAN,4.796,0.008,-2.877,4.663,NAN,pksmb,,,,,,,,
811,J1527-3931,NAN,NAN,NAN,57600,333.05,14.02,231.99511667,-39.52616667,2.417605,1.91E-14,49,NAN,11,NAN,NAN,1.708,0.414,-0.751,7.023,NAN,mol2,pks70,pkssw,htru_pks,,,,,
812,J1527-5552,NAN,NAN,NAN,57600,323.638,0.59,231.919725,-55.86898667,1.048719,1.13E-14,362.7,0,17,0.84,NAN,5.32,0.055,-3.154,4.216,NAN,mol2,pks70,pksmb,htru_pks,,,,,
813,J1528-4109,NAN,NAN,NAN,51500,332.106,12.671,232.03347083,-41.158,0.526556,3.96E-16,89.5,NAN,NAN,0.6,NAN,5.453,1.196,-2.489,3.798,NAN,pkssw,htru_pks,,,,,,,
814,J1528-5547,NAN,NAN,NAN,55839,323.796,0.579,232.16325,-55.78972222,3.467302,7.75E-15,269,NAN,NAN,0.07,NAN,4.471,0.045,-2.641,4.892,NAN,htru_pks,,,,,,,,
815,J1528-5838,NAN,NAN,NAN,55806,322.166,-1.752,232.10125,-58.63361111,0.355687,2.48E-14,NAN,NAN,NAN,NAN,NAN,NAN,0,0,8.5,GRS:3FGL_J1528.3-5836[aaa+15],FermiBlind,,,,,,,,
816,J1529+40,NAN,NAN,NAN,NAN,66.183,54.907,232.3,40.81666667,0.4764,NAN,6.61,NAN,NAN,NAN,NAN,0.499,0.408,0.262,8.384,NAN,misc,lotaas,,,,,,,
817,J1529-5355,NAN,NAN,NAN,51485,325.006,2.009,232.49,-53.92666667,0.891265,8.1E-16,292,NAN,NAN,0.37,NAN,6.24,0.219,-3.576,3.391,NAN,pksmb,htru_pks,,,,,,,
818,J1529-5611,NAN,NAN,NAN,51311,323.678,0.173,232.39916667,-56.19138889,0.822249,4.1E-15,149,NAN,NAN,0.14,NAN,3.321,0.01,-1.967,5.824,NAN,pksmb,htru_pks,,,,,,,
819,J1530-5327,NAN,NAN,NAN,55431,325.328,2.347,232.61205,-53.46556111,0.278958,4.68E-15,49.6,NAN,NAN,0.92,NAN,1.123,0.046,-0.638,7.577,NAN,pksmb,htru_pks,,,,,,,
820,J1530-6343,NAN,NAN,NAN,56093,319.506,-6.101,232.69836667,-63.72044444,0.91032,8.25E-16,206,NAN,NAN,0.37,NAN,11.447,-1.217,-7.391,-0.156,NAN,htru_pks,,,,,,,,
821,J1531-4012,NAN,NAN,NAN,51500,333.147,13.113,232.78354167,-40.20858333,0.356849,9.63E-17,106.65,NAN,NAN,0.4,NAN,9.528,2.162,-4.192,0.221,NAN,pkssw,,,,,,,,
822,J1531-5610,NAN,NAN,NAN,55304,323.897,0.033,232.86625417,-56.18203611,0.084206,1.38E-14,110.41,NAN,NAN,0.87,NAN,2.841,0.002,-1.674,6.205,NAN,pksmb,htru_pks,,,,,,,
823,J1532+2745,1.5,18.93,0.59,49666,43.481,54.495,233.04318583,27.76378417,1.124836,7.8E-16,14.69,0,13,0.8,NAN,1.695,1.38,0.677,7.786,NAN,gb1,ar4,gb4,lotaas,,,,,
824,J1532-5308,NAN,NAN,NAN,51587,325.78,2.434,233.14791667,-53.135,0.443825,6.5E-17,181,NAN,NAN,0.25,NAN,3.825,0.162,-2.149,5.34,NAN,pksmb,htru_pks,,,,,,,
825,J1532-56,NAN,NAN,NAN,56657,323.79,-0.321,233.075,-56.53333333,0.522977,NAN,282,NAN,NAN,0.1,NAN,4.44,-0.025,-2.623,4.918,NAN,htru_pks,,,,,,,,
826,J1534-4428,NAN,NAN,NAN,55337,331.161,9.261,233.71666667,-44.46927778,1.221426,1.8E-16,137.3,NAN,NAN,0.7,NAN,9.64,1.551,-4.589,0.166,NAN,htru_pks,,,,,,,,
827,J1534-46,NAN,NAN,NAN,54831,330.007,7.91,233.53333333,-46.23333333,0.364835,NAN,64.4,NAN,NAN,NAN,NAN,2.035,0.28,-1.008,6.754,NAN,pkssw,,,,,,,,
828,J1534-5334,-27,-12,NAN,57600,325.715,1.944,233.53449167,-53.57212778,1.368882,1.43E-15,24.82,NAN,70,6.8,NAN,0.81,0.027,-0.456,7.831,NAN,mol1,mol2,pks1,pks70,pksmb,htru_pks,,,
829,J1534-5405,NAN,NAN,NAN,48360.6,325.463,1.483,233.63995833,-54.09436111,0.289689,1.54E-15,190.82,NAN,NAN,1.4,NAN,3.748,0.097,-2.124,5.414,NAN,pks1,pksmb,htru_pks,,,,,,
830,J1535-4114,NAN,NAN,NAN,51500,333.175,11.821,233.821125,-41.23419444,0.432866,4.07E-15,66.28,NAN,NAN,2.9,NAN,2.77,0.567,-1.223,6.081,NAN,pkssw,htru_pks,,,,,,,
831,J1535-4415,NAN,NAN,NAN,53000,331.447,9.324,233.983,-44.25233333,0.468402,4.05E-17,110.7,NAN,NAN,NAN,NAN,5.818,0.943,-2.744,3.457,NAN,pkssw,htru_pks,,,,,,,
832,J1535-5450,NAN,NAN,NAN,51448,325.194,0.757,233.99275,-54.84055556,0.566734,1.43E-14,219.8,NAN,NAN,0.17,NAN,3.946,0.052,-2.252,5.26,NAN,pksmb,htru_pks,,,,,,,
833,J1535-5848,NAN,NAN,NAN,51760,322.797,-2.406,233.81983333,-58.80769444,0.307178,2.72E-15,107,NAN,NAN,0.35,NAN,2.971,-0.125,-1.795,6.136,NAN,pksmb,htru_pks,,,,,,,
834,J1536+17,NAN,NAN,NAN,NAN,27.983,50.988,234.0625,17.81666667,0.9333,NAN,28,NAN,NAN,NAN,NAN,25,19.425,7.384,-5.397,NAN,misc,,,,,,,,
835,J1536-3602,NAN,NAN,NAN,53000,336.555,15.841,234.072425,-36.04966667,1.319759,7.9E-16,96,NAN,NAN,1.9,NAN,14.059,3.838,-5.381,-3.908,NAN,pkssw,,,,,,,,
836,J1536-4948,NAN,NAN,NAN,55561,328.157,4.838,234,-49.8,0.00308,NAN,38,NAN,NAN,NAN,NAN,0.978,0.082,-0.514,7.672,GRS:2FGL_J1536.4-4949[naa+12],FermiAssoc,,,,,,,,
837,J1536-5433,NAN,NAN,NAN,51138,325.374,0.98,234.02008333,-54.55416667,0.881438,1.91E-15,147.5,NAN,NAN,1.8,NAN,3.306,0.057,-1.878,5.78,NAN,pksmb,htru_pks,,,,,,,
838,J1536-5907,NAN,NAN,NAN,54211.6,322.722,-2.734,234.07383333,-59.11766667,0.557841,1.37E-15,316,NAN,NAN,0.22,NAN,8.135,-0.388,-4.922,2.034,NAN,pksmb,htru_pks,,,,,,,
839,J1537-4912,NAN,NAN,NAN,53000,328.705,5.181,234.3675,-49.20083333,0.301311,1.93E-15,69.7,NAN,NAN,0.31,NAN,2.055,0.186,-1.063,6.751,NAN,pkssw,pksmb,,,,,,,
840,J1537-5153,NAN,NAN,NAN,51423,327.088,3.035,234.31554167,-51.885,1.528124,4.17E-15,93,NAN,NAN,0.07,NAN,2.744,0.145,-1.489,6.2,NAN,pksmb,htru_pks,,,,,,,
841,J1537-5645,NAN,NAN,NAN,51306,324.283,-0.943,234.4625,-56.75111111,0.430464,2.78E-15,707,NAN,NAN,1,NAN,8.465,-0.139,-4.941,1.628,NAN,pksmb,htru_pks,,,,,,,
842,J1538+2345,NAN,NAN,NAN,56745,37.318,52.391,234.52529167,23.75111111,3.449385,6.89E-15,14.91,NAN,NAN,NAN,NAN,1.312,1.039,0.485,7.863,NAN,gb350,,,,,,,,
843,J1538-5438,NAN,NAN,NAN,51138,325.645,0.679,234.70395833,-54.63805556,0.276726,1.42E-15,136.9,NAN,NAN,0.24,NAN,3.179,0.038,-1.794,5.876,NAN,pksmb,htru_pks,,,,,,,
844,J1538-5519,NAN,NAN,NAN,54221.1,325.219,0.134,234.670125,-55.32944444,0.395731,4.1E-17,611,NAN,NAN,0.42,NAN,5.94,0.014,-3.388,3.621,NAN,pksmb,htru_pks,,,,,,,
845,J1538-5551,NAN,NAN,NAN,55421,324.912,-0.299,234.68756667,-55.86026389,0.104676,3.21E-15,604.6,NAN,NAN,0.33,NAN,5.985,-0.031,-3.44,3.603,NAN,pksmb,htru_pks,,,,,,,
846,J1538-5621,NAN,NAN,NAN,55912,324.608,-0.703,234.680375,-56.36541667,1.908494,7.31E-15,150,NAN,NAN,0.14,NAN,3.313,-0.041,-1.919,5.799,NAN,htru_pks,,,,,,,,
847,J1538-5638,NAN,NAN,NAN,51490,324.378,-0.871,234.52375,-56.63666667,0.84398,7.12E-15,546,NAN,NAN,0.28,NAN,7.043,-0.107,-4.102,2.776,NAN,pksmb,htru_pks,,,,,,,
848,J1538-5732,NAN,NAN,NAN,51803,323.865,-1.617,234.57575,-57.54147222,0.341213,4.55E-15,152.7,NAN,NAN,0.35,NAN,3.428,-0.097,-2.021,5.733,NAN,pksmb,htru_pks,,,,,,,
849,J1538-5750,NAN,NAN,NAN,51484,323.672,-1.843,234.53504167,-57.83808333,0.506568,4.2E-17,91,NAN,NAN,0.06,NAN,2.519,-0.081,-1.492,6.472,NAN,pksmb,,,,,,,,
850,J1539-4828,NAN,NAN,NAN,54845,329.428,5.541,234.92016667,-48.4825,1.272842,1.27E-15,117,NAN,NAN,0.2,NAN,3.465,0.335,-1.754,5.531,NAN,pksmb,htru_pks,,,,,,,
851,J1539-5521,NAN,NAN,NAN,51730,325.256,0.077,234.78320833,-55.35311111,1.004958,7.28E-16,380,NAN,NAN,0.14,NAN,4.912,0.007,-2.799,4.464,NAN,pksmb,htru_pks,,,,,,,
852,J1539-5626,49,-36,NAN,55408,324.621,-0.806,234.80858333,-56.44063889,0.243395,4.85E-15,175.85,NAN,NAN,5,NAN,3.536,-0.05,-2.047,5.617,NAN,pks1,pksmb,htru_pks,,,,,,
853,J1539-6322,NAN,NAN,NAN,53000,320.488,-6.39,234.85291667,-63.38144444,1.630846,2.02E-16,163.5,NAN,NAN,NAN,NAN,7.095,-0.79,-4.486,3.06,NAN,pkssw,htru_pks,,,,,,,
854,J1540-5736,NAN,NAN,NAN,51309,324.109,-1.891,235.24591667,-57.61583333,0.612916,4.21E-16,304.5,NAN,NAN,0.24,NAN,6.349,-0.209,-3.72,3.359,NAN,pksmb,htru_pks,,,,,,,
855,J1541-42,NAN,NAN,NAN,NAN,333.514,10.214,235.47916667,-42.31388889,NAN,NAN,60,NAN,NAN,NAN,NAN,2.112,0.375,-0.927,6.64,NAN,htru_pks,,,,,,,,
856,J1541-5535,NAN,NAN,NAN,51527,325.424,-0.337,235.45666667,-55.58361111,0.295838,7.5E-14,426.1,NAN,NAN,0.3,NAN,5.161,-0.03,-2.929,4.251,NAN,pksmb,htru_pks,,,,,,,
857,J1542-5034,NAN,NAN,NAN,57600,328.567,3.577,235.68883333,-50.56768333,0.599248,4.02E-15,91,NAN,21,0.3,NAN,2.732,0.17,-1.422,6.173,NAN,pks70,pksmb,htru_pks,,,,,,
858,J1542-5133,NAN,NAN,NAN,51911,327.913,2.827,235.58304167,-51.55972222,1.783865,5.89E-16,186,NAN,NAN,0.27,NAN,4.061,0.2,-2.155,5.064,NAN,pksmb,htru_pks,,,,,,,
859,J1542-5303,NAN,NAN,NAN,51491,327.073,1.578,235.727125,-53.06138889,1.207568,7.78E-14,265.7,NAN,NAN,0.35,NAN,5.37,0.148,-2.918,3.994,NAN,pksmb,htru_pks,,,,,,,
860,J1543-0620,-16.79,-0.3,0.31,49423,0.566,36.608,235.87557208,-6.34592556,0.709064,8.8E-16,18.38,0,40,2,NAN,3.226,1.924,0.026,5.911,NAN,mol2,gb2,pks70,lotaas,,,,,
861,J1543+0929,-7.61,-2.87,0.13,52275,17.811,45.775,235.91177083,9.48787194,0.748448,4.32E-16,34.98,0,78,5.9,NAN,5.9,4.228,1.259,4.582,NAN,misc,mol2,gb4,lotaas,,,,,
862,J1543-5013,NAN,NAN,NAN,51456,328.925,3.725,235.99270833,-50.23277778,0.644255,1.01E-14,211,NAN,NAN,0.17,NAN,5.809,0.377,-2.992,3.535,NAN,pksmb,htru_pks,,,,,,,
863,J1543-5459,NAN,NAN,NAN,55408,326.025,-0.044,235.985125,-54.9875,0.377138,5.21E-14,345.9,NAN,NAN,0.81,NAN,4.662,-0.004,-2.605,4.634,NAN,pksmb,htru_pks,,,,,,,
864,J1544-5308,NAN,NAN,NAN,57600,327.271,1.32,236.24928917,-53.14637583,0.178554,6.03E-17,35.16,NAN,23,5,NAN,0.932,0.021,-0.504,7.716,NAN,mol2,pks1,pks70,pksmb,htru_pks,ghrs,,,
865,J1546-5302,NAN,NAN,NAN,51398,327.47,1.301,236.53083333,-53.03972222,0.58084,1.18E-14,287,NAN,NAN,0.32,NAN,5.334,0.121,-2.868,4.004,NAN,pksmb,htru_pks,,,,,,,
866,J1546-59,NAN,NAN,NAN,56102,323.791,-3.39,236.5,-59,0.0078,NAN,168.3,NAN,NAN,0.2,NAN,3.888,-0.23,-2.293,5.368,NAN,pksmb,,,,,,,,
867,J1547-0944,NAN,NAN,NAN,55170,358.314,33.573,236.94190833,-9.7355,1.576925,2.94E-15,37.42,NAN,NAN,NAN,NAN,3.756,2.077,-0.092,5.372,NAN,gb350,,,,,,,,
868,J1547-5750,NAN,NAN,NAN,52044,324.663,-2.601,236.8775,-57.8415,0.647198,2.56E-17,148,NAN,NAN,0.23,NAN,3.464,-0.157,-2.001,5.677,NAN,pksmb,htru_pks,,,,,,,
869,J1547-5839,NAN,NAN,NAN,51876,324.167,-3.243,236.89579167,-58.65272222,0.24219,5.94E-16,222.3,NAN,NAN,0.41,NAN,5.685,-0.322,-3.323,3.898,NAN,pksmb,htru_pks,,,,,,,
870,J1548-4821,NAN,NAN,NAN,51587,330.649,4.753,237.09691667,-48.36380556,0.145655,8E-19,126,NAN,NAN,0.51,NAN,3.439,0.285,-1.68,5.513,NAN,pksmb,htru_pks,,,,,,,
871,J1548-4927,NAN,NAN,NAN,51685,329.956,3.9,237.081125,-49.46122222,0.602738,4.05E-15,141.2,NAN,NAN,0.69,NAN,3.518,0.239,-1.757,5.462,NAN,pksmb,htru_pks,,,,,,,
872,J1548-5607,NAN,NAN,NAN,55408,325.858,-1.359,237.18339583,-56.12619444,0.170938,1.07E-14,314.66,NAN,NAN,1.39,NAN,5.702,-0.135,-3.199,3.782,NAN,pksmb,htru_pks,,,,,,,
873,J1549+2113,NAN,NAN,NAN,51738,34.625,49.129,237.4205875,21.22413889,1.262471,8.54E-16,24.06,NAN,0.9,NAN,NAN,3.033,2.293,1.128,6.867,NAN,ar4,lotaas,,,,,,,
874,J1549-4848,NAN,NAN,NAN,55407,330.495,4.305,237.33783333,-48.80986111,0.288355,1.41E-14,55.98,NAN,17,1.6,NAN,1.308,0.098,-0.642,7.365,NAN,pks70,pksmb,htru_pks,,,,,,
875,J1549-57,NAN,NAN,NAN,55196,325.127,-2.354,237.27083333,-57.36027778,0.7375,NAN,17.7,NAN,NAN,NAN,NAN,0.704,-0.029,-0.402,7.923,NAN,htru_pks,,,,,,,,
876,J1549-5722,NAN,NAN,NAN,51685,325.198,-2.42,237.44958333,-57.36722222,0.497772,4.7E-17,102,NAN,NAN,0.1,NAN,2.858,-0.121,-1.63,6.155,NAN,pksmb,htru_pks,,,,,,,
877,J1550-5242,NAN,NAN,NAN,51335,328.144,1.198,237.51229167,-52.70194444,0.749659,1.78E-14,337.7,NAN,NAN,0.32,NAN,5.644,0.118,-2.978,3.707,NAN,pksmb,htru_pks,,,,,,,
878,J1550-5317,NAN,NAN,NAN,51535,327.78,0.737,237.52,-53.28916667,1.421124,9.35E-16,600,NAN,NAN,0.4,NAN,6.932,0.089,-3.696,2.636,NAN,pksmb,htru_pks,,,,,,,
879,J1550-5418,4.8,-7.9,NAN,54795,327.237,-0.132,237.72551608,-54.30669836,2.069833,2.32E-11,830,NAN,NAN,3.3,5.3,4,-0.009,-2.165,5.136,XRS:1E_1547.0-5408[gg07],SNR:G327.24-0.1,misc,,,,,,,
880,J1551-0658,NAN,NAN,NAN,55196,1.494,34.765,237.7800625,-6.96847222,0.00709,NAN,21.6,NAN,0.5,NAN,NAN,1.325,0.756,0.028,7.412,GRS:2FGL_J1549.7-0657[naa+12],FermiAssoc,,,,,,,,
881,J1551-4424,NAN,NAN,NAN,55225,333.61,7.454,237.95008333,-44.41166667,0.67406,1.88E-16,66.5,NAN,NAN,1,NAN,2.227,0.289,-0.981,6.522,NAN,htru_pks,,,,,,,,
882,J1551-5310,NAN,NAN,NAN,55383,328.033,0.669,237.92083333,-53.18347222,0.453448,1.95E-13,491.6,NAN,NAN,0.72,NAN,5.878,0.069,-3.112,3.514,NAN,pksmb,htru_pks,,,,,,,
883,J1551-6214,NAN,NAN,NAN,56108,322.3,-6.35,237.90328333,-62.239825,0.198839,2.28E-17,122,NAN,NAN,0.31,NAN,3.901,-0.431,-2.371,5.432,NAN,htru_pks,,,,,,,,
884,J1552-4937,-3,-13,NAN,54033,330.342,3.372,238.05529542,-49.63048444,0.006284,1.9E-20,114.19,NAN,NAN,0.14,NAN,3.06,0.18,-1.512,5.845,NAN,pksmb,,,,,,,,
885,J1552+5437,NAN,NAN,NAN,56285,85.594,47.21,238.22221321,54.61827406,0.002428,2.8E-21,22.9,NAN,NAN,NAN,NAN,2.636,1.934,1.785,8.362,GRS:3FGL_J1553.1+5437[pbh+17],misc,,,,,,,,
886,J1553-5456,NAN,NAN,NAN,57600,327.186,-0.901,238.498375,-54.93506944,1.081347,1.57E-14,210,NAN,13,0.9,NAN,3.786,-0.06,-2.051,5.318,NAN,mol2,pks70,pksmb,htru_pks,,,,,
887,J1554+18,NAN,NAN,NAN,NAN,30.685,47.073,238.57083333,18.06666667,NAN,NAN,24,NAN,NAN,NAN,NAN,2.753,2.016,0.957,6.888,NAN,ar327,,,,,,,,
888,J1554-5209,NAN,NAN,NAN,55039,329.006,1.194,238.613125,-52.16063889,0.12523,2.29E-15,130.8,NAN,NAN,NAN,NAN,3.079,0.064,-1.585,5.861,NAN,pksmb,htru_pks,,,,,,,
889,J1554-5512,NAN,NAN,NAN,51491,327.087,-1.175,238.66875,-55.20916667,3.418039,3.12E-14,450,NAN,NAN,0.11,NAN,6.397,-0.131,-3.475,3.131,NAN,pksmb,,,,,,,,
890,J1555+01,NAN,NAN,NAN,NAN,10.448,38.73,238.99166667,1.13333333,NAN,NAN,18.5,NAN,NAN,NAN,NAN,1.253,0.784,0.177,7.539,NAN,misc,,,,,,,,
891,J1555-0515,NAN,NAN,NAN,54985,3.973,34.969,238.91707083,-5.26594444,0.97541,2.05E-15,23.46,NAN,NAN,NAN,NAN,1.548,0.887,0.088,7.235,NAN,gb350,,,,,,,,
892,J1555-2341,NAN,NAN,NAN,49899,348.441,22.5,238.88826808,-23.68607516,0.532578,6.94E-16,51.9,NAN,7.6,0.9,NAN,3.747,1.434,-0.694,5.108,NAN,mol2,pks70,pkssw,,,,,,
893,J1555-3134,NAN,NAN,NAN,49874,342.699,16.757,238.8248,-31.57225,0.51811,6.22E-17,73.05,NAN,19,3.8,NAN,5.299,1.528,-1.509,3.656,NAN,mol2,pks70,pkssw,,,,,,
894,J1556-5358,NAN,NAN,NAN,51398,328.117,-0.436,239.21458333,-53.98194444,0.994681,1.04E-14,436,NAN,NAN,0.53,NAN,5.02,-0.038,-2.651,4.238,NAN,pksmb,htru_pks,,,,,,,
895,J1557-4258,-3,10,NAN,48017,335.273,7.952,239.251075,-42.97018333,0.329187,3.3E-16,144.5,0,40,2.7,NAN,8.63,1.194,-3.575,0.737,NAN,pks70,pkssw,htru_pks,,,,,,
896,J1557-5151,NAN,NAN,NAN,57359,329.563,1.131,239.37208333,-51.85233333,0.408155,7.54E-17,464,NAN,NAN,0.31,NAN,6.485,0.128,-3.285,2.91,NAN,htru_pks,,,,,,,,
897,J1558-5419,NAN,NAN,NAN,51138,328.1,-0.87,239.67270833,-54.32388889,0.594575,6.04E-15,657,NAN,NAN,0.4,NAN,7.43,-0.113,-3.926,2.193,NAN,pksmb,htru_pks,,,,,,,
898,J1558-5756,NAN,NAN,NAN,53139,325.731,-3.604,239.62720833,-57.94058333,1.122342,1.86E-13,127.8,NAN,NAN,0.19,NAN,3.325,-0.209,-1.869,5.758,NAN,pksmb,,,,,,,,
899,J1558-67,NAN,NAN,NAN,55217,319.345,-10.9,239.5875,-67.59972222,0.267268,NAN,105,NAN,NAN,NAN,NAN,5.402,-1.022,-3.456,4.476,NAN,htru_pks,,,,,,,,
900,J1559-44,NAN,NAN,NAN,56657,334.872,6.936,239.75,-44,1.16989,NAN,122,NAN,NAN,NAN,NAN,4.804,0.58,-2.025,4.182,NAN,ghrss,,,,,,,,
901,J1559-4438,1.52,13.15,0.384,54100,334.54,6.367,239.92302552,-44.64608383,0.257056,1.02E-15,56.1,NAN,110,37.1,NAN,2.3,0.255,-0.983,6.436,NAN,mol1,mol2,pks70,pkssw,htru_pks,ghrs,,,
902,J1559-5545,NAN,NAN,NAN,57600,327.236,-2.025,239.83625,-55.76305556,0.957267,1.99E-14,212.9,NAN,15,0.72,NAN,4.133,-0.146,-2.235,5.027,NAN,mol2,pks70,pksmb,htru_pks,,,,,
903,J1600-5044,-5,-13,NAN,57600,330.69,1.631,240.22089583,-50.73925,0.192605,5.06E-15,262.79,0.01,NAN,21,NAN,6.9,0.196,-3.376,2.486,NAN,misc,mol1,pks1,pksmb,htru_pks,,,,
904,J1600-5751,NAN,NAN,NAN,55377,325.971,-3.697,240.08291667,-57.85425,0.194456,2.13E-15,176.55,NAN,20,2.5,NAN,4.183,-0.27,-2.336,5.041,NAN,mol2,pks1,pks70,pksmb,htru_pks,,,,
905,J1600-5916,NAN,NAN,NAN,53116,325.057,-4.798,240.14583333,-59.28305556,1.247666,8.87E-16,177,NAN,NAN,0.33,NAN,5.657,-0.473,-3.229,3.879,NAN,pksmb,,,,,,,,
906,J1601-50,NAN,NAN,NAN,50993.6,330.985,1.846,240.35,-50.38333333,0.860777,NAN,59,NAN,NAN,0.4,NAN,1.367,0.044,-0.663,7.305,NAN,pksmb,htru_pks,,,,,,,
907,J1601-5244,NAN,NAN,NAN,51071,329.448,0.065,240.36375,-52.73583333,2.559357,7.21E-16,273,NAN,NAN,0.13,NAN,4.088,0.005,-2.078,4.98,NAN,pksmb,htru_pks,,,,,,,
908,J1601-5335,NAN,NAN,NAN,55391,328.935,-0.628,240.478375,-53.59558333,0.288479,6.23E-14,195.2,NAN,NAN,0.25,NAN,3.576,-0.039,-1.845,5.437,NAN,pksmb,htru_pks,,,,,,,
909,J1602-4957,NAN,NAN,NAN,51487,331.374,2.07,240.57583333,-49.95888889,0.81999,1.59E-14,319,NAN,NAN,0.17,NAN,6.029,0.218,-2.887,3.211,NAN,pksmb,htru_pks,,,,,,,
910,J1602-5100,NAN,NAN,NAN,57600,330.688,1.285,240.57804167,-51.00169444,0.864286,6.94E-14,170.79,0,45,7,NAN,8,0.179,-3.916,1.526,NAN,misc,mol2,pks1,pks70,pksmb,htru_pks,,,
911,J1603+18,NAN,NAN,NAN,57022,32.849,45.28,240.89166667,18.85,0.503,NAN,29.7,NAN,NAN,NAN,NAN,25,17.764,9.542,-6.278,NAN,ar327,,,,,,,,
912,J1603-2531,NAN,NAN,NAN,57600,348.375,19.985,240.77010542,-25.52997222,0.283071,1.59E-15,53.76,NAN,15,NAN,NAN,3.412,1.166,-0.646,5.359,NAN,pks70,pkssw,,,,,,,
913,J1603-2712,NAN,NAN,NAN,49911,347.126,18.767,240.78359696,-27.22433718,0.778313,3.01E-15,46.2,NAN,20,1.7,NAN,2.306,0.742,-0.486,6.371,NAN,mol2,pks70,pkssw,,,,,,
914,J1603-3539,NAN,NAN,NAN,51650,341.218,12.526,240.9737375,-35.66586111,0.141909,1.24E-16,77.5,NAN,NAN,0.9,NAN,4.1,0.889,-1.289,4.711,NAN,pkssw,htru_pks,,,,,,,
915,J1603-5312,NAN,NAN,NAN,57693,329.402,-0.533,240.962,-53.21611111,0.839221,4.96E-14,142,NAN,NAN,0.25,NAN,3.113,-0.029,-1.584,5.821,NAN,htru_pks,,,,,,,,
916,J1603-5657,NAN,NAN,NAN,49524.43,326.884,-3.309,240.88108333,-56.962275,0.496077,2.79E-15,264.07,NAN,8,0.9,NAN,6.73,-0.388,-3.671,2.873,NAN,pks70,pksmb,htru_pks,,,,,,
917,J1604-3142,NAN,NAN,NAN,57388,344.125,15.385,241.1,-31.65,0.883883,NAN,63,NAN,NAN,NAN,NAN,3.405,0.903,-0.898,5.342,NAN,pks_superb,,,,,,,,
918,J1604-44,NAN,NAN,NAN,55196,335.142,5.744,241.13333333,-44.71666667,1.3892,NAN,175,NAN,NAN,NAN,NAN,7.833,0.784,-3.276,1.428,NAN,NAN,,,,,,,,
919,J1604-4718,NAN,NAN,NAN,52897,333.399,3.814,241.12254167,-47.31330556,0.527466,4.96E-15,52,NAN,NAN,0.22,NAN,1.214,0.081,-0.542,7.417,NAN,pksmb,htru_pks,,,,,,,
920,J1604-4909,-12,9,NAN,57600,332.152,2.442,241.09573333,-49.16610556,0.327419,1.02E-15,140.8,0,44,6.1,NAN,3.225,0.137,-1.505,5.651,NAN,mol2,pks1,pks70,pksmb,htru_pks,,,,
921,J1604-7203,NAN,NAN,NAN,49529.4,316.67,-14.554,241.12157083,-72.05846111,0.341403,8.4E-17,54.37,NAN,10,NAN,NAN,1.595,-0.401,-1.059,7.377,NAN,pks70,htru_pks,,,,,,,
922,J1605+3249,-25,142,NAN,52111,52.88,47.992,241.32716667,32.82166667,6.88,NAN,NAN,NAN,NAN,NAN,NAN,NAN,0,0,8.5,XRS:RX_J1605.3+3249,OPT:[kkvh11],misc,,,,,,,
923,J1605-5215,NAN,NAN,NAN,51072,330.201,0.031,241.32916667,-52.26333333,1.013609,4.75E-15,532,NAN,NAN,0.22,NAN,5.087,0.003,-2.528,4.086,NAN,pksmb,htru_pks,,,,,,,
924,J1605-5257,NAN,NAN,NAN,57600,329.732,-0.484,241.31777083,-52.95966667,0.658013,2.56E-16,35.1,NAN,30,21,NAN,0.925,-0.008,-0.466,7.701,NAN,misc,mol2,pks1,pks70,pksmb,htru_pks,,,
925,J1607-0032,-26.47,-27.5,0.92,46973,10.715,35.466,241.80024917,-0.54486861,0.421816,3.06E-16,10.68,0,54,1.7,NAN,1.087,0.631,0.165,7.63,NAN,mol1,mol2,gb3,pks70,gb4,lotaas,,,
926,J1607-5140,NAN,NAN,NAN,51072,330.884,0.213,241.95541667,-51.67111111,0.342723,2.54E-15,533,NAN,NAN,0.26,NAN,5.118,0.019,-2.49,4.029,NAN,pksmb,,,,,,,,
927,J1607-6449,NAN,NAN,NAN,55192,321.953,-9.486,241.9529625,-64.82863333,0.298116,2.49E-17,89.39,NAN,NAN,0.22,NAN,3.444,-0.568,-2.094,5.825,NAN,htru_pks,,,,,,,,
928,J1609-1930,NAN,NAN,NAN,53000,354.073,23.178,242.27229167,-19.50222222,1.557917,5.09E-16,37,NAN,NAN,0.3,NAN,1.791,0.705,-0.17,6.862,NAN,pkssw,,,,,,,,
929,J1609-4616,NAN,NAN,NAN,52133,334.76,3.986,242.421375,-46.27291667,0.249609,5.01E-16,150.1,NAN,NAN,0.38,NAN,3.747,0.26,-1.594,5.119,NAN,pksmb,htru_pks,,,,,,,
930,J1609-5158,NAN,NAN,NAN,51160,330.867,-0.179,242.36125,-51.97166667,1.279402,1.3E-14,1069,NAN,NAN,0.27,NAN,6.477,-0.02,-3.153,2.842,NAN,pksmb,,,,,,,,
931,J1610-1322,NAN,NAN,NAN,49691,359.427,26.949,242.6782285,-13.37286409,1.018393,2.3E-16,49.13,NAN,16,NAN,NAN,3.247,1.472,-0.029,5.606,NAN,gb2,,,,,,,,
932,J1610-17,NAN,NAN,NAN,NAN,355.611,24.11,242.54583333,-17.83333333,NAN,NAN,52.5,NAN,NAN,NAN,NAN,3.768,1.539,-0.263,5.071,NAN,pkssw,,,,,,,,
933,J1610-5006,NAN,NAN,NAN,51111,332.278,1.05,242.68458333,-50.11172222,0.481119,1.36E-14,416,NAN,NAN,1.6,NAN,5.665,0.104,-2.635,3.486,NAN,pksmb,htru_pks,,,,,,,
934,J1610-5303,NAN,NAN,NAN,51488,330.212,-1.061,242.55341667,-53.06361111,0.786468,2.62E-15,380.1,NAN,NAN,0.76,NAN,5.353,-0.099,-2.659,3.855,NAN,pksmb,htru_pks,,,,,,,
935,J1611-01,NAN,NAN,NAN,56657,10.447,34.161,242.75,-1.46666667,1.29687,NAN,27.21,NAN,NAN,NAN,NAN,2.015,1.131,0.302,6.86,NAN,gb350,,,,,,,,
936,J1611-4811,NAN,NAN,NAN,51686.5,333.621,2.421,242.76125,-48.19416667,1.29685,1.95E-15,221,NAN,NAN,0.08,NAN,4.909,0.207,-2.179,4.106,NAN,pksmb,,,,,,,,
937,J1611-4949,NAN,NAN,NAN,51071,332.59,1.14,242.94429167,-49.83255556,0.666438,5.42E-16,556.8,NAN,NAN,0.58,NAN,7.234,0.144,-3.33,2.079,NAN,pksmb,htru_pks,,,,,,,
938,J1611-5209,NAN,NAN,NAN,55390,330.923,-0.482,242.76404167,-52.15614722,0.182495,5.17E-15,127.34,0,NAN,1.45,NAN,2.949,-0.025,-1.433,5.923,NAN,pks1,pksmb,htru_pks,,,,,,
939,J1611-5847,NAN,NAN,NAN,53071,326.465,-5.409,242.96380417,-58.79509167,0.35455,2.01E-18,79.9,NAN,NAN,0.11,NAN,2.479,-0.234,-1.363,6.443,NAN,pksmb,htru_pks,,,,,,,
940,J1612+2008,NAN,NAN,NAN,54985,35.518,43.743,243.09763333,20.138425,0.426646,3.73E-17,19.51,NAN,NAN,NAN,NAN,1.74,1.203,0.73,7.477,NAN,gb350,,,,,,,,
941,J1612-2408,NAN,NAN,NAN,53000,351.011,19.446,243.10858333,-24.13444444,0.923834,1.57E-15,49,NAN,NAN,0.5,NAN,2.747,0.915,-0.405,5.942,NAN,pkssw,,,,,,,,
942,J1612-49,NAN,NAN,NAN,56657,332.985,1.295,243.225,-49.45,0.192687,NAN,439,NAN,NAN,0.16,NAN,6.293,0.142,-2.858,2.895,NAN,htru_pks,,,,,,,,
943,J1612-5022,NAN,NAN,NAN,57947,332.295,0.663,243.11678333,-50.38258333,1.368283,3.4E-17,248.7,NAN,NAN,0.23,NAN,3.994,0.046,-1.857,4.964,NAN,htru_pks,,,,,,,,
944,J1612-5136,NAN,NAN,NAN,51348,331.4,-0.187,243.0025,-51.615,0.483311,3.78E-15,1173,NAN,NAN,0.2,NAN,6.69,-0.022,-3.202,2.626,NAN,pksmb,,,,,,,,
945,J1612-55,NAN,NAN,NAN,56657,328.992,-2.776,243.025,-55.15,0.846907,NAN,312,NAN,NAN,0.11,NAN,6.923,-0.335,-3.562,2.573,NAN,htru_pks,,,,,,,,
946,J1612-5805,NAN,NAN,NAN,54893,327.008,-4.952,243.1159,-58.09144444,0.61552,9.35E-16,171.3,NAN,NAN,0.3,NAN,5.542,-0.478,-3.007,3.869,NAN,htru_pks,,,,,,,,
947,J1613-4714,NAN,NAN,NAN,57600,334.573,2.835,243.37090833,-47.24066944,0.382377,6.34E-16,161.2,0,17,1.4,NAN,3.521,0.174,-1.51,5.324,NAN,mol2,pks70,pksmb,htru_pks,,,,,
948,J1613-5211,NAN,NAN,NAN,51072,331.197,-0.784,243.42691667,-52.18916667,0.457502,1.92E-14,360.1,NAN,NAN,0.29,NAN,4.718,-0.065,-2.273,4.366,NAN,pksmb,htru_pks,,,,,,,
949,J1613-5234,NAN,NAN,NAN,51111,330.962,-1.088,243.48954167,-52.57138889,0.655221,6.63E-15,624,NAN,NAN,0.28,NAN,7.421,-0.141,-3.601,2.013,NAN,pksmb,htru_pks,,,,,,,
950,J1614+0737,NAN,NAN,NAN,49897,20.633,38.163,243.67044377,7.62528291,1.206801,2.36E-15,21.39,0,9.6,0.6,NAN,1.626,1.005,0.45,7.304,NAN,mol2,gb2,ar4,gb4,lotaas,,,,
951,J1614-23,NAN,NAN,NAN,53370,351.956,19.791,243.5,-23.25,0.0335,NAN,52,NAN,NAN,NAN,NAN,3.183,1.078,-0.419,5.534,NAN,misc,,,,,,,,
952,J1614-3846,NAN,NAN,NAN,55876,340.628,8.788,243.67716667,-38.77638889,0.464106,9.2E-16,111,NAN,NAN,0.18,NAN,5.637,0.861,-1.848,3.245,NAN,htru_pks,,,,,,,,
953,J1614-3937,NAN,NAN,NAN,49016,340.004,8.206,243.6301125,-39.62466667,0.407292,1.59E-16,152.44,0,12,0.7,NAN,10.65,1.52,-3.605,-1.406,NAN,pks70,pkssw,htru_pks,,,,,,
954,J1614-5048,NAN,NAN,NAN,50496,332.206,0.172,243.54704167,-50.80097222,0.231694,4.95E-13,582.4,0.04,NAN,4.1,NAN,5.148,0.015,-2.4,3.946,NAN,pks1,pksmb,htru_pks,,,,,,
955,J1614-5144,NAN,NAN,NAN,51111,331.619,-0.576,243.69041667,-51.74694444,1.534008,7.44E-15,748,NAN,NAN,0.16,NAN,6.129,-0.062,-2.913,3.108,NAN,pksmb,,,,,,,,
956,J1614-5402,NAN,NAN,NAN,51482,330.04,-2.247,243.70991667,-54.04638889,0.572592,2.9E-17,300,NAN,NAN,0.25,NAN,5.829,-0.229,-2.909,3.454,NAN,pksmb,htru_pks,,,,,,,
957,J1615-2940,NAN,NAN,NAN,48390,347.387,15.056,243.97014552,-29.67104248,2.477568,1.58E-15,44.79,NAN,3.1,NAN,NAN,1.717,0.446,-0.362,6.882,NAN,mol2,htru_pks,,,,,,,
958,J1615-4958,NAN,NAN,NAN,57928,332.909,0.654,243.82241667,-49.96722222,0.558258,1.46E-15,240.7,NAN,NAN,0.16,NAN,3.911,0.045,-1.781,5.018,NAN,htru_pks,,,,,,,,
959,J1615-5444,NAN,NAN,NAN,51482,329.578,-2.768,243.7549625,-54.74233333,0.360958,3.38E-16,312.6,NAN,NAN,0.59,NAN,6.882,-0.332,-3.481,2.572,NAN,pksmb,htru_pks,,,,,,,
960,J1615-5537,NAN,NAN,NAN,48414.5,329.039,-3.464,243.91845833,-55.61680556,0.791526,2E-15,124.48,0,12,0.8,NAN,3.192,-0.193,-1.639,5.768,NAN,pks1,pks70,pksmb,htru_pks,,,,,
961,J1616-5017,NAN,NAN,NAN,56701,332.827,0.289,244.12454167,-50.28747222,0.491384,4.66E-14,194,NAN,NAN,0.17,NAN,3.48,0.018,-1.589,5.404,NAN,htru_pks,,,,,,,,
962,J1616-5109,NAN,NAN,NAN,51161,332.226,-0.337,244.12875,-51.15472222,1.219594,1.91E-14,1160,NAN,NAN,1.2,NAN,6.842,-0.04,-3.188,2.446,NAN,pksmb,htru_pks,,,,,,,
963,J1616-5208,NAN,NAN,NAN,51072,331.524,-1.038,244.0975,-52.14666667,1.025831,2.89E-14,488,NAN,NAN,0.44,NAN,6.006,-0.109,-2.863,3.221,NAN,pksmb,htru_pks,,,,,,,
964,J1617-4216,NAN,NAN,NAN,51500,338.524,5.924,244.34741667,-42.28305556,3.428466,1.81E-14,163.6,NAN,NAN,0.28,NAN,7.287,0.752,-2.654,1.755,NAN,pkssw,pksmb,,,,,,,
965,J1617-4608,NAN,NAN,NAN,53129,335.842,3.139,244.39627083,-46.14347222,0.56708,1.65E-14,321.5,NAN,NAN,0.15,NAN,11.077,0.607,-4.526,-1.592,NAN,pksmb,htru_pks,,,,,,,
966,J1617-5055,NAN,NAN,NAN,50829.7,332.499,-0.275,244.37208333,-50.92033333,0.069357,1.35E-13,467,NAN,NAN,0.27,NAN,4.743,-0.023,-2.19,4.293,GRS:J1616-508[aab+06],misc,htru_pks,,,,,,,
967,J1618-36,NAN,NAN,NAN,55065,343.113,10.181,244.63375,-36.06166667,0.005779,NAN,104,NAN,NAN,NAN,NAN,6.043,1.068,-1.728,2.809,NAN,htru_pks,,,,,,,,
968,J1618-4723,NAN,NAN,NAN,51097,335.037,2.184,244.52833333,-47.38863889,0.203553,1.99E-15,134.7,NAN,NAN,1,NAN,3.089,0.118,-1.303,5.702,NAN,pksmb,htru_pks,,,,,,,
969,J1619-42,NAN,NAN,NAN,51975.6,338.927,5.88,244.775,-42.03333333,1.023152,NAN,172,NAN,NAN,0.6,NAN,8.149,0.835,-2.915,0.936,NAN,pksmb,,,,,,,,
970,J1620-4927,NAN,NAN,NAN,55225,333.888,0.408,245.173,-49.46030556,0.171935,1.05E-14,NAN,NAN,NAN,NAN,NAN,NAN,0,0,8.5,GRS:2FGL_J1620.8-4928[naa+12],FermiBlind,,,,,,,,
971,J1620-5414,NAN,NAN,NAN,51830,330.467,-2.943,245.06016667,-54.24769444,1.15636,6.74E-17,71,NAN,NAN,0.13,NAN,1.978,-0.102,-0.974,6.781,NAN,pksmb,,,,,,,,
972,J1621-5039,NAN,NAN,NAN,51072,333.084,-0.49,245.269625,-50.6635,1.08402,1.3E-14,261,NAN,NAN,0.36,NAN,3.917,-0.033,-1.773,5.007,NAN,pksmb,htru_pks,,,,,,,
973,J1621-5243,NAN,NAN,NAN,51151,331.718,-2.045,245.4825,-52.72888889,0.371924,7.68E-16,363,NAN,NAN,0.27,NAN,6.435,-0.23,-3.047,2.837,NAN,pksmb,htru_pks,,,,,,,
974,J1622-3751,NAN,NAN,NAN,55070,342.322,8.419,245.51908333,-37.85386111,0.731463,2.57E-15,153.8,NAN,NAN,0.2,NAN,11.596,1.698,-3.483,-2.429,NAN,htru_pks,,,,,,,,
975,J1622-4332,NAN,NAN,NAN,49100,338.332,4.339,245.68945,-43.54116667,0.916938,1.56E-15,230.68,NAN,16,0.53,NAN,9.762,0.739,-3.594,-0.546,NAN,pks70,pksmb,htru_pks,,,,,,
976,J1622-4347,NAN,NAN,NAN,52897,338.122,4.198,245.62525,-43.78927778,0.457681,5.05E-15,177,NAN,NAN,0.18,NAN,5.039,0.369,-1.873,3.836,NAN,pksmb,htru_pks,,,,,,,
977,J1622-4802,NAN,NAN,NAN,51033,335.139,1.17,245.696625,-48.03697222,0.265072,3.07E-16,364.3,NAN,NAN,0.92,NAN,5.321,0.109,-2.237,3.673,NAN,pksmb,htru_pks,,,,,,,
978,J1622-4845,NAN,NAN,NAN,56715,334.534,0.732,245.52270833,-48.77472222,0.735092,1.1E-16,292,NAN,NAN,0.15,NAN,4.244,0.054,-1.825,4.669,NAN,htru_pks,,,,,,,,
979,J1622-4944,NAN,NAN,NAN,51072,333.911,-0.013,245.65625,-49.74166667,1.072968,1.71E-14,755,NAN,NAN,0.52,NAN,5.412,-0.001,-2.38,3.639,NAN,pksmb,htru_pks,,,,,,,
980,J1622-4950,NAN,NAN,NAN,56563,333.849,-0.102,245.68666667,-49.84844444,4.32702,2.78E-12,820,NAN,NAN,4.8,NAN,5.571,-0.01,-2.455,3.499,XRS:CXOU_J162244.8-495054,SNR:G333.9+0.0,htru_pks,,,,,,,
981,J1623-0841,NAN,NAN,NAN,55079,5.774,27.367,245.92784458,-8.6935,0.503015,1.96E-15,59.79,NAN,NAN,NAN,NAN,4.643,2.134,0.415,4.398,NAN,gb350,,,,,,,,
982,J1623-0908,-10.76,23.56,0.6,48715,5.297,27.178,245.82358292,-9.14687028,1.276446,2.58E-15,68.18,NAN,6,0.6,NAN,1.667,0.761,0.137,7.024,NAN,mol2,pks70,pkssw,,,,,,
983,J1623-4256,NAN,NAN,NAN,57600,338.89,4.62,245.9512125,-42.94794444,0.364591,1.01E-15,295,0,24,2.7,NAN,21.557,1.736,-7.739,-11.545,NAN,mol2,pkssw,pksmb,htru_pks,,,,,
984,J1623-4949,NAN,NAN,NAN,51073,334.003,-0.214,245.97833333,-49.81777778,0.725732,4.21E-14,183.3,NAN,NAN,0.36,NAN,3.356,-0.013,-1.471,5.484,NAN,pksmb,htru_pks,,,,,,,
985,J1623-5005,NAN,NAN,NAN,55716,333.716,-0.307,245.767125,-50.08752778,0.085072,4.16E-15,NAN,NAN,NAN,NAN,NAN,NAN,0,0,8.5,GRS:3FGL_J1622.9-5004[aaa+15],FermiBlind,,,,,,,,
986,J1624-4041,NAN,NAN,NAN,55716,340.558,6.149,246.0413625,-40.69158333,0.167861,4.72E-15,NAN,NAN,NAN,NAN,NAN,NAN,0,0,8.5,GRS:3FGL_J1624.2-4041[aaa+15],FermiBlind,,,,,,,,
987,J1624-4411,NAN,NAN,NAN,53058,338.069,3.677,246.08900417,-44.19272222,0.233164,7.99E-16,139.4,NAN,NAN,0.48,NAN,3.344,0.214,-1.246,5.404,NAN,pksmb,htru_pks,,,,,,,
988,J1624-4613,NAN,NAN,NAN,53500,336.616,2.265,246.07791667,-46.21722222,0.871243,6.07E-17,224.2,NAN,NAN,0.39,NAN,4.779,0.189,-1.895,4.117,NAN,pksmb,htru_pks,,,,,,,
989,J1624-4721,NAN,NAN,NAN,51683,335.874,1.393,246.22870833,-47.3575,0.448723,4.15E-15,364,NAN,NAN,0.15,NAN,5.634,0.137,-2.302,3.36,NAN,pksmb,,,,,,,,
990,J1624+5850,NAN,NAN,NAN,57718,89.198,41.791,246.00401667,58.83771389,0.651801,3.31E-16,26.4,NAN,NAN,NAN,NAN,3.187,2.124,2.376,8.467,NAN,lotaas,,,,,,,,
991,J1624+8643,NAN,NAN,NAN,56500,119.925,29.057,246.13635035,86.72033519,0.395763,2.55E-16,46.43,NAN,NAN,NAN,NAN,8.854,4.3,6.708,12.361,NAN,gbncc,,,,,,,,
992,J1625-4048,NAN,NAN,NAN,49012,340.609,5.932,246.29304167,-40.80597222,2.355278,4.43E-16,145,0,17,NAN,NAN,5.612,0.58,-1.853,3.235,NAN,pks70,pkssw,htru_pks,,,,,,
993,J1625-4904,NAN,NAN,NAN,51073,334.69,0.145,246.32520833,-49.076,0.460339,1.68E-14,684.8,NAN,NAN,0.2,NAN,5.251,0.013,-2.245,3.753,NAN,pksmb,htru_pks,,,,,,,
994,J1625-4913,NAN,NAN,NAN,54895,334.578,0.041,246.318375,-49.22905556,0.355856,6.65E-15,720,NAN,NAN,0.2,NAN,5.296,0.004,-2.273,3.717,NAN,htru_pks,,,,,,,,
995,J1626-44,NAN,NAN,NAN,51718.6,338.274,3.216,246.75,-44.36666667,0.308354,NAN,269.2,NAN,NAN,0.3,NAN,8.304,0.466,-3.069,0.798,NAN,pksmb,,,,,,,,
996,J1626-4537,NAN,NAN,NAN,51683,337.346,2.367,246.70408333,-45.62377778,0.370141,8.28E-15,237,NAN,NAN,1.2,NAN,4.977,0.206,-1.915,3.911,NAN,pksmb,htru_pks,,,,,,,
997,J1626-4807,NAN,NAN,NAN,51207,335.53,0.636,246.67708333,-48.13166667,0.293928,1.75E-14,817,NAN,NAN,0.37,NAN,7.453,0.083,-3.087,1.717,NAN,pksmb,htru_pks,,,,,,,
998,J1626-6621,NAN,NAN,NAN,55195,322.214,-11.901,246.52854583,-66.35424167,0.450868,7.66E-16,84.11,NAN,NAN,0.2,NAN,3.816,-0.787,-2.288,5.549,NAN,htru_pks,,,,,,,,
999,J1627+1419,NAN,NAN,NAN,48957.5,30.03,38.319,246.8281625,14.32241667,0.490857,3.93E-16,32.17,NAN,6.1,NAN,NAN,4.325,2.682,1.698,5.562,NAN,ar4,lotaas,,,,,,,
1000,J1627-4706,NAN,NAN,NAN,53165,336.352,1.25,246.86979167,-47.11394444,0.140746,1.73E-15,456.1,NAN,NAN,0.18,NAN,6.407,0.14,-2.569,2.632,NAN,pksmb,,,,,,,,
1001,J1627-4845,NAN,NAN,NAN,49200,335.137,0.15,246.79308333,-48.75222222,0.612331,3.64E-15,557.8,NAN,NAN,0.48,NAN,4.88,0.013,-2.052,4.072,NAN,misc,pksmb,htru_pks,,,,,,
1002,J1627-49,NAN,NAN,NAN,56657,334.37,-0.709,246.925,-49.9,0.623678,NAN,594,NAN,NAN,0.13,NAN,5.542,-0.069,-2.397,3.504,NAN,htru_pks,,,,,,,,
1003,J1627-51,NAN,NAN,NAN,56657,333.459,-1.541,246.875,-51.13333333,0.439684,NAN,201,NAN,NAN,0.08,NAN,3.75,-0.101,-1.675,5.146,NAN,htru_pks,,,,,,,,
1004,J1627-5547,NAN,NAN,NAN,51561,330.074,-4.756,246.83783333,-55.79788889,0.352464,7.38E-16,166.2,NAN,NAN,0.65,NAN,5.046,-0.418,-2.509,4.142,NAN,pksmb,htru_pks,,,,,,,
1005,J1627-5936,NAN,NAN,NAN,55188,327.341,-7.438,246.969125,-59.61536111,0.354234,8E-18,99.3,NAN,NAN,1.6,NAN,3.391,-0.439,-1.815,5.669,NAN,htru_pks,,,,,,,,
1006,J1628+4406,NAN,NAN,NAN,56625,69.239,43.616,247.20963287,44.11183659,0.181178,1.94E-17,7.33,NAN,3.2,NAN,NAN,0.54,0.373,0.366,8.361,NAN,gbncc,lotaas,,,,,,,
1007,J1628-4804,NAN,NAN,NAN,51073,335.766,0.461,247.11179167,-48.08305556,0.865971,1.24E-15,952,NAN,NAN,1.2,NAN,6.887,0.055,-2.827,2.22,NAN,pksmb,htru_pks,,,,,,,
1008,J1628-4828,NAN,NAN,NAN,51393,335.488,0.18,247.12875,-48.47833333,4.137539,1.75E-14,1209,NAN,NAN,0.29,NAN,6.726,0.021,-2.79,2.38,NAN,pksmb,,,,,,,,
1009,J1629-3636,NAN,NAN,NAN,55000,344.28,8.198,247.39920833,-36.60361111,2.988193,7E-15,101,NAN,NAN,0.2,NAN,4.232,0.603,-1.135,4.468,NAN,htru_pks,,,,,,,,
1010,J1629-3825,NAN,NAN,NAN,56376,342.889,7.006,247.31090833,-38.42480556,0.526365,4.44E-16,127.9,NAN,NAN,0.38,NAN,5.574,0.68,-1.628,3.213,NAN,htru_pks,,,,,,,,
1011,J1629-6902,NAN,NAN,NAN,51600,320.371,-13.926,247.28654417,-69.045915,0.006001,1E-20,29.49,NAN,NAN,NAN,NAN,0.962,-0.232,-0.596,7.781,NAN,pkssw,htru_pks,,,,,,,
1012,J1630-4719,NAN,NAN,NAN,51340,336.497,0.787,247.51029167,-47.32833333,0.559071,1.42E-14,489.6,NAN,NAN,0.46,NAN,5.444,0.075,-2.171,3.508,NAN,pksmb,htru_pks,,,,,,,
1013,J1630-4733,NAN,NAN,NAN,48414,336.403,0.562,247.656125,-47.55138889,0.575971,2.23E-14,498,0.2,NAN,9.9,NAN,4.996,0.049,-2,3.922,NAN,pks1,pksmb,htru_pks,,,,,,
1014,J1631-1612,NAN,NAN,NAN,55766,0.577,21.193,247.968625,-16.21444444,0.677684,1.1E-15,33.77,NAN,NAN,NAN,NAN,0.839,0.303,0.008,7.718,NAN,gb350,,,,,,,,
1015,J1631-4155,NAN,NAN,NAN,53082,340.596,4.332,247.826375,-41.91769444,0.551241,8.81E-18,235,NAN,NAN,0.19,NAN,10.801,0.816,-3.578,-1.658,NAN,pksmb,,,,,,,,
1016,J1632-1013,NAN,NAN,NAN,52820,5.91,24.636,248.22583333,-10.22166667,0.717637,6.6E-17,89.9,NAN,NAN,0.15,NAN,10.272,4.282,0.961,-0.787,NAN,misc,,,,,,,,
1017,J1632-4509,NAN,NAN,NAN,51973,338.343,2.002,248.05833333,-45.1525,1.04681,1.49E-14,412,NAN,NAN,0.16,NAN,11.498,0.402,-4.241,-2.18,NAN,pksmb,htru_pks,,,,,,,
1018,J1632-4621,NAN,NAN,NAN,51291,337.527,1.1,248.20755417,-46.3635,1.709154,7.6E-14,562.9,NAN,NAN,0.8,NAN,10.101,0.194,-3.86,-0.832,NAN,pksmb,htru_pks,,,,,,,
1019,J1632-4757,NAN,NAN,NAN,55419,336.296,0.08,248.06941667,-47.95958333,0.228569,1.51E-14,574.2,NAN,NAN,0.51,NAN,4.836,0.007,-1.944,4.072,NAN,pksmb,htru_pks,,,,,,,
1020,J1632-4818,NAN,NAN,NAN,55426,336.08,-0.209,248.16541667,-48.31494444,0.813672,6.49E-13,758,NAN,NAN,0.48,NAN,5.308,-0.019,-2.152,3.648,SNR:G336.1-0.2(?)[mbc+02],pksmb,htru_pks,,,,,,,
1021,J1633-2009,NAN,NAN,NAN,54993,357.631,18.331,248.48041667,-20.16916667,0.935557,1.07E-15,48.19,NAN,NAN,NAN,NAN,2.354,0.74,-0.092,6.267,NAN,gb350,,,,,,,,
1022,J1633-4453,NAN,NAN,NAN,48360.6,338.725,1.982,248.44603333,-44.8855,0.436507,6.2E-15,474.1,0.02,NAN,2.6,NAN,14.937,0.517,-5.416,-5.411,NAN,pks1,pksmb,htru_pks,,,,,,
1023,J1633-4805,NAN,NAN,NAN,51588,336.29,-0.11,248.2725,-48.09333333,0.71083,7.69E-14,1120,NAN,NAN,0.23,NAN,6.171,-0.012,-2.481,2.85,NAN,pksmb,,,,,,,,
1024,J1633-5015,NAN,NAN,NAN,57600,334.698,-1.569,248.25035875,-50.25232167,0.352145,3.79E-15,398.41,0,NAN,7.6,NAN,6.005,-0.164,-2.565,3.073,NAN,pks1,pksmb,htru_pks,,,,,,
1025,J1634-4229,NAN,NAN,NAN,57603,340.542,3.54,248.56110417,-42.49563889,2.015263,8.01E-15,337.9,NAN,NAN,0.16,NAN,18.861,1.165,-6.271,-9.25,NAN,htru_pks,,,,,,,,
1026,J1634-49,NAN,NAN,NAN,56657,335.145,-1.484,248.625,-49.86666667,0.684936,NAN,649,NAN,NAN,0.13,NAN,11.716,-0.303,-4.923,-2.127,NAN,htru_pks,,,,,,,,
1027,J1634-5107,NAN,NAN,NAN,54420,334.171,-2.29,248.52079167,-51.12933333,0.507356,1.57E-15,372.8,NAN,NAN,0.05,NAN,7.212,-0.288,-3.14,2.014,NAN,pksmb,,,,,,,,
1028,J1634-5640,NAN,NAN,NAN,55010,330.09,-6.066,248.579875,-56.68019444,0.224201,4.1E-17,148,NAN,NAN,0.3,NAN,5.461,-0.577,-2.708,3.793,NAN,htru_pks,,,,,,,,
1029,J1635-1511,NAN,NAN,NAN,53000,2.058,21.078,248.94733333,-15.19777778,1.179387,2.32E-16,54,NAN,NAN,0.5,NAN,1.445,0.52,0.048,7.153,NAN,pkssw,,,,,,,,
1030,J1635+2332,NAN,NAN,NAN,57935,41.998,39.747,248.77233333,23.53977778,1.208694,8.63E-16,37.57,NAN,0.4,NAN,NAN,25,15.985,12.861,-5.785,NAN,misc,lotaas,,,,,,,
1031,J1635+2418,NAN,NAN,NAN,48736,42.993,39.889,248.85742371,24.31314405,0.490507,1.19E-16,24.27,0,9.1,0.4,NAN,2.433,1.56,1.273,7.135,NAN,misc,lotaas,,,,,,,
1032,J1635-4513,NAN,NAN,NAN,51306,338.731,1.475,248.98083333,-45.22416667,1.594746,3.6E-15,416,NAN,NAN,0.25,NAN,7.735,0.199,-2.805,1.294,NAN,pksmb,htru_pks,,,,,,,
1033,J1635-4735,NAN,NAN,NAN,54734,336.976,-0.111,248.96601667,-47.58980833,2.594578,NAN,NAN,NAN,NAN,NAN,NAN,NAN,0,0,8.5,XRS:SGR_1627-41,SNR:G337.0-0.1(?)[wkv+99,misc,,,,,,,
1034,J1635-4944,NAN,NAN,NAN,51447,335.391,-1.57,248.98083333,-49.74333333,0.671964,8.79E-15,474,NAN,NAN,0.4,NAN,7.36,-0.202,-3.064,1.811,NAN,pksmb,htru_pks,,,,,,,
1035,J1635-5954,NAN,NAN,NAN,43564.05,327.747,-8.313,248.78783333,-59.91138889,0.529121,1.37E-15,134.9,NAN,7,1.8,NAN,7.214,-1.043,-3.809,2.463,NAN,mol2,pks70,pkssw,htru_pks,,,,,
1036,J1636-2614,NAN,NAN,NAN,57018,353.12,14.036,249.04794167,-26.24638889,0.510454,4.06E-15,94,NAN,NAN,0.19,NAN,8.189,1.986,-0.952,0.613,NAN,htru_pks,,,,,,,,
1037,J1636-4440,NAN,NAN,NAN,54411.5,339.18,1.799,249.068875,-44.67361111,0.206649,4.67E-14,449,NAN,NAN,0.29,NAN,12.455,0.391,-4.425,-3.136,NAN,pksmb,htru_pks,,,,,,,
1038,J1636-4803,NAN,NAN,NAN,51299,336.7,-0.515,249.13333333,-48.06527778,1.204644,2.07E-14,503,NAN,NAN,1.1,NAN,4.759,-0.043,-1.882,4.129,NAN,pksmb,htru_pks,,,,,,,
1039,J1636-4933,NAN,NAN,NAN,51305,335.641,-1.561,249.22979167,-49.55277778,0.430367,1.51E-15,542.7,NAN,NAN,0.45,NAN,10.229,-0.279,-4.217,-0.815,NAN,pksmb,htru_pks,,,,,,,
1040,J1637-4335,NAN,NAN,NAN,51707,340.182,2.3,249.48666667,-43.595,0.771367,3.62E-15,608,NAN,NAN,0.18,NAN,25,1.003,-8.469,-15,NAN,pksmb,,,,,,,,
1041,J1637-4450,NAN,NAN,NAN,53283,339.248,1.475,249.47145833,-44.84063889,0.25287,5.75E-16,470.7,NAN,NAN,0.4,NAN,11.423,0.294,-4.046,-2.178,NAN,pksmb,htru_pks,,,,,,,
1042,J1637-4553,NAN,NAN,NAN,55443,338.478,0.761,249.49455,-45.89078333,0.118773,3.19E-15,193.23,NAN,15,1.5,NAN,3.442,0.046,-1.263,5.298,NAN,pks1,pksmb,htru_pks,,,,,,
1043,J1637-46,NAN,NAN,NAN,50842.9,338.192,0.592,249.4,-46.21666667,0.493091,NAN,660.4,NAN,NAN,0.7,NAN,5.744,0.059,-2.134,3.167,NAN,pksmb,,,,,,,,
1044,J1637-4642,NAN,NAN,NAN,55398,337.788,0.312,249.30729167,-46.70394444,0.154047,5.93E-14,419.1,NAN,NAN,0.93,NAN,4.41,0.024,-1.667,4.417,NAN,pksmb,htru_pks,,,,,,,
1045,J1637-4721,NAN,NAN,NAN,51296,337.304,-0.117,249.2975,-47.35083333,1.165741,4.44E-15,448,NAN,NAN,0.42,NAN,4.416,-0.009,-1.704,4.426,NAN,pksmb,htru_pks,,,,,,,
1046,J1637-4816,NAN,NAN,NAN,54115.9,336.71,-0.831,249.4945,-48.27,0.837365,5.83E-15,738,NAN,NAN,0.74,NAN,7.362,-0.107,-2.911,1.739,NAN,pksmb,htru_pks,,,,,,,
1047,J1638-3815,NAN,NAN,NAN,52135,344.264,5.764,249.65562083,-38.25094444,0.698261,7.7E-17,238,NAN,NAN,0.67,NAN,19.076,1.916,-5.147,-9.768,NAN,pksmb,htru_pks,,,,,,,
1048,J1638-3951,NAN,NAN,NAN,54863.3,343.005,4.744,249.56483333,-39.86638889,0.77113,5.9E-16,249,NAN,NAN,0.21,NAN,14.681,1.214,-4.276,-5.492,NAN,pksmb,,,,,,,,
1049,J1638+4005,NAN,NAN,NAN,57491,63.774,41.866,249.56767917,40.09899167,0.76772,1.83E-16,33.42,NAN,NAN,NAN,NAN,25,16.685,16.701,0.273,NAN,misc,lotaas,,,,,,,
1050,J1638-4233,NAN,NAN,NAN,56253,341.007,2.924,249.60295833,-42.56527778,0.510929,1.01E-14,406,NAN,NAN,0.35,NAN,22.186,1.132,-7.211,-12.451,NAN,htru_pks,,,,,,,,
1051,J1638-4344,NAN,NAN,NAN,51707,340.191,2.081,249.72033333,-43.73444444,1.121944,2.5E-17,237,NAN,NAN,0.17,NAN,4.741,0.172,-1.606,4.042,NAN,pksmb,htru_pks,,,,,,,
1052,J1638-44,NAN,NAN,NAN,NAN,339.427,1.537,249.575,-44.66666667,0.568057,NAN,494,NAN,NAN,0.15,NAN,12.466,0.334,-4.379,-3.167,NAN,htru_pks,,,,,,,,
1053,J1638-4417,NAN,NAN,NAN,55410,339.768,1.73,249.69260833,-44.28422222,0.117802,1.61E-15,436.4,NAN,NAN,0.3,NAN,12.027,0.363,-4.157,-2.78,NAN,pksmb,htru_pks,,,,,,,
1054,J1638-4608,NAN,NAN,NAN,55408,338.343,0.543,249.59691667,-46.13705556,0.278155,5.15E-14,423.1,NAN,NAN,0.45,NAN,4.57,0.043,-1.686,4.253,NAN,pksmb,htru_pks,,,,,,,
1055,J1638-5226,NAN,NAN,NAN,52145,333.702,-3.739,249.74983333,-52.44927778,0.340503,2.65E-15,170.1,NAN,NAN,0.6,NAN,4.22,-0.275,-1.866,4.725,NAN,pksmb,htru_pks,,,,,,,
1056,J1639-4359,NAN,NAN,NAN,51490,340.023,1.875,249.77854167,-43.99777778,0.587559,1.5E-17,258.9,NAN,NAN,0.92,NAN,4.892,0.16,-1.67,3.905,NAN,pksmb,htru_pks,,,,,,,
1057,J1639-4604,NAN,NAN,NAN,48360.7,338.5,0.459,249.8383375,-46.07586111,0.264558,2.89E-15,258.91,0,15,1,NAN,3.788,0.03,-1.388,4.976,NAN,pks1,pks70,pksmb,htru_pks,,,,,
1058,J1640-4631,NAN,NAN,NAN,56466,338.32,-0.017,250.18133333,-46.5265,0.206443,9.76E-13,NAN,NAN,NAN,NAN,NAN,12.75,-0.004,-4.71,-3.348,SNR:PWN:G338.3-0.0[wg96],GRS:HESS_J1640-,misc,,,,,,,
1059,J1640-4648,NAN,NAN,NAN,51608,338.114,-0.215,250.19841667,-46.8125,0.178352,8.06E-16,474,NAN,NAN,0.26,NAN,4.469,-0.017,-1.666,4.353,NAN,pksmb,htru_pks,,,,,,,
1060,J1640-4715,NAN,NAN,NAN,55392,337.713,-0.439,250.05454167,-47.26058333,0.51743,4.21E-14,586.32,0.04,NAN,1.56,NAN,4.909,-0.038,-1.862,3.958,NAN,pks1,pksmb,htru_pks,,,,,,
1061,J1640-4951,NAN,NAN,NAN,51486,335.829,-2.218,250.1815,-49.85058333,0.739099,3.34E-16,411.4,NAN,NAN,0.15,NAN,9.894,-0.383,-4.048,-0.52,NAN,pksmb,htru_pks,,,,,,,
1062,J1641-2347,NAN,NAN,NAN,51500,355.831,14.714,250.32516667,-23.79333333,1.091008,4.11E-17,27.7,NAN,NAN,1.9,NAN,0.922,0.234,-0.065,7.611,NAN,pkssw,,,,,,,,
1063,J1641+3627A,NAN,NAN,NAN,47666.21,59,40.914,250.42033333,36.45428889,0.010378,NAN,30.36,0,3,0.14,NAN,6.5,4.257,4.21,5.97,GC:M13,misc,,,,,,,,
1064,J1641+3627C,NAN,NAN,NAN,53735,59.008,40.914,250.42083333,36.46027778,0.003722,NAN,30.1,NAN,NAN,0.03,NAN,6.5,4.257,4.211,5.971,GC:M13,misc,,,,,,,,
1065,J1641-5317,NAN,NAN,NAN,NAN,333.291,-4.557,250.31629167,-53.29688889,0.175106,3.7E-15,NAN,NAN,NAN,NAN,NAN,NAN,0,0,8.5,GRS:3FGL_J1641.5-5319,FermiBlind,,,,,,,,
1066,J1643+1338,NAN,NAN,NAN,57820,31.26,34.36,250.97558333,13.64552778,1.099047,7.78E-16,35.82,NAN,NAN,NAN,NAN,4.641,2.619,1.988,5.225,NAN,misc,lotaas,,,,,,,
1067,J1643-4505,NAN,NAN,NAN,55580,339.728,0.547,250.90379167,-45.09605556,0.23739,3.18E-14,478.6,NAN,NAN,0.45,NAN,4.738,0.045,-1.642,4.056,NAN,pksmb,htru_pks,,,,,,,
1068,J1643-4522,NAN,NAN,NAN,51590,339.492,0.406,250.835,-45.36694444,1.347899,8.28E-15,482,NAN,NAN,0.11,NAN,4.615,0.033,-1.617,4.178,NAN,pksmb,,,,,,,,
1069,J1643-4550,NAN,NAN,NAN,51685,339.115,0.105,250.80633333,-45.84847222,0.717508,3E-14,450.8,NAN,NAN,0.34,NAN,4.378,0.008,-1.561,4.41,NAN,pksmb,htru_pks,,,,,,,
1070,J1644-33,NAN,NAN,NAN,NAN,348.986,8.374,251,-33,0.397,NAN,130.3,NAN,NAN,NAN,NAN,7.786,1.134,-1.472,0.939,NAN,gbncc,,,,,,,,
1071,J1644-44,NAN,NAN,NAN,51030.2,340.546,1.023,251.15,-44.16666667,0.173911,NAN,535.1,NAN,NAN,0.4,NAN,9.51,0.17,-3.167,-0.466,NAN,pksmb,,,,,,,,
1072,J1644-4559,NAN,NAN,NAN,57600,339.193,-0.195,251.20530417,-45.98603056,0.455078,2.01E-14,478.8,0.01,375,300,NAN,4.5,-0.015,-1.598,4.294,NAN,misc,mol2,pks1,pks70,pksmb,htru_pks,,,
1073,J1644-46,NAN,NAN,NAN,50839,338.773,-0.393,251.025,-46.43333333,0.250941,NAN,405.8,NAN,NAN,0.8,NAN,4.284,-0.029,-1.551,4.507,NAN,pksmb,,,,,,,,
1074,J1644-4657,NAN,NAN,NAN,54835.1,338.435,-0.808,251.16041667,-46.96055556,0.125962,7.5E-16,718,NAN,NAN,0.59,NAN,6.749,-0.095,-2.48,2.224,NAN,pksmb,htru_pks,,,,,,,
1075,J1645-0317,-1.035,20.5,0.26,46515,14.114,26.062,251.2585025,-3.29939417,0.38769,1.78E-15,35.76,0,393,11.5,NAN,3.846,1.69,0.843,5.149,NAN,misc,mol1,mol2,gb2,gb3,pks70,pkssw,,
1076,J1645+1012,NAN,NAN,NAN,48957.5,27.719,32.548,251.39339583,10.20445556,0.410861,8.13E-17,36.17,NAN,2.3,NAN,NAN,3.914,2.106,1.535,5.579,NAN,ar4,lotaas,,,,,,,
1077,J1646-4308,NAN,NAN,NAN,51757,341.603,1.374,251.73041667,-43.13527778,0.84068,1.1E-16,595,NAN,NAN,0.33,NAN,16.16,0.388,-5.099,-6.83,NAN,pksmb,htru_pks,,,,,,,
1078,J1646-4346,NAN,NAN,NAN,48657.8,341.105,0.968,251.71375,-43.77722222,0.231603,1.13E-13,490.4,0.02,NAN,1.25,NAN,6.226,0.105,-2.016,2.61,SNR:G341.2+0.9(?)[fgw94],pks1,pksmb,htru_pks,,,,,,
1079,J1646-5123,NAN,NAN,NAN,52906,335.276,-3.929,251.65145833,-51.38738889,0.530075,2.1E-15,279,NAN,NAN,0.17,NAN,10.974,-0.752,-4.579,-1.445,NAN,pksmb,,,,,,,,
1080,J1646-6831,NAN,NAN,NAN,57600,321.842,-14.83,251.72879167,-68.53102778,1.785613,1.7E-15,43,NAN,23,4.9,NAN,1.245,-0.319,-0.744,7.554,NAN,mol2,pks70,pkssw,htru_pks,,,,,
1081,J1647-3607,NAN,NAN,NAN,54984,347.084,5.773,251.94379167,-36.11777778,0.212316,1.29E-16,224,NAN,NAN,0.2,NAN,15.937,1.603,-3.544,-6.955,NAN,pkssw,htru_pks,,,,,,,
1082,J1647-4552,NAN,NAN,NAN,54008,339.546,-0.431,251.7925,-45.87133333,10.610656,8.33E-13,NAN,NAN,NAN,NAN,NAN,NAN,0,0,8.5,XRS:CXO_J164710.2-455216,misc,,,,,,,,
1083,J1647+6608,NAN,NAN,NAN,56500,97.18,37.034,251.88550721,66.13951249,1.599798,7.84E-15,22.55,NAN,NAN,NAN,NAN,2.061,1.241,1.632,8.706,NAN,gbncc,lotaas,,,,,,,
1084,J1648-3256,NAN,NAN,NAN,49411.8,349.586,7.749,252.02529167,-32.94466667,0.719455,3.53E-15,128.28,0,11,0.7,NAN,6.729,0.907,-1.205,1.942,NAN,pks70,pkssw,htru_pks,,,,,,
1085,J1648-4458,NAN,NAN,NAN,51590,340.349,0.009,252.05416667,-44.97388889,0.629632,1.85E-15,925,NAN,NAN,0.55,NAN,5.518,0.001,-1.856,3.303,NAN,pksmb,htru_pks,,,,,,,
1086,J1648-4611,NAN,NAN,NAN,55395,339.438,-0.794,252.09184583,-46.18770833,0.164958,2.37E-14,392.3,NAN,NAN,0.61,NAN,4.468,-0.062,-1.569,4.317,GRS:2FGL_J1648.4-4612(?)[naa+12],pksmb,htru_pks,,,,,,,
1087,J1648-6044,NAN,NAN,NAN,55222,328.22,-10.141,252.21345833,-60.74041667,0.583765,4.29E-16,106.2,NAN,NAN,0.7,NAN,5.567,-0.98,-2.886,3.842,NAN,htru_pks,,,,,,,,
1088,J1649+2533,NAN,NAN,NAN,51825,45.648,37.107,252.43429167,25.55194444,1.015257,5.59E-16,34.46,NAN,7.4,NAN,NAN,25,15.082,14.257,-5.438,NAN,ar4,lotaas,,,,,,,
1089,J1649-3805,NAN,NAN,NAN,52885,345.815,4.194,252.450925,-38.09975,0.262026,3.67E-17,213.8,NAN,NAN,1.6,NAN,8.839,0.647,-2.16,-0.047,NAN,pksmb,htru_pks,,,,,,,
1090,J1649-3935,NAN,NAN,NAN,55985,344.577,3.341,252.27783333,-39.59561111,0.77091,3.91E-17,290,NAN,NAN,0.05,NAN,13.459,0.784,-3.573,-4.452,NAN,htru_pks,,,,,,,,
1091,J1649-4349,NAN,NAN,NAN,51243,341.36,0.596,252.33508333,-43.82283333,0.870712,4.4E-17,398.6,NAN,NAN,0.75,NAN,4.408,0.046,-1.409,4.323,NAN,pksmb,htru_pks,,,,,,,
1092,J1649-4653,NAN,NAN,NAN,55360,339.019,-1.38,252.35254167,-46.88591667,0.557036,4.96E-14,331,NAN,NAN,0.37,NAN,4.964,-0.12,-1.777,3.866,NAN,pksmb,htru_pks,,,,,,,
1093,J1649-4729,NAN,NAN,NAN,51157,338.538,-1.759,252.326125,-47.49805556,0.297692,6.55E-15,540.2,NAN,NAN,0.29,NAN,14.32,-0.44,-5.237,-4.821,NAN,pksmb,htru_pks,,,,,,,
1094,J1649-5553,NAN,NAN,NAN,51650,332.077,-7.148,252.37958333,-55.89444444,0.613571,1.7E-15,180.4,NAN,NAN,1.4,NAN,11.604,-1.444,-5.392,-1.673,NAN,pkssw,htru_pks,,,,,,,
1095,J1650-1654,-15.07,-6.55,NAN,50862,2.856,17.234,252.61320583,-16.911745,1.749552,3.2E-15,43.25,NAN,13,1.1,NAN,1.055,0.313,0.05,7.494,NAN,pks70,,,,,,,,
1096,J1650-4126,NAN,NAN,NAN,51685,343.291,1.997,252.55489167,-41.44272222,0.308918,1.98E-17,251.5,NAN,NAN,0.29,NAN,4.869,0.17,-1.399,3.839,NAN,pksmb,htru_pks,,,,,,,
1097,J1650-4341,NAN,NAN,NAN,51737,341.623,0.485,252.68616667,-43.69188889,0.309398,1.67E-17,673,NAN,NAN,0.26,NAN,5.343,0.045,-1.684,3.43,NAN,pksmb,htru_pks,,,,,,,
1098,J1650-4502,NAN,NAN,NAN,51118,340.559,-0.351,252.63458333,-45.04369444,0.38087,1.61E-14,320.2,NAN,NAN,0.61,NAN,3.918,-0.024,-1.304,4.805,NAN,pksmb,htru_pks,,,,,,,
1099,J1650-4601,NAN,NAN,NAN,55716,339.782,-0.946,252.57758333,-46.02183333,0.127123,1.51E-14,NAN,NAN,NAN,NAN,NAN,NAN,0,0,8.5,GRS:3FGL_J1650.3-4600[aaa+15],FermiBlind,,,,,,,,
1100,J1650-4921,NAN,NAN,NAN,55599,337.248,-3.108,252.6462875,-49.35104444,0.1564,1.82E-15,229.3,NAN,NAN,0.29,NAN,5.307,-0.288,-2.049,3.613,NAN,pksmb,htru_pks,,,,,,,
1101,J1651+14,NAN,NAN,NAN,NAN,32.88,33.069,252.75,14.36666667,0.828,NAN,48,NAN,NAN,NAN,NAN,25,13.641,11.374,-9.094,NAN,misc,,,,,,,,
1102,J1651-1709,NAN,NAN,NAN,50027,2.81,16.882,252.882303,-17.15614106,0.973394,3.04E-15,33.46,NAN,9,0.3,NAN,0.836,0.243,0.039,7.701,NAN,mol2,gb2,gb3,pks70,,,,,
1103,J1651-4246,NAN,NAN,NAN,57600,342.458,0.923,252.95332083,-42.76943611,0.844081,4.75E-15,482,NAN,100,21.4,NAN,5.2,0.084,-1.567,3.542,NAN,mol2,pks1,pks70,pksmb,htru_pks,,,,
1104,J1651-4519,NAN,NAN,NAN,51399,340.506,-0.719,252.98833333,-45.31972222,0.517443,8.19E-15,562,NAN,NAN,0.54,NAN,5.061,-0.063,-1.689,3.729,NAN,pksmb,htru_pks,,,,,,,
1105,J1651-5222,NAN,NAN,NAN,57600,335.014,-5.172,252.92900833,-52.38288333,0.635058,1.81E-15,179.1,0,23,4.1,NAN,6.284,-0.566,-2.644,2.827,NAN,mol2,pks70,pkssw,pksmb,htru_pks,,,,
1106,J1651-5255,NAN,NAN,NAN,57600,334.586,-5.515,252.92254167,-52.92991667,0.890537,2.12E-15,164,NAN,12,3.3,NAN,5.809,-0.558,-2.481,3.277,NAN,mol2,pkssw,htru_pks,,,,,,
1107,J1651-7642,NAN,NAN,NAN,53000,315.149,-19.953,252.78279167,-76.71097222,1.755311,1.36E-15,80,NAN,NAN,0.7,NAN,9.228,-3.149,-6.118,2.351,NAN,pkssw,,,,,,,,
1108,J1652-1400,NAN,NAN,NAN,53000,5.599,18.581,253.0694875,-14.00761111,0.305447,1.76E-17,49.5,NAN,NAN,0.4,NAN,0.598,0.191,0.055,7.936,NAN,pkssw,,,,,,,,
1109,J1652-2404,NAN,NAN,NAN,48742,357.315,12.454,253.24387329,-24.06413041,1.703739,3.16E-15,68.41,NAN,9.2,1.6,NAN,3.369,0.727,-0.154,5.214,NAN,mol2,pks70,pkssw,htru_pks,,,,,
1110,J1652+2651,NAN,NAN,NAN,51739,47.402,36.954,253.01279167,26.86122222,0.915803,6.54E-16,40.8,0,11.3,NAN,NAN,25,15.029,14.706,-5.022,NAN,ar4,gb4,lotaas,,,,,,
1111,J1652-4406,NAN,NAN,NAN,54947,341.564,-0.088,253.24791667,-44.10138889,7.707183,9.5E-15,786,NAN,NAN,NAN,NAN,5.108,-0.008,-1.615,3.654,NAN,pksmb,htru_pks,,,,,,,
1112,J1652-48,NAN,NAN,NAN,51373.3,337.954,-3.019,253.225,-48.75,0.003785,NAN,187.8,NAN,NAN,2.7,NAN,4.386,-0.231,-1.644,4.44,NAN,pksmb,,,,,,,,
1113,J1653-3838,NAN,NAN,NAN,48360.5,345.878,3.268,253.415825,-38.63911111,0.305037,2.79E-15,207.2,0,NAN,2,NAN,5.44,0.31,-1.325,3.233,NAN,pks1,pksmb,htru_pks,,,,,,
1114,J1653-4030,NAN,NAN,NAN,53139,344.422,2.107,253.392625,-40.50038889,1.019372,4.36E-16,425,NAN,NAN,0.4,NAN,17.188,0.632,-4.613,-8.045,NAN,pksmb,htru_pks,,,,,,,
1115,J1653-4105,NAN,NAN,NAN,57883,343.946,1.756,253.355725,-41.09044444,0.498978,5.41E-17,419.4,NAN,NAN,0.27,NAN,14.022,0.43,-3.876,-4.969,NAN,htru_pks,,,,,,,,
1116,J1653-4249,NAN,NAN,NAN,51118,342.636,0.629,253.41758333,-42.81758333,0.612558,4.81E-15,416.1,NAN,NAN,1.5,NAN,4.475,0.049,-1.335,4.229,NAN,pksmb,htru_pks,,,,,,,
1117,J1653-4315,NAN,NAN,NAN,51587,342.281,0.38,253.37375,-43.25027778,0.41928,1.5E-17,337,NAN,NAN,0.53,NAN,4.004,0.027,-1.219,4.686,NAN,pksmb,htru_pks,,,,,,,
1118,J1653-4854,NAN,NAN,NAN,51708,337.936,-3.256,253.48625,-48.91416667,3.05951,3.45E-15,354,NAN,NAN,0.18,NAN,15.188,-0.863,-5.696,-5.553,NAN,pksmb,htru_pks,,,,,,,
1119,J1654-23,NAN,NAN,NAN,55261,357.859,12.552,253.5125,-23.58333333,0.54536,NAN,74.5,NAN,NAN,NAN,NAN,4.071,0.885,-0.148,4.529,NAN,pkssw,,,,,,,,
1120,J1654-26,NAN,NAN,NAN,54793,355.499,10.601,253.6625,-26.605,1.62373,NAN,129,NAN,NAN,NAN,NAN,12.185,2.242,-0.94,-3.44,NAN,htru_pks,,,,,,,,
1121,J1654-2713,NAN,NAN,NAN,51002,354.972,10.271,253.59844778,-27.21710208,0.791822,1.68E-16,92.31,NAN,9,0.3,NAN,4.942,0.881,-0.426,3.656,NAN,pks70,,,,,,,,
1122,J1654-3710,NAN,NAN,NAN,53131,347.147,4.018,253.68510833,-37.18252778,0.939165,7.35E-16,302,NAN,NAN,0.22,NAN,19.006,1.332,-4.217,-9.984,NAN,pksmb,htru_pks,,,,,,,
1123,J1654-4140,NAN,NAN,NAN,51399,343.609,1.247,253.59791667,-41.67333333,1.273945,1.3E-16,307,NAN,NAN,0.71,NAN,4.645,0.101,-1.31,4.045,NAN,pksmb,htru_pks,,,,,,,
1124,J1654-4245,NAN,NAN,NAN,54024.2,342.761,0.565,253.592,-42.76083333,1.101555,5.12E-14,950,NAN,NAN,0.14,NAN,10.606,0.105,-3.143,-1.629,NAN,pksmb,,,,,,,,
1125,J1655-3048,NAN,NAN,NAN,51500,352.245,7.88,253.85220833,-30.81166667,0.542936,3.66E-17,154.3,NAN,NAN,2.2,NAN,10.705,1.468,-1.431,-2.007,NAN,pkssw,htru_pks,,,,,,,
1126,J1655-3844,NAN,NAN,NAN,54863.3,346.046,2.906,253.91108333,-38.73583333,1.193439,2E-15,365,NAN,NAN,0.25,NAN,19.04,0.965,-4.585,-9.954,NAN,pksmb,htru_pks,,,,,,,
1127,J1656+00,NAN,NAN,NAN,57022,19.336,25.51,254.17083333,0.43333333,1.49785,NAN,46.9,NAN,NAN,NAN,NAN,3.94,1.697,1.177,5.145,NAN,ar327,,,,,,,,
1128,J1656-3621,NAN,NAN,NAN,53123,348.013,4.245,254.1373125,-36.36658333,0.730134,1.28E-15,229,NAN,NAN,0.29,NAN,10.733,0.794,-2.223,-1.97,NAN,pksmb,htru_pks,,,,,,,
1129,J1656+6203,NAN,NAN,NAN,57652,91.938,37.144,254.042875,62.06400278,0.776155,8.44E-16,35.26,NAN,NAN,NAN,NAN,25,15.095,19.917,9.174,NAN,lotaas,,,,,,,,
1130,J1657+3304,NAN,NAN,NAN,57927,55.344,37.124,254.461175,33.07601389,1.570276,1.73E-15,23.97,NAN,NAN,NAN,NAN,2.366,1.428,1.552,7.427,NAN,misc,lotaas,,,,,,,
1131,J1657-4432,NAN,NAN,NAN,51685,341.743,-1.006,254.40304167,-44.53888889,0.609607,8.2E-15,375.3,NAN,NAN,0.38,NAN,4.558,-0.08,-1.428,4.172,NAN,pksmb,htru_pks,,,,,,,
1132,J1658-4306,NAN,NAN,NAN,51451,342.933,-0.214,254.56916667,-43.11388889,1.166449,4.28E-14,845,NAN,NAN,0.8,NAN,5.254,-0.02,-1.542,3.477,NAN,pksmb,htru_pks,,,,,,,
1133,J1658-47,NAN,NAN,NAN,56657,339.742,-2.767,254.6,-47.2,0.369365,NAN,533,NAN,NAN,0.18,NAN,23.425,-1.131,-8.102,-13.45,NAN,htru_pks,,,,,,,,
1134,J1658-4958,NAN,NAN,NAN,52146,337.602,-4.554,254.72883333,-49.98288889,0.416874,3.86E-15,193.4,NAN,NAN,1.6,NAN,6.107,-0.485,-2.32,2.872,NAN,pksmb,htru_pks,,,,,,,
1135,J1658-5324,0.2,4.9,NAN,55520,334.869,-6.625,254.66393162,-53.40194528,0.002439,1.12E-20,30.81,NAN,NAN,0.7,NAN,0.88,-0.102,-0.371,7.709,GRS:3FGL_J1658.4-5323[aaa+15],XRS:[pb15],FermiAssoc,,,,,,,
1136,J1659-1305,NAN,NAN,NAN,49725,7.507,17.592,254.97119792,-13.08583042,0.640958,6.18E-16,60.37,NAN,6.3,NAN,NAN,0.485,0.147,0.06,8.042,NAN,gb2,pks70,,,,,,,
1137,J1659-4316,NAN,NAN,NAN,51527,343,-0.547,254.98491667,-43.26833333,0.474381,1.71E-16,640.9,NAN,NAN,0.21,NAN,4.986,-0.048,-1.458,3.732,NAN,pksmb,htru_pks,,,,,,,
1138,J1659-4439,NAN,NAN,NAN,51685,341.881,-1.361,254.91433333,-44.65027778,0.353293,2.5E-17,535,NAN,NAN,0.42,NAN,12.689,-0.301,-3.945,-3.556,NAN,pksmb,htru_pks,,,,,,,
1139,J1659-54,NAN,NAN,NAN,58196.8,334.459,-7.077,254.84583333,-54,0.544573,NAN,134,NAN,NAN,NAN,NAN,5.658,-0.697,-2.421,3.434,NAN,misc,,,,,,,,
1140,J1700-3312,NAN,NAN,NAN,50856,351.055,5.489,255.22075537,-33.21291686,1.358307,4.71E-15,166.97,0,21,1.6,NAN,7.386,0.706,-1.143,1.237,NAN,pks70,pkssw,pksmb,htru_pks,,,,,
1141,J1700-3611,NAN,NAN,NAN,52828,348.679,3.672,255.2055,-36.19805556,1.494091,4.32E-15,232.7,NAN,NAN,0.8,NAN,9.288,0.595,-1.82,-0.589,NAN,pksmb,htru_pks,,,,,,,
1142,J1700-3919,NAN,NAN,NAN,52025,346.161,1.826,255.09279167,-39.31667222,0.560504,5.03E-18,354.3,NAN,NAN,0.23,NAN,11.634,0.371,-2.781,-2.791,NAN,pksmb,htru_pks,,,,,,,
1143,J1700-4012,NAN,NAN,NAN,53105,345.488,1.234,255.160625,-40.21072222,0.283792,9.91E-17,385,NAN,NAN,0.13,NAN,6.699,0.144,-1.678,2.016,NAN,pksmb,htru_pks,,,,,,,
1144,J1700-4422,NAN,NAN,NAN,55065,342.235,-1.364,255.223625,-44.37416667,0.755535,4E-17,425,NAN,NAN,0.3,NAN,7.743,-0.184,-2.362,1.128,NAN,htru_pks,,,,,,,,
1145,J1700-4939,NAN,NAN,NAN,51709,338.008,-4.538,255.094,-49.65416667,0.578363,1.08E-15,278,NAN,NAN,0.17,NAN,15.418,-1.22,-5.756,-5.751,NAN,pksmb,,,,,,,,
1146,J1701-3130,NAN,NAN,NAN,51500,352.523,6.384,255.43130417,-31.51019444,0.291341,5.6E-17,130.73,NAN,NAN,NAN,NAN,5.251,0.584,-0.679,3.326,NAN,pkssw,htru_pks,,,,,,,
1147,J1701-3726,NAN,NAN,NAN,57600,347.755,2.833,255.326875,-37.44088889,2.454618,1.11E-14,303.4,0.01,NAN,4.1,NAN,12.947,0.64,-2.743,-4.137,NAN,pks1,pksmb,htru_pks,,,,,,
1148,J1701-4533,NAN,NAN,NAN,48360.7,341.36,-2.177,255.371475,-45.56352778,0.322909,5.19E-16,526,0.01,NAN,3.1,NAN,19.589,-0.744,-6.257,-10.048,NAN,pks1,pksmb,htru_pks,,,,,,
1149,J1701-4958,NAN,NAN,NAN,54844.6,337.835,-4.841,255.30345833,-49.97583333,0.804304,1.1E-16,230,NAN,NAN,0.26,NAN,10.823,-0.913,-4.069,-1.487,NAN,pksmb,,,,,,,,
1150,J1702-3932,NAN,NAN,NAN,51709,346.203,1.401,255.55983333,-39.54444444,0.390328,3.78E-16,530,NAN,NAN,0.3,NAN,15.19,0.371,-3.622,-6.247,NAN,pksmb,htru_pks,,,,,,,
1151,J1702-4128,NAN,NAN,NAN,51530,344.744,0.123,255.71883333,-41.48005556,0.182136,5.23E-14,367.1,NAN,NAN,1.17,NAN,3.971,0.008,-1.045,4.669,NAN,pksmb,htru_pks,,,,,,,
1152,J1702-4217,NAN,NAN,NAN,51895,344.078,-0.329,255.65183333,-42.28366667,0.227565,1.14E-17,629,NAN,NAN,0.5,NAN,4.715,-0.027,-1.293,3.966,NAN,pksmb,htru_pks,,,,,,,
1153,J1702-4306,NAN,NAN,NAN,55560,343.405,-0.814,255.614,-43.11252778,0.215508,9.78E-15,538.4,NAN,NAN,0.46,NAN,5.047,-0.072,-1.441,3.664,NAN,pksmb,htru_pks,,,,,,,
1154,J1702-4310,NAN,NAN,NAN,51597,343.352,-0.852,255.61225,-43.17777778,0.240524,2.24E-13,377.6,NAN,NAN,0.92,NAN,4.326,-0.064,-1.239,4.356,NAN,pksmb,htru_pks,,,,,,,
1155,J1702-4428,NAN,NAN,NAN,51400,342.378,-1.701,255.71916667,-44.4675,2.123506,3.3E-15,395,NAN,NAN,0.38,NAN,11.151,-0.331,-3.374,-2.123,NAN,pksmb,htru_pks,,,,,,,
1156,J1703-18,NAN,NAN,NAN,55064,3.133,13.616,255.85833333,-18.815,1.27024,NAN,46,NAN,NAN,NAN,NAN,1.416,0.333,0.075,7.126,NAN,htru_pks,,,,,,,,
1157,J1703-1846,-0.73,16.92,0.35,49905,3.229,13.561,255.96288125,-18.77079028,0.804341,1.73E-15,49.55,NAN,11,0.7,NAN,2.857,0.67,0.156,5.727,NAN,mol1,mol2,pks70,pkssw,,,,,
1158,J1703-3241,NAN,NAN,NAN,50005,351.786,5.387,255.84392038,-32.69667568,1.211785,6.6E-16,110.31,0,32,8.7,NAN,3.167,0.297,-0.45,5.379,NAN,jb1,mol2,pks70,pksmb,htru_pks,,,,
1159,J1703-38,NAN,NAN,NAN,54999,347.41,2.037,255.85833333,-38.2,6.443,NAN,375,NAN,NAN,NAN,NAN,14.17,0.504,-3.087,-5.321,NAN,pksmb,,,,,,,,
1160,J1703-4442,NAN,NAN,NAN,51708,342.235,-1.916,255.83579167,-44.71166667,1.747293,1.43E-14,280.2,NAN,NAN,0.21,NAN,5.224,-0.175,-1.593,3.528,NAN,pksmb,htru_pks,,,,,,,
1161,J1703-4851,NAN,NAN,NAN,57600,338.986,-4.515,255.97725417,-48.86695556,1.396405,5.07E-15,150.29,0,22,1.4,NAN,4.114,-0.324,-1.471,4.672,NAN,pks70,pksmb,,,,,,,
1162,J1704-3756,NAN,NAN,NAN,57650,347.795,1.953,256.23944167,-37.94525,0.305234,1.13E-14,405.7,NAN,NAN,0.13,NAN,15.245,0.52,-3.221,-6.392,NAN,htru_pks,,,,,,,,
1163,J1704-5236,NAN,NAN,NAN,56108,336.051,-6.869,256.1690375,-52.61594444,0.230708,5.2E-17,170,NAN,NAN,0.6,NAN,9.485,-1.134,-3.823,-0.106,NAN,htru_pks,,,,,,,,
1164,J1704-6016,NAN,NAN,NAN,43557.01,329.762,-11.367,256.06166667,-60.28166667,0.306323,9.1E-16,54,NAN,23,NAN,NAN,1.589,-0.313,-0.785,7.154,NAN,mol2,pks70,,,,,,,
1165,J1705-04,NAN,NAN,NAN,56657,15.709,21.105,256.25,-4.68333333,0.23748,NAN,42.95,NAN,NAN,NAN,NAN,0.21,0.076,0.053,8.311,NAN,gb350,,,,,,,,
1166,J1705-1903,NAN,NAN,NAN,55307,3.148,13.042,256.3625,-19.13444444,0.00248,NAN,58,NAN,NAN,NAN,NAN,2.395,0.54,0.128,6.17,NAN,htru_pks,,,,,,,,
1167,J1705-1906,-77,-52,NAN,48733,3.189,13.026,256.40041557,-19.11073499,0.298987,4.14E-15,22.91,NAN,29,9.3,NAN,0.747,0.168,0.04,7.773,GRS:[hsg+14],mol2,pks70,pkssw,htru_pks,,,,,
1168,J1705-3423,NAN,NAN,NAN,57600,350.721,3.975,256.42650833,-34.39530556,0.255427,1.08E-15,146.36,0,31,5.3,NAN,3.841,0.266,-0.618,4.718,NAN,pks70,pksmb,htru_pks,,,,,,
1169,J1705-3936,NAN,NAN,NAN,51400,346.548,0.845,256.40458333,-39.60805556,0.854482,1.93E-14,598,NAN,NAN,0.33,NAN,9.673,0.143,-2.25,-0.907,NAN,pksmb,htru_pks,,,,,,,
1170,J1705-3950,NAN,NAN,NAN,51587,346.341,0.718,256.37433333,-39.84972222,0.318941,6.06E-14,207.25,0,NAN,1.6,NAN,3.426,0.043,-0.809,5.171,NAN,pksmb,htru_pks,,,,,,,
1171,J1705-4108,NAN,NAN,NAN,51505,345.291,-0.042,256.335,-41.14555556,0.861067,3.47E-14,1077,NAN,NAN,1.3,NAN,5.969,-0.004,-1.516,2.727,NAN,pksmb,htru_pks,,,,,,,
1172,J1705-4331,NAN,NAN,NAN,54986,343.428,-1.515,256.39964167,-43.52044444,0.222561,7.12E-17,185.24,NAN,NAN,0.4,NAN,3.441,-0.091,-0.981,5.203,NAN,htru_pks,,,,,,,,
1173,J1705-6135,NAN,NAN,NAN,54896,328.751,-12.228,256.31375,-61.5875,0.808546,6E-17,95,NAN,NAN,0.4,NAN,5.577,-1.181,-2.827,3.84,NAN,htru_pks,,,,,,,,
1174,J1706-3839,NAN,NAN,NAN,51510,347.387,1.301,256.58875,-38.66416667,0.586287,3E-15,626,NAN,NAN,0.2,NAN,17.644,0.401,-3.852,-8.714,NAN,pksmb,htru_pks,,,,,,,
1175,J1706-4310,NAN,NAN,NAN,51457,343.758,-1.375,256.51879167,-43.1725,0.616979,6.51E-15,656.1,NAN,NAN,0.28,NAN,17.561,-0.421,-4.91,-8.355,NAN,pksmb,htru_pks,,,,,,,
1176,J1706-4434,NAN,NAN,NAN,57416,342.672,-2.264,256.59659583,-44.575,0.429922,2.58E-15,467,NAN,NAN,0.19,NAN,19.449,-0.768,-5.788,-10.052,NAN,htru_pks,,,,,,,,
1177,J1706+59,NAN,NAN,NAN,56292,88.097,36.319,256.75,59.16666667,1.476687,NAN,31,NAN,8,NAN,NAN,4.012,2.376,3.231,8.393,NAN,gbncc,lotaas,,,,,,,
1178,J1706-6118,NAN,NAN,NAN,53000,329.053,-12.152,256.54080833,-61.30325,0.361921,2.92E-16,76.13,NAN,NAN,NAN,NAN,3.394,-0.714,-1.706,5.654,NAN,pkssw,htru_pks,,,,,,,
1179,J1707+35,NAN,NAN,NAN,NAN,59.261,35.784,256.75,35.93333333,0.1598,NAN,19.24,NAN,NAN,NAN,NAN,1.68,0.982,1.171,7.803,NAN,lotaas,,,,,,,,
1180,J1707-4053,NAN,NAN,NAN,57600,345.718,-0.197,256.84075,-40.89863889,0.581018,1.92E-15,360,0.02,NAN,10.2,NAN,4,-0.014,-0.987,4.624,NAN,pks1,pksmb,htru_pks,,,,,,
1181,J1707-4341,NAN,NAN,NAN,51708,343.521,-1.915,256.917125,-43.68666667,0.890594,5.7E-15,398.2,NAN,NAN,0.46,NAN,13.009,-0.435,-3.688,-3.968,NAN,pksmb,htru_pks,,,,,,,
1182,J1707-4417,NAN,NAN,NAN,54999,343.041,-2.278,256.92254167,-44.28861111,5.763777,1.16E-14,380,NAN,NAN,NAN,NAN,14.053,-0.559,-4.096,-4.931,NAN,pksmb,,,,,,,,
1183,J1707-4729,NAN,NAN,NAN,51496,340.424,-4.135,256.81477917,-47.49291667,0.266474,1.56E-15,268.3,NAN,NAN,2.4,NAN,12.833,-0.925,-4.289,-3.56,NAN,pksmb,htru_pks,,,,,,,
1184,J1708+02,NAN,NAN,NAN,56631,22.265,23.582,257.1625,1.80166667,0.410772,NAN,29,NAN,NAN,NAN,NAN,1.454,0.582,0.505,7.267,NAN,htru_pks,,,,,,,,
1185,J1708-3426,NAN,NAN,NAN,57600,351.083,3.407,257.24079167,-34.44555556,0.692116,4.21E-15,190.7,0,36,2,NAN,4.724,0.281,-0.731,3.841,NAN,pks70,pksmb,htru_pks,,,,,,
1186,J1708-3641,NAN,NAN,NAN,56047,349.235,2.13,257.149625,-36.68930556,0.587567,1.35E-16,316,NAN,NAN,0.12,NAN,11.313,0.42,-2.112,-2.606,NAN,htru_pks,,,,,,,,
1187,J1708-3827,NAN,NAN,NAN,51401,347.776,1.123,257.06875,-38.46,1.225782,8.6E-15,788,NAN,NAN,0.42,NAN,20.594,0.404,-4.36,-11.623,NAN,pksmb,htru_pks,,,,,,,
1188,J1708-4008,NAN,NAN,NAN,55567,346.481,0.036,257.19529167,-40.1479,11.006262,1.96E-11,NAN,NAN,NAN,NAN,NAN,3.8,0.002,-0.888,4.805,XRS:RXSJ170849.0-400910,misc,,,,,,,,
1189,J1708-4522,NAN,NAN,NAN,52158,342.22,-3.006,257.05383333,-45.38083333,1.297837,2.61E-15,454,NAN,NAN,0.22,NAN,23.091,-1.211,-7.042,-13.458,NAN,pksmb,htru_pks,,,,,,,
1190,J1708-52,NAN,NAN,NAN,56657,336.854,-6.911,257,-52,0.44962,NAN,102.6,NAN,NAN,NAN,NAN,3.295,-0.396,-1.286,5.492,NAN,ghrss,,,,,,,,
1191,J1708-7539,NAN,NAN,NAN,43565.1,316.676,-20.221,257.01041667,-75.65638889,1.191024,1.88E-15,37,NAN,2.5,NAN,NAN,1.322,-0.457,-0.851,7.598,NAN,mol2,pkssw,,,,,,,
1192,J1709-1640,-2,47,NAN,46993,5.775,13.657,257.36017208,-16.68270278,0.653054,6.31E-15,24.89,0,47,14.5,NAN,0.562,0.133,0.055,7.957,NAN,mol1,mol2,gb2,gb3,pks70,pkssw,htru_,,
1193,J1709-3626,NAN,NAN,NAN,51400,349.578,2.095,257.438125,-36.43433333,0.447857,2.27E-15,393.6,NAN,NAN,0.58,NAN,16.081,0.588,-2.907,-7.305,NAN,pksmb,htru_pks,,,,,,,
1194,J1709-3841,NAN,NAN,NAN,51117,347.709,0.832,257.316625,-38.68805556,0.586986,7.86E-15,356,NAN,NAN,0.31,NAN,4.3,0.062,-0.915,4.299,NAN,pksmb,htru_pks,,,,,,,
1195,J1709-43,NAN,NAN,NAN,NAN,343.567,-2.355,257.44583333,-43.91194444,NAN,NAN,228,NAN,NAN,NAN,NAN,4.596,-0.189,-1.299,4.095,NAN,htru_pks,,,,,,,,
1196,J1709-4342,NAN,NAN,NAN,51457,343.706,-2.193,257.37875,-43.70388889,1.735898,8E-16,281,NAN,NAN,0.14,NAN,6.45,-0.247,-1.808,2.314,NAN,pksmb,htru_pks,,,,,,,
1197,J1709-4401,NAN,NAN,NAN,55000,343.471,-2.406,257.42245833,-44.01977778,0.865235,7.37E-15,225.8,NAN,NAN,0.8,NAN,4.597,-0.193,-1.307,4.097,NAN,htru_pks,,,,,,,,
1198,J1709-4429,NAN,NAN,NAN,50042,343.098,-2.686,257.42803333,-44.48562222,0.102459,9.3E-14,75.68,NAN,25,12.1,NAN,2.6,-0.122,-0.755,6.015,SNR:G343.1-2.3(?)[mop93],GRS:HESS_J1708-,pks1,pks70,pksmb,htru_pks,,,,
1199,J1710-2616,NAN,NAN,NAN,55070,357.859,8.029,257.52041667,-26.27638889,0.954158,2E-17,111,NAN,NAN,0.9,NAN,5.308,0.741,-0.196,3.248,NAN,htru_pks,,,,,,,,
1200,J1710-37,NAN,NAN,NAN,56657,348.808,1.343,257.625,-37.5,0.792659,NAN,346,NAN,NAN,0.1,NAN,6.09,0.143,-1.182,2.527,NAN,htru_pks,,,,,,,,
1201,J1710-4148,NAN,NAN,NAN,51335,345.33,-1.195,257.59895833,-41.80527778,0.286561,1.02E-16,461,NAN,NAN,0.31,NAN,7.193,-0.15,-1.821,1.543,NAN,pksmb,htru_pks,,,,,,,
1202,J1710+4923,-50.4,-44.7,NAN,56850,75.929,36.449,257.51850454,49.38652178,0.00322,1.82E-20,7.08,NAN,NAN,NAN,NAN,0.506,0.301,0.395,8.401,NAN,gbncc,,,,,,,,
1203,J1711-1509,NAN,NAN,NAN,49907,7.417,14.013,257.97941575,-15.16104092,0.868804,1.1E-15,59.88,NAN,5.9,0.7,NAN,1.081,0.262,0.135,7.46,NAN,gb2,pks70,pkssw,htru_pks,,,,,
1204,J1711-3826,NAN,NAN,NAN,51710,348.197,0.591,257.93520833,-38.43722222,0.465365,7.41E-15,376,NAN,NAN,0.16,NAN,4.146,0.043,-0.848,4.442,NAN,pksmb,htru_pks,,,,,,,
1205,J1711-5350,NAN,NAN,NAN,57600,335.694,-8.461,257.971375,-53.83841667,0.899233,1.55E-14,106.1,NAN,9,NAN,NAN,4.498,-0.662,-1.831,4.445,NAN,mol2,pks70,pkssw,htru_pks,,,,,
1206,J1712-2715,NAN,NAN,NAN,51500,357.325,7.07,258.04879167,-27.26472222,0.25536,1.28E-15,92.64,NAN,NAN,NAN,NAN,3.151,0.388,-0.146,5.376,NAN,pkssw,htru_pks,,,,,,,
1207,J1712-391,NAN,NAN,NAN,51465,347.26,-0.295,258.14583333,-39.71666667,0.778149,NAN,525,NAN,NAN,NAN,NAN,4.355,-0.022,-0.96,4.252,NAN,misc,,,,,,,,
1208,J1712-392,NAN,NAN,NAN,51465,347.26,-0.295,258.14583333,-39.71666667,0.092528,NAN,713,NAN,NAN,NAN,NAN,4.843,-0.025,-1.068,3.776,NAN,misc,,,,,,,,
1209,J1713-3844,NAN,NAN,NAN,51294,348.101,0.207,258.25958333,-38.74138889,1.600114,1.77E-13,544,NAN,NAN,0.26,NAN,4.426,0.016,-0.913,4.169,NAN,pksmb,htru_pks,,,,,,,
1210,J1713-3949,NAN,NAN,NAN,51465,347.279,-0.491,258.36666667,-39.81666667,0.392451,NAN,342,NAN,NAN,0.35,NAN,3.885,-0.033,-0.855,4.71,NAN,misc,pksmb,htru_pks,,,,,,
1211,J1713+7810,NAN,NAN,NAN,57773,110.305,31.461,258.36279167,78.17610833,0.432526,1.14E-16,36.98,NAN,NAN,NAN,NAN,4.58,2.39,3.664,9.856,NAN,lotaas,,,,,,,,
1212,J1714-1054,NAN,NAN,NAN,53000,11.487,15.777,258.667175,-10.90302778,0.696279,5.88E-17,51,NAN,NAN,0.5,NAN,0.215,0.058,0.041,8.297,NAN,pkssw,,,,,,,,
1213,J1714-3810,NAN,NAN,NAN,55226.5,348.681,0.371,258.52391667,-38.17525,3.824936,5.88E-11,NAN,NAN,NAN,NAN,NAN,13.2,0.086,-2.591,-4.443,XRS:CXOU_J171405.7-381031,SNR:G348.7+0.3,misc,,,,,,,
1214,J1715-3247,NAN,NAN,NAN,54244.6,353.211,3.296,258.84775,-32.79166667,1.260214,9.2E-17,164,NAN,NAN,0.08,NAN,4.047,0.233,-0.478,4.488,NAN,pksmb,,,,,,,,
1215,J1715-3700,NAN,NAN,NAN,51118,349.757,0.886,258.79020833,-37.00111111,0.779628,1.46E-16,449,NAN,NAN,0.37,NAN,5.013,0.077,-0.891,3.567,NAN,pksmb,htru_pks,,,,,,,
1216,J1715-3859,NAN,NAN,NAN,53097,348.194,-0.348,258.907875,-38.99030556,0.928108,4.4E-15,817,NAN,NAN,0.54,NAN,5.196,-0.032,-1.063,3.414,NAN,pksmb,htru_pks,,,,,,,
1217,J1715-3903,NAN,NAN,NAN,55370,348.101,-0.32,258.80866667,-39.04919444,0.278494,3.74E-14,314,NAN,NAN,0.66,NAN,3.737,-0.021,-0.77,4.843,NAN,pksmb,htru_pks,,,,,,,
1218,J1715-4034,NAN,NAN,NAN,57600,346.913,-1.276,258.9205,-40.57166667,2.072155,3.03E-15,254,NAN,NAN,1.9,NAN,3.917,-0.087,-0.887,4.686,NAN,pksmb,htru_pks,,,,,,,
1219,J1715-4254,NAN,NAN,NAN,52278,344.951,-2.562,258.79391667,-42.915,0.573745,8.76E-16,407,NAN,NAN,0.07,NAN,18.772,-0.839,-4.869,-9.61,NAN,pksmb,,,,,,,,
1220,J1715+46,NAN,NAN,NAN,NAN,71.861,35.354,258.95,46.05,0.5481,NAN,19.82,NAN,NAN,NAN,NAN,1.754,1.015,1.359,8.055,NAN,lotaas,,,,,,,,
1221,J1716-3720,NAN,NAN,NAN,51112,349.596,0.519,259.04733333,-37.34555556,0.630314,1.8E-14,682.7,NAN,NAN,0.41,NAN,5.375,0.049,-0.971,3.214,NAN,pksmb,htru_pks,,,,,,,
1222,J1716-4005,NAN,NAN,NAN,54942.8,347.418,-1.155,259.17525,-40.09083333,0.311813,2.87E-15,435,NAN,NAN,1.4,NAN,5.418,-0.109,-1.18,3.213,NAN,pksmb,htru_pks,,,,,,,
1223,J1716-4111,NAN,NAN,NAN,54212.2,346.529,-1.795,259.1846125,-41.18597222,1.036067,2.88E-15,245.8,NAN,NAN,0.22,NAN,4.387,-0.137,-1.021,4.236,NAN,pksmb,htru_pks,,,,,,,
1224,J1716-4711,NAN,NAN,NAN,55185,341.549,-5.155,259.00462083,-47.18358333,0.555824,8.33E-16,287.06,NAN,NAN,0.3,NAN,21.907,-1.968,-6.905,-12.197,NAN,htru_pks,,,,,,,,
1225,J1717+03,NAN,NAN,NAN,57022,24.784,22.203,259.48333333,3.18333333,3.901,NAN,25.6,NAN,NAN,NAN,NAN,1.238,0.468,0.48,7.459,NAN,ar327,,,,,,,,
1226,J1717-3425,NAN,NAN,NAN,50253,352.12,2.025,259.334352,-34.41654571,0.656299,9.8E-15,587.7,0.01,NAN,3.9,NAN,25,0.883,-3.425,-16.248,NAN,pks1,pksmb,htru_pks,,,,,,
1227,J1717-3737,NAN,NAN,NAN,51324,349.491,0.182,259.3165,-37.62666667,0.682419,5.29E-15,525.8,NAN,NAN,0.69,NAN,4.343,0.014,-0.792,4.23,NAN,pksmb,htru_pks,,,,,,,
1228,J1717-3847,NAN,NAN,NAN,51347,348.551,-0.494,259.32666667,-38.78416667,1.149499,8.2E-16,707,NAN,NAN,0.3,NAN,5.012,-0.043,-0.995,3.588,NAN,pksmb,htru_pks,,,,,,,
1229,J1717-3953,NAN,NAN,NAN,53313,347.655,-1.157,259.35645833,-39.89861111,1.085521,3.3E-17,466,NAN,NAN,1.5,NAN,6.537,-0.132,-1.397,2.115,NAN,pksmb,htru_pks,,,,,,,
1230,J1717-4043,NAN,NAN,NAN,51388,347.016,-1.695,259.449625,-40.73055556,0.397857,1.22E-14,452.6,NAN,NAN,0.54,NAN,14.244,-0.421,-3.199,-5.374,NAN,pksmb,htru_pks,,,,,,,
1231,J1717-40435,NAN,NAN,NAN,51399,346.937,-1.574,259.25833333,-40.72527778,0.349929,1.75E-15,539,NAN,NAN,0.41,NAN,16.635,-0.457,-3.759,-7.698,NAN,pksmb,htru_pks,,,,,,,
1232,J1717-4054,NAN,NAN,NAN,57600,346.759,-1.893,259.46816667,-41.05494444,0.887719,3.7E-15,306.9,0.02,15,1.1,NAN,7.283,-0.241,-1.667,1.414,NAN,pks1,pks70,pksmb,htru_pks,,,,,
1233,J1717-5800,NAN,NAN,NAN,51650,332.668,-11.475,259.39854167,-58.0015,0.321793,1.96E-16,125.22,NAN,NAN,0.5,NAN,11.223,-2.233,-5.05,-1.271,NAN,pkssw,htru_pks,,,,,,,
1234,J1718-3714,NAN,NAN,NAN,51799,349.928,0.237,259.57745833,-37.23777778,1.289379,2.62E-14,833,NAN,NAN,0.23,NAN,5.326,0.022,-0.931,3.256,NAN,pksmb,htru_pks,,,,,,,
1235,J1718-3718,NAN,NAN,NAN,55250,349.849,0.216,259.54166667,-37.31472222,3.378574,1.61E-12,371.1,NAN,NAN,0.4,NAN,3.918,0.015,-0.691,4.643,NAN,pksmb,htru_pks,,,,,,,
1236,J1718-3825,NAN,NAN,NAN,51184,348.951,-0.432,259.55652083,-38.42168333,0.07467,1.32E-14,247.46,NAN,NAN,1.7,NAN,3.488,-0.026,-0.668,5.077,GRS:2FGL_J1718.3-3827[naa+12],GRS:HESS_J,pksmb,htru_pks,,,,,,
1237,J1718-41,NAN,NAN,NAN,56657,346.744,-1.979,259.55,-41.11666667,0.548419,NAN,354,NAN,NAN,0.07,NAN,11.597,-0.401,-2.658,-2.781,NAN,htru_pks,,,,,,,,
1238,J1718-4539,NAN,NAN,NAN,53105,343.022,-4.584,259.54958333,-45.65441667,0.590473,7.51E-15,254,NAN,NAN,0.08,NAN,13.803,-1.103,-4.018,-4.659,NAN,pksmb,,,,,,,,
1239,J1719-2330,NAN,NAN,NAN,56614,1.402,7.846,259.90041667,-23.50388889,0.453993,2.19E-15,101,NAN,NAN,0.16,NAN,4.274,0.583,0.104,4.267,NAN,htru_pks,,,,,,,,
1240,J1719-3458,NAN,NAN,NAN,57637,351.885,1.391,259.8005875,-34.97288889,0.493775,1.49E-17,530,NAN,NAN,NAN,NAN,16.425,0.399,-2.318,-7.756,NAN,htru_pks,,,,,,,,
1241,J1719-4006,NAN,NAN,NAN,48378.6,347.653,-1.533,259.757175,-40.11652778,0.189094,1.67E-15,386.6,0.01,NAN,1.4,NAN,9.826,-0.263,-2.1,-1.095,NAN,pks1,pksmb,htru_pks,,,,,,
1242,J1719-4302,NAN,NAN,NAN,51498,345.341,-3.325,259.95320833,-43.0365,0.235475,3.92E-16,297.7,NAN,NAN,0.37,NAN,13.437,-0.779,-3.395,-4.478,NAN,pksmb,htru_pks,,,,,,,
1243,J1720+00,NAN,NAN,NAN,57022,22.791,20.349,260.22916667,0.66666667,3.357,NAN,46.2,NAN,NAN,NAN,NAN,2.555,0.888,0.928,6.291,NAN,ar327,,,,,,,,
1244,J1720-0212,-1,-26,NAN,49429,20.134,18.936,260.23862083,-2.20663889,0.477715,8.28E-17,66.98,NAN,22,1,NAN,2.357,0.765,0.767,6.407,NAN,mol2,gb2,pks70,pkssw,lotaas,,,,
1245,J1720-1633,NAN,NAN,NAN,49686,7.374,11.537,260.10502647,-16.55936755,1.565601,5.8E-15,44.83,NAN,13,1.1,NAN,0.988,0.198,0.124,7.54,NAN,gb3,pks70,pkssw,htru_pks,,,,,
1246,J1720+2150,NAN,NAN,NAN,51796,43.957,29.371,260.00541667,21.83688889,1.615664,7.4E-16,40.72,NAN,2.4,NAN,NAN,5.583,2.738,3.377,4.998,NAN,ar4,,,,,,,,
1247,J1720-2446,NAN,NAN,NAN,55326,0.443,6.986,260.09358333,-24.77416667,0.874265,5.93E-16,103,NAN,NAN,NAN,NAN,3.772,0.459,0.029,4.756,NAN,htru_pks,,,,,,,,
1248,J1720-2933,NAN,NAN,NAN,49863,356.505,4.248,260.14215622,-29.55451054,0.620448,7.46E-16,42.64,NAN,32,2.2,NAN,1.095,0.081,-0.067,7.41,NAN,jb1,mol2,pks70,pksmb,htru_pks,,,,
1249,J1720-36,NAN,NAN,NAN,56657,350.515,0.016,260.225,-36.88333333,0.092132,NAN,341,NAN,NAN,0.08,NAN,3.783,0.001,-0.623,4.769,NAN,htru_pks,,,,,,,,
1250,J1720-3659,NAN,NAN,NAN,51111,350.332,0.1,260.00823333,-36.98513889,0.351125,3.27E-17,381.6,NAN,NAN,0.74,NAN,3.917,0.007,-0.658,4.639,NAN,pksmb,htru_pks,,,,,,,
1251,J1721-1939,NAN,NAN,NAN,51500,4.914,9.563,260.44420833,-19.66361111,0.40404,1.28E-16,103,NAN,NAN,NAN,NAN,5.621,0.934,0.475,2.977,NAN,pkssw,htru_pks,,,,,,,
1252,J1721-2457,1.9,-25,NAN,55000,0.387,6.751,260.27290792,-24.95171389,0.003497,5.54E-21,47.76,NAN,NAN,0.58,NAN,1.365,0.16,0.009,7.144,NAN,pkssw,htru_pks,,,,,,,
1253,J1721-3532,NAN,NAN,NAN,51374,351.687,0.67,260.38657833,-35.54711412,0.280424,2.52E-14,496,0.08,NAN,16.8,NAN,4.6,0.054,-0.665,3.949,NAN,pks1,pksmb,htru_pks,,,,,,
1254,J1722-3207,-1,-40,NAN,57600,354.561,2.525,260.51232917,-32.12925,0.477158,6.45E-16,126.06,0,61,5.4,NAN,2.928,0.129,-0.277,5.588,NAN,jb1,mol2,pks1,pks70,pksmb,htru_pks,,,
1255,J1722+35,NAN,NAN,NAN,NAN,59.218,32.651,260.525,35.3,0.8216,NAN,23.83,NAN,NAN,NAN,NAN,2.196,1.185,1.588,7.554,NAN,misc,lotaas,,,,,,,
1256,J1722-3632,NAN,NAN,NAN,48378.6,350.934,-0.001,260.54090417,-36.54813889,0.399183,4.46E-15,416.2,0.01,NAN,2.7,NAN,3.992,0,-0.629,4.558,NAN,pks1,pksmb,htru_pks,,,,,,
1257,J1722-3712,NAN,NAN,NAN,55362,350.49,-0.507,260.74670833,-37.20125,0.23618,1.09E-14,99.49,NAN,25,3.8,NAN,2.477,-0.022,-0.409,6.057,NAN,mol2,pks1,pks70,pksmb,htru_pks,,,,
1258,J1722-4400,NAN,NAN,NAN,53058,344.843,-4.319,260.69382083,-44.00922222,0.218554,3.74E-16,219.3,NAN,NAN,0.22,NAN,9.068,-0.683,-2.364,-0.228,NAN,pksmb,,,,,,,,
1259,J1723-2852,NAN,NAN,NAN,54948.6,357.482,4.015,260.9925,-28.88083333,0.625034,9E-16,172,NAN,NAN,0.13,NAN,4.768,0.334,-0.209,3.748,NAN,pksmb,,,,,,,,
1260,J1723-3659,NAN,NAN,NAN,55384,350.682,-0.409,260.78158333,-36.98727778,0.202725,8.03E-15,254.4,0,NAN,2.1,NAN,3.497,-0.025,-0.566,5.049,NAN,pksmb,htru_pks,,,,,,,
1261,J1723-38,NAN,NAN,NAN,56657,349.557,-1.149,260.75,-38.33333333,0.765796,NAN,472,NAN,NAN,0.08,NAN,6.842,-0.137,-1.24,1.773,NAN,htru_pks,,,,,,,,
1262,J1724-3149,NAN,NAN,NAN,51995,355.142,2.228,261.18695833,-31.81777778,0.948237,7.25E-15,409,NAN,NAN,0.36,NAN,18.452,0.717,-1.562,-9.872,NAN,pksmb,htru_pks,,,,,,,
1263,J1724-35,NAN,NAN,NAN,54776,351.829,-0.013,261.17916667,-35.81666667,1.42199,NAN,554.9,NAN,NAN,NAN,NAN,4.33,-0.001,-0.615,4.214,NAN,pksmb,,,,,,,,
1264,J1724-3505,NAN,NAN,NAN,51074,352.437,0.38,261.19954167,-35.09333333,1.221708,2.11E-14,875,NAN,NAN,0.24,NAN,6.775,0.045,-0.892,1.784,NAN,pksmb,htru_pks,,,,,,,
1265,J1724-4500,NAN,NAN,NAN,53255,344.182,-5.121,261.1075,-45.00416667,1.309109,3.51E-15,182,NAN,NAN,0.05,NAN,7.366,-0.657,-2,1.441,NAN,pksmb,,,,,,,,
1266,J1725-0732,NAN,NAN,NAN,52820.58,15.866,15.324,261.30117083,-7.54977778,0.239919,4.3E-16,58.91,NAN,NAN,0.11,NAN,0.203,0.054,0.054,8.312,NAN,misc,,,,,,,,
1267,J1725-2852,NAN,NAN,NAN,52197,357.636,3.803,261.29125,-28.87277778,1.257788,1.99E-15,161,NAN,NAN,0.25,NAN,4.251,0.282,-0.175,4.262,NAN,pksmb,,,,,,,,
1268,J1725-3546,NAN,NAN,NAN,51074,351.979,-0.153,261.42583333,-35.77111111,1.032471,1.5E-14,744,NAN,NAN,0.61,NAN,4.799,-0.013,-0.67,3.748,NAN,pksmb,htru_pks,,,,,,,
1269,J1725-3848,NAN,NAN,NAN,51399,349.384,-1.741,261.25041667,-38.81,2.062386,2.3E-14,230,NAN,NAN,0.14,NAN,4.141,-0.126,-0.763,4.432,NAN,pksmb,,,,,,,,
1270,J1725-3853,NAN,NAN,NAN,55846,349.372,-1.856,261.363625,-38.8845,0.004792,5E-20,158.2,NAN,NAN,NAN,NAN,3.142,-0.102,-0.579,5.414,NAN,pksmb,,,,,,,,
1271,J1725-4043,NAN,NAN,NAN,51728,347.874,-2.92,261.42258333,-40.71972222,1.465071,2.79E-15,203,NAN,NAN,0.34,NAN,4.465,-0.227,-0.937,4.14,NAN,pksmb,htru_pks,,,,,,,
1272,J1726-00,NAN,NAN,NAN,56359,22.638,18.71,261.59583333,-0.25,1.3086,NAN,57,NAN,NAN,NAN,NAN,3.049,0.978,1.112,5.835,NAN,ar327,,,,,,,,
1273,J1726-31,NAN,NAN,NAN,51026.4,355.252,1.828,261.65,-31.95,0.12347,NAN,264.4,NAN,NAN,0.4,NAN,5.125,0.164,-0.424,3.395,NAN,pksmb,,,,,,,,
1274,J1726-3530,NAN,NAN,NAN,51522,352.252,-0.072,261.53129167,-35.49944444,1.110132,1.22E-12,718,NAN,NAN,0.39,NAN,4.722,-0.006,-0.637,3.821,SNR:G352.2-0.1(?)[mbc+02],pksmb,htru_pks,,,,,,,
1275,J1726-3635,NAN,NAN,NAN,51111,351.422,-0.802,261.70670833,-36.596,0.287432,1.44E-15,539.2,NAN,NAN,0.29,NAN,4.847,-0.068,-0.723,3.708,NAN,pksmb,htru_pks,,,,,,,
1276,J1726-4006,NAN,NAN,NAN,52475,348.481,-2.711,261.63904167,-40.10055556,0.882778,3.33E-15,277,NAN,NAN,0.21,NAN,9.401,-0.445,-1.875,-0.701,NAN,pksmb,htru_pks,,,,,,,
1277,J1726-52,NAN,NAN,NAN,NAN,338.441,-9.193,261.5,-52,0.6318,NAN,119.7,NAN,NAN,NAN,NAN,6.724,-1.074,-2.439,2.327,NAN,ghrss,,,,,,,,
1278,J1727-2739,NAN,NAN,NAN,57600,358.945,4.053,261.87908333,-27.64805556,1.2931,1.07E-15,147,NAN,NAN,1.7,NAN,4.001,0.283,-0.074,4.51,NAN,pksmb,htru_pks,,,,,,,
1279,J1727-29,NAN,NAN,NAN,NAN,356.973,2.795,261.82916667,-29.98333333,NAN,NAN,93,NAN,NAN,NAN,NAN,2.613,0.127,-0.138,5.894,NAN,pksmb,,,,,,,,
1280,J1728-0007,NAN,NAN,NAN,50089,23.029,18.287,262.14507986,-0.1291682,0.386004,1.12E-15,41.09,NAN,11,NAN,NAN,1.459,0.458,0.542,7.225,NAN,gb3,pkssw,lotaas,,,,,,
1281,J1728-3733,NAN,NAN,NAN,51112,350.842,-1.656,262.19270833,-37.55222222,0.615538,7.2E-17,281.5,NAN,NAN,0.19,NAN,4.557,-0.132,-0.725,4.003,NAN,pksmb,htru_pks,,,,,,,
1282,J1728-4028,NAN,NAN,NAN,52077,348.375,-3.218,262.11533333,-40.46944444,0.866343,2.33E-16,231,NAN,NAN,1.2,NAN,6.904,-0.388,-1.389,1.748,NAN,pksmb,htru_pks,,,,,,,
1283,J1729-2117,NAN,NAN,NAN,55505,4.496,7.222,262.29503333,-21.29111111,0.066293,1.72E-19,34.49,NAN,NAN,0.2,NAN,0.974,0.122,0.076,7.537,NAN,htru_pks,,,,,,,,
1284,J1730-2304,20.264,8.3,1.19,54500,3.137,6.023,262.590276,-23.07533056,0.008123,2.02E-20,9.62,NAN,43,4,NAN,0.62,0.065,0.034,7.884,XRS:[pb15],pks70,pkssw,pksmb,htru_pks,,,,,
1285,J1730-2900,NAN,NAN,NAN,53128,358.123,2.819,262.5345,-29.01277778,1.538427,8.85E-15,289,NAN,NAN,0.13,NAN,12.054,0.593,-0.394,-3.533,NAN,pksmb,htru_pks,,,,,,,
1286,J1730-3350,NAN,NAN,NAN,50198,354.133,0.09,262.63566257,-33.84428622,0.13946,8.48E-14,261.29,0,9.2,4.3,NAN,3.488,0.005,-0.357,5.03,NAN,pks1,pksmb,htru_pks,,,,,,
1287,J1730-3353,NAN,NAN,NAN,51672,354.135,-0.004,262.73158333,-33.89388889,3.270242,2.2E-14,256,NAN,NAN,0.38,NAN,3.46,0,-0.354,5.058,NAN,pksmb,htru_pks,,,,,,,
1288,J1730-34,NAN,NAN,NAN,56657,353.285,-0.36,262.525,-34.8,0.09983,NAN,628,NAN,NAN,0.03,NAN,4.566,-0.029,-0.534,3.965,NAN,htru_pks,,,,,,,,
1289,J1731-3123,NAN,NAN,NAN,51702,356.233,1.354,262.75220833,-31.39527778,0.753048,1.68E-15,354,NAN,NAN,0.29,NAN,7.241,0.171,-0.476,1.277,NAN,pksmb,htru_pks,,,,,,,
1290,J1731-33,NAN,NAN,NAN,NAN,354.313,-0.104,262.95,-33.8,0.6069,NAN,571,NAN,NAN,NAN,NAN,4.341,-0.008,-0.43,4.18,NAN,htru_pks,,,,,,,,
1291,J1731-3322,NAN,NAN,NAN,56716,354.601,0.225,262.809625,-33.37916667,0.544671,2.81E-14,877.4,NAN,NAN,0.1,NAN,5.552,0.022,-0.522,2.973,NAN,htru_pks,,,,,,,,
1292,J1731-4744,73,-132,NAN,53000,342.565,-7.669,262.92566667,-47.74340556,0.829829,1.64E-13,123.06,0,190,27,NAN,0.7,-0.093,-0.208,7.838,SNR:G343.0-6.0(RCW114)[skz+19],GRS:[sbc+,mol1,mol2,pks70,pkssw,htru_pks,,,
1293,J1732-1930,NAN,NAN,NAN,51197,6.417,7.563,263.08344038,-19.50238231,0.48377,1.82E-16,72.43,NAN,11,0.3,NAN,2.634,0.347,0.292,5.905,NAN,pks70,htru_pks,,,,,,,
1294,J1732-3131,NAN,NAN,NAN,54933,356.307,1.007,263.13975,-31.52305556,0.196543,2.8E-14,15.44,NAN,NAN,NAN,NAN,0.64,0.011,-0.041,7.861,GRS:2FGL_J1732.5-3131[naa+12],FermiBlind,,,,,,,,
1295,J1732-3426,NAN,NAN,NAN,52359,353.818,-0.507,263.02991667,-34.43472222,0.332887,4.02E-16,513.5,NAN,NAN,0.24,NAN,4.333,-0.038,-0.467,4.192,NAN,pksmb,htru_pks,,,,,,,
1296,J1732-35,NAN,NAN,NAN,56657,353.318,-0.926,263.125,-35.08333333,0.12669,NAN,340,NAN,NAN,0.13,NAN,4.042,-0.065,-0.47,4.486,NAN,htru_pks,,,,,,,,
1297,J1732-3729,NAN,NAN,NAN,51724,351.288,-2.211,263.08670833,-37.48472222,2.184001,1.3E-15,317,NAN,NAN,0.31,NAN,10.938,-0.422,-1.656,-2.304,NAN,pksmb,htru_pks,,,,,,,
1298,J1732-4128,NAN,NAN,NAN,43565.05,347.98,-4.462,263.20833333,-41.48,0.627981,1.28E-14,195.3,0,9,1.1,NAN,7.235,-0.563,-1.502,1.445,NAN,mol2,pksmb,htru_pks,,,,,,
1299,J1732-4156,NAN,NAN,NAN,51911,347.589,-4.709,263.20358333,-41.94155556,0.323434,6.61E-16,228.7,NAN,NAN,0.22,NAN,11.528,-0.946,-2.469,-2.721,NAN,pksmb,,,,,,,,
1300,J1733-2228,NAN,NAN,NAN,48712,4.029,5.749,263.36015701,-22.4770089,0.871683,4.27E-17,41.14,NAN,25,4,NAN,1.105,0.111,0.077,7.403,NAN,jb1,mol2,pks70,pkssw,pksmb,htru_pks,,,
1301,J1733-2533,NAN,NAN,NAN,53070,1.428,4.092,263.35775,-25.55305556,0.659794,2.1E-15,242,NAN,NAN,0.1,NAN,12.04,0.859,0.299,-3.506,NAN,pksmb,,,,,,,,
1302,J1733-2837,NAN,NAN,NAN,53128,358.857,2.402,263.39125,-28.62583333,0.768185,1.11E-15,225,NAN,NAN,0.07,NAN,4.74,0.199,-0.094,3.765,NAN,pksmb,,,,,,,,
1303,J1733-3030,NAN,NAN,NAN,51914,357.32,1.301,263.495375,-30.51361111,0.362052,1.65E-15,636,NAN,NAN,0.2,NAN,20.614,0.468,-0.963,-12.086,NAN,pksmb,htru_pks,,,,,,,
1304,J1733-3322,NAN,NAN,NAN,51250,354.917,-0.238,263.48004167,-33.3675,1.245915,4.1E-15,524,NAN,NAN,0.8,NAN,4.237,-0.018,-0.375,4.28,NAN,pksmb,htru_pks,,,,,,,
1305,J1733-3716,4,63,NAN,55359,351.577,-2.284,263.3615,-37.28199722,0.337595,1.5E-14,153.18,NAN,NAN,3.6,NAN,3.15,-0.126,-0.461,5.386,NAN,pks1,pksmb,htru_pks,,,,,,
1306,J1733-4005,NAN,NAN,NAN,52385,349.266,-3.895,263.49433333,-40.09436111,0.561778,3.62E-15,317.8,NAN,NAN,0.49,NAN,19.225,-1.306,-3.572,-10.345,NAN,pksmb,htru_pks,,,,,,,
1307,J1733-5515,NAN,NAN,NAN,55194,336.188,-11.801,263.25166667,-55.26111111,1.011234,4E-16,83.9,NAN,NAN,0.3,NAN,4.217,-0.862,-1.667,4.724,NAN,htru_pks,,,,,,,,
1308,J1734-0212,NAN,NAN,NAN,49699,21.904,15.928,263.69025447,-2.21085393,0.839394,4.21E-16,65.05,NAN,5.7,NAN,NAN,1.798,0.493,0.645,6.896,NAN,gb2,,,,,,,,
1309,J1734-2415,NAN,NAN,NAN,53164,2.678,4.551,263.67333333,-24.25555556,0.612524,1.05E-15,126.3,NAN,NAN,0.29,NAN,3.436,0.273,0.16,5.079,NAN,pksmb,htru_pks,,,,,,,
1310,J1734-2859,NAN,NAN,NAN,57674,358.596,2.119,263.500475,-28.99816667,0.301456,8E-18,313.9,NAN,NAN,0.13,NAN,11.352,0.42,-0.278,-2.841,NAN,htru_pks,,,,,,,,
1311,J1734-3058,NAN,NAN,NAN,56400,357.031,0.893,263.71182917,-30.97816667,0.541286,1.62E-17,260,NAN,NAN,0.11,NAN,3.744,0.058,-0.194,4.761,NAN,htru_pks,,,,,,,,
1312,J1734-3333,NAN,NAN,NAN,53145,354.819,-0.433,263.61208333,-33.55555556,1.169341,2.28E-12,578,NAN,NAN,0.49,NAN,4.461,-0.034,-0.403,4.057,NAN,pksmb,htru_pks,,,,,,,
1313,J1735-0243,NAN,NAN,NAN,54827,21.564,15.448,263.95041667,-2.73,0.782887,6.32E-16,55.4,NAN,NAN,NAN,NAN,1.004,0.267,0.356,7.6,NAN,gb350,,,,,,,,
1314,J1735-0724,0.82,20.63,0.15,49887,17.271,13.284,263.77072083,-7.41448056,0.419335,1.21E-15,73.51,NAN,18,2.3,NAN,6.667,1.532,1.926,2.304,NAN,misc,mol2,gb2,pks70,pkssw,htru_pks,,,
1315,J1735-3258,NAN,NAN,NAN,55355,355.478,-0.381,263.98716667,-32.97272778,0.350972,2.6E-14,758,NAN,NAN,0.35,NAN,4.974,-0.033,-0.392,3.542,NAN,pksmb,,,,,,,,
1316,J1735+6320,NAN,NAN,NAN,57760,92.721,32.552,263.77734167,63.33335,0.510718,3.23E-16,41.85,NAN,0.6,NAN,NAN,25,13.452,21.049,9.5,NAN,lotaas,,,,,,,,
1317,J1736+05,NAN,NAN,NAN,49717,29.592,19.208,264.225,5.8,0.999245,NAN,42,NAN,NAN,NAN,NAN,2.494,0.821,1.163,6.452,NAN,ar4,pkssw,lotaas,,,,,,
1318,J1736-2457,NAN,NAN,NAN,53095,2.331,3.775,264.18933333,-24.96388889,2.642223,3.43E-15,170,NAN,NAN,0.84,NAN,4.498,0.296,0.183,4.015,NAN,pksmb,htru_pks,,,,,,,
1319,J1736-2819,NAN,NAN,NAN,51716,359.446,2.036,264.10304167,-28.32833333,1.592419,1.49E-14,261,NAN,NAN,0.16,NAN,6.012,0.214,-0.058,2.492,NAN,pksmb,,,,,,,,
1320,J1736-2843,NAN,NAN,NAN,52344,359.142,1.764,264.17745833,-28.73083333,6.445036,3E-14,331,NAN,NAN,0.43,NAN,10.415,0.321,-0.156,-1.909,NAN,pksmb,htru_pks,,,,,,,
1321,J1736-3511,NAN,NAN,NAN,51386,353.614,-1.598,264.01125,-35.19888889,0.502803,1.57E-15,106,NAN,NAN,0.18,NAN,2.626,-0.073,-0.292,5.891,NAN,pksmb,htru_pks,,,,,,,
1322,J1737-3102,NAN,NAN,NAN,51112,357.298,0.373,264.39054167,-31.03347222,0.768672,3.73E-14,280,NAN,NAN,0.6,NAN,3.602,0.023,-0.17,4.902,NAN,pksmb,htru_pks,,,,,,,
1323,J1737-3137,NAN,NAN,NAN,51234,356.744,0.145,264.267875,-31.6225,0.450432,1.39E-13,488.1,NAN,NAN,0.88,NAN,4.162,0.011,-0.236,4.345,NAN,pksmb,htru_pks,,,,,,,
1324,J1737-3320,NAN,NAN,NAN,51887,355.308,-0.795,264.29379167,-33.33888889,0.816273,2.25E-15,804,NAN,NAN,0.35,NAN,13.384,-0.186,-1.095,-4.838,NAN,pksmb,htru_pks,,,,,,,
1325,J1737-3555,NAN,NAN,NAN,48378.6,353.175,-2.268,264.41682917,-35.92883333,0.397585,6.12E-15,89.41,NAN,NAN,1,NAN,2.489,-0.099,-0.296,6.031,NAN,pks1,pksmb,htru_pks,,,,,,
1326,J1738+04,NAN,NAN,NAN,57022,28.392,18.207,264.60416667,4.33333333,1.39179,NAN,23.6,NAN,NAN,NAN,NAN,1.083,0.338,0.489,7.595,NAN,ar327,,,,,,,,
1327,J1738-2330,NAN,NAN,NAN,53206,3.731,4.28,264.53666667,-23.51305556,1.978847,8.56E-15,99.3,NAN,NAN,1.05,NAN,2.87,0.214,0.186,5.644,NAN,pksmb,htru_pks,,,,,,,
1328,J1738-2647,NAN,NAN,NAN,52359,0.94,2.544,264.52095833,-26.79611111,0.349591,3.15E-15,182.2,NAN,NAN,0.44,NAN,4.127,0.183,0.068,4.378,NAN,pksmb,htru_pks,,,,,,,
1329,J1738-2736,NAN,NAN,NAN,56315,0.272,2.081,264.56095,-27.60716667,0.627716,4.62E-15,323.6,NAN,NAN,0.17,NAN,11.991,0.435,0.057,-3.483,NAN,htru_pks,,,,,,,,
1330,J1738-2955,NAN,NAN,NAN,55377,358.378,0.724,264.71716667,-29.93261667,0.443425,8.2E-14,223.4,NAN,NAN,0.24,NAN,3.46,0.044,-0.098,5.042,NAN,pksmb,,,,,,,,
1331,J1738-3107,NAN,NAN,NAN,52333,357.358,0.1,264.6975,-31.12888889,0.549498,2.96E-16,735,NAN,NAN,0.26,NAN,4.79,0.008,-0.221,3.715,NAN,pksmb,htru_pks,,,,,,,
1332,J1738-3211,NAN,NAN,NAN,49595,356.466,-0.491,264.72577198,-32.19823466,0.768499,7.95E-16,49.59,NAN,2.9,2.4,NAN,1.274,-0.011,-0.079,7.228,NAN,jb2,pks1,pksmb,htru_pks,,,,,
1333,J1738-3316,NAN,NAN,NAN,51702,355.525,-1.003,264.64354167,-33.26711111,0.730373,8.86E-17,273,NAN,NAN,0.55,NAN,3.755,-0.066,-0.293,4.757,NAN,pksmb,,,,,,,,
1334,J1739+0612,NAN,NAN,NAN,53000,30.261,18.858,264.82485833,6.20788889,0.234169,1.56E-16,101.5,NAN,NAN,0.8,NAN,25,8.081,11.922,-11.934,NAN,pkssw,,,,,,,,
1335,J1739-1313,NAN,NAN,NAN,51500,12.794,9.297,264.99092083,-13.22183333,1.215698,8.17E-17,58.2,NAN,NAN,0.9,NAN,0.735,0.119,0.161,7.793,NAN,pkssw,htru_pks,,,,,,,
1336,J1739-2521,NAN,NAN,NAN,55631,2.327,3.027,264.88595417,-25.36555556,1.818461,2.4E-16,186.4,NAN,NAN,NAN,NAN,4.411,0.233,0.179,4.099,NAN,pksmb,,,,,,,,
1337,J1739-2903,NAN,NAN,NAN,55385,359.206,1.064,264.89288333,-29.05061111,0.322886,7.87E-15,138.55,0,NAN,4.5,NAN,2.911,0.054,-0.04,5.59,NAN,jb2,pks1,pksmb,htru_pks,,,,,
1338,J1739-3023,NAN,NAN,NAN,55351,358.085,0.336,264.91579167,-30.38692222,0.114372,1.14E-14,170.5,0,NAN,1.01,NAN,3.074,0.018,-0.103,5.428,NAN,pksmb,htru_pks,,,,,,,
1339,J1739-3049,NAN,NAN,NAN,51116,357.68,0.152,264.84675,-30.82777778,0.239317,2.18E-15,573.2,NAN,NAN,0.5,NAN,4.38,0.012,-0.177,4.124,NAN,pksmb,htru_pks,,,,,,,
1340,J1739-3131,NAN,NAN,NAN,49138,357.096,-0.22,264.85126677,-31.52091637,0.529441,1.86E-14,600.1,0.1,NAN,6.2,NAN,4.411,-0.017,-0.223,4.095,NAN,jb2,pks1,pksmb,htru_pks,,,,,
1341,J1739-3159,NAN,NAN,NAN,51158,356.739,-0.547,264.95283333,-31.99694444,0.877561,1.97E-16,337,NAN,NAN,1.4,NAN,3.794,-0.036,-0.216,4.712,NAN,pksmb,htru_pks,,,,,,,
1342,J1739-3951,NAN,NAN,NAN,52897,350.039,-4.69,264.909375,-39.86675,0.341772,1.99E-17,24.6,NAN,NAN,0.12,NAN,0.784,-0.064,-0.135,7.73,NAN,pksmb,,,,,,,,
1343,J1740+1000,NAN,NAN,NAN,51662,34.011,20.268,265.108125,10.00175,0.154087,2.15E-14,23.9,0,3.1,2.7,1.3,1.227,0.425,0.644,7.546,GRS:[sbc+19],misc,pkssw,,,,,,,
1344,J1740+1311,-22,-20,NAN,48262,37.085,21.679,265.03060625,13.19908056,0.80305,1.45E-15,48.67,0,24,2.1,NAN,4.176,1.543,2.34,5.404,NAN,mol2,gb3,pkssw,gb4,lotaas,,,,
1345,J1740-2540,NAN,NAN,NAN,52162,2.212,2.633,265.18883333,-25.67194444,1.692656,1.85E-15,333,NAN,NAN,0.16,NAN,15.056,0.692,0.58,-6.529,NAN,pksmb,htru_pks,,,,,,,
1346,J1740+27,NAN,NAN,NAN,NAN,51.439,26.72,265.125,27.21666667,1.0582,NAN,35.46,NAN,NAN,NAN,NAN,3.507,1.577,2.449,6.547,NAN,lotaas,,,,,,,,
1347,J1740-3015,NAN,NAN,NAN,54780,358.294,0.238,265.14091667,-30.26208333,0.606887,4.66E-13,151.96,0,24.6,8.9,NAN,0.4,0.002,-0.012,8.1,NAN,jb2,pks1,pks70,pksmb,htru_pks,,,,
1348,J1740-3327,NAN,NAN,NAN,52189,355.564,-1.436,265.10716667,-33.46486111,0.515001,3.9E-15,274.1,NAN,NAN,0.3,NAN,4.191,-0.105,-0.324,4.323,NAN,pksmb,htru_pks,,,,,,,
1349,J1741-0840,0.41,6.9,0.28,48714,16.955,11.304,265.34401208,-8.67547528,2.043082,2.27E-15,74.9,0,29,1.4,NAN,3.571,0.7,1.021,5.15,NAN,mol2,gb2,gb3,pks70,pkssw,htru_pks,,,
1350,J1741-2019,NAN,NAN,NAN,51500,6.815,5.377,265.278625,-20.32333333,3.904506,1.63E-14,74.9,NAN,NAN,NAN,NAN,2.553,0.239,0.302,5.976,NAN,pkssw,htru_pks,,,,,,,
1351,J1741-2054,-63,-89,NAN,54933,6.422,4.907,265.48866667,-20.90327778,0.4137,1.7E-14,4.7,NAN,NAN,0.16,0.09,0.3,0.026,0.033,8.203,GRS:2FGL_J1741.9-2054[naa+12],XRS:Swift_,FermiBlind,,,,,,,
1352,J1741-21,NAN,NAN,NAN,NAN,6.222,5.046,265.25,-21,2.565,NAN,150.7,NAN,NAN,NAN,NAN,5.168,0.455,0.558,3.382,NAN,gbncc,,,,,,,,
1353,J1741-2719,NAN,NAN,NAN,52836,0.907,1.604,265.39608333,-27.32305556,0.346797,8.06E-17,361.9,NAN,NAN,0.2,NAN,11.562,0.324,0.183,-3.056,NAN,pksmb,htru_pks,,,,,,,
1354,J1741-2733,NAN,NAN,NAN,51184,0.636,1.582,265.25558333,-27.56416667,0.892959,1.48E-16,149.2,NAN,NAN,1.8,NAN,3.073,0.085,0.034,5.428,NAN,pksmb,htru_pks,,,,,,,
1355,J1741+2758,NAN,NAN,NAN,51797,52.347,26.663,265.47295833,27.96916667,1.360738,1.84E-15,29.14,NAN,3,NAN,NAN,2.523,1.132,1.785,7.123,NAN,ar4,lotaas,,,,,,,
1356,J1741-2945,NAN,NAN,NAN,51088,358.798,0.38,265.31029167,-29.75972222,0.223558,6.34E-16,310.3,NAN,NAN,0.6,NAN,3.714,0.025,-0.078,4.787,NAN,pksmb,htru_pks,,,,,,,
1357,J1741-3016,NAN,NAN,NAN,50959,358.346,0.13,265.27933333,-30.27527778,1.893749,8.99E-15,382,NAN,NAN,2,NAN,3.87,0.009,-0.112,4.632,NAN,pksmb,htru_pks,,,,,,,
1358,J1741-34,NAN,NAN,NAN,56657,355.002,-2.146,265.475,-34.31666667,0.875137,NAN,241,NAN,NAN,0.2,NAN,4.552,-0.17,-0.396,3.968,NAN,htru_pks,,,,,,,,
1359,J1741+3855,NAN,NAN,NAN,57927,64.293,29.693,265.30142083,38.91941667,0.828861,2.06E-16,47.22,NAN,NAN,NAN,NAN,25,12.384,19.568,-0.92,NAN,lotaas,,,,,,,,
1360,J1741-3927,20,-6,NAN,57600,350.555,-4.749,265.32532917,-39.46061111,0.512212,1.71E-15,158.5,0,35,5.5,NAN,4.624,-0.383,-0.756,3.954,NAN,mol2,pks70,pksmb,htru_pks,,,,,
1361,J1742-3957,NAN,NAN,NAN,53124,350.209,-5.135,265.51845833,-39.95611111,1.016349,8.16E-17,186,NAN,NAN,0.14,NAN,8.063,-0.722,-1.366,0.586,NAN,pksmb,,,,,,,,
1362,J1742-4616,NAN,NAN,NAN,51650,344.79,-8.462,265.60875,-46.28152778,0.412401,3.38E-17,115.96,NAN,NAN,1.5,NAN,5.689,-0.837,-1.476,3.07,NAN,pkssw,htru_pks,,,,,,,
1363,J1743-0339,NAN,NAN,NAN,50067,21.649,13.4,265.7841045,-3.65318894,0.444645,1.56E-15,30.26,NAN,3.1,0.5,NAN,0.2,0.046,0.072,8.319,NAN,mol2,,,,,,,,
1364,J1743+05,NAN,NAN,NAN,57022,30.045,17.651,265.81666667,5.48333333,1.47363,NAN,56.1,NAN,NAN,NAN,NAN,3.95,1.198,1.885,5.242,NAN,ar327,,,,,,,,
1365,J1743-1351,NAN,NAN,NAN,49666,12.699,8.205,265.90675856,-13.86054575,0.405337,4.78E-16,116.3,0,6.1,0.5,NAN,3.495,0.499,0.76,5.125,NAN,gb3,pks70,pkssw,htru_pks,,,,,
1366,J1743-2442,NAN,NAN,NAN,52133,3.333,2.64,265.83383333,-24.71527778,1.242508,4.72E-16,239,NAN,NAN,0.14,NAN,6.493,0.299,0.377,2.025,NAN,pksmb,htru_pks,,,,,,,
1367,J1743-3150,NAN,NAN,NAN,57600,357.298,-1.149,265.90295833,-31.83963889,2.414652,1.21E-13,193.05,0,6.6,2.1,NAN,3.332,-0.067,-0.157,5.172,NAN,pks1,pks70,pksmb,htru_pks,,,,,
1368,J1743-3153,NAN,NAN,NAN,51309,357.221,-1.109,265.81485417,-31.88480556,0.193105,1.06E-14,505.7,NAN,NAN,0.6,NAN,8.819,-0.171,-0.428,-0.307,NAN,pksmb,htru_pks,,,,,,,
1369,J1743-35,NAN,NAN,NAN,56657,354.095,-2.994,265.775,-35.53333333,0.56998,NAN,174,NAN,NAN,0.05,NAN,4.011,-0.21,-0.412,4.516,NAN,htru_pks,,,,,,,,
1370,J1743-4212,NAN,NAN,NAN,51650,348.381,-6.464,265.7717625,-42.20066667,0.306167,7.83E-16,131.94,NAN,NAN,1.9,NAN,5.011,-0.564,-1.003,3.623,NAN,pkssw,htru_pks,,,,,,,
1371,J1744-1134,18.79,-9.4,2.53,54500,14.794,9.18,266.12252412,-11.58185591,0.004075,8.93E-21,3.14,NAN,18,3.2,NAN,0.395,0.063,0.1,8.123,GRS:2FGL_J1744.6-1135[naa+12],pks70,pkssw,htru_pks,,,,,,
1372,J1744-1610,NAN,NAN,NAN,51500,10.773,6.885,266.06889167,-16.17661111,1.757206,2.38E-15,66.67,NAN,NAN,NAN,NAN,1.923,0.231,0.357,6.625,NAN,pkssw,htru_pks,,,,,,,
1373,J1744-2335,NAN,NAN,NAN,49390.5,4.463,2.937,266.20195833,-23.59861111,1.683507,8.33E-16,96.66,NAN,16,0.2,NAN,2.723,0.14,0.212,5.789,NAN,pks70,pksmb,htru_pks,,,,,,
1374,J1744-3130,NAN,NAN,NAN,50975,357.641,-1.059,266.023675,-31.50111111,1.066061,2.12E-14,192.9,0,NAN,0.7,NAN,3.304,-0.061,-0.136,5.199,NAN,pksmb,htru_pks,,,,,,,
1375,J1744-5337,NAN,NAN,NAN,55000,338.499,-12.447,266.16216667,-53.63083333,0.355666,1.9E-16,108.85,NAN,NAN,0.4,NAN,8.783,-1.893,-3.143,0.52,NAN,htru_pks,,,,,,,,
1376,J1744-7619,-21,-7,NAN,55716,317.108,-22.459,266.00203333,-76.32075278,0.004688,9.68E-21,NAN,NAN,NAN,NAN,NAN,NAN,0,0,8.5,GRS:3FGL_J1744.1-7619[aaa+15],FermiBlind,,,,,,,,
1377,J1745-0129,NAN,NAN,NAN,51650,23.838,14.025,266.25858333,-1.48836111,1.045407,6.31E-16,90.1,NAN,NAN,NAN,NAN,5.496,1.332,2.155,3.623,NAN,pkssw,,,,,,,,
1378,J1745+1252,NAN,NAN,NAN,57883,37.375,20.301,266.434125,12.87730556,1.059849,5.63E-16,66.14,NAN,NAN,NAN,NAN,11.167,3.874,6.358,0.177,NAN,lotaas,,,,,,,,
1379,J1745-2229,NAN,NAN,NAN,52242,5.47,3.422,266.319625,-22.48722222,1.160593,2.86E-15,299,NAN,NAN,0.13,NAN,15.562,0.929,1.481,-6.964,NAN,pksmb,htru_pks,,,,,,,
1380,J1745-2900,2.45,5.89,NAN,56899,359.944,-0.047,266.41735917,-29.00830444,3.763733,1.76E-11,1778,1.3,NAN,NAN,1.2,8.3,-0.007,-0.008,0.2,AXP:SGR_J1745-29[kbk+13],misc,,,,,,,,
1381,J1745-2910,NAN,NAN,NAN,54620.26,359.763,-0.054,266.31666667,-29.16666667,0.982,NAN,1088,NAN,NAN,NAN,0.2,7.968,-0.008,-0.033,0.532,NAN,misc,,,,,,,,
1382,J1745-2912,NAN,NAN,NAN,57356,359.788,-0.175,266.44929346,-29.20855,0.187379,NAN,1130,NAN,NAN,NAN,NAN,8.109,-0.025,-0.03,0.391,NAN,misc,,,,,,,,
1383,J1745-3040,15,47,NAN,55276,358.553,-0.963,266.48465,-30.67302778,0.367434,1.07E-14,88.37,0,66,21,NAN,0.2,-0.003,-0.005,8.3,NAN,misc,mol2,jb2,pks1,pksmb,htru_pks,,,
1384,J1745-3812,NAN,NAN,NAN,55330,352.036,-4.751,266.31425,-38.20202778,0.698353,2.43E-15,160.8,NAN,NAN,0.2,NAN,4.797,-0.397,-0.662,3.766,NAN,htru_pks,,,,,,,,
1385,J1745+42,NAN,NAN,NAN,NAN,68.962,29.639,266.45,42.88333333,0.3051,NAN,38,NAN,NAN,NAN,NAN,5.642,2.79,4.577,6.74,NAN,lotaas,,,,,,,,
1386,J1746+2245,NAN,NAN,NAN,52765,47.252,24.048,266.5035,22.75802778,3.465038,4.92E-15,49.85,NAN,1.26,NAN,NAN,6.831,2.784,4.581,4.266,NAN,ar4,,,,,,,,
1387,J1746+2540,NAN,NAN,NAN,51796,50.274,25.031,266.528625,25.67708333,1.058148,1.05E-15,51.2,NAN,1.2,NAN,NAN,25,10.578,17.422,-5.977,NAN,ar4,lotaas,,,,,,,
1388,J1746-27,NAN,NAN,NAN,56657,0.971,0.494,266.5,-27.85,0.487528,NAN,422,NAN,NAN,0.15,NAN,4.153,0.036,0.07,4.348,NAN,htru_pks,,,,,,,,
1389,J1746-2849,NAN,NAN,NAN,57356,0.134,-0.03,266.513989,-28.83705139,1.47848,1.27E-14,1456,NAN,NAN,0.4,0.2,8.217,-0.004,0.019,0.283,NAN,misc,,,,,,,,
1390,J1746-2850,NAN,NAN,NAN,54620.26,0.134,-0.044,266.5275,-28.845,1.077101,1.34E-12,962.7,NAN,NAN,0.8,0.6,5.612,-0.004,0.013,2.888,NAN,misc,,,,,,,,
1391,J1746-2856,NAN,NAN,NAN,57417,0.126,-0.233,266.70772833,-28.94971944,0.945224,1.25E-14,1168,NAN,NAN,NAN,NAN,8.149,-0.033,0.018,0.351,NAN,misc,,,,,,,,
1392,J1746-3239,NAN,NAN,NAN,55225,356.957,-2.175,266.72894583,-32.6655,0.199541,6.56E-15,NAN,NAN,NAN,NAN,NAN,NAN,0,0,8.5,GRS:2FGL_J1746.5-3238[naa+12],FermiBlind,,,,,,,,
1393,J1747-1030,NAN,NAN,NAN,55509,16.174,8.983,266.99295833,-10.50138889,1.578793,4.3E-16,128,NAN,NAN,NAN,NAN,2.511,0.392,0.691,6.118,NAN,htru_pks,,,,,,,,
1394,J1747-2647,NAN,NAN,NAN,54311,2.054,0.758,266.878725,-26.78722222,0.500254,1.32E-14,570,NAN,NAN,1.54,NAN,6.135,0.081,0.22,2.369,NAN,pksmb,htru_pks,,,,,,,
1395,J1747-2802,NAN,NAN,NAN,51312,0.971,0.121,266.860625,-28.04361111,2.780079,2.37E-15,835,NAN,NAN,0.5,NAN,5.148,0.011,0.087,3.353,NAN,pksmb,htru_pks,,,,,,,
1396,J1747-2809,NAN,NAN,NAN,54901.5,0.869,0.076,266.845,-28.15416667,0.052153,1.56E-13,1133,NAN,NAN,NAN,NAN,8.141,0.011,0.123,0.36,XRS:CXOU_J174722.8-280915,SNR:G0.9+0.1,misc,,,,,,,
1397,J1747-2958,12.9,NAN,NAN,52613,359.305,-0.841,266.816175,-29.96694444,0.098814,6.13E-14,101.5,NAN,NAN,0.25,NAN,2.52,-0.037,-0.031,5.98,PWN:G359.23-0.82[gvc+04],GRS:1AGL_J1746-,misc,,,,,,,
1398,J1747-4036,-1.344,-1.971,NAN,56676,350.208,-6.412,266.95298545,-40.61521932,0.001646,1.31E-20,152.96,NAN,NAN,0.9,0.5,7.151,-0.799,-1.209,1.497,GRS:3FGL_J1747.6-4037[aaa+15],FermiAssoc,,,,,,,,
1399,J1748-1300,NAN,NAN,NAN,50021,14.016,7.656,267.07253221,-13.01446767,0.394133,1.21E-15,99.36,0,23,2,NAN,2.403,0.32,0.577,6.189,NAN,mol2,gb2,pks70,pkssw,,,,,
1400,J1748-2021A,NAN,NAN,NAN,54000,7.728,3.801,267.2195375,-20.36102778,0.288603,3.99E-16,219.4,NAN,10,0.37,0.37,8.24,0.546,1.106,0.353,GC:NGC6440,misc,pksmb,htru_pks,,,,,,
1401,J1748-2021C,NAN,NAN,NAN,54000,7.721,3.804,267.21322167,-20.36494722,0.006227,-5.98E-20,226.95,NAN,NAN,NAN,0.04,8.24,0.547,1.105,0.353,GC:NGC6440,misc,,,,,,,,
1402,J1748-2021E,NAN,NAN,NAN,54000,7.731,3.802,267.22000167,-20.35816111,0.016264,3.12E-19,224.1,NAN,NAN,NAN,0.02,8.24,0.546,1.106,0.353,GC:NGC6440,misc,,,,,,,,
1403,J1748-2444,NAN,NAN,NAN,50477,3.955,1.564,267.20213485,-24.74360108,0.442838,1.11E-16,207.33,NAN,NAN,0.34,NAN,3.845,0.105,0.265,4.666,NAN,misc,pksmb,htru_pks,,,,,,
1404,J1748-2446aa,NAN,NAN,NAN,54100,3.839,1.687,267.02,-24.77916667,0.005788,NAN,237.42,NAN,NAN,NAN,NAN,5.5,0.162,0.368,3.015,GC:Ter5,misc,,,,,,,,
1405,J1748-2446ab,NAN,NAN,NAN,54100,3.839,1.687,267.02,-24.77916667,0.00512,NAN,238.34,NAN,NAN,NAN,NAN,5.5,0.162,0.368,3.015,GC:Ter5,misc,,,,,,,,
1406,J1748-2446ac,NAN,NAN,NAN,54100,3.839,1.687,267.02,-24.77916667,0.005087,NAN,238.72,NAN,NAN,NAN,NAN,5.5,0.162,0.368,3.015,GC:Ter5,misc,,,,,,,,
1407,J1748-2446af,NAN,NAN,NAN,54100,3.839,1.687,267.02,-24.77916667,0.003304,NAN,237.34,NAN,NAN,NAN,NAN,5.5,0.162,0.368,3.015,GC:Ter5,misc,,,,,,,,
1408,J1748-2446ag,NAN,NAN,NAN,54100,3.839,1.687,267.02,-24.77916667,0.004448,NAN,237.75,NAN,NAN,NAN,NAN,5.5,0.162,0.368,3.015,GC:Ter5,misc,,,,,,,,
1409,J1748-2446ah,NAN,NAN,NAN,54100,3.839,1.687,267.02,-24.77916667,0.004965,NAN,237.75,NAN,NAN,NAN,NAN,5.5,0.162,0.368,3.015,GC:Ter5,misc,,,,,,,,
1410,J1748-2446aj,NAN,NAN,NAN,56498,3.842,1.688,267.02088292,-24.77634722,0.002959,1.41E-19,238.63,NAN,NAN,0.03,NAN,4.4,0.13,0.295,4.112,NAN,NAN,,,,,,,,
1411,J1748-2446ak,NAN,NAN,NAN,56498,3.839,1.692,267.01535833,-24.777175,0.00189,8.85E-20,236.71,NAN,NAN,0.03,NAN,4.385,0.129,0.293,4.127,NAN,NAN,,,,,,,,
1412,J1748-2446al,NAN,NAN,NAN,NAN,3.841,1.709,267,-24.76666667,5.95,NAN,236.48,NAN,NAN,0.01,NAN,4.396,0.131,0.294,4.116,NAN,NAN,,,,,,,,
1413,J1748-2446C,NAN,NAN,NAN,50958,3.841,1.689,267.01891667,-24.77666667,0.008436,-6.06E-19,237,NAN,NAN,NAN,NAN,5.5,0.162,0.368,3.015,GC:Ter5,misc,,,,,,,,
1414,J1748-2446D,NAN,NAN,NAN,53203,3.839,1.687,267.02,-24.77916667,0.004714,NAN,243.83,NAN,NAN,NAN,0.04,8.7,0.256,0.582,-0.177,GC:Ter5,misc,,,,,,,,
1415,J1748-2446F,NAN,NAN,NAN,53203,3.839,1.687,267.02,-24.77916667,0.00554,NAN,239.18,NAN,NAN,NAN,0.04,5.5,0.162,0.368,3.015,GC:Ter5,misc,,,,,,,,
1416,J1748-2446G,NAN,NAN,NAN,53203,3.839,1.687,267.02,-24.77916667,0.021672,NAN,237.57,NAN,NAN,NAN,0.01,5.5,0.162,0.368,3.015,GC:Ter5,misc,,,,,,,,
1417,J1748-2446H,NAN,NAN,NAN,53203,3.839,1.687,267.02,-24.77916667,0.004926,NAN,238.13,NAN,NAN,NAN,0.01,5.5,0.162,0.368,3.015,GC:Ter5,misc,,,,,,,,
1418,J1748-2446K,NAN,NAN,NAN,53203,3.839,1.687,267.02,-24.77916667,0.00297,NAN,234.81,NAN,NAN,NAN,0.04,5.5,0.162,0.368,3.015,GC:Ter5,misc,,,,,,,,
1419,J1748-2446L,NAN,NAN,NAN,53203,3.839,1.687,267.02,-24.77916667,0.002245,NAN,237.74,NAN,NAN,NAN,0.04,5.5,0.162,0.368,3.015,GC:Ter5,misc,,,,,,,,
1420,J1748-2446R,NAN,NAN,NAN,53203,3.839,1.687,267.02,-24.77916667,0.005029,NAN,237.6,NAN,NAN,NAN,0.01,5.5,0.162,0.368,3.015,GC:Ter5,misc,,,,,,,,
1421,J1748-2446S,NAN,NAN,NAN,53203,3.839,1.687,267.02,-24.77916667,0.006117,NAN,236.26,NAN,NAN,NAN,0.02,5.5,0.162,0.368,3.015,GC:Ter5,misc,,,,,,,,
1422,J1748-2446T,NAN,NAN,NAN,53203,3.839,1.687,267.02,-24.77916667,0.007085,NAN,237.7,NAN,NAN,NAN,0.02,5.5,0.162,0.368,3.015,GC:Ter5,misc,,,,,,,,
1423,J1748-30,NAN,NAN,NAN,56657,359.117,-1.141,267,-30.28333333,0.382735,NAN,584,NAN,NAN,0.16,NAN,13.822,-0.275,-0.213,-5.318,NAN,htru_pks,,,,,,,,
1424,J1749+16,NAN,NAN,NAN,57022,41.208,20.9,267.37083333,16.4,2.31165,NAN,59.6,NAN,NAN,NAN,NAN,7.382,2.633,4.543,3.312,NAN,ar327,,,,,,,,
1425,J1749-2146,NAN,NAN,NAN,57656,6.568,2.981,267.33850417,-21.77527778,2.714556,7.08E-15,260,NAN,NAN,NAN,NAN,9.601,0.499,1.097,-1.025,NAN,htru_pks,,,,,,,,
1426,J1749-2347,NAN,NAN,NAN,52055,4.828,1.967,267.31504167,-23.78805556,0.874486,2.42E-15,344,NAN,NAN,0.13,NAN,12.646,0.434,1.064,-4.094,NAN,pksmb,,,,,,,,
1427,J1749-2629,NAN,NAN,NAN,51495,2.505,0.593,267.297,-26.48611111,1.335388,1.72E-15,409,NAN,NAN,0.7,NAN,4.196,0.043,0.183,4.308,NAN,pksmb,htru_pks,,,,,,,
1428,J1749-3002,NAN,NAN,NAN,50279,359.459,-1.244,267.30622054,-30.04303417,0.609874,7.87E-15,509.4,0.01,12.7,4.1,NAN,12.731,-0.276,-0.12,-4.227,NAN,pks1,pksmb,htru_pks,,,,,,
1429,J1749-4931,NAN,NAN,NAN,55000,342.522,-11.095,267.34904167,-49.53305556,0.445822,5.9E-16,55.29,NAN,NAN,0.1,NAN,1.98,-0.381,-0.584,6.647,NAN,htru_pks,,,,,,,,
1430,J1749-5417,NAN,NAN,NAN,56388,338.275,-13.427,267.44608333,-54.29186111,0.307577,1.5E-16,69,NAN,NAN,0.32,NAN,3.279,-0.761,-1.181,5.537,NAN,htru_pks,,,,,,,,
1431,J1749-5605,NAN,NAN,NAN,43558.85,336.637,-14.262,267.43541667,-56.08861111,1.33231,2.12E-15,58,NAN,3,NAN,NAN,2.493,-0.614,-0.958,6.282,NAN,mol2,htru_pks,,,,,,,
1432,J1749+5952,NAN,NAN,NAN,57751,88.621,30.9,267.38845,59.87670278,0.436041,1.52E-16,45.07,NAN,NAN,NAN,NAN,25,12.839,21.445,7.984,NAN,lotaas,,,,,,,,
1433,J1750+07,NAN,NAN,NAN,57022,32.841,16.925,267.66666667,7.55,1.90881,NAN,55.4,NAN,NAN,NAN,NAN,3.751,1.092,1.946,5.485,NAN,ar327,,,,,,,,
1434,J1750-2043,NAN,NAN,NAN,52923,7.591,3.331,267.57666667,-20.71888889,5.639047,7.95E-15,239,NAN,NAN,0.24,NAN,8.84,0.514,1.166,-0.248,NAN,pksmb,,,,,,,,
1435,J1750-2438,NAN,NAN,NAN,51491,4.291,1.185,267.7491125,-24.64944444,0.712794,1.08E-14,476,NAN,NAN,0.5,NAN,12.845,0.266,0.961,-4.306,NAN,pksmb,htru_pks,,,,,,,
1436,J1750-2444,NAN,NAN,NAN,51835,4.136,1.255,267.59566667,-24.74638889,0.899377,2.64E-16,331,NAN,NAN,0.27,NAN,4.858,0.106,0.35,3.656,NAN,pksmb,htru_pks,,,,,,,
1437,J1750-28,NAN,NAN,NAN,56783,0.663,-0.737,267.51666667,-28.75,1.300513,5.78E-15,388,NAN,NAN,0.09,NAN,4.069,-0.052,0.047,4.432,NAN,htru_pks,,,,,,,,
1438,J1750-3157,NAN,NAN,NAN,50271,357.982,-2.516,267.69716057,-31.96226094,0.910363,1.97E-16,206.34,NAN,NAN,1.7,NAN,4.338,-0.19,-0.153,4.169,NAN,pks1,pksmb,htru_pks,,,,,,
1439,J1750-3503,NAN,NAN,NAN,48735,355.314,-4.082,267.68542083,-35.05247222,0.684014,3.81E-17,189.35,0,29,0.79,NAN,5.864,-0.417,-0.478,2.67,NAN,pks70,pksmb,htru_pks,,,,,,
1440,J1750-3703C,NAN,NAN,NAN,54000,353.533,-5.007,267.55605875,-37.05155,0.026569,-9.96E-19,230.67,NAN,NAN,NAN,0.01,13.8,-1.204,-1.548,-5.16,GC:NGC6441,misc,,,,,,,,
1441,J1750-3703D,NAN,NAN,NAN,54000,353.532,-5.006,267.55457042,-37.05176889,0.00514,4.93E-19,230.09,NAN,NAN,NAN,0.01,13.8,-1.204,-1.549,-5.16,GC:NGC6441,misc,,,,,,,,
1442,J1751-2516,NAN,NAN,NAN,51383,3.852,0.692,267.96929167,-25.27861111,0.394836,2.64E-15,556,NAN,NAN,0.22,NAN,5.18,0.063,0.348,3.332,NAN,pksmb,htru_pks,,,,,,,
1443,J1751-2737,NAN,NAN,NAN,NAN,1.761,-0.376,267.80270833,-27.62216667,0.00223,NAN,260,0,NAN,NAN,0.3,3.483,-0.023,0.107,5.019,NAN,misc,,,,,,,,
1444,J1751-3323,NAN,NAN,NAN,53750,356.829,-3.382,267.88635417,-33.39433333,0.548227,8.83E-15,296.7,0.09,NAN,1.9,NAN,14.283,-0.843,-0.789,-5.736,NAN,pksmb,htru_pks,,,,,,,
1445,J1751-4657,-13,-59,NAN,57600,345.002,-10.178,267.92581667,-46.95736944,0.742354,1.3E-15,20.4,0,70,6.6,NAN,0.739,-0.131,-0.188,7.797,NAN,misc,mol2,pks70,pkssw,htru_pks,,,,
1446,J1752+2359,NAN,NAN,NAN,51952,49.098,23.074,268.14758333,23.99672222,0.409051,6.43E-16,36.2,0,3.5,NAN,NAN,3.03,1.188,2.107,6.675,NAN,ar4,lotaas,,,,,,,
1447,J1752-2410,NAN,NAN,NAN,51865,4.93,1.039,268.24475833,-24.17388889,0.191037,6.18E-16,508.3,NAN,NAN,0.47,NAN,12.399,0.225,1.065,-3.851,NAN,pksmb,htru_pks,,,,,,,
1448,J1752-2806,-4,-5,NAN,46483,1.54,-0.961,268.24454,-28.11036111,0.562558,8.13E-15,50.37,0,1100,47.8,NAN,0.2,-0.003,0.005,8.3,NAN,mol1,jb1,mol2,jb2,pks1,pks70,pksmb,,
1449,J1752-2821,NAN,NAN,NAN,50974,1.267,-0.976,268.10229167,-28.35277778,0.640229,3.47E-15,516.3,NAN,NAN,0.32,NAN,5.436,-0.093,0.12,3.066,NAN,pksmb,htru_pks,,,,,,,
1450,J1753-12,NAN,NAN,NAN,54831,14.608,6.703,268.22083333,-12.98333333,0.405454,NAN,73.2,NAN,NAN,NAN,NAN,1.123,0.131,0.281,7.421,NAN,pkssw,,,,,,,,
1451,J1753-1914,NAN,NAN,NAN,53150,9.251,3.412,268.39654583,-19.24944444,0.062955,2.02E-18,105.3,NAN,NAN,0.13,NAN,2.915,0.174,0.468,5.628,NAN,pksmb,htru_pks,,,,,,,
1452,J1753-2501,NAN,NAN,NAN,49613,4.274,0.512,268.37757946,-25.00699789,0.528336,1.41E-14,672,0.33,NAN,2.3,NAN,5.309,0.047,0.396,3.206,NAN,jb2,pksmb,htru_pks,,,,,,
1453,J1753-28,NAN,NAN,NAN,NAN,0.887,-1.377,268.275,-28.88333333,0.085859,NAN,18,NAN,NAN,NAN,NAN,0.693,-0.017,0.011,7.807,NAN,htru_pks,,,,,,,,
1454,J1753-38,NAN,NAN,NAN,55305,352.277,-6.368,268.25,-38.81666667,0.666804,NAN,168,NAN,NAN,NAN,NAN,8.863,-0.983,-1.184,-0.228,NAN,pkssw,htru_pks,,,,,,,
1455,J1754+0032,NAN,NAN,NAN,55062,26.93,12.844,268.71666667,0.60916667,0.004411,NAN,70,NAN,NAN,NAN,NAN,4.021,0.894,1.776,5.005,NAN,htru_pks,,,,,,,,
1456,J1754-2422,NAN,NAN,NAN,55310,4.947,0.618,268.65233333,-24.37333333,2.090248,8.3E-16,738,NAN,NAN,NAN,NAN,11.097,0.12,0.957,-2.555,NAN,htru_pks,,,,,,,,
1457,J1754-3014,NAN,NAN,NAN,55292,359.862,-2.332,268.62575417,-30.25083333,1.32049,4.43E-15,89.7,NAN,NAN,NAN,NAN,2.52,-0.103,-0.006,5.982,NAN,pksmb,,,,,,,,
1458,J1754-3443,NAN,NAN,NAN,52260,355.994,-4.607,268.65571667,-34.73163889,0.361691,5.71E-16,187.7,NAN,NAN,0.49,NAN,7.098,-0.57,-0.494,1.442,NAN,pksmb,htru_pks,,,,,,,
1459,J1754-3510,NAN,NAN,NAN,53097,355.635,-4.882,268.72756667,-35.17861111,0.392704,7.82E-16,82.3,NAN,NAN,0.47,NAN,2.574,-0.219,-0.195,5.943,NAN,pksmb,htru_pks,,,,,,,
1460,J1754+5201,-3.95,1.11,0.16,49666,79.608,29.628,268.595445,52.02006778,2.391397,1.56E-15,35.01,NAN,4.9,1.6,NAN,6.25,3.09,5.344,7.52,NAN,gb2,lotaas,,,,,,,
1461,J1755-0903,NAN,NAN,NAN,55536,18.324,8.15,268.79318333,-9.06433333,0.19071,7.81E-16,63.7,NAN,NAN,NAN,NAN,0.235,0.033,0.073,8.279,NAN,htru_pks,,,,,,,,
1462,J1755-1650,NAN,NAN,NAN,53165,11.527,4.291,268.79853333,-16.84472222,0.733744,6.86E-16,159.9,NAN,NAN,0.13,NAN,4.618,0.345,0.92,3.988,NAN,pksmb,htru_pks,,,,,,,
1463,J1755-2025,NAN,NAN,NAN,54268.1,8.48,2.416,268.89917083,-20.41666667,0.322231,4.42E-15,364.3,NAN,NAN,0.18,NAN,15.975,0.673,2.354,-7.286,NAN,pksmb,htru_pks,,,,,,,
1464,J1755-2521,NAN,NAN,NAN,51586,4.255,-0.15,268.99879167,-25.3575,1.175968,9.02E-14,252,NAN,NAN,0.7,NAN,3.444,-0.009,0.256,5.066,NAN,pksmb,htru_pks,,,,,,,
1465,J1755-25211,NAN,NAN,NAN,51908,4.183,-0.016,268.83045833,-25.3525,1.004513,3.12E-14,835,NAN,NAN,0.17,NAN,5.055,-0.001,0.369,3.458,NAN,pksmb,,,,,,,,
1466,J1755-2534,NAN,NAN,NAN,52188,4.047,-0.229,268.95758333,-25.5775,0.233541,1.12E-14,590,NAN,NAN,0.17,NAN,4.399,-0.018,0.31,4.112,NAN,pksmb,,,,,,,,
1467,J1755-26,NAN,NAN,NAN,56827,3.618,-0.333,268.817875,-26,0.430872,1.23E-14,405,NAN,NAN,0.14,NAN,3.946,-0.023,0.249,4.562,NAN,htru_pks,,,,,,,,
1468,J1755-2725,NAN,NAN,NAN,51492,2.432,-1.135,268.9245,-27.42916667,0.261955,1.37E-17,115,NAN,NAN,0.5,NAN,2.703,-0.054,0.115,5.8,NAN,pksmb,htru_pks,,,,,,,
1469,J1755-33,NAN,NAN,NAN,52080.6,357.109,-4.102,268.8,-33.51666667,0.959466,NAN,266.5,NAN,NAN,0.2,NAN,14.084,-1.007,-0.709,-5.53,NAN,pksmb,,,,,,,,
1470,J1756+1822,NAN,NAN,NAN,53400,43.836,20.185,269.0732625,18.38202778,0.744001,5.13E-16,70.8,NAN,0.7,0.01,NAN,25,8.626,16.251,-8.426,NAN,misc,,,,,,,,
1471,J1756-2225,NAN,NAN,NAN,52360,6.835,1.237,269.1065,-22.43,0.40498,5.27E-14,329,NAN,NAN,0.25,NAN,4.779,0.103,0.569,3.756,NAN,pksmb,htru_pks,,,,,,,
1472,J1756-2435,NAN,NAN,NAN,49613,5.027,0.044,269.24130613,-24.59286391,0.67048,2.85E-16,367.1,0.03,8.4,2,NAN,3.834,0.003,0.336,4.681,NAN,jb2,pks1,pksmb,htru_pks,,,,,
1473,J1756-25,NAN,NAN,NAN,56657,4.241,-0.342,269.175,-25.46666667,0.855986,NAN,706,NAN,NAN,0.2,NAN,4.768,-0.028,0.353,3.745,NAN,htru_pks,,,,,,,,
1474,J1756-2619,NAN,NAN,NAN,54223.2,3.574,-0.891,269.33079167,-26.31888889,0.724514,1.24E-15,534,NAN,NAN,0.1,NAN,5.112,-0.08,0.319,3.399,NAN,pksmb,,,,,,,,
1475,J1757-1500,NAN,NAN,NAN,57038,13.367,4.785,269.30313333,-15.00791667,0.179354,1.5E-15,150,NAN,NAN,0.09,NAN,4.222,0.352,0.973,4.407,NAN,htru_pks,,,,,,,,
1476,J1757-16,NAN,NAN,NAN,NAN,12.151,4.034,269.35416667,-16.43333333,0.451273,NAN,132.2,NAN,NAN,NAN,NAN,3.367,0.237,0.707,5.217,NAN,pksmb,,,,,,,,
1477,J1757-2223,NAN,NAN,NAN,51495,7.029,0.97,269.46155,-22.39694444,0.18531,7.82E-16,239.3,NAN,NAN,0.8,NAN,3.727,0.063,0.456,4.802,NAN,pksmb,htru_pks,,,,,,,
1478,J1757-2421,NAN,NAN,NAN,53623,5.281,0.054,269.3721815,-24.36873464,0.234106,1.3E-14,179.45,0,20,7.2,NAN,3.124,0.003,0.288,5.389,GRS:[sbc+19],misc,mol1,jb2,pks1,pksmb,htru_pks,,,
1479,J1757-27,NAN,NAN,NAN,56778,2.4,-1.721,269.4783125,-27.75,0.017687,2.1E-19,334,NAN,NAN,0.07,NAN,8.133,-0.244,0.34,0.378,NAN,htru_pks,,,,,,,,
1480,J1758-1931,NAN,NAN,NAN,52353,9.544,2.353,269.52333333,-19.52805556,0.692552,1.69E-14,207,NAN,NAN,0.38,NAN,4.544,0.187,0.753,4.023,NAN,pksmb,htru_pks,,,,,,,
1481,J1758-2206,NAN,NAN,NAN,51495,7.378,0.933,269.68520833,-22.1125,0.430278,9.56E-16,678,NAN,NAN,0.41,NAN,15.065,0.245,1.934,-6.438,NAN,pksmb,htru_pks,,,,,,,
1482,J1758-2540,NAN,NAN,NAN,50975,4.263,-0.807,269.63308333,-25.68027778,2.107263,1.55E-15,218.2,NAN,NAN,0.65,NAN,3.41,-0.048,0.253,5.1,NAN,pksmb,htru_pks,,,,,,,
1483,J1758-2630,NAN,NAN,NAN,51244,3.555,-1.225,269.64279167,-26.50277778,1.202893,5.17E-15,328,NAN,NAN,0.41,NAN,4.35,-0.093,0.27,4.159,NAN,pksmb,htru_pks,,,,,,,
1484,J1758-2846,NAN,NAN,NAN,53253,1.556,-2.294,269.56420833,-28.76722222,0.766706,9.41E-17,66.6,NAN,NAN,0.2,NAN,2.006,-0.08,0.054,6.496,NAN,pksmb,htru_pks,,,,,,,
1485,J1758+3030,NAN,NAN,NAN,49800,56.265,24.032,269.60783333,30.50666667,0.947256,7.2E-16,35.07,NAN,8.9,NAN,NAN,3.279,1.335,2.49,6.837,NAN,ar4,gb4,lotaas,,,,,,
1486,J1759-1029,NAN,NAN,NAN,55348,17.596,6.504,269.89291667,-10.49916667,2.512263,1.57E-14,110,NAN,NAN,NAN,NAN,2.239,0.254,0.672,6.379,NAN,htru_pks,,,,,,,,
1487,J1759-1736,NAN,NAN,NAN,53156,11.378,3.028,269.86733333,-17.60277778,0.798452,2.55E-16,206,NAN,NAN,0.12,NAN,4.917,0.26,0.969,3.686,NAN,pksmb,,,,,,,,
1488,J1759-1903,NAN,NAN,NAN,52003,10.142,2.26,269.924,-19.05527778,0.731505,3.07E-15,467,NAN,NAN,0.16,NAN,21.806,0.86,3.837,-12.949,NAN,pksmb,htru_pks,,,,,,,
1489,J1759-1940,NAN,NAN,NAN,51491,9.634,1.901,269.98766667,-19.67472222,0.25472,9.34E-17,302.7,NAN,NAN,0.9,NAN,7.987,0.265,1.336,0.63,NAN,pksmb,htru_pks,,,,,,,
1490,J1759-1956,NAN,NAN,NAN,51495,9.366,1.845,269.89758333,-19.93555556,2.843389,1.86E-14,236.4,NAN,NAN,0.41,NAN,4.62,0.149,0.751,3.944,NAN,pksmb,htru_pks,,,,,,,
1491,J1759-2205,NAN,NAN,NAN,57600,7.472,0.81,269.85068333,-22.0925,0.460982,1.09E-14,177.16,0,20,1.3,NAN,3.256,0.046,0.423,5.272,NAN,mol2,jb2,pks1,pks70,pksmb,htru_pks,,,
1492,J1759-2302,NAN,NAN,NAN,51115,6.702,0.257,269.955125,-23.03555556,0.810718,1.07E-14,889,NAN,NAN,1.3,NAN,5.782,0.026,0.675,2.758,NAN,pksmb,htru_pks,,,,,,,
1493,J1759-2307,NAN,NAN,NAN,51110,6.593,0.275,269.8789375,-23.12138889,0.558889,3.76E-15,812.6,NAN,NAN,0.7,NAN,5.345,0.026,0.614,3.19,NAN,pksmb,htru_pks,,,,,,,
1494,J1759-24,NAN,NAN,NAN,56657,5.789,-0.156,269.85,-24.03333333,1.457739,NAN,772,NAN,NAN,0.5,NAN,4.87,-0.013,0.491,3.655,NAN,htru_pks,,,,,,,,
1495,J1759-2549,NAN,NAN,NAN,51380,4.261,-1.082,269.89633333,-25.81861111,0.956549,9.96E-14,431,NAN,NAN,0.6,NAN,4.918,-0.093,0.365,3.596,NAN,pksmb,htru_pks,,,,,,,
1496,J1759-2922,NAN,NAN,NAN,50856,1.202,-2.887,269.95102546,-29.36867382,0.5744,4.63E-15,79.42,NAN,13,0.56,NAN,2.417,-0.122,0.051,6.087,NAN,pks70,pksmb,htru_pks,,,,,,
1497,J1759-3107,NAN,NAN,NAN,57600,359.629,-3.674,269.8419,-31.12272222,1.078955,3.77E-15,128.6,NAN,NAN,0.91,NAN,3.105,-0.199,-0.02,5.401,NAN,pksmb,htru_pks,,,,,,,
1498,J1800-0125,NAN,NAN,NAN,52820,25.749,10.678,270.092,-1.42516667,0.783185,1.15E-14,50,NAN,NAN,0.14,NAN,1.477,0.274,0.631,7.193,NAN,misc,htru_pks,,,,,,,
1499,J1800-2114,NAN,NAN,NAN,52360,8.306,1.073,270.05125,-21.23861111,1.799272,5.5E-16,641,NAN,NAN,0.3,NAN,16.114,0.302,2.327,-7.442,NAN,pksmb,htru_pks,,,,,,,
1500,J1800-2343,NAN,NAN,NAN,44969,6.132,-0.118,270,-23.71666667,1.03082,NAN,280,NAN,4,NAN,NAN,3.559,-0.007,0.38,4.961,NAN,misc,,,,,,,,
1501,J1800+5034,NAN,NAN,NAN,56500,78.13,28.44,270.18488393,50.57271248,0.578375,1.17E-16,22.71,NAN,23.5,NAN,NAN,1.937,0.922,1.667,8.15,NAN,gbncc,lotaas,,,,,,,
1502,J1801-0357,NAN,NAN,NAN,57600,23.595,9.257,270.34428333,-3.96547222,0.921493,3.31E-15,120.37,0,17,0.7,NAN,5.739,0.923,2.267,3.309,NAN,gb3,pks70,pkssw,htru_pks,lotaas,,,,
1503,J1801-0857A,NAN,NAN,NAN,54400,19.225,6.762,270.460885,-8.95884722,0.007176,-5.13E-19,182.56,NAN,NAN,0.04,0.02,7.2,0.848,2.354,1.749,GC:NGC6517,misc,,,,,,,,
1504,J1801-0857C,NAN,NAN,NAN,54400,19.225,6.762,270.46141958,-8.95908333,0.003739,-6.5E-20,182.26,NAN,NAN,0.01,0.01,7.2,0.848,2.354,1.749,GC:NGC6517,misc,,,,,,,,
1505,J1801-0857D,NAN,NAN,NAN,54400,19.237,6.746,270.48068875,-8.95675833,0.004227,6.9E-21,174.71,NAN,NAN,NAN,0.01,7.2,0.846,2.356,1.749,GC:NGC6517,misc,,,,,,,,
1506,J1801-1417,-10.89,-3,NAN,55000,14.546,4.162,270.46280555,-14.29292389,0.003625,5.3E-21,57.26,NAN,NAN,0.17,NAN,1.105,0.08,0.277,7.433,NAN,pksmb,,,,,,,,
1507,J1801-1855,NAN,NAN,NAN,51495,10.447,1.978,270.34291667,-18.93027778,2.550498,1.82E-16,484,NAN,NAN,0.47,NAN,20.072,0.693,3.638,-11.227,NAN,pksmb,htru_pks,,,,,,,
1508,J1801-1909,NAN,NAN,NAN,51491,10.295,1.781,270.44454167,-19.16,1.108725,7.03E-16,264,NAN,NAN,0.5,NAN,4.897,0.152,0.875,3.684,NAN,pksmb,htru_pks,,,,,,,
1509,J1801-2115,NAN,NAN,NAN,51887,8.446,0.794,270.385375,-21.255,0.438113,1.55E-17,778.8,NAN,NAN,0.19,NAN,14.873,0.206,2.184,-6.21,NAN,pksmb,,,,,,,,
1510,J1801-2154,NAN,NAN,NAN,55385,7.838,0.554,270.28616667,-21.90198611,0.375302,1.6E-14,386,NAN,NAN,0.21,NAN,4.132,0.04,0.563,4.407,NAN,pksmb,htru_pks,,,,,,,
1511,J1801-2304,NAN,NAN,NAN,57259,6.837,-0.066,270.332562,-23.07906583,0.415827,1.13E-13,1073.9,0.34,NAN,7,NAN,4,-0.005,0.476,4.528,SNR:W28(?)[fkv93],jb2,pks1,pksmb,htru_pks,,,,,
1512,J1801-2451,-11,-1,NAN,53348,5.254,-0.882,270.25006667,-24.85763889,0.124924,1.28E-13,291.55,NAN,7.8,1.46,NAN,3.803,-0.059,0.348,4.713,SNR:G5.4-1.2[fk91],XRS:PWN[kggl01],misc,pksmb,htru_pks,,,,,
1513,J1801-2920,NAN,NAN,NAN,57600,1.437,-3.249,270.4451625,-29.34391667,1.08191,3.29E-15,125.61,NAN,NAN,2.6,NAN,3.013,-0.171,0.075,5.493,NAN,pks1,pksmb,htru_pks,,,,,,
1514,J1801-3458,NAN,NAN,NAN,53112,356.517,-6.023,270.46941667,-34.97694444,1.385604,3.97E-16,146,NAN,NAN,0.11,NAN,5.915,-0.621,-0.357,2.629,NAN,pksmb,,,,,,,,
1515,J1802+0128,NAN,NAN,NAN,51650,28.612,11.562,270.614375,1.47325,0.554262,2.11E-15,97.97,NAN,NAN,NAN,NAN,7.681,1.539,3.604,1.894,NAN,pkssw,,,,,,,,
1516,J1802+03,NAN,NAN,NAN,56362,30.608,12.488,270.68333333,3.63333333,0.6643,NAN,77,NAN,NAN,NAN,NAN,5.099,1.103,2.535,4.215,NAN,ar327,,,,,,,,
1517,J1802-0523,NAN,NAN,NAN,56908,22.425,8.398,270.55058333,-5.39138889,1.680573,2.65E-15,121,NAN,NAN,0.15,NAN,4.07,0.594,1.536,4.778,NAN,htru_pks,,,,,,,,
1518,J1802-1745,NAN,NAN,NAN,51719,11.573,2.377,270.561875,-17.75472222,0.514671,5.64E-16,264.2,NAN,NAN,0.21,NAN,6.596,0.274,1.322,2.044,NAN,pksmb,htru_pks,,,,,,,
1519,J1802-2426,NAN,NAN,NAN,51495,5.731,-0.886,270.51291667,-24.44527778,0.569007,8.56E-15,711,NAN,NAN,0.6,NAN,12.876,-0.199,1.286,-4.31,NAN,pksmb,htru_pks,,,,,,,
1520,J1802-3346,NAN,NAN,NAN,54894,357.675,-5.629,270.73,-33.77916667,2.461052,1.32E-15,217,NAN,NAN,0.2,NAN,13.672,-1.341,-0.552,-5.095,NAN,htru_pks,,,,,,,,
1521,J1803-1616,NAN,NAN,NAN,51991,13.02,2.827,270.8945,-16.275,0.536596,1.77E-15,388.1,NAN,NAN,0.16,NAN,19.035,0.939,4.283,-10.023,NAN,pksmb,htru_pks,,,,,,,
1522,J1803-1857,NAN,NAN,NAN,51491,10.73,1.428,270.99608333,-18.95527778,2.864338,1.52E-14,392,NAN,NAN,0.4,NAN,10.784,0.269,2.007,-2.092,NAN,pksmb,htru_pks,,,,,,,
1523,J1803-1920,NAN,NAN,NAN,51843,10.334,1.338,270.87266667,-19.34472222,0.443649,3.3E-16,436.1,NAN,NAN,0.27,NAN,12.534,0.293,2.248,-3.827,NAN,pksmb,htru_pks,,,,,,,
1524,J1803-2137,11.6,14.8,NAN,51544,8.395,0.146,270.96421042,-21.61870861,0.133667,1.34E-13,233.99,0.01,23,9.6,9.3,4.4,0.011,0.642,4.147,SNR:G8.7-0.1(?)[kw90],GRS:J1804-216(?)[a,jb2,pks1,pksmb,htru_pks,,,,
1525,J1803-2149,NAN,NAN,NAN,55225,8.14,0.187,270.79013333,-21.82027778,0.106332,1.95E-14,NAN,NAN,NAN,NAN,NAN,NAN,0,0,8.5,GRS:2FGL_J1803.3-2148[naa+12],FermiBlind,,,,,,,,
1526,J1803-3002A,NAN,NAN,NAN,51544,1.025,-3.926,270.89208333,-30.03388889,0.0071,NAN,193.4,NAN,NAN,NAN,NAN,7.8,-0.534,0.139,0.72,GC:NGC6522,misc,,,,,,,,
1527,J1803-3002B,NAN,NAN,NAN,54100,1.025,-3.926,270.89208333,-30.03388889,0.004397,NAN,192.6,NAN,NAN,NAN,NAN,7.8,-0.534,0.139,0.72,GC:NGC6522,misc,,,,,,,,
1528,J1803-3002C,NAN,NAN,NAN,54100,1.025,-3.926,270.89208333,-30.03388889,0.00584,NAN,194.5,NAN,NAN,NAN,NAN,7.8,-0.534,0.139,0.72,GC:NGC6522,misc,,,,,,,,
1529,J1803-3329,NAN,NAN,NAN,55152,358.015,-5.637,270.93522083,-33.48630556,0.633412,3.37E-16,170.9,NAN,NAN,NAN,NAN,7.811,-0.767,-0.269,0.731,NAN,htru_pks,,,,,,,,
1530,J1804-2228,NAN,NAN,NAN,51414,7.722,-0.397,271.11745833,-22.47166667,0.570511,1.43E-16,424,NAN,NAN,0.2,NAN,4.054,-0.028,0.545,4.483,NAN,pksmb,htru_pks,,,,,,,
1531,J1804-28,NAN,NAN,NAN,51973.7,2.833,-3.225,271.2,-28.11666667,1.273011,NAN,203.5,NAN,NAN,0.4,NAN,4.789,-0.269,0.236,3.724,NAN,pksmb,htru_pks,,,,,,,
1532,J1804-2858,NAN,NAN,NAN,54898,2.03,-3.551,271.07916667,-28.97527778,0.001493,NAN,232,NAN,NAN,NAN,NAN,8.367,-0.518,0.296,0.154,NAN,htru_pks,,,,,,,,
1533,J1805+0306,NAN,NAN,NAN,49946,30.413,11.708,271.29231094,3.10840942,0.218712,9.99E-16,80.86,0,5,NAN,NAN,5.255,1.066,2.605,4.062,NAN,gb3,pkssw,lotaas,,,,,,
1534,J1805-0619,NAN,NAN,NAN,51650,21.99,7.225,271.38098333,-6.32927778,0.454651,9.69E-16,146.22,NAN,NAN,0.9,NAN,5.342,0.672,1.984,3.586,NAN,pkssw,htru_pks,,,,,,,
1535,J1805-1504,NAN,NAN,NAN,53035,14.246,3.093,271.27541667,-15.07666667,1.181269,2.73E-16,225,NAN,NAN,3.7,NAN,5.409,0.292,1.329,3.265,NAN,pksmb,htru_pks,,,,,,,
1536,J1805-2032,NAN,NAN,NAN,51149,9.53,0.313,271.40454167,-20.5475,0.405769,8.39E-15,932.3,NAN,NAN,0.7,NAN,6.694,0.037,1.108,1.898,NAN,pksmb,htru_pks,,,,,,,
1537,J1805-2037,NAN,NAN,NAN,51388,9.449,0.307,271.36745833,-20.62111111,0.357807,1.76E-15,708.1,NAN,NAN,0.34,NAN,4.983,0.027,0.818,3.585,NAN,pksmb,htru_pks,,,,,,,
1538,J1805-2447,NAN,NAN,NAN,51936,5.807,-1.725,271.35804167,-24.79166667,0.661402,5.82E-18,269,NAN,NAN,0.27,NAN,4.576,-0.138,0.463,3.95,NAN,pksmb,,,,,,,,
1539,J1805-2948,NAN,NAN,NAN,55137,1.456,-4.217,271.42704167,-29.8,0.428341,4.74E-16,167.9,NAN,NAN,0.2,NAN,4.589,-0.337,0.116,3.925,NAN,htru_pks,,,,,,,,
1540,J1806+1023,NAN,NAN,NAN,53000,37.305,14.56,271.71714167,10.38841667,0.484286,5.73E-17,52.03,NAN,NAN,NAN,NAN,2.954,0.743,1.733,6.226,NAN,pkssw,,,,,,,,
1541,J1806-1154,NAN,NAN,NAN,50134,17.142,4.417,271.52829745,-11.90798496,0.522618,1.41E-15,122.41,0,4,2.7,NAN,3.005,0.231,0.883,5.637,NAN,gb3,pks70,pksmb,htru_pks,,,,,
1542,J1806-1618,NAN,NAN,NAN,51843,13.323,2.213,271.60741667,-16.31055556,0.668309,8.62E-16,319,NAN,NAN,0.22,NAN,10.156,0.392,2.339,-1.375,NAN,pksmb,htru_pks,,,,,,,
1543,J1806-1920,NAN,NAN,NAN,51271,10.641,0.802,271.5275,-19.33972222,0.879791,1.7E-17,683,NAN,NAN,1.4,NAN,12.793,0.179,2.362,-4.072,NAN,pksmb,htru_pks,,,,,,,
1544,J1806-2125,NAN,NAN,NAN,55349,8.811,-0.28,271.5825,-21.46543889,0.481825,1.18E-13,747,NAN,NAN,0.8,NAN,4.886,-0.024,0.748,3.672,NAN,pksmb,htru_pks,,,,,,,
1545,J1807+04,NAN,NAN,NAN,56496,31.56,11.65,271.85416667,4.08333333,0.7989,NAN,53,NAN,NAN,NAN,NAN,2.39,0.483,1.225,6.505,NAN,ar327,,,,,,,,
1546,J1807+0756,NAN,NAN,NAN,53064,35.149,13.276,271.96347917,7.94538611,0.4643,1.29E-16,89.29,NAN,2.16,NAN,NAN,7.935,1.822,4.446,2.185,NAN,ar4,gb4,,,,,,,
1547,J1807-0847,-5,1,NAN,48244,20.061,5.587,271.9084475,-8.79535278,0.163727,2.88E-17,112.38,0,65,18.2,NAN,1.5,0.146,0.512,7.098,NAN,mol2,gb3,pks70,pkssw,pksmb,htru_pks,,,
1548,J1807-2557,NAN,NAN,NAN,54984,4.987,-2.646,271.80691667,-25.95555556,2.764195,4.99E-15,385,NAN,NAN,NAN,NAN,18.556,-0.857,1.611,-9.966,NAN,pksmb,,,,,,,,
1549,J1807-2715,NAN,NAN,NAN,49891,3.843,-3.257,271.78539637,-27.25082303,0.827776,1.22E-14,312.98,0,25,0.91,NAN,15.364,-0.873,1.028,-6.805,NAN,mol2,pks70,pksmb,htru_pks,,,,,
1550,J1808+00,NAN,NAN,NAN,49717,28.48,9.844,272.07916667,0.56666667,0.425115,NAN,141,NAN,NAN,NAN,NAN,17.937,3.067,8.427,-7.034,NAN,ar4,pkssw,,,,,,,
1551,J1808-0813,NAN,NAN,NAN,50862,20.634,5.75,272.0393019,-8.21716578,0.876044,1.24E-15,151.27,0,28,1.6,NAN,3.972,0.398,1.393,4.802,NAN,pks70,pkssw,pksmb,htru_pks,,,,,
1552,J1808-1020,NAN,NAN,NAN,53035,18.828,4.6,272.19014167,-10.34675,0.596993,7.72E-16,225.3,NAN,NAN,0.23,NAN,8.076,0.648,2.598,0.881,NAN,pksmb,htru_pks,,,,,,,
1553,J1808-1517,NAN,NAN,NAN,55105.4,14.472,2.239,272.162875,-15.29444444,0.544549,2.67E-15,205,NAN,NAN,0.35,NAN,4.306,0.168,1.075,4.334,NAN,pksmb,htru_pks,,,,,,,
1554,J1808-1726,NAN,NAN,NAN,53108,12.599,1.188,272.17625,-17.44083333,0.241035,1.16E-17,536,NAN,NAN,0.39,NAN,14.163,0.294,3.089,-5.319,NAN,pksmb,htru_pks,,,,,,,
1555,J1808-2024,-4.5,-6.9,NAN,53254,9.996,-0.242,272.16390417,-20.41106944,7.55592,5.49E-10,NAN,NAN,NAN,NAN,NAN,13,-0.055,2.256,-4.303,SNR:G10.0-0.3(?),XRS:SGR_1806-20,misc,,,,,,,
1556,J1808-2057,NAN,NAN,NAN,49612,9.446,-0.4,272.02665192,-20.96875681,0.91841,1.71E-14,606.8,0.04,NAN,2.6,NAN,4.582,-0.032,0.752,3.98,NAN,jb2,pks1,pksmb,htru_pks,,,,,
1557,J1808-2701,NAN,NAN,NAN,53112,4.16,-3.357,272.055125,-27.0225,2.457882,6.58E-14,95,NAN,NAN,0.15,NAN,2.706,-0.158,0.196,5.806,NAN,pksmb,,,,,,,,
1558,J1808-3249,NAN,NAN,NAN,51500,359.035,-6.115,272.01866667,-32.82611111,0.364912,7.05E-15,147.37,NAN,NAN,1.7,NAN,6.276,-0.669,-0.105,2.261,NAN,pkssw,htru_pks,,,,,,,
1559,J1809-0119,NAN,NAN,NAN,55254,26.962,8.627,272.464,-1.32472222,0.744976,2.29E-15,140,NAN,NAN,NAN,NAN,11.085,1.663,4.969,-1.268,NAN,htru_pks,,,,,,,,
1560,J1809-0743,NAN,NAN,NAN,51650,21.247,5.675,272.39966667,-7.71705556,0.313886,1.52E-16,240.7,NAN,NAN,0.3,NAN,13.999,1.384,5.048,-4.484,NAN,pkssw,pksmb,,,,,,,
1561,J1809-1429,NAN,NAN,NAN,51495,15.306,2.393,272.439625,-14.49027778,0.895285,5.24E-15,411.3,NAN,NAN,0.6,NAN,17.153,0.716,4.524,-8.03,NAN,pksmb,htru_pks,,,,,,,
1562,J1809+17,NAN,NAN,NAN,NAN,43.842,16.864,272.275,17.06666667,2.0667,NAN,47.32,NAN,NAN,NAN,NAN,3.152,0.914,2.089,6.324,NAN,lotaas,,,,,,,,
1563,J1809-1850,NAN,NAN,NAN,51871,11.473,0.316,272.40504167,-18.84861111,1.124481,1.06E-14,598,NAN,NAN,0.2,NAN,4.667,0.026,0.928,3.926,NAN,pksmb,,,,,,,,
1564,J1809-1917,-19,50,NAN,55366,11.094,0.08,272.42973333,-19.29391667,0.082755,2.55E-14,197.1,0.01,NAN,2.8,NAN,3.268,0.005,0.629,5.293,XRS:PWN[kp07],pksmb,htru_pks,,,,,,,
1565,J1809-1943,-6.6,-11.7,NAN,55444,10.727,-0.158,272.46286233,-19.73109208,5.540743,2.83E-12,178,NAN,NAN,0.68,NAN,3.6,-0.01,0.67,4.963,XRS:XTE_J1810-197,misc,,,,,,,,
1566,J1809-2004,NAN,NAN,NAN,51719,10.363,-0.202,272.316125,-20.07,0.434811,7.28E-15,867.1,NAN,NAN,0.9,NAN,5.228,-0.018,0.94,3.357,NAN,pksmb,htru_pks,,,,,,,
1567,J1809-2109,NAN,NAN,NAN,49612,9.415,-0.72,272.30970645,-21.15079899,0.702414,3.82E-15,381.91,NAN,NAN,0.84,NAN,4.119,-0.052,0.674,4.437,NAN,jb2,pksmb,htru_pks,,,,,,
1568,J1809-2332,12,-24,NAN,55770,7.39,-1.995,272.459375,-23.53963333,0.146789,3.44E-14,NAN,NAN,NAN,NAN,NAN,0.88,-0.031,0.113,7.628,GRS:2FGL_J1809.8-2332[naa+12],PWN:[brrk0,FermiBlind,,,,,,,
1569,J1809-3547,NAN,NAN,NAN,49388.9,356.541,-7.766,272.36241667,-35.78833333,0.860388,1.2E-16,193.84,NAN,21,NAN,NAN,22.564,-3.049,-1.349,-13.816,NAN,pks70,htru_pks,,,,,,,
1570,J1810+0705,NAN,NAN,NAN,57770,34.694,12.248,272.69599167,7.09341667,0.307683,2.42E-16,79.42,NAN,NAN,NAN,NAN,5.456,1.157,3.035,4.116,NAN,lotaas,,,,,,,,
1571,J1810-1441,NAN,NAN,NAN,51874,15.272,2.035,272.74650833,-14.69266667,0.217214,2.39E-17,304.9,NAN,NAN,0.21,NAN,6.755,0.24,1.778,1.988,NAN,pksmb,htru_pks,,,,,,,
1572,J1810-1709,NAN,NAN,NAN,57573,13.051,0.956,272.61754167,-17.1575,1.161133,3.33E-16,670,NAN,NAN,0.45,NAN,14.518,0.242,3.278,-5.641,NAN,htru_pks,,,,,,,,
1573,J1810-1820,NAN,NAN,NAN,50972,12.064,0.289,272.73133333,-18.34416667,0.153716,5.22E-17,452.2,NAN,NAN,0.7,NAN,4.237,0.021,0.886,4.357,NAN,pksmb,htru_pks,,,,,,,
1574,J1810-5338,NAN,NAN,NAN,57600,340.292,-15.901,272.68530417,-53.63545306,0.26105,3.86E-16,45,NAN,12,NAN,NAN,1.647,-0.451,-0.534,7.009,NAN,mol2,pks70,pkssw,,,,,,
1575,J1811-0154,NAN,NAN,NAN,51650,26.613,8.029,272.83283333,-1.90858333,0.924945,1.61E-15,148.1,NAN,NAN,0.7,NAN,11.112,1.552,4.929,-1.337,NAN,pkssw,htru_pks,,,,,,,
1576,J1811+0702,NAN,NAN,NAN,51885,34.709,12.102,272.83508333,7.04158333,0.461713,2.69E-15,57.8,NAN,2.2,NAN,NAN,2.965,0.622,1.651,6.117,NAN,ar4,pkssw,lotaas,,,,,,
1577,J1811-1049,NAN,NAN,NAN,55983.5,18.712,3.83,272.821125,-10.8175,2.623859,8E-16,253.3,NAN,NAN,0.3,NAN,8.667,0.579,2.774,0.309,NAN,pksmb,htru_pks,,,,,,,
1578,J1811-1717,NAN,NAN,NAN,56762,13.041,0.686,272.86054167,-17.29638889,0.391385,1.2E-16,545.5,NAN,NAN,0.2,NAN,5.184,0.062,1.17,3.45,NAN,htru_pks,,,,,,,,
1579,J1811-1835,NAN,NAN,NAN,51184,11.909,0.049,272.87383333,-18.59555556,0.557464,6.31E-15,761,NAN,NAN,0.42,NAN,4.933,0.004,1.018,3.673,NAN,pksmb,htru_pks,,,,,,,
1580,J1811-1925,NAN,NAN,NAN,49452.6,11.181,-0.348,272.87166667,-19.42444444,0.064667,4.4E-14,NAN,NAN,NAN,NAN,NAN,5,-0.03,0.97,3.595,SNR:G11.2-0.3,misc,,,,,,,,
1581,J1811-2439,NAN,NAN,NAN,53165,6.632,-2.954,272.981375,-24.66472222,0.415813,2.97E-16,172,NAN,NAN,0.26,NAN,3.945,-0.203,0.455,4.587,NAN,pksmb,htru_pks,,,,,,,
1582,J1811-4930,NAN,NAN,NAN,54996,344.222,-14.267,272.86329167,-49.50577778,1.432704,2.25E-15,44,NAN,NAN,0.4,NAN,1.447,-0.357,-0.381,7.15,NAN,htru_pks,,,,,,,,
1583,J1812+0226,NAN,NAN,NAN,49906,30.709,9.692,273.22161561,2.44920135,0.793903,3.6E-15,104.14,NAN,3.8,0.3,NAN,7.197,1.212,3.623,2.401,NAN,gb3,pkssw,,,,,,,
1584,J1812-1718,NAN,NAN,NAN,49612,13.109,0.538,273.03003585,-17.30818717,1.205374,1.91E-14,255.1,NAN,NAN,1.1,NAN,3.678,0.035,0.834,4.918,NAN,jb2,pksmb,htru_pks,,,,,,
1585,J1812-1733,NAN,NAN,NAN,57382,12.904,0.387,273.06608021,-17.56051972,0.538341,9.82E-16,518,0.06,NAN,4.8,NAN,4.517,0.031,1.009,4.097,NAN,jb2,pksmb,htru_pks,,,,,,
1586,J1812-1910,NAN,NAN,NAN,51997,11.522,-0.456,273.145375,-19.1775,0.430991,3.77E-14,892,NAN,NAN,0.28,NAN,5.922,-0.047,1.183,2.698,NAN,pksmb,htru_pks,,,,,,,
1587,J1812-20,NAN,NAN,NAN,57615,9.954,-1.321,273.15241667,-20.96833333,1.903112,2.4E-16,457,NAN,NAN,NAN,NAN,11.219,-0.259,1.939,-2.547,NAN,htru_pks,,,,,,,,
1588,J1812-2102,NAN,NAN,NAN,51134,9.859,-1.303,273.08720833,-21.04333333,1.223352,2.39E-14,547.2,NAN,NAN,1.4,NAN,14.44,-0.328,2.472,-5.723,NAN,pksmb,htru_pks,,,,,,,
1589,J1812-2526,NAN,NAN,NAN,53171,6.013,-3.448,273.13458333,-25.44388889,0.315835,1.77E-16,361.4,NAN,NAN,0.18,NAN,22.244,-1.338,2.326,-13.582,NAN,pksmb,htru_pks,,,,,,,
1590,J1812-2748,NAN,NAN,NAN,55160,3.949,-4.598,273.16908333,-27.80083333,0.236983,3.16E-16,104,NAN,NAN,NAN,NAN,2.941,-0.236,0.202,5.575,NAN,htru_pks,,,,,,,,
1591,J1812-3039,NAN,NAN,NAN,55336,1.431,-5.962,273.18709167,-30.65583333,0.587477,6.6E-16,138.9,NAN,NAN,NAN,NAN,5.229,-0.543,0.13,3.301,NAN,htru_pks,,,,,,,,
1592,J1813-1246,NAN,NAN,NAN,54954,17.244,2.445,273.34904167,-12.76644444,0.048072,1.76E-14,NAN,NAN,NAN,NAN,NAN,2.635,0.112,0.78,5.986,GRS:2FGL_J1813.4-1246[naa+12],XRS:Swift_,FermiBlind,,,,,,,
1593,J1813-1749,NAN,NAN,NAN,53993,12.816,-0.02,273.396525,-17.83263333,0.044699,1.27E-13,NAN,NAN,NAN,NAN,NAN,4.7,-0.002,1.043,3.917,SNR:12.8-0.0,GRS:HESS_J1813-178,misc,,,,,,,
1594,J1813+1822,NAN,NAN,NAN,51886,45.544,16.401,273.4115,18.37083333,0.336425,2.1E-17,60.8,NAN,0.6,NAN,NAN,4.989,1.409,3.416,5.148,NAN,ar4,,,,,,,,
1595,J1813-2113,NAN,NAN,NAN,51018,9.853,-1.656,273.416125,-21.21677778,0.426466,2.08E-15,462.3,NAN,NAN,0.6,NAN,14.968,-0.432,2.56,-6.241,NAN,pksmb,htru_pks,,,,,,,
1596,J1813-2242,NAN,NAN,NAN,51843,8.529,-2.329,273.3715,-22.70166667,0.328514,4.78E-17,333,NAN,NAN,0.21,NAN,12.474,-0.507,1.848,-3.826,NAN,pksmb,htru_pks,,,,,,,
1597,J1813+4013,NAN,NAN,NAN,49886,67.408,24.033,273.30533754,40.22750946,0.931089,2.55E-15,41.56,NAN,8,1.1,NAN,4.917,2.003,4.146,6.775,NAN,gb1,gb4,lotaas,,,,,,
1598,J1814-0521,NAN,NAN,NAN,55257,23.905,5.73,273.608875,-5.36027778,1.014219,8.84E-16,130,NAN,NAN,NAN,NAN,4.182,0.418,1.686,4.696,NAN,htru_pks,,,,,,,,
1599,J1814-0618,NAN,NAN,NAN,53095,23.101,5.233,273.67191667,-6.30047222,1.377868,2.92E-16,168,NAN,NAN,0.58,NAN,5.99,0.546,2.34,3.013,NAN,pksmb,,,,,,,,
1600,J1814+1130,NAN,NAN,NAN,51500,39.205,13.306,273.67809167,11.51220833,0.751261,1.66E-15,65,NAN,0.72,NAN,NAN,4.151,0.955,2.553,5.37,NAN,misc,lotaas,,,,,,,
1601,J1814-1649,NAN,NAN,NAN,51133,13.82,0.245,273.655625,-16.82444444,0.957464,6.33E-15,782,NAN,NAN,1.3,NAN,5.205,0.022,1.243,3.446,NAN,pksmb,htru_pks,,,,,,,
1602,J1814-1744,NAN,NAN,NAN,52353,13.021,-0.215,273.67958333,-17.74666667,3.975905,7.45E-13,792,NAN,NAN,0.7,NAN,5.037,-0.019,1.135,3.593,NAN,pksmb,htru_pks,,,,,,,
1603,J1814+22,NAN,NAN,NAN,NAN,49.493,17.779,273.65,22.38333333,0.2537,NAN,62.31,NAN,NAN,NAN,NAN,6.461,1.973,4.678,4.504,NAN,lotaas,,,,,,,,
1604,J1815-1738,NAN,NAN,NAN,55364,13.179,-0.272,273.811125,-17.63523056,0.198457,7.78E-14,724.6,NAN,NAN,0.4,NAN,4.887,-0.023,1.114,3.742,NAN,pksmb,htru_pks,,,,,,,
1605,J1815-1910,NAN,NAN,NAN,50954,11.81,-0.963,273.76283333,-19.16677778,1.249924,3.63E-14,547.8,NAN,NAN,0.32,NAN,6.139,-0.103,1.256,2.492,NAN,pksmb,htru_pks,,,,,,,
1606,J1815+5546,NAN,NAN,NAN,56500,84.316,27.133,273.77391993,55.77314169,0.426844,9.47E-17,59,NAN,NAN,NAN,NAN,25,11.402,22.139,6.296,NAN,gbncc,lotaas,,,,,,,
1607,J1816-0755,NAN,NAN,NAN,53035,21.867,4.092,274.1022625,-7.92291667,0.217643,6.48E-15,116.8,NAN,NAN,0.17,NAN,3.131,0.223,1.163,5.602,GRS:[sbc+19],pksmb,htru_pks,,,,,,,
1608,J1816-1446,NAN,NAN,NAN,51969,15.836,0.828,274.121625,-14.775,0.5945,1.33E-15,629,NAN,NAN,0.23,NAN,10.097,0.146,2.755,-1.213,NAN,pksmb,htru_pks,,,,,,,
1609,J1816-1729,NAN,NAN,NAN,49481,13.433,-0.424,274.07775852,-17.4840847,0.782313,7.26E-15,525.5,NAN,NAN,1.3,NAN,4.446,-0.033,1.033,4.176,NAN,jb2,pksmb,htru_pks,,,,,,
1610,J1816-2650,NAN,NAN,NAN,57600,5.219,-4.906,274.14749583,-26.83138889,0.592885,6.65E-17,128.12,0,18,2.5,NAN,3.591,-0.307,0.325,4.937,NAN,mol1,jb1,mol2,pks70,pkssw,pksmb,htr,,
1611,J1816-5643,NAN,NAN,NAN,53000,337.673,-17.898,274.15193333,-56.72836111,0.217923,1.93E-18,52.4,NAN,NAN,NAN,NAN,2.58,-0.793,-0.933,6.229,NAN,pkssw,,,,,,,,
1612,J1817-0743,NAN,NAN,NAN,52887,22.211,3.876,274.45745833,-7.72191667,0.438095,-2.3E-18,14.8,NAN,NAN,0.25,NAN,0.195,0.013,0.074,8.32,NAN,pksmb,,,,,,,,
1613,J1817-1511,NAN,NAN,NAN,52160,15.595,0.391,274.40083333,-15.19416667,0.224604,1.43E-15,970,NAN,NAN,0.43,NAN,7.341,0.05,1.973,1.429,NAN,pksmb,htru_pks,,,,,,,
1614,J1817-1742,NAN,NAN,NAN,NAN,13.337,-0.703,274.28764167,-17.70030556,0.149744,2.06E-14,NAN,NAN,NAN,NAN,NAN,NAN,0,0,8.5,GRS:3FGL_J1817.2-1739,FermiBlind,,,,,,,,
1615,J1817-1938,NAN,NAN,NAN,55991.8,11.623,-1.617,274.27841667,-19.64333333,2.046838,3.6E-16,519.6,NAN,NAN,0.1,NAN,17.002,-0.48,3.424,-8.147,NAN,htru_pks,pksmb,,,,,,,
1616,J1817-2311,NAN,NAN,NAN,44969,8.489,-3.27,274.25,-23.18333333,0.62547,NAN,240,NAN,4,NAN,NAN,7.934,-0.453,1.169,0.666,NAN,misc,,,,,,,,
1617,J1817-3618,19,-16,NAN,57600,356.801,-9.374,274.27440417,-36.30127778,0.387019,2.02E-15,94.3,NAN,22,3.2,NAN,4.399,-0.717,-0.242,4.167,NAN,mol2,pks70,pkssw,htru_pks,,,,,
1618,J1817-3837,NAN,NAN,NAN,49526.46,354.678,-10.406,274.251125,-38.63325,0.384487,5.8E-16,102.85,0,12,3.1,NAN,6.086,-1.099,-0.555,2.54,NAN,pks70,pkssw,htru_pks,,,,,,
1619,J1818-0151,NAN,NAN,NAN,57015,27.482,6.479,274.607375,-1.865,0.837535,9.11E-15,209,NAN,NAN,0.09,NAN,19.138,2.159,8.775,-8.37,NAN,htru_pks,,,,,,,,
1620,J1818-1116,NAN,NAN,NAN,52158,19.144,2.068,274.61020833,-11.27472222,0.5448,3.82E-15,422,NAN,NAN,0.5,NAN,13.007,0.469,4.263,-3.78,NAN,pksmb,htru_pks,,,,,,,
1621,J1818-1422,NAN,NAN,NAN,54000,16.405,0.61,274.599025,-14.37686389,0.291489,2.04E-15,622,0.06,NAN,9.6,NAN,5.455,0.058,1.541,3.267,NAN,jb2,pks1,pksmb,htru_pks,,,,,
1622,J1818-1448,NAN,NAN,NAN,54863.1,16.031,0.39,274.61629167,-14.81055556,0.281371,6.15E-15,644,NAN,NAN,0.19,NAN,4.997,0.034,1.38,3.697,NAN,pksmb,,,,,,,,
1623,J1818-1519,NAN,NAN,NAN,51415,15.55,0.192,274.56083333,-15.32861111,0.93969,4.11E-15,845,NAN,NAN,2.1,NAN,5.362,0.018,1.437,3.334,NAN,pksmb,htru_pks,,,,,,,
1624,J1818-1541,NAN,NAN,NAN,51491,15.27,-0.063,274.65633333,-15.69583333,0.551134,9.68E-15,690,NAN,NAN,1,NAN,4.792,-0.005,1.262,3.877,NAN,pksmb,htru_pks,,,,,,,
1625,J1818-1556,NAN,NAN,NAN,54263.4,15.087,-0.227,274.71645833,-15.93444444,0.952709,7.06E-16,230,NAN,NAN,0.49,NAN,3.464,-0.014,0.902,5.155,NAN,pksmb,htru_pks,,,,,,,
1626,J1819-0925,NAN,NAN,NAN,52105,20.935,2.633,274.96059167,-9.43052778,0.852047,3.13E-15,378,NAN,NAN,0.72,NAN,13.84,0.636,4.94,-4.413,NAN,pksmb,htru_pks,,,,,,,
1627,J1819-1008,NAN,NAN,NAN,52182,20.287,2.337,274.91660833,-10.14111111,0.30149,1.32E-15,404,NAN,NAN,0.35,NAN,13.539,0.552,4.69,-4.189,NAN,pksmb,htru_pks,,,,,,,
1628,J1819-1114,NAN,NAN,NAN,54849.9,19.291,1.857,274.86991667,-11.24527778,0.294163,5.66E-16,310,NAN,NAN,1.07,NAN,5.799,0.188,1.915,3.029,NAN,pksmb,htru_pks,,,,,,,
1629,J1819-1131,NAN,NAN,NAN,51874,19.101,1.619,274.99229167,-11.52472222,1.388137,7.61E-16,578,NAN,NAN,0.15,NAN,16.385,0.463,5.36,-6.977,NAN,pksmb,,,,,,,,
1630,J1819+1305,NAN,NAN,NAN,51650,41.227,12.828,274.984275,13.08756944,1.060364,3.59E-16,64.81,NAN,6.2,1.1,NAN,4.047,0.899,2.601,5.532,NAN,pkssw,misc,,,,,,,
1631,J1819-1318,NAN,NAN,NAN,52856,17.497,0.829,274.93191667,-13.31166667,1.515696,5.97E-16,35.1,NAN,NAN,0.16,NAN,0.811,0.012,0.244,7.727,NAN,pksmb,,,,,,,,
1632,J1819-1408,NAN,NAN,NAN,51612,16.797,0.394,274.98666667,-14.13377778,1.78849,2.59E-15,1075,NAN,NAN,0.5,NAN,8.976,0.062,2.594,-0.093,NAN,pksmb,htru_pks,,,,,,,
1633,J1819-1458,NAN,NAN,NAN,55996.24,16.02,0.081,274.89233333,-14.96666667,4.263213,5.63E-13,196,NAN,NAN,NAN,NAN,3.301,0.005,0.911,5.327,XRS:CXOU_J181939.1-145804[mrg+07],pksmb,,,,,,,,
1634,J1819-1510,NAN,NAN,NAN,51492,15.876,-0.086,274.9737125,-15.17238889,0.226539,7.85E-18,421.7,NAN,NAN,0.6,NAN,4.133,-0.006,1.131,4.525,NAN,pksmb,htru_pks,,,,,,,
1635,J1819-17,NAN,NAN,NAN,56657,14.146,-0.904,274.875,-17.08333333,2.352135,NAN,67,NAN,NAN,0.14,NAN,1.881,-0.03,0.46,6.676,NAN,htru_pks,,,,,,,,
1636,J1819-1717,NAN,NAN,NAN,54756.2,13.991,-1.048,274.93083333,-17.28777778,0.393522,3.45E-15,405,NAN,NAN,0.26,NAN,4.793,-0.088,1.159,3.85,NAN,pksmb,,,,,,,,
1637,J1819-37,NAN,NAN,NAN,NAN,356.342,-10.029,274.75,-37,0.632,NAN,68.2,NAN,NAN,NAN,NAN,2.712,-0.472,-0.17,5.835,NAN,gbncc,,,,,,,,
1638,J1820-0427,-7.31,15.89,0.35,57600,25.457,4.733,275.21913917,-4.46047556,0.598082,6.33E-15,84.44,0,157,9.3,NAN,2.857,0.236,1.224,5.929,NAN,mol1,jb1,mol2,gb2,gb3,pks70,pkssw,p,
1639,J1820-0509,NAN,NAN,NAN,53035,24.777,4.516,275.0947,-5.16069444,0.337321,9.32E-16,104,NAN,NAN,0.25,NAN,3.333,0.262,1.392,5.483,NAN,pksmb,htru_pks,,,,,,,
1640,J1820-1346,NAN,NAN,NAN,49609,17.161,0.483,275.0823315,-13.7709102,0.92146,4.5E-15,776.7,0.13,NAN,2,NAN,5.902,0.05,1.741,2.861,NAN,jb2,pks1,pksmb,htru_pks,,,,,
1641,J1820-1529,NAN,NAN,NAN,55373,15.681,-0.406,275.172125,-15.49507222,0.333254,3.79E-14,768.5,NAN,NAN,0.83,NAN,5.195,-0.037,1.404,3.498,NAN,pksmb,htru_pks,,,,,,,
1642,J1820-1818,NAN,NAN,NAN,50283,13.202,-1.72,275.16286537,-18.30090532,0.309905,9.36E-17,436,0,NAN,1.5,NAN,14.039,-0.421,3.205,-5.162,NAN,pks1,pksmb,htru_pks,,,,,,
1643,J1821+0155,NAN,NAN,NAN,55584,31.244,7.504,275.41201533,1.92277583,0.033781,2.9E-20,51.75,NAN,NAN,NAN,NAN,1.723,0.225,0.886,7.04,NAN,gb350,ar327,,,,,,,
1644,J1821-0256,NAN,NAN,NAN,53097,26.839,5.372,275.29295833,-2.94405556,0.414111,3.72E-17,84,NAN,NAN,0.19,NAN,3.16,0.296,1.42,5.693,NAN,pksmb,,,,,,,,
1645,J1821-0331,NAN,NAN,NAN,55980.9,26.393,4.978,275.43625,-3.52019444,0.902316,2.53E-15,171.5,NAN,NAN,0.2,NAN,7.556,0.656,3.346,1.757,NAN,pksmb,,,,,,,,
1646,J1821-1419,NAN,NAN,NAN,52303,16.815,-0.043,275.39291667,-14.32388889,1.65601,8.95E-13,1123,NAN,NAN,0.2,NAN,6.129,-0.005,1.773,2.633,NAN,pksmb,,,,,,,,
1647,J1821-1432,NAN,NAN,NAN,54217.7,16.628,-0.168,275.4157375,-14.54811111,1.915131,5.37E-15,570,NAN,NAN,0.22,NAN,4.54,-0.013,1.299,4.15,NAN,pksmb,htru_pks,,,,,,,
1648,J1821+1715,NAN,NAN,NAN,53064,45.259,14.302,275.3062625,17.26307222,1.366682,8.71E-16,60.28,NAN,3.7,NAN,NAN,4.14,1.023,2.849,5.676,NAN,ar4,lotaas,,,,,,,
1649,J1821+4147,NAN,NAN,NAN,56375,69.537,22.905,275.46810731,41.78404269,1.261857,1.73E-15,40.67,NAN,NAN,NAN,NAN,4.444,1.73,3.835,7.069,NAN,gbncc,lotaas,,,,,,,
1650,J1822+02,NAN,NAN,NAN,NAN,31.353,7.461,275.5,2,1.508,NAN,103.8,NAN,NAN,NAN,NAN,5.411,0.703,2.792,3.918,NAN,gbncc,,,,,,,,
1651,J1822+0705,NAN,NAN,NAN,51341,35.983,9.685,275.57684107,7.08861714,1.362817,1.75E-15,62.2,NAN,3.8,NAN,NAN,2.873,0.483,1.664,6.208,NAN,ar4,lotaas,,,,,,,
1652,J1822-0719,NAN,NAN,NAN,57700,23.096,3.043,275.61697083,-7.33194444,0.499076,1.9E-17,199,NAN,NAN,NAN,NAN,4.611,0.245,1.806,4.265,NAN,htru_pks,,,,,,,,
1653,J1822-0902,NAN,NAN,NAN,57566,21.59,2.212,275.6489375,-9.04975,0.148895,1.78E-14,448.1,NAN,NAN,NAN,NAN,15.673,0.605,5.763,-6.062,NAN,htru_pks,,,,,,,,
1654,J1822-0907,NAN,NAN,NAN,52267,21.53,2.161,275.66583333,-9.12666667,0.9747,3.55E-16,467,NAN,NAN,0.12,NAN,16.078,0.606,5.896,-6.445,NAN,pksmb,htru_pks,,,,,,,
1655,J1822+1120,NAN,NAN,NAN,51602,39.87,11.571,275.56083333,11.34894444,1.787037,2.35E-15,95.2,NAN,0.5,NAN,NAN,7.776,1.56,4.883,2.653,NAN,ar4,,,,,,,,
1656,J1822-1252,NAN,NAN,NAN,51809,18.218,0.394,275.67375,-12.88027778,2.07104,8.48E-14,925,NAN,NAN,0.25,NAN,6.404,0.044,2.002,2.417,NAN,pksmb,htru_pks,,,,,,,
1657,J1822-1400,NAN,NAN,NAN,49266.36,17.252,-0.176,275.72517768,-14.00066746,0.214771,9.07E-16,651.1,0.01,NAN,0.8,NAN,4.757,-0.015,1.411,3.957,NAN,jb2,pksmb,htru_pks,,,,,,
1658,J1822-1604,NAN,NAN,NAN,55761,15.353,-1.021,275.575,-16.07411111,8.437721,2.14E-14,NAN,NAN,NAN,NAN,NAN,NAN,0,0,8.5,XRS:SGR_J1822-1606,misc,,,,,,,,
1659,J1822-1617,NAN,NAN,NAN,51932,15.194,-1.189,275.6525,-16.29305556,0.831156,1.89E-15,647,NAN,NAN,0.2,NAN,14.868,-0.309,3.896,-5.845,NAN,pksmb,,,,,,,,
1660,J1822-2256,NAN,NAN,NAN,48740,9.349,-4.373,275.74564215,-22.94183603,1.874269,1.35E-15,121.2,0,25,3.8,NAN,3.26,-0.249,0.528,5.293,NAN,jb1,mol2,pks70,pksmb,htru_pks,,,,
1661,J1822-4209,NAN,NAN,NAN,49015,351.883,-12.829,275.54731667,-42.15305,0.456512,4.59E-16,72.51,NAN,7,0.9,NAN,3.687,-0.819,-0.508,4.941,NAN,pks70,pkssw,htru_pks,,,,,,
1662,J1823-0154,NAN,NAN,NAN,50850,28.081,5.256,275.9672752,-1.90127008,0.759777,1.13E-15,135.87,0,13,0.78,NAN,5.271,0.483,2.471,3.869,NAN,pks70,pksmb,htru_pks,,,,,,
1663,J1823+0550,5,-2,NAN,48713,34.987,8.859,275.87905458,5.84008611,0.752907,2.27E-16,66.78,0,18,1.7,NAN,2,0.308,1.133,6.881,NAN,mol2,gb3,ar4,pkssw,gb4,lotaas,,,
1664,J1823-1126,NAN,NAN,NAN,52331,19.568,0.935,275.83275,-11.43444444,1.846534,3.65E-14,607,NAN,NAN,0.51,NAN,9.274,0.151,3.106,-0.237,NAN,pksmb,htru_pks,,,,,,,
1665,J1823-1347,NAN,NAN,NAN,51481,17.488,-0.189,275.85104167,-13.79833333,0.617107,9.6E-15,1044,NAN,NAN,0.41,NAN,5.873,-0.019,1.765,2.898,NAN,pksmb,htru_pks,,,,,,,
1666,J1823-1526,NAN,NAN,NAN,52267,16.033,-0.948,275.83925,-15.43944444,1.625405,4.52E-15,611,NAN,NAN,0.47,NAN,8.157,-0.135,2.253,0.661,NAN,pksmb,htru_pks,,,,,,,
1667,J1823-1807,NAN,NAN,NAN,51295,13.636,-2.164,275.79033333,-18.12583333,1.636792,2.79E-16,330,NAN,NAN,0.39,NAN,10.147,-0.383,2.39,-1.354,NAN,pksmb,htru_pks,,,,,,,
1668,J1823-3021A,0.31,-8.2,NAN,55049,2.788,-7.913,275.91869588,-30.36114639,0.00544,3.38E-18,86.88,NAN,16,0.72,0.08,12.1,-1.666,0.583,-3.471,GC:NGC6624,misc,pks70,htru_pks,,,,,,
1669,J1823-3021B,NAN,NAN,NAN,55049,2.79,-7.917,275.92310625,-30.36137222,0.378596,2.99E-17,87.01,NAN,2.2,0.07,0.08,12.1,-1.667,0.583,-3.47,GC:NGC6624,misc,htru_pks,,,,,,,
1670,J1823-3021C,NAN,NAN,NAN,55049,2.79,-7.915,275.921465,-30.36068056,0.405936,2.24E-16,86.88,NAN,NAN,NAN,0.04,12.1,-1.666,0.583,-3.471,GC:NGC6624,misc,,,,,,,,
1671,J1823-3021D,NAN,NAN,NAN,55050,2.787,-7.914,275.91888,-30.36212778,0.00302,NAN,86.8,NAN,NAN,NAN,0.03,12.1,-1.666,0.583,-3.471,GC:NGC6624,misc,,,,,,,,
1672,J1823-3021E,NAN,NAN,NAN,54100,2.788,-7.913,275.91875,-30.36116667,0.004394,NAN,91.4,NAN,NAN,NAN,NAN,12.1,-1.666,0.583,-3.471,GC:NGC6624,misc,,,,,,,,
1673,J1823-3021F,NAN,NAN,NAN,54100,2.788,-7.913,275.91875,-30.36116667,0.00485,NAN,86.7,NAN,NAN,NAN,NAN,12.1,-1.666,0.583,-3.471,GC:NGC6624,misc,,,,,,,,
1674,J1823-3106,18,27,NAN,50093,2.12,-8.273,275.94495157,-31.11381963,0.284054,2.93E-15,50.24,NAN,36,5.6,NAN,1.586,-0.228,0.058,6.932,NAN,mol2,pks70,pkssw,htru_pks,,,,,
1675,J1824-0127,NAN,NAN,NAN,57600,28.588,5.231,276.222625,-1.46427778,2.49947,3.91E-15,58,NAN,NAN,0.59,NAN,1.871,0.171,0.892,6.864,NAN,pksmb,,,,,,,,
1676,J1824-0132,NAN,NAN,NAN,57658,28.525,5.188,276.2315625,-1.54,0.223729,2.82E-17,79,NAN,NAN,0.12,NAN,3.096,0.28,1.472,5.791,NAN,htru_pks,,,,,,,,
1677,J1824-1118,NAN,NAN,NAN,49480,19.809,0.741,276.12307874,-11.31183739,0.435759,3.55E-15,603,0.03,NAN,1.3,NAN,6.018,0.078,2.039,2.839,NAN,jb2,pksmb,htru_pks,,,,,,
1678,J1824-1159,NAN,NAN,NAN,51495,19.253,0.324,276.2339625,-11.99816667,0.362492,5.38E-15,463.4,NAN,NAN,0.7,NAN,4.458,0.025,1.47,4.291,NAN,pksmb,htru_pks,,,,,,,
1679,J1824-1350,NAN,NAN,NAN,56612,17.614,-0.515,276.2090875,-13.83916667,1.396599,6.07E-16,551,NAN,NAN,0.08,NAN,4.693,-0.042,1.42,4.027,NAN,htru_pks,,,,,,,,
1680,J1824-1423,NAN,NAN,NAN,51719,17.146,-0.796,276.2391125,-14.38480556,0.359394,3.92E-16,428.3,NAN,NAN,0.8,NAN,4.551,-0.063,1.342,4.152,NAN,pksmb,htru_pks,,,,,,,
1681,J1824-1500,NAN,NAN,NAN,52265,16.512,-0.934,276.05875,-15.00916667,0.41223,7.58E-16,571,NAN,NAN,0.16,NAN,6.078,-0.099,1.727,2.673,NAN,pksmb,htru_pks,,,,,,,
1682,J1824-1945,12.2,10,NAN,55291,12.276,-3.108,276.00233333,-19.7676,0.189337,5.24E-15,224.38,0,71,7.8,NAN,3.7,-0.201,0.786,4.89,NAN,mol2,pks1,pks70,pksmb,htru_pks,,,,
1683,J1824-2233,NAN,NAN,NAN,53165,9.822,-4.435,276.043,-22.55305556,1.161743,3.01E-16,156.5,NAN,NAN,0.22,NAN,4.597,-0.356,0.782,3.984,NAN,pksmb,htru_pks,,,,,,,
1684,J1824-2328,NAN,NAN,NAN,53111,9.037,-4.922,276.11933333,-23.47138889,1.505875,1.74E-15,185,NAN,NAN,0.32,NAN,7.867,-0.675,1.231,0.759,NAN,pksmb,htru_pks,,,,,,,
1685,J1824-2452A,-0.69,NAN,NAN,54500,7.797,-5.578,276.13336617,-24.86967611,0.003054,1.62E-18,119.89,0,40,2.3,NAN,5.5,-0.535,0.743,3.077,GC:M28(NGC6626),XRS:[bsp+03],misc,pksmb,,,,,,
1686,J1824-2452B,NAN,NAN,NAN,54100,7.798,-5.58,276.13670833,-24.86977778,0.006547,NAN,119.5,NAN,NAN,NAN,NAN,5.5,-0.535,0.743,3.077,GC:M28(NGC6626),misc,,,,,,,,
1687,J1824-2452E,NAN,NAN,NAN,54100,7.798,-5.58,276.13670833,-24.86977778,0.00542,NAN,119.8,NAN,NAN,NAN,NAN,5.5,-0.535,0.743,3.077,GC:M28(NGC6626),XRS:(?)[bvs+11],misc,,,,,,,
1688,J1824-2452F,NAN,NAN,NAN,54100,7.798,-5.58,276.13670833,-24.86977778,0.002451,NAN,123.8,NAN,NAN,NAN,NAN,5.5,-0.535,0.743,3.077,GC:M28(NGC6626),XRS:[bvs+11],misc,,,,,,,
1689,J1824-2537,NAN,NAN,NAN,53000,7.123,-5.918,276.12744583,-25.62194444,0.22332,4.4E-16,158.5,NAN,NAN,NAN,NAN,7.301,-0.753,0.9,1.294,NAN,pkssw,htru_pks,,,,,,,
1690,J1825+0004,NAN,NAN,NAN,49719,30.001,5.856,276.31385216,0.0721393,0.778949,8.76E-16,56.62,NAN,8,0.4,NAN,1.861,0.19,0.926,6.897,NAN,gb2,pks70,pkssw,htru_pks,lotaas,,,,
1691,J1825-0935,-13,-9,NAN,57600,21.449,1.324,276.377475,-9.58922222,0.769021,5.24E-14,19.38,0,36,10.2,NAN,0.3,0.007,0.11,8.221,XRS:[pb15],jb1,mol2,gb2,pks70,pksmb,htru_pks,,,
1692,J1825-1108,NAN,NAN,NAN,56783,20.047,0.641,276.32625,-11.14833333,1.925872,1.9E-15,121,NAN,NAN,0.13,NAN,2.75,0.031,0.943,5.917,NAN,htru_pks,,,,,,,,
1693,J1825-1446,11.07,-27.61,NAN,55314,16.805,-1.001,276.26233333,-14.78160278,0.279198,2.27E-14,352.23,0.02,NAN,2.9,NAN,4.44,-0.078,1.283,4.25,NAN,jb2,pks1,pksmb,htru_pks,,,,,
1694,J1825-31,NAN,NAN,NAN,55561,2.4,-8.658,276.49166667,-31.03888889,2.382,NAN,120,NAN,NAN,NAN,NAN,6.824,-1.027,0.283,1.76,NAN,htru_pks,,,,,,,,
1695,J1825-33,NAN,NAN,NAN,54831,0.309,-9.697,276.50833333,-33.35,1.2712,NAN,43.2,NAN,NAN,NAN,NAN,1.238,-0.209,0.007,7.28,NAN,pkssw,,,,,,,,
1696,J1826-1131,NAN,NAN,NAN,49464,19.8,0.293,276.52280293,-11.52878499,2.093136,4.91E-15,320.58,0,5,0.71,NAN,3.976,0.02,1.347,4.759,NAN,jb2,pksmb,htru_pks,,,,,,
1697,J1826-1256,NAN,NAN,NAN,54934,18.556,-0.377,276.53554167,-12.9425,0.110224,1.21E-13,NAN,NAN,NAN,NAN,NAN,1.55,-0.01,0.493,7.031,GRS:2FGL_J1826.1-1256[naa+12],XRS:AXJ182,FermiBlind,,,,,,,
1698,J1826-1334,23,-3.9,NAN,52400,18.001,-0.691,276.55489583,-13.57966667,0.101487,7.53E-14,231,0,NAN,4.7,NAN,3.606,-0.043,1.114,5.071,GRS:J1825-137[aab+06],XRS:PWN:G18.0-0.7[,jb2,pks1,pksmb,htru_pks,,,,
1699,J1826-1419,NAN,NAN,NAN,54053,17.398,-1.142,276.67662917,-14.32266667,0.77062,8.78E-15,160,NAN,NAN,NAN,NAN,3.243,-0.065,0.97,5.406,NAN,pksmb,,,,,,,,
1700,J1826-1526,NAN,NAN,NAN,51720,16.358,-1.553,276.5525,-15.43416667,0.382073,1.08E-15,530,NAN,NAN,0.46,NAN,14.919,-0.404,4.2,-5.81,NAN,pksmb,htru_pks,,,,,,,
1701,J1826-2415,NAN,NAN,NAN,57054,8.553,-5.718,276.65010833,-24.26513889,0.004696,1.74E-20,81,NAN,NAN,0.28,NAN,2.735,-0.272,0.405,5.809,NAN,htru_pks,,,,,,,,
1702,J1827-0750,NAN,NAN,NAN,53223,23.176,1.803,276.76139583,-7.83866667,0.270502,1.54E-15,381,NAN,NAN,2.9,NAN,9.991,0.314,3.93,-0.68,NAN,pksmb,htru_pks,,,,,,,
1703,J1827-0934,NAN,NAN,NAN,51491,21.724,0.841,276.94118333,-9.57122222,0.512548,7.23E-15,259.2,NAN,NAN,0.29,NAN,4.068,0.06,1.506,4.721,NAN,pksmb,htru_pks,,,,,,,
1704,J1827-0958,NAN,NAN,NAN,49480,21.286,0.798,276.77283123,-9.97864096,0.245757,1E-15,430,0.03,NAN,2.2,NAN,5.034,0.07,1.827,3.81,NAN,jb2,pksmb,htru_pks,,,,,,
1705,J1827-1446,NAN,NAN,NAN,55716,17.077,-1.503,276.8525,-14.77444444,0.499187,4.53E-14,NAN,NAN,NAN,NAN,NAN,NAN,0,0,8.5,GRS:3FGL_J1827.3-1446[aaa+15],FermiBlind,,,,,,,,
1706,J1828-0611,NAN,NAN,NAN,52045,24.78,2.279,277.0863125,-6.19763889,0.269415,1.46E-15,363.2,NAN,NAN,1.5,NAN,12.114,0.482,5.073,-2.49,NAN,pksmb,htru_pks,,,,,,,
1707,J1828-1007,NAN,NAN,NAN,51837,21.324,0.424,277.12648333,-10.11947222,0.153197,6.13E-16,302.6,NAN,NAN,0.21,NAN,4.014,0.03,1.46,4.761,NAN,pksmb,htru_pks,,,,,,,
1708,J1828-1057,NAN,NAN,NAN,55334,20.587,0.024,277.1385,-10.95747222,0.246333,2.07E-14,249,NAN,NAN,0.33,NAN,3.648,0.002,1.283,5.085,NAN,pksmb,htru_pks,,,,,,,
1709,J1828-1101,NAN,NAN,NAN,55356,20.495,0.043,277.07833333,-11.03078611,0.072057,1.48E-14,605,NAN,NAN,2.3,NAN,4.767,0.004,1.669,4.035,NAN,pksmb,htru_pks,,,,,,,
1710,J1828-1336,NAN,NAN,NAN,51495,18.254,-1.243,277.17854167,-13.6125,0.860332,9.95E-16,494.7,NAN,NAN,0.26,NAN,7.949,-0.172,2.489,0.953,NAN,pksmb,htru_pks,,,,,,,
1711,J1828+1359,NAN,NAN,NAN,51500,43.017,11.25,277.22224167,13.99315556,0.74164,7.29E-16,56,NAN,1.2,NAN,NAN,2.754,0.537,1.843,6.525,NAN,misc,,,,,,,,
1712,J1828-2119,NAN,NAN,NAN,53035,11.358,-4.734,277.08983333,-21.33222222,0.514523,1.27E-15,268,NAN,NAN,0.38,NAN,17.961,-1.482,3.525,-9.049,NAN,pksmb,htru_pks,,,,,,,
1713,J1829+0000,NAN,NAN,NAN,53112,30.46,4.817,277.44641667,0.00236111,0.199147,5.25E-16,114,NAN,NAN,0.54,NAN,4.267,0.358,2.155,4.835,NAN,pksmb,palfa,,,,,,,
1714,J1829-0734,NAN,NAN,NAN,51947,23.647,1.478,277.272375,-7.57277778,0.318401,4.79E-15,316.8,NAN,NAN,0.45,NAN,6.094,0.157,2.443,2.92,NAN,pksmb,htru_pks,,,,,,,
1715,J1829-1011,NAN,NAN,NAN,56755,21.329,0.262,277.27525,-10.19027778,0.829166,-5E-18,610,NAN,NAN,0.25,NAN,4.938,0.023,1.796,3.9,NAN,htru_pks,,,,,,,,
1716,J1829-1751,22,-150,NAN,49878,14.604,-3.418,277.42973848,-17.85108318,0.307133,5.55E-15,217.11,0,78,11,NAN,5.937,-0.354,1.494,2.765,NAN,jb1,mol2,gb3,pks1,pks70,pksmb,htru_,,
1717,J1830-0052,NAN,NAN,NAN,53276,29.755,4.251,277.62791667,-0.88166667,0.345698,2.37E-16,220.4,NAN,NAN,0.04,NAN,10.252,0.76,5.074,-0.376,NAN,pksmb,,,,,,,,
1718,J1830-0131,NAN,NAN,NAN,53095,29.156,3.994,277.58171667,-1.53002778,0.152512,2.11E-15,95.7,NAN,NAN,0.35,NAN,3.502,0.244,1.702,5.449,NAN,pksmb,htru_pks,,,,,,,
1719,J1830-10,NAN,NAN,NAN,56657,21.036,-0.169,277.525,-10.65,0.24526,NAN,203,NAN,NAN,0.1,NAN,3.42,-0.01,1.228,5.308,NAN,htru_pks,,,,,,,,
1720,J1830-1059,NAN,NAN,NAN,55372,20.812,-0.478,277.69795833,-10.9907,0.405073,5.99E-14,159.7,0,2.1,1.5,NAN,3.147,-0.026,1.118,5.558,NAN,jb2,pksmb,htru_pks,,,,,,
1721,J1830-1135,NAN,NAN,NAN,51563,20.193,-0.59,277.50716667,-11.59222222,6.221553,4.77E-14,257,NAN,NAN,1.1,NAN,3.757,-0.039,1.297,4.974,NAN,pksmb,htru_pks,,,,,,,
1722,J1830-1313,NAN,NAN,NAN,54211.7,18.824,-1.49,277.67491667,-13.22116667,0.747188,1.71E-15,537,NAN,NAN,0.26,NAN,12.631,-0.328,4.074,-3.451,NAN,pksmb,htru_pks,,,,,,,
1723,J1830-1414,NAN,NAN,NAN,52265,17.839,-1.813,277.50145833,-14.24361111,0.771493,7.62E-17,393.6,NAN,NAN,0.1,NAN,10.1,-0.32,3.093,-1.11,NAN,pksmb,,,,,,,,
1724,J1831-04,NAN,NAN,NAN,NAN,26.607,2.486,277.75,-4.48333333,1.065578,NAN,216,NAN,NAN,NAN,NAN,4.91,0.213,2.197,4.114,NAN,htru_pks,,,,,,,,
1725,J1831-0823,NAN,NAN,NAN,51763,23.211,0.548,277.90139167,-8.38997222,0.612133,3.09E-16,245.9,NAN,NAN,1,NAN,3.886,0.037,1.531,4.929,NAN,pksmb,htru_pks,,,,,,,
1726,J1831-0952,NAN,NAN,NAN,52412,21.897,-0.128,277.89293333,-9.86713889,0.067267,8.32E-15,247,NAN,NAN,0.35,NAN,3.683,-0.008,1.374,5.083,NAN,pksmb,htru_pks,,,,,,,
1727,J1831-1223,NAN,NAN,NAN,51704,19.618,-1.217,277.80345833,-12.39194444,2.857941,5.47E-15,342,NAN,NAN,1.2,NAN,4.875,-0.104,1.636,3.909,NAN,pksmb,htru_pks,,,,,,,
1728,J1831-1329,NAN,NAN,NAN,51494,18.716,-1.884,277.98316667,-13.49888889,2.165679,2.99E-15,338,NAN,NAN,0.5,NAN,6.314,-0.208,2.025,2.523,NAN,pksmb,htru_pks,,,,,,,
1729,J1831-1423,NAN,NAN,NAN,52109,17.87,-2.201,277.87125,-14.39611111,0.507945,1.09E-15,352,NAN,NAN,0.19,NAN,10.121,-0.389,3.103,-1.126,NAN,pksmb,,,,,,,,
1730,J1832+0029,NAN,NAN,NAN,57203,31.247,4.36,278.21125,0.49083333,0.533918,1.55E-15,28.3,NAN,NAN,0.14,NAN,1.041,0.079,0.538,7.613,NAN,pksmb,,,,,,,,
1731,J1832-0644,NAN,NAN,NAN,51489,24.806,1.07,278.17779167,-6.73383333,0.744295,3.71E-14,578,NAN,NAN,0.7,NAN,10.368,0.194,4.349,-0.91,NAN,pksmb,htru_pks,,,,,,,
1732,J1832-0827,-4,20,NAN,55397,23.272,0.298,278.15422083,-8.45102778,0.647326,6.39E-14,300.87,0,9.4,4,NAN,5.2,0.027,2.054,3.723,NAN,jb2,pksmb,htru_pks,,,,,,
1733,J1832-0836,-7.973,-21.198,0.4,56862,23.109,0.257,278.1149704,-8.61528262,0.002719,8.27E-21,28.19,NAN,NAN,1.18,NAN,2.5,0.011,0.981,6.201,XRS:[pb15],htru_pks,,,,,,,,
1734,J1832-1021,NAN,NAN,NAN,49459,21.587,-0.597,278.17027782,-10.35910417,0.330354,4.2E-15,475.7,0.02,3.4,1.9,NAN,4.691,-0.049,1.726,4.138,NAN,jb2,pks70,pksmb,htru_pks,,,,,
1735,J1832+27,NAN,NAN,NAN,NAN,56.479,16.252,278.04166667,27.96666667,0.6318,NAN,46,NAN,NAN,NAN,NAN,3.717,1.04,2.975,6.529,NAN,misc,lotaas,,,,,,,
1736,J1832-28,NAN,NAN,NAN,51064.3,5.142,-8.897,278.125,-28.71666667,0.1993,NAN,127,NAN,NAN,NAN,NAN,8.166,-1.263,0.723,0.465,NAN,pkssw,,,,,,,,
1737,J1833-0209,NAN,NAN,NAN,56614,28.918,3.094,278.27254583,-2.15455556,0.291931,2.75E-15,325.4,NAN,NAN,0.06,NAN,13.36,0.721,6.451,-3.177,NAN,htru_pks,,,,,,,,
1738,J1833-0338,-17.34,15,0.4,57600,27.657,2.272,278.42456042,-3.65118278,0.686733,4.16E-14,234.54,0,89,2.8,NAN,2.5,0.099,1.16,6.287,NAN,jb1,mol2,gb3,pks70,pksmb,htru_pks,,,
1739,J1833-0556,NAN,NAN,NAN,52166,25.623,1.232,278.412,-5.93472222,1.521545,1.28E-15,461,NAN,NAN,0.2,NAN,9.39,0.202,4.06,0.035,NAN,pksmb,htru_pks,,,,,,,
1740,J1833-0559,NAN,NAN,NAN,51719,25.514,1.321,278.28166667,-5.99027778,0.483459,1.23E-14,353,NAN,NAN,0.6,NAN,7.134,0.164,3.072,2.063,NAN,pksmb,htru_pks,,,,,,,
1741,J1833-0827,-33.491,1.829,NAN,55402,23.386,0.063,278.41778333,-8.45877778,0.085288,9.18E-15,410.95,0.01,NAN,6.9,NAN,4.5,0.005,1.786,4.37,XRS:PWN[eit+11],jb2,pksmb,htru_pks,,,,,,
1742,J1833-0831,NAN,NAN,NAN,55274,23.34,0.02,278.434875,-8.51880556,7.565408,3.43E-12,NAN,NAN,NAN,NAN,NAN,NAN,0,0,8.5,XRS:SGR_1833-0832,misc,,,,,,,,
1743,J1833-1034,NAN,NAN,NAN,54575,21.501,-0.885,278.389875,-10.56875,0.061884,2.02E-13,169.5,NAN,NAN,0.07,NAN,4.1,-0.063,1.503,4.686,SNR:G21.5-0.9[gmga05],GRS:2FGL_J1833.6-1,misc,,,,,,,
1744,J1833-1055,NAN,NAN,NAN,51360,21.231,-1.14,278.49333333,-10.92527778,0.63364,5.27E-16,543,NAN,NAN,0.5,NAN,7.698,-0.153,2.787,1.326,NAN,pksmb,htru_pks,,,,,,,
1745,J1833-6023,NAN,NAN,NAN,43558.87,334.827,-21.195,278.31166667,-60.38444444,1.889436,2.7E-16,35,NAN,5.5,NAN,NAN,1.336,-0.483,-0.53,7.373,NAN,mol2,pks70,pkssw,,,,,,
1746,J1834-0031,NAN,NAN,NAN,53030,30.57,3.449,278.7128875,-0.52619444,0.329532,4.49E-16,155.1,NAN,NAN,0.17,NAN,4.675,0.281,2.373,4.482,NAN,pksmb,,,,,,,,
1747,J1834-0426,NAN,NAN,NAN,49714,27.042,1.749,278.60667774,-4.43773271,0.290108,7.19E-17,79.31,0,77,5,NAN,2.491,0.076,1.132,6.282,NAN,jb1,mol2,gb2,gb3,pks70,pksmb,htru_p,,
1748,J1834-0602,NAN,NAN,NAN,51704,25.64,0.965,278.65820833,-6.04305556,0.487914,1.83E-15,445,NAN,NAN,0.8,NAN,6.34,0.107,2.743,2.785,NAN,pksmb,htru_pks,,,,,,,
1749,J1834-0633,NAN,NAN,NAN,52333,25.173,0.763,278.621875,-6.55030556,0.317315,6.04E-16,707,NAN,NAN,0.28,NAN,8.354,0.111,3.553,0.94,NAN,pksmb,htru_pks,,,,,,,
1750,J1834-0731,NAN,NAN,NAN,55376,24.288,0.366,278.56654167,-7.51831389,0.512995,5.82E-14,294,NAN,NAN,1.3,NAN,4.098,0.026,1.686,4.765,NAN,pksmb,htru_pks,,,,,,,
1751,J1834-0742,NAN,NAN,NAN,52145,24.151,0.223,278.6305,-7.70572222,0.788354,3.25E-14,552,NAN,NAN,0.35,NAN,4.909,0.019,2.008,4.021,NAN,pksmb,htru_pks,,,,,,,
1752,J1834-0812,NAN,NAN,NAN,55253.34,23.709,0.001,278.62416667,-8.2,0.491142,9.96E-15,1020,NAN,NAN,NAN,NAN,5.953,0,2.394,3.049,NAN,misc,,,,,,,,
1753,J1834-0845,NAN,NAN,NAN,55783,23.25,-0.341,278.71715833,-8.76556111,2.482302,7.96E-12,NAN,NAN,NAN,NAN,NAN,NAN,0,0,8.5,XRS:CXOU_J183452.1-084556,SNR:W41(?),GRS,misc,,,,,,
1754,J1834-09,NAN,NAN,NAN,56657,22.789,-0.505,278.65,-9.25,0.512327,NAN,529,NAN,NAN,0.17,NAN,4.851,-0.043,1.879,4.028,NAN,htru_pks,,,,,,,,
1755,J1834+10,NAN,NAN,NAN,49717,40.638,8.608,278.6125,10.73333333,1.172719,NAN,78.48,NAN,NAN,NAN,NAN,4.115,0.616,2.65,5.413,NAN,ar4,,,,,,,,
1756,J1834-1202,NAN,NAN,NAN,52366,20.287,-1.743,278.59633333,-12.04066667,0.610259,6.74E-18,342.4,NAN,NAN,0.7,NAN,6.117,-0.186,2.12,2.765,NAN,pksmb,htru_pks,,,,,,,
1757,J1834-1710,NAN,NAN,NAN,51892,15.768,-4.206,278.72250417,-17.18055556,0.358306,4.69E-17,123.8,NAN,NAN,0.7,NAN,3.405,-0.25,0.923,5.232,NAN,pksmb,htru_pks,,,,,,,
1758,J1834-1855,NAN,NAN,NAN,53108,14.189,-4.977,278.69141667,-18.93305556,1.465656,1.93E-15,185.2,NAN,NAN,0.39,NAN,8.114,-0.704,1.981,0.663,NAN,pksmb,htru_pks,,,,,,,
1759,J1835-0349,NAN,NAN,NAN,53125,27.681,1.858,278.80394167,-3.81941667,0.841865,3.06E-15,269.6,NAN,NAN,0.16,NAN,5.51,0.179,2.558,3.623,NAN,pksmb,,,,,,,,
1760,J1835-0522,NAN,NAN,NAN,52331,26.296,1.164,278.78383333,-5.36888889,1.087749,4.73E-16,456,NAN,NAN,0.23,NAN,8.791,0.179,3.894,0.62,NAN,pksmb,htru_pks,,,,,,,
1761,J1835-0600,NAN,NAN,NAN,57733,25.758,0.829,278.834375,-6,2.221787,8.43E-15,780,NAN,NAN,NAN,NAN,10.644,0.154,4.625,-1.085,NAN,htru_pks,,,,,,,,
1762,J1835-0643,NAN,NAN,NAN,49533,25.093,0.552,278.77317417,-6.7184333,0.30583,4.05E-14,467.9,0.11,NAN,2.3,NAN,5.041,0.049,2.138,3.935,NAN,jb2,pksmb,htru_pks,,,,,,
1763,J1835-0847,NAN,NAN,NAN,57653,23.331,-0.548,278.9405,-8.78888889,0.846494,4.85E-16,850,NAN,NAN,0.4,NAN,6.144,-0.059,2.433,2.859,NAN,htru_pks,,,,,,,,
1764,J1835-0924,NAN,NAN,NAN,51720,22.767,-0.804,278.90841667,-9.4075,0.859192,2.14E-14,471,NAN,NAN,0.55,NAN,5.043,-0.071,1.951,3.85,NAN,pksmb,htru_pks,,,,,,,
1765,J1835-09242,NAN,NAN,NAN,56394,22.739,-0.744,278.840925,-9.40441667,0.235249,1.18E-17,500,NAN,NAN,NAN,NAN,5.062,-0.066,1.956,3.832,NAN,htru_pks,,,,,,,,
1766,J1835-0928,NAN,NAN,NAN,56395,22.684,-0.774,278.84258333,-9.46722222,0.621734,9.69E-16,450,NAN,NAN,NAN,NAN,4.881,-0.066,1.882,3.997,NAN,htru_pks,,,,,,,,
1767,J1835-0944,NAN,NAN,NAN,55130,22.487,-0.989,278.9443875,-9.74088889,0.145347,4.38E-15,276.2,NAN,NAN,0.6,NAN,4.215,-0.073,1.612,4.606,NAN,pksmb,htru_pks,,,,,,,
1768,J1835-0946,NAN,NAN,NAN,53663,22.451,-0.999,278.93691667,-9.77722222,0.379536,4.32E-17,193.3,NAN,NAN,0.18,NAN,3.633,-0.063,1.387,5.143,NAN,pksmb,htru_pks,,,,,,,
1769,J1835-1020,25,4,NAN,54369,21.98,-1.302,278.98991,-10.33458333,0.30245,5.92E-15,113.7,0,NAN,1.9,NAN,2.874,-0.065,1.075,5.836,NAN,pksmb,htru_pks,,,,,,,
1770,J1835-1106,27,56,NAN,55429,21.222,-1.513,278.82670833,-11.10447222,0.165918,2.06E-14,132.68,0,30,2.5,NAN,3.159,-0.083,1.143,5.556,NAN,pks70,pksmb,htru_pks,,,,,,
1771,J1835-1548,NAN,NAN,NAN,53140,17.094,-3.784,278.95970833,-15.81055556,0.670486,1.74E-15,327,NAN,NAN,0.06,NAN,19.572,-1.292,5.74,-10.167,NAN,pksmb,,,,,,,,
1772,J1835-3259A,NAN,NAN,NAN,55196,1.532,-11.371,278.93333333,-32.99027778,0.003889,NAN,63.35,NAN,NAN,NAN,NAN,10.7,-2.11,0.28,-1.986,GC:NGC6652,misc,,,,,,,,
1773,J1836-0436,-2.602,11.852,NAN,49532,27.167,1.13,279.21579339,-4.61046591,0.354237,1.66E-15,231.5,0,NAN,2,NAN,4.358,0.086,1.989,4.624,NAN,jb2,pksmb,htru_pks,,,,,,
1774,J1836-0517,NAN,NAN,NAN,52156,26.51,0.915,279.105,-5.29305556,0.457245,1.3E-15,564,NAN,NAN,0.15,NAN,8.315,0.133,3.711,1.06,NAN,pksmb,,,,,,,,
1775,J1836-1008,18,12,NAN,48880,22.263,-1.415,279.22469117,-10.13565277,0.562711,1.18E-14,316.98,0,54,4.8,NAN,5.343,-0.132,2.024,3.557,NAN,mol2,pks70,pksmb,htru_pks,,,,,
1776,J1836-11,NAN,NAN,NAN,56657,21.153,-1.768,279.025,-11.28333333,0.496193,NAN,326,NAN,NAN,0.12,NAN,6.066,-0.187,2.188,2.845,NAN,htru_pks,,,,,,,,
1777,J1836-1324,NAN,NAN,NAN,53277,19.348,-2.91,279.2178625,-13.40933333,0.178756,1.04E-15,157.33,NAN,NAN,0.1,NAN,3.638,-0.185,1.204,5.072,NAN,pksmb,htru_pks,,,,,,,
1778,J1836-2354B,NAN,NAN,NAN,55000,9.89,-7.554,279.1014625,-23.90797222,0.003232,-4.8E-22,93.3,NAN,NAN,0.04,0.04,3.2,-0.421,0.545,5.375,GC:M22(NGC6656),misc,,,,,,,,
1779,J1836+5925,NAN,NAN,NAN,56338,88.875,24.999,279.056975,59.42504167,0.173264,1.5E-15,NAN,NAN,NAN,NAN,NAN,0.3,0.127,0.272,8.495,GRS:2FGL_J1836.2+5926[naa+12],XRS:RX_J18,FermiBlind,,,,,,,
1780,J1837-0045,NAN,NAN,NAN,51019,30.675,2.749,279.38397519,-0.75295649,0.617037,1.68E-15,86.98,NAN,10,0.5,NAN,3.145,0.151,1.603,5.798,NAN,pks70,pksmb,,,,,,,
1781,J1837+0053,NAN,NAN,NAN,53094,32.129,3.511,279.36854167,0.88694444,0.473513,3.77E-17,124,NAN,NAN,0.34,NAN,4.25,0.26,2.256,4.908,NAN,pksmb,,,,,,,,
1782,J1837-0559,NAN,NAN,NAN,55470,26.001,0.379,279.34855,-5.99127778,0.201064,3.31E-15,319.5,NAN,NAN,0.58,NAN,4.315,0.029,1.892,4.622,NAN,pksmb,htru_pks,,,,,,,
1783,J1837-0604,NAN,NAN,NAN,51749,25.96,0.265,279.43145833,-6.08027778,0.096294,4.52E-14,459.3,NAN,NAN,0.75,NAN,4.771,0.022,2.088,4.21,NAN,pksmb,htru_pks,,,,,,,
1784,J1837-0653,NAN,NAN,NAN,49480,25.191,0.002,279.3110431,-6.88392099,1.905809,7.72E-16,316.1,NAN,NAN,3.5,NAN,4.137,0,1.761,4.756,NAN,jb2,pksmb,htru_pks,,,,,,
1785,J1837+1221,NAN,NAN,NAN,51650,42.411,8.738,279.27966667,12.365,1.963532,6.2E-15,100.6,NAN,NAN,0.5,NAN,6.603,1.003,4.402,3.681,NAN,pkssw,misc,,,,,,,
1786,J1837-1243,NAN,NAN,NAN,51494,19.983,-2.662,279.28920833,-12.73222222,1.876019,3.65E-14,300,NAN,NAN,0.17,NAN,8.27,-0.384,2.823,0.736,NAN,pksmb,htru_pks,,,,,,,
1787,J1837-1837,NAN,NAN,NAN,51500,14.807,-5.498,279.47604167,-18.61888889,0.618358,5.5E-15,100.74,NAN,NAN,0.4,NAN,3.232,-0.31,0.822,5.39,NAN,pkssw,pksmb,htru_pks,,,,,,
1788,J1838-01,NAN,NAN,NAN,51869.1,30.55,2.414,279.625,-1.01666667,0.183295,NAN,320.4,NAN,NAN,0.3,NAN,7.777,0.328,3.95,1.809,NAN,pksmb,,,,,,,,
1789,J1838-0107,NAN,NAN,NAN,56489,30.467,2.327,279.6642625,-1.13017778,0.444426,5.46E-18,268.9,NAN,NAN,0.05,NAN,6.096,0.248,3.088,3.25,NAN,htru_pks,,,,,,,,
1790,J1838-0453,NAN,NAN,NAN,55339,27.07,0.708,279.5475,-4.89036667,0.380866,1.16E-13,617.2,NAN,NAN,0.4,NAN,6.629,0.082,3.017,2.598,NAN,pksmb,htru_pks,,,,,,,
1791,J1838-0537,NAN,NAN,NAN,55100,26.508,0.209,279.73341667,-5.61916667,0.145708,4.72E-13,NAN,NAN,NAN,NAN,NAN,NAN,0,0,8.5,GRS:3FGL_J1838.9-0537[aaa+15],FermiBlind,,,,,,,,
1792,J1838-0549,NAN,NAN,NAN,55473,26.295,0.183,279.65860417,-5.82002778,0.235311,3.34E-14,276.6,NAN,NAN,0.42,NAN,4.061,0.013,1.799,4.859,NAN,pksmb,htru_pks,,,,,,,
1793,J1838-0624,NAN,NAN,NAN,51875,25.792,-0.14,279.71575,-6.415,0.927178,7.74E-17,424,NAN,NAN,0.16,NAN,4.545,-0.011,1.978,4.408,NAN,pksmb,,,,,,,,
1794,J1838-0655,NAN,NAN,NAN,54522,25.246,-0.196,279.51304167,-6.92594444,0.070498,4.92E-14,NAN,NAN,NAN,NAN,NAN,6.6,-0.023,2.815,2.53,XRS:AX_J1838.0-0655,GRS:HESS_J1837-069,misc,,,,,,,
1795,J1838-1046,NAN,NAN,NAN,51493,21.862,-2.049,279.61033333,-10.7825,1.218354,3.08E-15,208,NAN,NAN,0.5,NAN,4.114,-0.147,1.531,4.684,NAN,pksmb,htru_pks,,,,,,,
1796,J1838+1523,NAN,NAN,NAN,56675,45.347,9.694,279.69491667,15.39038889,0.549161,2.03E-17,68.26,NAN,NAN,NAN,NAN,3.514,0.592,2.464,6.066,NAN,misc,,,,,,,,
1797,J1838+1650,NAN,NAN,NAN,51602,46.667,10.331,279.679425,16.83779167,1.901967,2.68E-15,32.95,NAN,2.6,NAN,NAN,1.541,0.276,1.103,7.46,NAN,ar4,lotaas,,,,,,,
1798,J1838-1849,NAN,NAN,NAN,55991.9,14.686,-5.734,279.64079167,-18.83305556,0.488242,4E-17,169.9,NAN,NAN,0.4,NAN,8.398,-0.839,2.118,0.417,NAN,pksmb,,,,,,,,
1799,J1839-0141,NAN,NAN,NAN,55467,30.014,1.965,279.77910333,-1.69888889,0.933266,5.94E-15,293.2,NAN,NAN,NAN,NAN,6.074,0.208,3.036,3.244,NAN,pksmb,,,,,,,,
1800,J1839-0223,NAN,NAN,NAN,56488,29.5,1.461,279.9918,-2.38597222,1.26679,4.76E-15,330,NAN,NAN,0.11,NAN,6.088,0.155,2.997,3.203,NAN,htru_pks,,,,,,,,
1801,J1839-0321,NAN,NAN,NAN,55522,28.601,1.095,279.90633333,-3.353,0.238782,1.25E-14,452.6,NAN,NAN,0.27,NAN,7.885,0.151,3.774,1.578,NAN,pksmb,,,,,,,,
1802,J1839-0332,NAN,NAN,NAN,56491,28.462,0.934,279.9857625,-3.54961111,2.675682,4.76E-15,195.1,NAN,NAN,NAN,NAN,4.042,0.066,1.926,4.947,NAN,htru_pks,,,,,,,,
1803,J1839-0402,NAN,NAN,NAN,51487,28.016,0.73,279.96275,-4.04025,0.52094,7.69E-15,242,NAN,NAN,0.21,NAN,4.269,0.054,2.005,4.732,NAN,pksmb,htru_pks,,,,,,,
1804,J1839-0436,NAN,NAN,NAN,53190,27.407,0.654,279.75026667,-4.61597222,0.149461,8.1E-16,292.7,NAN,NAN,0.23,NAN,4.483,0.051,2.063,4.52,NAN,pksmb,htru_pks,,,,,,,
1805,J1839-0459,NAN,NAN,NAN,51426,27.147,0.321,279.92757917,-4.99966667,0.585319,3.31E-15,243,NAN,NAN,0.3,NAN,3.979,0.022,1.815,4.959,NAN,pksmb,htru_pks,,,,,,,
1806,J1839-0627,NAN,NAN,NAN,51361,25.807,-0.266,279.83525,-6.45944444,0.484914,1.32E-16,88.5,NAN,NAN,0.29,NAN,2.457,-0.011,1.07,6.288,NAN,pksmb,htru_pks,,,,,,,
1807,J1839-0643,NAN,NAN,NAN,51368,25.547,-0.35,279.79084583,-6.72922222,0.449548,3.64E-15,497.9,NAN,NAN,1.6,NAN,4.817,-0.029,2.077,4.154,NAN,pksmb,htru_pks,,,,,,,
1808,J1839-0905,NAN,NAN,NAN,54979,23.533,-1.591,279.97275,-9.08725,0.418975,2.6E-14,344.5,NAN,NAN,0.22,NAN,6.815,-0.189,2.72,2.254,NAN,pksmb,htru_pks,,,,,,,
1809,J1839-1238,NAN,NAN,NAN,53035,20.347,-3.18,279.93211667,-12.64463889,1.911428,4.95E-15,169.8,NAN,NAN,0.37,NAN,3.976,-0.221,1.38,4.778,NAN,pksmb,htru_pks,,,,,,,
1810,J1840+0214,NAN,NAN,NAN,53129,33.696,3.443,280.14202917,2.24852778,0.797478,8.29E-15,182.4,NAN,NAN,0.07,NAN,5.846,0.351,3.237,3.645,NAN,pksmb,,,,,,,,
1811,J1840-0445,NAN,NAN,NAN,57053,27.486,0.203,280.18958333,-4.75222222,0.422316,1.13E-14,379,NAN,NAN,0.37,NAN,4.557,0.016,2.103,4.457,NAN,htru_pks,,,,,,,,
1812,J1840-0559,NAN,NAN,NAN,52418,26.345,-0.281,280.09658333,-5.98783333,0.859368,9.6E-15,321.7,NAN,NAN,0.31,NAN,4.236,-0.021,1.88,4.704,NAN,pksmb,htru_pks,,,,,,,
1813,J1840-0626,NAN,NAN,NAN,54211.2,25.933,-0.461,280.06795833,-6.43761111,1.893353,2.3E-14,748,NAN,NAN,0.16,NAN,5.727,-0.046,2.504,3.35,NAN,pksmb,,,,,,,,
1814,J1840-0753,NAN,NAN,NAN,54803.9,24.698,-1.242,280.19833333,-7.89222222,0.437869,1E-16,691,NAN,NAN,0.37,NAN,14.281,-0.31,5.966,-4.472,NAN,pksmb,htru_pks,,,,,,,
1815,J1840-0809,NAN,NAN,NAN,57600,24.441,-1.308,280.13902083,-8.15100556,0.955673,2.35E-15,349.8,NAN,NAN,2.5,NAN,5.742,-0.131,2.375,3.274,NAN,pksmb,htru_pks,,,,,,,
1816,J1840-0815,NAN,NAN,NAN,57600,24.314,-1.283,280.05731667,-8.25246667,1.096441,2.43E-15,233.2,NAN,NAN,1.9,NAN,4.195,-0.094,1.727,4.678,NAN,pksmb,htru_pks,,,,,,,
1817,J1840-0840,NAN,NAN,NAN,53278,24.01,-1.616,280.21625,-8.67472222,5.309377,2.37E-14,272,NAN,NAN,1.72,NAN,5.095,-0.144,2.072,3.848,NAN,pksmb,htru_pks,,,,,,,
1818,J1840-1122,NAN,NAN,NAN,52287,21.559,-2.745,280.100275,-11.36963889,0.940962,6.41E-15,311,NAN,NAN,0.13,NAN,9.981,-0.478,3.663,-0.772,NAN,pksmb,htru_pks,,,,,,,
1819,J1840-1207,NAN,NAN,NAN,53038,20.94,-3.197,280.22409167,-12.12572222,0.75447,3.2E-15,302.3,NAN,NAN,0.22,NAN,11.812,-0.659,4.215,-2.515,NAN,pksmb,htru_pks,,,,,,,
1820,J1840-1419,NAN,NAN,NAN,55074.9,18.944,-4.119,280.13766667,-14.31847222,6.597563,6.35E-15,19.4,NAN,NAN,NAN,NAN,0.721,-0.052,0.233,7.82,NAN,pksmb,,,,,,,,
1821,J1840+5640,-31.21,-29.1,0.69,48717,86.078,23.819,280.18557167,56.68190333,1.652862,1.49E-15,26.77,0,21,4,NAN,1.449,0.585,1.323,8.409,NAN,misc,gb4,gbncc,lotaas,,,,,
1822,J1841-0157,NAN,NAN,NAN,52163,30.099,1.216,280.48419583,-1.96516667,0.663321,1.81E-14,475,NAN,NAN,0.81,NAN,7.93,0.168,3.976,1.641,NAN,pksmb,htru_pks,,,,,,,
1823,J1841-0310,NAN,NAN,NAN,52353,28.968,0.776,280.357875,-3.1725,1.657656,3.35E-16,216,NAN,NAN,0.15,NAN,4.17,0.057,2.019,4.852,NAN,pksmb,htru_pks,,,,,,,
1824,J1841-0345,NAN,NAN,NAN,51646,28.424,0.437,280.41116667,-3.81183333,0.204068,5.79E-14,194.32,0,NAN,1.3,NAN,3.776,0.029,1.797,5.179,NAN,misc,pksmb,htru_pks,,,,,,
1825,J1841-04,NAN,NAN,NAN,NAN,27.49,0.09,280.29166667,-4.8,NAN,NAN,29,NAN,NAN,NAN,NAN,0.993,0.002,0.458,7.619,NAN,misc,,,,,,,,
1826,J1841-0425,9.483,-6.788,NAN,53900,27.818,0.279,280.27359583,-4.42208333,0.186149,6.39E-15,325.49,0,2.6,3.3,NAN,4.399,0.021,2.053,4.609,NAN,jb2,pksmb,htru_pks,,,,,,
1827,J1841-0456,NAN,NAN,NAN,55585,27.387,-0.007,280.33059583,-4.93643333,11.788978,4.09E-11,NAN,NAN,NAN,NAN,NAN,9.6,-0.001,4.416,-0.024,SNR:Kes73,XRS:1E_1841-045,misc,,,,,,,
1828,J1841-0500,NAN,NAN,NAN,56573,27.323,-0.034,280.32558333,-5.00541667,0.912916,3.48E-14,532,4.12,NAN,NAN,5.4,4.969,-0.003,2.281,4.085,NAN,misc,htru_pks,,,,,,,
1829,J1841-0524,NAN,NAN,NAN,52360,27.024,-0.333,280.4555,-5.40819444,0.445749,2.34E-13,284.5,NAN,NAN,0.2,NAN,4.125,-0.024,1.874,4.825,GRS:[sbc+19],pksmb,htru_pks,,,,,,,
1830,J1841+0912,-12,38,NAN,48266,40.078,6.278,280.48316578,9.20204287,0.381319,1.09E-15,49.16,0,20,1.7,NAN,1.664,0.182,1.065,7.234,NAN,mol2,gb3,ar3,pkssw,gb4,lotaas,,,
1831,J1841-1404,NAN,NAN,NAN,53173,19.277,-4.227,280.39291667,-14.07194444,1.334557,6.41E-16,267,NAN,NAN,0.18,NAN,14.205,-1.047,4.677,-4.872,NAN,pksmb,,,,,,,,
1832,J1841-7845,NAN,NAN,NAN,53150,315.46,-26.082,280.35791667,-78.75416667,0.353603,1.6E-16,41,NAN,NAN,0.4,NAN,2.459,-1.081,-1.549,6.926,NAN,pkssw,,,,,,,,
1833,J1842-0153,NAN,NAN,NAN,51432,30.283,1.022,280.741125,-1.89075,1.054228,6.72E-15,434,NAN,NAN,0.6,NAN,6.972,0.124,3.515,2.48,NAN,pksmb,,,,,,,,
1834,J1842+0257,NAN,NAN,NAN,53040,34.558,3.336,280.628875,2.96633333,3.088256,2.96E-14,148.1,NAN,NAN,0.26,NAN,5.04,0.293,2.854,4.356,NAN,pksmb,,,,,,,,
1835,J1842-0309,NAN,NAN,NAN,52493,29.078,0.584,280.57925,-3.16277778,0.40492,4.52E-15,955,NAN,NAN,0.25,NAN,8.637,0.088,4.197,0.952,NAN,pksmb,htru_pks,,,,,,,
1836,J1842+0358,NAN,NAN,NAN,53108,35.434,3.846,280.570925,3.97647222,0.233326,8.11E-16,109.9,NAN,NAN,0.09,NAN,4.329,0.29,2.504,4.981,NAN,pksmb,,,,,,,,
1837,J1842-0359,NAN,NAN,NAN,57600,28.347,0.174,280.610375,-4.00042222,1.839945,5.08E-16,195.98,0,18.7,4.4,NAN,3.711,0.011,1.762,5.234,NAN,jb2,pksmb,htru_pks,,,,,,
1838,J1842-0415,NAN,NAN,NAN,51589,28.086,0.111,280.5470375,-4.26061111,0.526682,2.19E-14,188,NAN,NAN,0.35,NAN,3.635,0.007,1.711,5.293,NAN,misc,pksmb,htru_pks,,,,,,
1839,J1842-0612,NAN,NAN,NAN,52402,26.413,-0.898,280.679375,-6.21,0.564475,2.2E-17,485,NAN,NAN,0.54,NAN,5.727,-0.09,2.547,3.371,NAN,pksmb,htru_pks,,,,,,,
1840,J1842+0638,NAN,NAN,NAN,53125,37.801,5.075,280.541675,6.6375,0.313016,7.6E-17,212.2,NAN,NAN,0.21,NAN,15.962,1.412,9.745,-4.063,NAN,pksmb,,,,,,,,
1841,J1842-0800,NAN,NAN,NAN,56611,24.829,-1.766,280.72892917,-8.01486111,1.255469,1.94E-16,188.6,NAN,NAN,0.1,NAN,3.946,-0.122,1.656,4.92,NAN,htru_pks,,,,,,,,
1842,J1842-0905,NAN,NAN,NAN,55392,23.809,-2.137,280.59229167,-9.09166667,0.344646,1.05E-14,343.4,0,NAN,1.04,NAN,9.713,-0.362,3.918,-0.38,NAN,pksmb,htru_pks,,,,,,,
1843,J1842+1332,NAN,NAN,NAN,51650,44.054,8.074,280.62483333,13.53375,0.471604,2.29E-16,102.5,NAN,NAN,1,NAN,6.43,0.903,4.427,3.925,NAN,pkssw,,,,,,,,
1844,J1842-27,NAN,NAN,NAN,54794,6.745,-10.465,280.50833333,-27.97194444,0.815269,NAN,62,NAN,NAN,NAN,NAN,2.573,-0.467,0.297,5.987,NAN,htru_pks,,,,,,,,
1845,J1843-0000,NAN,NAN,NAN,57600,32.013,1.768,280.86652083,-0.01152778,0.880334,7.77E-15,101.5,NAN,NAN,3.8,NAN,3.328,0.103,1.763,5.679,NAN,pksmb,palfa,,,,,,,
1846,J1843-0050,NAN,NAN,NAN,51462,31.295,1.36,280.903,-0.83611111,0.782598,2.49E-16,507,NAN,NAN,0.24,NAN,8.3,0.197,4.31,1.41,NAN,pksmb,,,,,,,,
1847,J1843+01,NAN,NAN,NAN,NAN,32.86,2.333,280.75,1,1.26702,NAN,248,NAN,NAN,NAN,NAN,5.866,0.239,3.18,3.577,NAN,palfa,,,,,,,,
1848,J1843-0137,NAN,NAN,NAN,52490,30.543,1.087,280.802625,-1.62952778,0.669872,2.47E-15,486,NAN,NAN,0.26,NAN,7.662,0.145,3.893,1.902,NAN,pksmb,,,,,,,,
1849,J1843-0211,NAN,NAN,NAN,52608,30.084,0.768,280.87636667,-2.18411111,2.027524,1.44E-14,441.7,NAN,NAN,0.93,NAN,5.931,0.079,2.973,3.368,NAN,pksmb,htru_pks,,,,,,,
1850,J1843-0355,NAN,NAN,NAN,55402,28.484,0.056,280.7777625,-3.93238889,0.132314,1.04E-15,797.7,NAN,NAN,0.89,NAN,5.798,0.006,2.765,3.404,NAN,pksmb,htru_pks,,,,,,,
1851,J1843-0408,NAN,NAN,NAN,52353,28.374,-0.172,280.931,-4.13444444,0.781934,2.39E-15,246,NAN,NAN,0.17,NAN,3.983,-0.012,1.893,4.996,NAN,pksmb,htru_pks,,,,,,,
1852,J1843-0459,NAN,NAN,NAN,51719,27.581,-0.505,280.86517917,-4.99177778,0.754963,8.54E-16,444.1,NAN,NAN,1.9,NAN,4.887,-0.043,2.263,4.169,NAN,pksmb,htru_pks,,,,,,,
1853,J1843-0510,NAN,NAN,NAN,56514,27.391,-0.52,280.79055,-5.16791667,0.671614,3.89E-15,257,NAN,NAN,0.07,NAN,4.068,-0.037,1.871,4.888,NAN,htru_pks,,,,,,,,
1854,J1843-0702,NAN,NAN,NAN,55380,25.741,-1.426,280.84349583,-7.0485,0.191615,2.14E-15,228.4,NAN,NAN,0.27,NAN,4.282,-0.107,1.859,4.644,NAN,pksmb,htru_pks,,,,,,,
1855,J1843-0744,NAN,NAN,NAN,54274.1,25.092,-1.68,280.7728625,-7.74169444,0.475393,1.33E-14,321,NAN,NAN,0.17,NAN,7.053,-0.207,2.99,2.115,NAN,pksmb,htru_pks,,,,,,,
1856,J1843-0806,NAN,NAN,NAN,52608,24.806,-1.934,280.86964583,-8.11247222,0.536414,1.74E-14,215.8,NAN,NAN,0.36,NAN,4.314,-0.146,1.809,4.586,NAN,pksmb,htru_pks,,,,,,,
1857,J1843-1113,-1.91,-3.2,0.69,55000,22.055,-3.397,280.92192465,-11.22529683,0.001846,9.55E-21,59.96,NAN,NAN,0.1,NAN,1.26,-0.075,0.472,7.334,GRS:[hsg+14],pksmb,htru_pks,,,,,,,
1858,J1843-1448,10.5,12,NAN,53934,18.782,-4.871,280.75572917,-14.80350278,0.005471,6.21E-21,114.51,NAN,NAN,0.57,NAN,3.472,-0.295,1.114,5.225,NAN,pksmb,,,,,,,,
1859,J1843-1507,NAN,NAN,NAN,53095,18.559,-5.129,280.89002917,-15.1175,0.58355,7.2E-15,215.5,NAN,NAN,0.17,NAN,12.02,-1.075,3.81,-2.849,NAN,pksmb,htru_pks,,,,,,,
1860,J1843+2024,NAN,NAN,NAN,53064,50.444,10.846,280.85908333,20.41516667,3.406539,1.04E-15,85.3,NAN,0.37,NAN,NAN,6.027,1.134,4.564,4.73,NAN,ar4,,,,,,,,
1861,J1843-40,NAN,NAN,NAN,55873,355.011,-15.771,280.7625,-40.56416667,0.324187,NAN,66,NAN,NAN,NAN,NAN,3.908,-1.062,-0.327,4.753,NAN,htru_pks,,,,,,,,
1862,J1844+00,NAN,NAN,NAN,49717,32.624,1.88,281.04583333,0.58333333,0.460503,NAN,345.54,NAN,NAN,8.6,NAN,6.843,0.225,3.687,2.74,NAN,ar4,pksmb,palfa,,,,,,
1863,J1844-0030,NAN,NAN,NAN,52632,31.71,1.271,281.17124583,-0.50716667,0.641098,6.08E-15,605,NAN,NAN,0.42,NAN,10.44,0.232,5.486,-0.379,NAN,pksmb,,,,,,,,
1864,J1844-0244,NAN,NAN,NAN,49610,29.727,0.235,281.18739664,-2.74470269,0.507722,1.67E-14,429,NAN,NAN,1.1,NAN,4.92,0.02,2.44,4.228,NAN,jb2,pksmb,htru_pks,,,,,,
1865,J1844-0256,NAN,NAN,NAN,51465,29.574,0.119,281.22083333,-2.93333333,0.272963,NAN,826,NAN,NAN,0.59,NAN,6.03,0.013,2.976,3.256,NAN,misc,pksmb,htru_pks,,,,,,
1866,J1844-03,NAN,NAN,NAN,49272,29.523,0.074,281.2375,-3,6.97127,NAN,NAN,NAN,NAN,NAN,NAN,NAN,0,0,8.5,XRS:AX_J1845-0258,XRS:CXOU_J184454.6-025,misc,,,,,,,
1867,J1844-0302,NAN,NAN,NAN,56613,29.395,0.243,281.028825,-3.03644444,1.19863,7.81E-15,533,NAN,NAN,0.12,NAN,5.261,0.022,2.582,3.916,NAN,htru_pks,,,,,,,,
1868,J1844-0310,NAN,NAN,NAN,51593.96,29.343,0.036,281.1895,-3.17697222,0.525049,1.02E-14,836.1,NAN,NAN,0.53,NAN,5.973,0.004,2.927,3.293,NAN,misc,pksmb,htru_pks,,,,,,
1869,J1844-0346,NAN,NAN,NAN,55716,28.787,-0.191,281.13704167,-3.77516667,0.112855,1.55E-13,NAN,NAN,NAN,NAN,NAN,NAN,0,0,8.5,GRS:3FGL_J1844.3-0344[aaa+15],XRS:1SXPS_,FermiBlind,,,,,,,
1870,J1844-0433,NAN,NAN,NAN,49626,28.096,-0.548,281.13938487,-4.55344819,0.991027,3.91E-15,123.16,0,8.1,1.1,NAN,3.074,-0.029,1.448,5.788,NAN,jb2,pks70,pksmb,htru_pks,,,,,
1871,J1844-0452,NAN,NAN,NAN,52471,27.752,-0.576,281.00641667,-4.87247222,0.269443,6.8E-16,626,NAN,NAN,0.19,NAN,5.684,-0.057,2.647,3.47,NAN,pksmb,,,,,,,,
1872,J1844-0502,NAN,NAN,NAN,52608,27.67,-0.769,281.1415,-5.03347222,0.335163,6.18E-17,318,NAN,NAN,0.4,NAN,4.578,-0.061,2.126,4.446,NAN,pksmb,,,,,,,,
1873,J1844-0538,NAN,NAN,NAN,55410,27.073,-0.941,281.02133333,-5.64280556,0.255704,9.71E-15,411.71,0.01,NAN,3.2,NAN,5.404,-0.089,2.459,3.689,NAN,jb2,pksmb,htru_pks,,,,,,
1874,J1844+1454,-9,45,NAN,49362,45.557,8.149,281.2287275,14.90392222,0.375463,1.87E-15,41.49,0,20,1.8,NAN,1.683,0.239,1.189,7.333,NAN,mol2,ar2,ar3,pkssw,gb4,lotaas,,,
1875,J1844+41,NAN,NAN,NAN,NAN,70.472,18.685,281.1875,41.28333333,0.9157,NAN,50,NAN,NAN,NAN,NAN,5.554,1.779,4.959,6.741,NAN,misc,,,,,,,,
1876,J1845-0316,NAN,NAN,NAN,51350,29.39,-0.255,281.47041667,-3.26805556,0.207636,8.86E-15,500,NAN,NAN,0.35,NAN,5.063,-0.023,2.485,4.089,NAN,misc,pksmb,htru_pks,,,,,,
1877,J1845-0434,NAN,NAN,NAN,49610,28.193,-0.785,281.39462421,-4.57494968,0.486751,1.13E-14,230.8,NAN,NAN,2.5,NAN,4.093,-0.056,1.934,4.893,NAN,jb2,pksmb,htru_pks,,,,,,
1878,J1845-0545,NAN,NAN,NAN,52608,27.15,-1.337,281.410375,-5.75505556,1.092348,1.34E-14,315.9,NAN,NAN,0.47,NAN,5.471,-0.128,2.496,3.633,NAN,pksmb,htru_pks,,,,,,,
1879,J1845+0623,NAN,NAN,NAN,53095,37.923,4.308,281.28579167,6.39933333,1.421654,5.46E-16,113,NAN,NAN,0.33,NAN,4.918,0.369,3.014,4.631,NAN,pksmb,,,,,,,,
1880,J1845-0635,NAN,NAN,NAN,54844.5,26.348,-1.603,281.28085833,-6.58983333,0.340528,4.49E-15,414,NAN,NAN,0.36,NAN,9.407,-0.263,4.173,0.074,NAN,pksmb,htru_pks,,,,,,,
1881,J1845-0743,NAN,NAN,NAN,55336,25.428,-2.304,281.48826375,-7.72738056,0.104695,3.67E-16,280.93,NAN,NAN,3.7,NAN,7.113,-0.286,3.052,2.081,NAN,pksmb,htru_pks,,,,,,,
1882,J1845-0826,NAN,NAN,NAN,53112,24.693,-2.441,281.27372083,-8.44436111,0.634354,9.35E-15,228.2,NAN,NAN,0.33,NAN,5.011,-0.213,2.091,3.951,NAN,pksmb,,,,,,,,
1883,J1845-1114,NAN,NAN,NAN,53036,22.276,-3.855,281.44074167,-11.23638889,0.20622,2.01E-15,206.7,NAN,NAN,0.52,NAN,6.715,-0.452,2.54,2.3,NAN,pksmb,htru_pks,,,,,,,
1884,J1845-1351,NAN,NAN,NAN,53112,19.86,-4.918,281.29791667,-13.86513889,2.618918,9.72E-15,197.4,NAN,NAN,0.33,NAN,9.175,-0.787,3.106,-0.098,NAN,pksmb,,,,,,,,
1885,J1846+0051,NAN,NAN,NAN,52554,33.162,1.44,281.6825875,0.86083333,0.434373,1.12E-14,140,NAN,NAN,0.34,NAN,3.998,0.1,2.186,5.154,NAN,pksmb,,,,,,,,
1886,J1846-0257,NAN,NAN,NAN,53039,29.707,-0.198,281.56454167,-2.96,4.476723,1.61E-13,237,NAN,NAN,NAN,NAN,4.003,-0.014,1.984,5.023,NAN,pksmb,,,,,,,,
1887,J1846-0258,NAN,NAN,NAN,54834,29.712,-0.24,281.60391667,-2.97502778,0.326571,7.11E-12,NAN,NAN,NAN,NAN,NAN,5.8,-0.024,2.875,3.463,SNR:Kes75,XRS:PWN:[hcg03],GRS:[kd16],misc,,,,,,
1888,J1846-0749,NAN,NAN,NAN,53172,25.386,-2.431,281.58226667,-7.82261111,0.35011,1.26E-15,388.3,NAN,NAN,0.35,NAN,13.937,-0.591,5.97,-4.08,NAN,pksmb,htru_pks,,,,,,,
1889,J1846-07492,NAN,NAN,NAN,54283.7,25.366,-2.386,281.53332917,-7.82033333,0.86138,5.19E-15,192,NAN,NAN,0.19,NAN,4.236,-0.176,1.813,4.676,NAN,pksmb,htru_pks,,,,,,,
1890,J1846+0919,NAN,NAN,NAN,54800,40.693,5.342,281.60833333,9.32944444,0.225551,9.93E-15,NAN,NAN,NAN,NAN,NAN,1.53,0.142,0.993,7.345,GRS:2FGL_J1846.4+0920[naa+12],FermiBlind,,,,,,,,
1891,J1846-4249,NAN,NAN,NAN,55927,353.047,-17.123,281.5,-42.81666667,2.273,NAN,62,NAN,NAN,0.2,NAN,3.744,-1.102,-0.433,4.948,NAN,htru_pks,,,,,,,,
1892,J1846-7403,NAN,NAN,NAN,53000,320.674,-25.65,281.55741667,-74.05111111,4.878839,6.06E-15,97,NAN,NAN,2.9,NAN,25,-10.822,-14.282,-8.933,NAN,pkssw,,,,,,,,
1893,J1847-0130,NAN,NAN,NAN,52353,31.147,0.167,281.89670833,-1.51277778,6.707046,1.27E-12,667,NAN,NAN,0.33,NAN,5.801,0.017,3,3.535,NAN,pksmb,,,,,,,,
1894,J1847-0402,-1,8,NAN,57600,28.876,-0.939,281.845175,-4.03733333,0.597809,5.17E-14,141.98,0,75,4.9,NAN,3.419,-0.056,1.651,5.507,NAN,jb1,mol2,jb2,gb3,pks70,pksmb,htru_p,,
1895,J1847-0427,NAN,NAN,NAN,56611,28.487,-1.12,281.82858333,-4.46638889,0.259247,5.9E-18,188.3,NAN,NAN,NAN,NAN,3.966,-0.078,1.891,5.015,NAN,htru_pks,,,,,,,,
1896,J1847-0438,NAN,NAN,NAN,51319,28.371,-1.268,281.90802083,-4.63758333,0.957991,1.09E-14,229,NAN,NAN,0.5,NAN,4.378,-0.097,2.08,4.649,NAN,pksmb,htru_pks,,,,,,,
1897,J1847-0443,NAN,NAN,NAN,52403,28.318,-1.361,281.96604167,-4.72672222,0.340832,2.83E-17,454.9,NAN,NAN,0.16,NAN,8.517,-0.202,4.039,1.004,NAN,pksmb,htru_pks,,,,,,,
1898,J1847-0605,NAN,NAN,NAN,51719,27.048,-1.867,281.83779583,-6.08725,0.778164,4.65E-15,207.9,NAN,NAN,0.8,NAN,4.324,-0.141,1.965,4.651,NAN,pksmb,htru_pks,,,,,,,
1899,J1848-0023,NAN,NAN,NAN,52522,32.267,0.447,282.157875,-0.38805556,0.537624,1.61E-15,30.6,NAN,NAN,0.6,NAN,1.08,0.008,0.577,7.587,NAN,pksmb,,,,,,,,
1900,J1848-0055,NAN,NAN,NAN,52353,31.798,0.171,282.18958333,-0.93138889,0.274557,1.35E-15,1166,NAN,NAN,0.19,NAN,7.408,0.022,3.903,2.204,NAN,pksmb,,,,,,,,
1901,J1848-0123,5,-26,NAN,53868,31.339,0.039,282.09828958,-1.39953611,0.659432,5.25E-15,159.53,0,79,15.2,NAN,4.4,0.003,2.288,4.742,NAN,misc,jb1,mol2,jb2,pks70,pksmb,,,
1902,J1848+0351,NAN,NAN,NAN,54620,36.058,2.366,282.176,3.85991667,0.191443,6.73E-17,336.6,NAN,NAN,0.07,NAN,11.77,0.486,6.922,-1.007,NAN,palfa,,,,,,,,
1903,J1848-0511,NAN,NAN,NAN,52777,27.945,-1.659,282.06254167,-5.19388889,1.637129,8.86E-15,418,NAN,NAN,0.4,NAN,8.799,-0.255,4.122,0.73,NAN,pksmb,htru_pks,,,,,,,
1904,J1848-0601,NAN,NAN,NAN,53041,27.221,-2.054,282.0847875,-6.01880556,0.225004,2.87E-16,496.6,NAN,NAN,0.24,NAN,15.696,-0.563,7.175,-5.449,NAN,pksmb,htru_pks,,,,,,,
1905,J1848+0604,NAN,NAN,NAN,51602,38.062,3.328,282.22759167,6.07966667,2.218603,3.74E-15,242.7,NAN,1,0.35,NAN,12.6,0.731,7.755,-1.404,NAN,ar4,pksmb,,,,,,,
1906,J1848+0647,NAN,NAN,NAN,51824,38.701,3.646,282.233375,6.79213889,0.505957,8.75E-15,27.9,NAN,2.3,0.17,NAN,1.128,0.072,0.704,7.621,NAN,ar4,pksmb,lotaas,,,,,,
1907,J1848+0826,NAN,NAN,NAN,49079.5,40.154,4.437,282.182375,8.44330556,0.328665,2.72E-16,90.68,NAN,2.8,0.11,NAN,3.864,0.299,2.484,5.556,NAN,ar3,pksmb,,,,,,,
1908,J1848-1150,NAN,NAN,NAN,53040,22.009,-4.658,282.04920833,-11.83588889,1.312218,1.43E-15,163.4,NAN,NAN,0.21,NAN,5.647,-0.459,2.109,3.282,NAN,pksmb,htru_pks,,,,,,,
1909,J1848+12,NAN,NAN,NAN,51316.7,44.072,6.454,282.125,12.83333333,0.75473,NAN,139,NAN,NAN,NAN,NAN,9.527,1.071,6.585,1.699,NAN,pkssw,,,,,,,,
1910,J1848-1243,NAN,NAN,NAN,55595,21.224,-5.081,282.07510833,-12.725,0.414383,4.41E-16,91.96,NAN,NAN,NAN,NAN,3.149,-0.279,1.135,5.576,NAN,pksmb,,,,,,,,
1911,J1848-1414,NAN,NAN,NAN,50866,19.903,-5.835,282.16314812,-14.23816322,0.29777,1.41E-17,134.47,0,13,0.6,NAN,5.261,-0.535,1.782,3.579,NAN,pks70,pkssw,htru_pks,,,,,,
1912,J1848+1516,NAN,NAN,NAN,57655,46.328,7.443,282.233875,15.27891667,2.23377,1.68E-15,77.44,NAN,1.5,NAN,NAN,3.545,0.459,2.543,6.073,NAN,misc,lotaas,,,,,,,
1913,J1848-1952,NAN,NAN,NAN,48695,14.772,-8.254,282.07514437,-19.87524559,4.30819,2.33E-14,18.23,NAN,17,NAN,NAN,0.751,-0.108,0.19,7.781,NAN,mol2,pkssw,htru_pks,,,,,,
1914,J1849-0001,NAN,NAN,NAN,55885,32.638,0.527,282.2568,-0.02151389,0.038523,1.42E-14,NAN,NAN,NAN,NAN,NAN,NAN,0,0,8.5,XRS:XMMU_J184901.6-000117,GRS:IGR_18490-,misc,,,,,,,
1915,J1849-0040,NAN,NAN,NAN,52633,32.075,0.198,282.29270833,-0.67222222,0.672481,1.11E-14,1234.9,NAN,NAN,0.2,NAN,7.776,0.027,4.129,1.911,NAN,pksmb,,,,,,,,
1916,J1849+0127,NAN,NAN,NAN,51664,34.034,1.043,282.43408333,1.45638889,0.542155,2.8E-14,207.3,0,NAN,0.46,NAN,4.691,0.085,2.625,4.613,NAN,pksmb,palfa,,,,,,,
1917,J1849-0317,NAN,NAN,NAN,51720,29.834,-1.173,282.49104167,-3.29194444,0.668408,2.2E-14,42.9,NAN,NAN,0.7,NAN,1.266,-0.026,0.63,7.402,NAN,pksmb,htru_pks,,,,,,,
1918,J1849+0409,NAN,NAN,NAN,53035,36.367,2.425,282.2644625,4.16175,0.761194,2.16E-14,56.1,NAN,NAN,0.31,NAN,1.671,0.071,0.99,7.156,NAN,pksmb,palfa,,,,,,,
1919,J1849-0614,NAN,NAN,NAN,52417,27.182,-2.469,282.43815417,-6.24208333,0.953384,5.39E-14,119.6,NAN,NAN,0.59,NAN,3.523,-0.152,1.608,5.369,NAN,pksmb,htru_pks,,,,,,,
1920,J1849-0636,NAN,NAN,NAN,48736,26.773,-2.497,282.27681528,-6.61858543,1.451319,4.62E-14,148.17,0,26,1.4,NAN,3.849,-0.168,1.732,5.067,NAN,jb1,mol2,gb3,pksmb,pks70,htru_pks,,,
1921,J1849+2423,NAN,NAN,NAN,52199,54.731,11.24,282.39448458,24.39610444,0.275641,1.53E-16,62.27,NAN,2.3,NAN,NAN,3.976,0.775,3.184,6.248,NAN,ar4,lotaas,,,,,,,
1922,J1849+2559,NAN,NAN,NAN,57785,56.238,11.866,282.44814583,25.99935,0.519263,1.8E-16,75,NAN,0.5,NAN,NAN,6.068,1.248,4.937,5.2,NAN,lotaas,,,,,,,,
1923,J1850-0006,NAN,NAN,NAN,54274.6,32.764,0.093,282.69970833,-0.10725,2.191498,4.32E-15,570,NAN,NAN,0.8,NAN,5.631,0.009,3.047,3.765,SNR:G32.45+0.1(?),pksmb,,,,,,,,
1924,J1850-0026,NAN,NAN,NAN,54263.7,32.407,0.066,282.56130833,-0.43655556,0.166634,3.91E-14,947,NAN,NAN,1.77,NAN,6.71,0.008,3.596,2.835,NAN,pksmb,,,,,,,,
1925,J1850+0026,NAN,NAN,NAN,51353,33.246,0.353,282.6881,0.44044444,1.081844,3.59E-16,201.4,0,NAN,1.5,NAN,4.047,0.025,2.219,5.115,NAN,pksmb,,,,,,,,
1926,J1850-0031,NAN,NAN,NAN,52015,32.369,-0.041,282.639125,-0.51916667,0.734185,1.26E-15,895,NAN,NAN,0.23,NAN,6.502,-0.005,3.481,3.008,NAN,pksmb,,,,,,,,
1927,J1850+0423,NAN,NAN,NAN,54600,36.718,2.231,282.597625,4.38588889,0.290716,9.14E-17,265.8,NAN,NAN,0.2,NAN,8.234,0.321,4.919,1.905,NAN,palfa,,,,,,,,
1928,J1850+1335,-15.69,-3.719,NAN,49722,44.99,6.339,282.6478066,13.59955384,0.345582,1.49E-15,60.14,NAN,6,0.8,NAN,2.167,0.239,1.523,6.977,NAN,gb3,ar3,pkssw,pksmb,lotaas,,,,
1929,J1850+15,NAN,NAN,NAN,54831,46.688,7.292,282.5375,15.53333333,1.383965,NAN,24.7,NAN,NAN,NAN,NAN,1.225,0.155,0.884,7.666,NAN,pkssw,,,,,,,,
1930,J1851-0029,NAN,NAN,NAN,54143.7,32.542,-0.335,282.97955417,-0.49947222,0.518721,4.74E-15,510,NAN,NAN,0.44,NAN,5.453,-0.032,2.933,3.903,NAN,pksmb,,,,,,,,
1931,J1851-0053,NAN,NAN,NAN,52585,32.1,-0.318,282.76320833,-0.88536111,1.409065,8.74E-16,24,NAN,NAN,0.8,NAN,0.959,-0.005,0.51,7.688,NAN,pksmb,lotaas,,,,,,,
1932,J1851-0114,NAN,NAN,NAN,53038,31.812,-0.527,282.818375,-1.23705556,0.953182,2.48E-15,427.2,NAN,NAN,0.28,NAN,5.214,-0.048,2.748,4.069,NAN,pksmb,,,,,,,,
1933,J1851+0118,NAN,NAN,NAN,51936,34.153,0.504,282.96741667,1.31638889,0.906977,1.37E-13,418,NAN,NAN,0.1,NAN,5.648,0.05,3.171,3.826,NAN,pksmb,palfa,,,,,,,
1934,J1851+0233,NAN,NAN,NAN,56700,35.181,1.232,282.78804167,2.56288889,0.344018,2.18E-15,606,NAN,NAN,0.08,NAN,12.653,0.272,7.288,-1.839,NAN,palfa,,,,,,,,
1935,J1851-0241,NAN,NAN,NAN,52300,30.515,-1.186,282.81358333,-2.69194444,0.435194,7.96E-15,515,NAN,NAN,0.2,NAN,7.922,-0.164,4.022,1.677,NAN,pksmb,,,,,,,,
1936,J1851+0418,NAN,NAN,NAN,49845,36.72,2.046,282.76374507,4.30333668,0.284697,1.09E-15,115.54,NAN,NAN,0.66,NAN,4.089,0.146,2.443,5.224,NAN,misc,pksmb,palfa,,,,,,
1937,J1851-06,NAN,NAN,NAN,NAN,26.996,-2.967,282.8,-6.63333333,1.920312,NAN,220,NAN,NAN,NAN,NAN,5.558,-0.288,2.52,3.554,NAN,htru_pks,,,,,,,,
1938,J1851-0633,NAN,NAN,NAN,NAN,27.114,-3.044,282.923525,-6.56344444,1.920302,2.4E-15,229.1,NAN,NAN,0.12,NAN,6.199,-0.329,2.821,2.99,NAN,htru_pks,fast_uwb,,,,,,,
1939,J1851+1259,NAN,NAN,NAN,49908,44.513,5.932,282.80506462,12.99313483,1.205303,1.15E-14,70.63,NAN,8,0.75,NAN,2.644,0.273,1.844,6.625,NAN,gb3,pksmb,lotaas,,,,,,
1940,J1852+0008,NAN,NAN,NAN,52584,33.198,-0.222,283.17825,0.136,0.467894,5.68E-15,254.9,NAN,NAN,0.31,NAN,4.319,-0.017,2.365,4.886,NAN,pksmb,,,,,,,,
1941,J1852+0013,NAN,NAN,NAN,52633,33.282,-0.174,283.17407917,0.23252778,0.957751,1.4E-14,545,NAN,NAN,0.3,NAN,5.581,-0.017,3.063,3.834,NAN,pksmb,,,,,,,,
1942,J1852+0031,NAN,NAN,NAN,49613,33.523,0.017,283.11425541,0.53388497,2.180195,9.7E-14,787,0.86,NAN,5.1,NAN,8,0.002,4.418,1.831,NAN,jb2,pksmb,palfa,,,,,,
1943,J1852+0033,NAN,NAN,NAN,54728.7,33.579,-0.044,283.19416667,0.55580556,11.558713,0,NAN,NAN,NAN,NAN,NAN,NAN,0,0,8.5,XRS:3XMM_J185246.6+003317,misc,,,,,,,,
1944,J1852+0040,NAN,NAN,NAN,54597,33.667,0.038,283.16070833,0.67216667,0.104913,8.68E-18,NAN,NAN,NAN,NAN,NAN,10,0.007,5.544,0.177,SNR:G33.6+0.1(Kes79),XRS:CXOU_J185238.6+,misc,,,,,,,
1945,J1852-0118,NAN,NAN,NAN,52611,31.868,-0.783,283.07145833,-1.30411111,0.451473,1.76E-15,286,NAN,NAN,0.35,NAN,4.726,-0.065,2.495,4.487,NAN,pksmb,,,,,,,,
1946,J1852-0127,NAN,NAN,NAN,52608,31.706,-0.802,283.015,-1.4565,0.428979,5.15E-15,431,NAN,NAN,0.58,NAN,5.713,-0.08,3.002,3.64,NAN,pksmb,,,,,,,,
1947,J1852+0305,NAN,NAN,NAN,51664,35.804,1.16,283.13583333,3.08472222,1.326149,1.02E-16,320,NAN,NAN,0.8,NAN,6.389,0.129,3.737,3.319,NAN,pksmb,palfa,,,,,,,
1948,J1852-0635,NAN,NAN,NAN,57600,27.224,-3.341,283.23936667,-6.600125,0.524157,1.46E-14,171,0,NAN,9.5,NAN,4.515,-0.263,2.062,4.492,NAN,pksmb,htru_pks,,,,,,,
1949,J1852-2610,NAN,NAN,NAN,50866,9.458,-11.918,283.24778276,-26.17019521,0.336337,8.77E-17,56.81,NAN,12,1.4,NAN,2.46,-0.508,0.396,6.126,NAN,pks70,pkssw,htru_pks,,,,,,
1950,J1853-0004,NAN,NAN,NAN,55446,33.086,-0.468,283.34594583,-0.07594444,0.101437,5.57E-15,437.5,NAN,NAN,0.7,NAN,5.339,-0.044,2.914,4.027,GRS:[sbc+19],pksmb,,,,,,,,
1951,J1853+0011,NAN,NAN,NAN,55163,33.338,-0.371,283.37491667,0.19183333,0.397889,3.35E-14,568.8,NAN,NAN,0.2,NAN,5.815,-0.038,3.196,3.642,NAN,pksmb,,,,,,,,
1952,J1853+0056,NAN,NAN,NAN,51665,34.017,-0.036,283.38608333,0.94972222,0.275578,2.14E-14,180.9,NAN,NAN,0.21,NAN,3.841,-0.002,2.149,5.316,NAN,pksmb,palfa,,,,,,,
1953,J1853+03,NAN,NAN,NAN,56657,35.78,1.02,283.25,3,0.58553,NAN,290.2,NAN,NAN,NAN,NAN,5.859,0.104,3.425,3.748,NAN,palfa,,,,,,,,
1954,J1853+04,NAN,NAN,NAN,NAN,36.671,1.476,283.25,4,1.32065,NAN,549.3,NAN,NAN,NAN,NAN,14.808,0.381,8.841,-3.373,NAN,palfa,,,,,,,,
1955,J1853+0505,NAN,NAN,NAN,53982,37.65,1.956,283.26816667,5.09058333,0.905137,1.28E-15,279,0.24,NAN,1.1,NAN,9.127,0.312,5.572,1.278,NAN,pksmb,,,,,,,,
1956,J1853+0545,NAN,NAN,NAN,53882,38.354,2.064,283.49337917,5.76535,0.1264,6.12E-16,198.7,0.03,NAN,2.7,NAN,6.546,0.236,4.059,3.37,NAN,pksmb,palfa,,,,,,,
1957,J1853-0649,NAN,NAN,NAN,55170,27.077,-3.545,283.355925,-6.82386111,1.048132,1.55E-15,44.54,NAN,NAN,NAN,NAN,1.285,-0.079,0.584,7.358,NAN,gb350,,,,,,,,
1958,J1853+0853,NAN,NAN,NAN,53097,41.071,3.615,283.34195833,8.88805556,3.914658,5.13E-15,214,NAN,NAN,0.11,NAN,12.648,0.797,8.293,-1.016,NAN,pksmb,,,,,,,,
1959,J1854+00,NAN,NAN,NAN,56657,33.224,-0.57,283.5,0,0.76733,NAN,532.9,NAN,NAN,NAN,NAN,5.964,-0.059,3.268,3.511,NAN,palfa,,,,,,,,
1960,J1854+0306,NAN,NAN,NAN,54944,35.992,0.834,283.51241667,3.10388889,4.55782,1.45E-13,192.4,NAN,NAN,NAN,NAN,4.498,0.066,2.643,4.861,NAN,pksmb,,,,,,,,
1961,J1854+0317,NAN,NAN,NAN,54863.5,36.209,0.824,283.62108333,3.29194444,1.36645,1.85E-15,404,NAN,NAN,0.12,NAN,7.112,0.102,4.201,2.762,NAN,pksmb,palfa,,,,,,,
1962,J1854+0319,NAN,NAN,NAN,56700,36.179,0.944,283.50045833,3.32022222,0.628541,5.51E-17,480.2,NAN,NAN,0.17,NAN,9.525,0.157,5.622,0.813,NAN,palfa,,,,,,,,
1963,J1854-0524,NAN,NAN,NAN,57737,28.511,-3.235,283.730625,-5.40641667,0.544021,1.2E-15,192,NAN,NAN,NAN,NAN,5.014,-0.283,2.39,4.101,NAN,htru_pks,,,,,,,,
1964,J1854+1050,NAN,NAN,NAN,49692,42.887,4.223,283.62222987,10.7783688,0.573197,6.39E-16,207.2,0,11,1.03,NAN,13.835,1.019,9.39,-1.609,NAN,ar2,ar3,ar4,pksmb,,,,,
1965,J1854-1421,NAN,NAN,NAN,49909,20.456,-7.209,283.68455276,-14.35734023,1.146595,4.16E-15,130.4,0,8,NAN,NAN,6.91,-0.867,2.396,2.077,NAN,mol2,pks70,pkssw,htru_pks,,,,,
1966,J1854-1557,NAN,NAN,NAN,NAN,19.018,-7.95,283.72333333,-15.96305556,3.453121,4.52E-15,150,NAN,NAN,NAN,NAN,10.896,-1.507,3.517,-1.702,NAN,htru_pks,,,,,,,,
1967,J1855+0205,NAN,NAN,NAN,54510,35.281,0.007,283.92519167,2.09344444,0.246817,6.47E-17,867.3,NAN,NAN,0.19,NAN,7.042,0.001,4.067,2.751,NAN,palfa,,,,,,,,
1968,J1855+0306,NAN,NAN,NAN,56700,36.175,0.483,283.90933333,3.10611111,1.633565,6.97E-15,634,NAN,NAN,0.06,NAN,7.479,0.063,4.414,2.463,NAN,palfa,,,,,,,,
1969,J1855+0307,NAN,NAN,NAN,52632,36.167,0.533,283.86095833,3.12227778,0.845348,1.81E-14,402.5,NAN,NAN,0.97,NAN,5.94,0.055,3.505,3.705,NAN,pksmb,palfa,,,,,,,
1970,J1855+0422,NAN,NAN,NAN,51446,37.314,1.052,283.922375,4.37972222,1.678106,9.29E-16,438,0.05,NAN,0.45,NAN,9.989,0.183,6.054,0.557,NAN,pksmb,palfa,,,,,,,
1971,J1855+0527,NAN,NAN,NAN,54248.1,38.227,1.642,283.81280417,5.46130556,1.393484,2.67E-13,362,NAN,NAN,0.24,NAN,11.706,0.335,7.241,-0.692,NAN,pksmb,,,,,,,,
1972,J1855+0700,NAN,NAN,NAN,51991,39.613,2.337,283.82383333,7.01030556,0.258685,7.52E-16,244,NAN,NAN,0.1,NAN,10.336,0.422,6.585,0.544,NAN,pksmb,,,,,,,,
1973,J1855-0941,NAN,NAN,NAN,51500,24.722,-5.241,283.81533333,-9.68388889,0.345401,2.4E-16,151.99,NAN,NAN,0.9,NAN,6.114,-0.558,2.546,2.97,NAN,pkssw,pksmb,htru_pks,,,,,,
1974,J1856+0102,NAN,NAN,NAN,52568,34.428,-0.648,284.1187625,1.03627778,0.620217,1.22E-15,554,NAN,NAN,0.38,NAN,6.54,-0.074,3.697,3.106,NAN,pksmb,palfa,,,,,,,
1975,J1856+0113,NAN,NAN,NAN,49780,34.56,-0.497,284.04438151,1.22257591,0.26744,2.08E-13,96.74,0,3.4,0.19,NAN,3.3,-0.029,1.872,5.782,SNR:W44,XRS:PWN[pks02],misc,pksmb,palfa,,,,,
1976,J1856+0245,NAN,NAN,NAN,54930,36.008,0.057,284.21208333,2.76305556,0.080907,6.21E-14,623.5,NAN,NAN,0.58,NAN,6.318,0.006,3.714,3.389,GRS:HESS_J1857+026,XRS:AX_J185651+0245,palfa,,,,,,,
1977,J1856+0404,NAN,NAN,NAN,51664,37.128,0.745,284.11083333,4.07388889,0.420252,3.71E-17,341.3,0.02,NAN,0.48,NAN,6.213,0.081,3.75,3.547,NAN,pksmb,palfa,,,,,,,
1978,J1856-0526,NAN,NAN,NAN,53095,28.636,-3.575,284.09157083,-5.44911111,0.370483,1.7E-15,130.5,NAN,NAN,0.4,NAN,4.012,-0.25,1.919,4.986,NAN,pksmb,htru_pks,,,,,,,
1979,J1856+09,NAN,NAN,NAN,NAN,41.466,3.086,284,9,2.17071,NAN,193.4,NAN,NAN,NAN,NAN,9.835,0.529,6.503,1.141,NAN,palfa,,,,,,,,
1980,J1856-3754,325.86,-59.22,8.16,52830,358.599,-17.215,284.14754167,-37.90994444,7.055203,2.98E-14,NAN,NAN,NAN,NAN,NAN,0.16,-0.047,-0.004,8.347,XRS:RX_J1856.5-3754,OPT:[kkvh11],misc,,,,,,,
1981,J1857+0057,NAN,NAN,NAN,49694,34.417,-0.805,284.25336677,0.95465933,0.356929,5.46E-17,82.39,NAN,5,0.92,NAN,2.511,-0.035,1.419,6.429,NAN,misc,ar4,pksmb,palfa,,,,,
1982,J1857+0143,NAN,NAN,NAN,52632,35.168,-0.571,284.38753333,1.72972222,0.13976,3.12E-14,249,0.04,NAN,0.74,NAN,4.566,-0.045,2.63,4.768,NAN,pksmb,palfa,,,,,,,
1983,J1857+0210,NAN,NAN,NAN,51721,35.586,-0.393,284.42041667,2.18277778,0.630983,1.4E-14,783,0.03,NAN,0.3,NAN,7.259,-0.05,4.224,2.597,NAN,pksmb,palfa,,,,,,,
1984,J1857+0212,NAN,NAN,NAN,49554,35.617,-0.39,284.43184331,2.21142021,0.415823,4.03E-14,506.77,0.01,NAN,1.6,NAN,8,-0.054,4.659,1.997,NAN,jb2,pksmb,palfa,,,,,,
1985,J1857+0300,NAN,NAN,NAN,56700,36.274,0.072,284.32045833,3.00722222,0.772678,2.65E-15,691,NAN,NAN,0.05,NAN,6.664,0.008,3.943,3.128,NAN,palfa,,,,,,,,
1986,J1857+0526,NAN,NAN,NAN,51800,38.438,1.187,284.31606667,5.44130556,0.349951,6.93E-15,466.4,0.03,NAN,0.66,NAN,12.257,0.254,7.618,-1.099,NAN,pksmb,palfa,,,,,,,
1987,J1857+0809,NAN,NAN,NAN,51991,40.839,2.446,284.28879167,8.15119444,0.502924,4.74E-15,282,NAN,NAN,0.14,NAN,13.138,0.561,8.584,-1.43,NAN,pksmb,,,,,,,,
1988,J1857-1027,NAN,NAN,NAN,51650,24.275,-6.063,284.36020833,-10.45027778,3.687219,1.05E-14,108.9,NAN,NAN,NAN,NAN,4.046,-0.427,1.654,4.832,NAN,pkssw,htru_pks,,,,,,,
1989,J1858+02,NAN,NAN,NAN,56657,35.46,-0.547,284.5,2,0.19765,NAN,492.1,NAN,NAN,NAN,NAN,6.093,-0.058,3.535,3.537,NAN,palfa,,,,,,,,
1990,J1858+0215,NAN,NAN,NAN,51720,35.725,-0.493,284.572625,2.26055556,0.745828,4.61E-15,702,0.07,NAN,0.22,NAN,7.229,-0.062,4.221,2.632,NAN,pksmb,palfa,,,,,,,
1991,J1858+0241,NAN,NAN,NAN,52111,36.18,-0.43,284.72420833,2.69388889,4.693233,2.43E-14,336,NAN,NAN,0.1,NAN,5.15,-0.039,3.04,4.343,NAN,pksmb,,,,,,,,
1992,J1858+0319,NAN,NAN,NAN,56700,36.714,-0.094,284.67033333,3.32263889,0.867444,1.03E-16,284,NAN,NAN,0.06,NAN,4.777,-0.008,2.856,4.671,NAN,palfa,,,,,,,,
1993,J1858+0346,NAN,NAN,NAN,54510,37.083,0.182,284.59316667,3.77716667,0.256844,2.04E-15,386,NAN,NAN,0.19,NAN,5.49,0.017,3.31,4.12,NAN,palfa,,,,,,,,
1994,J1858-0736,NAN,NAN,NAN,56108.5,26.964,-5.079,284.68458333,-7.61666667,0.551059,5.06E-15,194,NAN,NAN,0.3,NAN,10.144,-0.898,4.581,-0.506,NAN,pksmb,,,,,,,,
1995,J1859+00,NAN,NAN,NAN,49717,34.401,-1.587,284.94166667,0.58333333,0.559634,NAN,420,NAN,NAN,4.8,NAN,7.688,-0.213,4.342,2.159,NAN,ar4,pksmb,palfa,,,,,,
1996,J1859+0601,NAN,NAN,NAN,52503,39.245,0.903,284.94066667,6.02947222,1.044313,2.55E-14,276,NAN,NAN,0.3,NAN,6.438,0.101,4.072,3.515,NAN,pksmb,palfa,,,,,,,
1997,J1859+0603,NAN,NAN,NAN,56700,39.27,0.932,284.92554583,6.06513889,0.508561,1.59E-15,378.6,NAN,NAN,0.16,NAN,9.003,0.147,5.698,1.531,NAN,palfa,,,,,,,,
1998,J1859+07,NAN,NAN,NAN,NAN,40.022,1.514,284.75,7,NAN,NAN,303,NAN,NAN,NAN,NAN,10.297,0.272,6.62,0.617,NAN,palfa,,,,,,,,
1999,J1859+1526,NAN,NAN,NAN,49079.5,47.637,5.181,284.93495417,15.43638889,0.933972,3.93E-15,97.45,NAN,1.5,NAN,NAN,4.119,0.372,3.031,5.736,NAN,ar3,,,,,,,,
2000,J1859+7654,NAN,NAN,NAN,56500,108.364,25.911,284.90010305,76.91545353,1.393729,5.05E-17,47.25,NAN,NAN,NAN,NAN,5.985,2.615,5.109,10.196,NAN,gbncc,,,,,,,,
2001,J1900-0051,NAN,NAN,NAN,51912,33.238,-2.467,285.19435,-0.85233333,0.385194,1.42E-16,136.8,NAN,NAN,0.45,NAN,4.229,-0.182,2.316,4.966,NAN,pksmb,,,,,,,,
2002,J1900-0134,NAN,NAN,NAN,58007,32.553,-2.721,285.10905833,-1.57727778,1.832332,3.05E-14,178.1,NAN,NAN,0.2,NAN,4.854,-0.23,2.609,4.413,NAN,fast_uwb,,,,,,,,
2003,J1900+0227,NAN,NAN,NAN,51721,36.17,-0.925,285.16083333,2.45888889,0.374262,5.71E-15,201.1,NAN,NAN,0.33,NAN,4.515,-0.073,2.664,4.856,NAN,pksmb,palfa,,,,,,,
2004,J1900+0438,NAN,NAN,NAN,56700,38.067,0.169,285.055625,4.64633333,0.312314,3.23E-15,627,NAN,NAN,0.12,NAN,6.988,0.021,4.309,2.998,NAN,palfa,,,,,,,,
2005,J1900+0634,NAN,NAN,NAN,52554,39.808,0.995,285.11680833,6.57247222,0.389869,5.13E-15,323.4,NAN,NAN,0.24,NAN,8.595,0.149,5.502,1.898,NAN,pksmb,ar4,,,,,,,
2006,J1900-0933,NAN,NAN,NAN,56979,25.413,-6.346,285.12995833,-9.56336111,1.423889,2.26E-16,189,NAN,NAN,0.4,NAN,13.706,-1.515,5.846,-3.804,NAN,htru_pks,,,,,,,,
2007,J1900-2600,-19.9,-47.3,0.5,48891,10.342,-13.451,285.19825833,-26.01216667,0.612209,2.05E-16,37.99,NAN,131,15,NAN,0.7,-0.163,0.122,7.83,NAN,mol1,mol2,pks70,pkssw,htru_pks,,,,
2008,J1900+30,NAN,NAN,NAN,49717,61.757,11.802,285.075,30.88333333,0.602227,NAN,71.84,NAN,NAN,NAN,NAN,6.838,1.399,5.897,5.333,NAN,ar4,lotaas,,,,,,,
2009,J1900-7951,NAN,NAN,NAN,43565.14,314.322,-27.065,285.10166667,-79.86338889,1.279193,1.86E-15,39,NAN,6.5,NAN,NAN,2.375,-1.081,-1.513,7.022,NAN,mol2,,,,,,,,
2010,J1901+00,NAN,NAN,NAN,49717,34.469,-2.048,285.38333333,0.43333333,0.777662,NAN,345.5,NAN,NAN,0.35,NAN,7.411,-0.265,4.192,2.394,NAN,ar4,pksmb,palfa,,,,,,
2011,J1901+0124,NAN,NAN,NAN,52632,35.381,-1.677,285.4689375,1.41369444,0.318817,3.24E-15,314.4,NAN,NAN,0.3,NAN,6.597,-0.193,3.818,3.124,NAN,pksmb,,,,,,,,
2012,J1901+0156,NAN,NAN,NAN,49298,35.818,-1.367,285.39286914,1.9439489,0.288219,2.36E-15,105.39,0,13.7,0.38,NAN,3.229,-0.077,1.889,5.882,NAN,gb3,pksmb,palfa,lotaas,,,,,
2013,J1901+0234,NAN,NAN,NAN,56700,36.37,-1.048,285.36220833,2.58094444,0.88524,2.3E-14,404,NAN,NAN,0.14,NAN,7.523,-0.138,4.46,2.443,NAN,palfa,,,,,,,,
2014,J1901+0254,NAN,NAN,NAN,52626,36.643,-0.855,285.31529167,2.91138889,1.299693,4.56E-16,185,NAN,NAN,0.58,NAN,4.3,-0.064,2.566,5.05,NAN,pksmb,palfa,,,,,,,
2015,J1901-0312,NAN,NAN,NAN,52608,31.192,-3.646,285.3153125,-3.20819444,0.355725,2.29E-15,106.4,NAN,NAN,0.23,NAN,3.773,-0.24,1.95,5.279,NAN,pksmb,,,,,,,,
2016,J1901-0315,NAN,NAN,NAN,53283,31.152,-3.669,285.31804167,-3.25397222,0.801693,2.57E-15,242.6,NAN,NAN,0.09,NAN,8.445,-0.54,4.36,1.288,NAN,pksmb,,,,,,,,
2017,J1901+0320,NAN,NAN,NAN,52503,36.999,-0.613,285.26254167,3.33833333,0.636584,5.23E-16,393,NAN,NAN,0.89,NAN,5.886,-0.063,3.542,3.799,NAN,pksmb,palfa,,,,,,,
2018,J1901+0331,-7,-45,NAN,54336,37.213,-0.637,285.38242083,3.518325,0.65545,7.46E-15,402.08,0,165,4.2,NAN,7,-0.078,4.233,2.926,NAN,jb1,ar1,mol2,jb2,gb3,pksmb,palfa,,
2019,J1901+0355,NAN,NAN,NAN,52352,37.58,-0.444,285.378375,3.93302778,0.554756,1.27E-14,547,NAN,NAN,0.15,NAN,6.685,-0.052,4.077,3.202,NAN,pksmb,palfa,,,,,,,
2020,J1901+0413,NAN,NAN,NAN,51706,37.806,-0.232,285.29291667,4.23083333,2.66308,1.32E-13,352,NAN,NAN,1.2,NAN,5.342,-0.022,3.275,4.279,NAN,pksmb,palfa,,,,,,,
2021,J1901+0435,NAN,NAN,NAN,53041,38.167,-0.148,285.38416667,4.58972222,0.690576,8.67E-15,1042.6,NAN,NAN,4.24,NAN,10.29,-0.027,6.359,0.41,NAN,pksmb,palfa,,,,,,,
2022,J1901+0459,NAN,NAN,NAN,56700,38.49,0.087,285.32279167,4.98522222,0.877044,1.57E-14,1108,NAN,NAN,0.12,NAN,12.063,0.018,7.508,-0.942,NAN,palfa,,,,,,,,
2023,J1901+0510,NAN,NAN,NAN,52618,38.737,0.025,285.49104167,5.17611111,0.614757,3.11E-14,429,0,NAN,0.66,NAN,5.919,0.003,3.704,3.883,NAN,pksmb,palfa,,,,,,,
2024,J1901+0511,NAN,NAN,NAN,56700,38.715,0.084,285.42879167,5.18338889,4.600369,2.53E-14,410,NAN,NAN,0.05,NAN,5.831,0.009,3.647,3.95,NAN,palfa,,,,,,,,
2025,J1901+0621,NAN,NAN,NAN,52282,39.687,0.756,285.27483333,6.35527778,0.832002,1.8E-17,94,NAN,NAN,0.47,NAN,2.942,0.039,1.879,6.236,NAN,palfa,pksmb,,,,,,,
2026,J1901+0716,NAN,NAN,NAN,49863,40.569,1.056,285.41223609,7.27633469,0.643999,2.29E-15,252.81,0,3.9,0.9,NAN,3.4,0.063,2.211,5.918,NAN,jb2,pksmb,palfa,,,,,,
2027,J1901-0906,-7.54,-18.2,0.52,50873,25.979,-6.441,285.47086958,-9.10309611,1.781928,1.64E-15,72.68,NAN,11,3.5,NAN,1.923,-0.216,0.837,6.782,NAN,pks70,pkssw,htru_pks,,,,,,
2028,J1901+11,NAN,NAN,NAN,NAN,43.811,2.898,285.25,11,0.40914,NAN,268.9,NAN,NAN,NAN,NAN,13.917,0.704,9.622,-1.53,NAN,palfa,,,,,,,,
2029,J1901+1306,NAN,NAN,NAN,49079.5,45.786,3.683,285.45320833,13.11341667,1.830857,1.31E-16,75.1,NAN,0.6,NAN,NAN,2.503,0.161,1.79,6.758,NAN,ar3,,,,,,,,
2030,J1901-1740,NAN,NAN,NAN,51500,18.138,-10.071,285.325125,-17.66666667,1.956858,8.23E-16,24.4,NAN,NAN,0.3,NAN,0.894,-0.156,0.274,7.664,NAN,pkssw,htru_pks,,,,,,,
2031,J1902+02,NAN,NAN,NAN,56657,35.917,-1.436,285.5,2,0.41532,NAN,281.2,NAN,NAN,NAN,NAN,6.052,-0.152,3.549,3.6,NAN,palfa,,,,,,,,
2032,J1902+0248,NAN,NAN,NAN,52554,36.738,-1.249,285.70941667,2.81555556,1.223777,2.41E-15,272,NAN,NAN,0.17,NAN,5.99,-0.131,3.582,3.701,NAN,pksmb,palfa,,,,,,,
2033,J1902-0340,NAN,NAN,NAN,52724,30.958,-4.209,285.71125,-3.67166667,1.524672,2E-15,114,NAN,NAN,0.22,NAN,4.049,-0.297,2.077,5.037,NAN,pksmb,,,,,,,,
2034,J1902+0556,NAN,NAN,NAN,49722,39.501,0.21,285.67758522,5.94053304,0.746577,1.29E-14,177.49,0,15,1.2,NAN,3.6,0.013,2.29,5.722,NAN,ar1,jb2,ar4,pksmb,palfa,,,,
2035,J1902+0615,-0.885,-8.013,NAN,57600,39.814,0.336,285.7094875,6.27594722,0.673505,7.71E-15,502.9,0,22,1.6,NAN,7,0.041,4.482,3.123,NAN,jb2,pksmb,palfa,,,,,,
2036,J1902+0723,NAN,NAN,NAN,49079.5,40.742,0.984,285.55641667,7.3975,0.487813,2.1E-16,105,NAN,0.6,0.17,NAN,3.328,0.057,2.172,5.979,NAN,ar3,pksmb,,,,,,,
2037,J1902-1036,NAN,NAN,NAN,56916,24.716,-7.291,285.6766625,-10.60361111,0.786814,7.54E-15,91,NAN,NAN,0.13,NAN,3.795,-0.482,1.574,5.081,NAN,htru_pks,,,,,,,,
2038,J1903+0135,3,-13,NAN,57600,35.727,-1.955,285.87494167,1.59403611,0.729307,4.03E-15,245.17,0,58,5.5,NAN,3.3,-0.113,1.926,5.823,NAN,jb1,mol2,pksmb,gb4,palfa,,,,
2039,J1903-0258,NAN,NAN,NAN,53095,31.659,-4.038,285.87642917,-2.971,0.301459,6.79E-16,113,NAN,NAN,0.14,NAN,4.043,-0.285,2.117,5.067,NAN,pksmb,,,,,,,,
2040,J1903+0415,NAN,NAN,NAN,56657,38.032,-0.628,285.75,4.25,1.15139,NAN,473.5,NAN,NAN,NAN,NAN,6.863,-0.075,4.228,3.095,NAN,palfa,,,,,,,,
2041,J1903+0601,NAN,NAN,NAN,52146,39.65,0.109,285.836975,6.02611111,0.374117,1.92E-14,388,0.01,NAN,0.26,NAN,5.887,0.011,3.756,3.967,NAN,pksmb,palfa,,,,,,,
2042,J1903-0632,NAN,NAN,NAN,57600,28.479,-5.679,285.90805833,-6.53931111,0.431889,3.38E-15,195.61,0,23,NAN,NAN,12.449,-1.232,5.907,-2.389,NAN,jb1,mol2,pks70,pkssw,htru_pks,,,,
2043,J1903+0654,NAN,NAN,NAN,56700,40.502,0.388,285.98033333,6.91094444,0.791232,1.06E-14,329,NAN,NAN,0.11,NAN,5.923,0.04,3.847,3.996,NAN,palfa,,,,,,,,
2044,J1903-0848,NAN,NAN,NAN,54987,26.382,-6.601,285.7969625,-8.81594444,0.887325,1.33E-15,66.99,NAN,NAN,NAN,NAN,2.611,-0.3,1.153,6.176,NAN,gb350,,,,,,,,
2045,J1903+0925,NAN,NAN,NAN,53396,42.743,1.543,285.97991667,9.43194444,0.357155,3.69E-14,162,NAN,NAN,0.2,NAN,6.256,0.168,4.244,3.907,NAN,pksmb,,,,,,,,
2046,J1903+2225,NAN,NAN,NAN,49079.5,54.363,7.427,285.970625,22.42008333,0.651185,4.45E-16,109.2,NAN,0.8,NAN,NAN,5.756,0.744,4.639,5.174,NAN,ar3,,,,,,,,
2047,J1904+0004,8,-7,NAN,54377,34.45,-2.811,286.05299167,0.06813611,0.139525,1.18E-16,233.61,0,16,2.9,NAN,6.364,-0.312,3.596,3.258,NAN,pks70,pksmb,,,,,,,
2048,J1904-0150,NAN,NAN,NAN,53107,32.828,-3.841,286.23147917,-1.84236111,0.379387,8.9E-16,162.2,NAN,NAN,0.09,NAN,5.305,-0.355,2.869,4.052,NAN,pksmb,,,,,,,,
2049,J1904+0451,NAN,NAN,NAN,56242,38.806,-0.787,286.24743667,4.86526472,0.006092,5.72E-21,182.71,NAN,NAN,0.12,NAN,4.401,-0.06,2.758,5.071,NAN,palfa,,,,,,,,
2050,J1904+0738,NAN,NAN,NAN,54760,41.18,0.68,286.0313875,7.64769167,0.208958,4.11E-16,278.32,NAN,NAN,0.23,NAN,6.154,0.073,4.052,3.869,NAN,palfa,,,,,,,,
2051,J1904+0800,NAN,NAN,NAN,51911,41.498,0.863,286.01458333,8.01461111,0.263345,1.73E-14,438.8,0.01,NAN,0.36,NAN,10.966,0.165,7.265,0.288,NAN,pksmb,palfa,,,,,,,
2052,J1904+1011,NAN,NAN,NAN,51600,43.433,1.865,286.010375,10.19294444,1.85657,2.76E-16,135,NAN,4.4,0.58,NAN,5.496,0.179,3.777,4.511,NAN,ar1,ar2,ar3,pksmb,palfa,,,,
2053,J1904-1224,NAN,NAN,NAN,51037,23.291,-8.49,286.13867335,-12.40036635,0.750808,7.42E-16,118.23,0,6,0.3,NAN,7.274,-1.074,2.845,1.892,NAN,pks70,pkssw,htru_pks,,,,,,
2054,J1904-1629,NAN,NAN,NAN,57039,19.59,-10.332,286.21404167,-16.48861111,1.541412,3.19E-15,145,NAN,NAN,0.17,NAN,25,-4.484,8.246,-14.671,NAN,htru_pks,,,,,,,,
2055,J1905-0056,NAN,NAN,NAN,57600,33.69,-3.551,286.36563333,-0.94466667,0.643183,3.06E-15,229.13,0,9.8,0.7,NAN,7.644,-0.473,4.232,2.152,NAN,gb3,pks70,pksmb,htru_eff,,,,,
2056,J1905+0400,-3.8,-7.3,NAN,53700,38.095,-1.289,286.36780598,4.00302306,0.003784,4.91E-21,25.69,NAN,NAN,0.05,NAN,1.064,-0.024,0.656,7.663,NAN,pksmb,,,,,,,,
2057,J1905+0414,NAN,NAN,NAN,NAN,38.246,-1.079,286.25,4.23333333,NAN,NAN,383,NAN,NAN,NAN,NAN,9.081,-0.171,5.62,1.369,NAN,palfa,,,,,,,,
2058,J1905+0600,NAN,NAN,NAN,52048,39.838,-0.277,286.268125,6.01663889,0.44121,1.11E-15,730.1,NAN,NAN,0.42,NAN,8.797,-0.042,5.636,1.745,NAN,pksmb,palfa,,,,,,,
2059,J1905+0616,NAN,NAN,NAN,51631,40.069,-0.169,286.2785375,6.27130556,0.989706,1.35E-13,256.05,0.03,0.5,0.51,NAN,4.952,-0.015,3.188,4.71,NAN,ar4,pksmb,palfa,,,,,,
2060,J1905+0709,NAN,NAN,NAN,49466,40.944,0.065,286.4734257,7.15537856,0.64804,4.94E-15,245.34,0.01,NAN,1.9,NAN,4.98,0.006,3.263,4.738,NAN,jb2,pksmb,palfa,,,,,,
2061,J1905+0902,NAN,NAN,NAN,54570,42.555,1.056,286.33139583,9.04235833,0.218253,3.5E-15,433.4,NAN,NAN,0.1,NAN,11.553,0.213,7.812,-0.009,NAN,palfa,,,,,,,,
2062,J1906+0414,NAN,NAN,NAN,53677,38.478,-1.51,286.74080417,4.24151111,1.043362,1.15E-14,349,NAN,NAN,0.23,NAN,10.069,-0.265,6.263,0.62,NAN,pksmb,,,,,,,,
2063,J1906+0509,NAN,NAN,NAN,56406,39.291,-1.083,286.73540417,5.15988889,0.39759,5.22E-15,99.5,NAN,NAN,0.07,NAN,3.091,-0.058,1.957,6.108,NAN,palfa,,,,,,,,
2064,J1906+0641,-5.766,-2.17,NAN,49613,40.604,-0.304,286.64685351,6.68413853,0.267275,2.14E-15,472.8,0.01,2.8,2.8,NAN,7,-0.037,4.556,3.186,NAN,jb2,pksmb,ar4,palfa,,,,,
2065,J1906+0649,NAN,NAN,NAN,52317,40.69,-0.152,286.549875,6.83002778,1.286564,1.52E-16,249,NAN,NAN,0.3,NAN,4.966,-0.013,3.238,4.735,NAN,pksmb,,,,,,,,
2066,J1906+0722,NAN,NAN,NAN,55716,41.216,0.031,286.63,7.38216667,0.111524,3.59E-14,NAN,NAN,NAN,NAN,NAN,NAN,0,0,8.5,GRS:2FGL_J1906.5+0720[naa+12],FermiBlind,,,,,,,,
2067,J1906+0725,NAN,NAN,NAN,56657,41.188,0.162,286.5,7.41666667,1.53651,NAN,480.4,NAN,NAN,0.05,NAN,7.075,0.02,4.659,3.176,NAN,palfa,,,,,,,,
2068,J1906+0912,NAN,NAN,NAN,51360,42.84,0.884,286.61858333,9.21572222,0.775345,1.32E-16,265,NAN,NAN,0.32,NAN,7.414,0.114,5.041,3.064,NAN,pksmb,palfa,,,,,,,
2069,J1906+1854,NAN,NAN,NAN,49079.5,51.501,5.251,286.68629167,18.90236111,1.019093,2.05E-16,156.77,NAN,4.6,NAN,NAN,6.721,0.615,5.238,4.334,NAN,ar3,ar4,lotaas,,,,,,
2070,J1907+0249,NAN,NAN,NAN,52554,37.306,-2.323,286.925125,2.82805556,0.351879,1.14E-15,261,NAN,NAN,0.46,NAN,8.751,-0.355,5.299,1.545,NAN,pksmb,palfa,,,,,,,
2071,J1907+0255,NAN,NAN,NAN,56700,37.339,-2.192,286.82458333,2.91741667,0.618761,2.23E-16,257,NAN,NAN,0.14,NAN,7.986,-0.305,4.84,2.155,NAN,palfa,,,,,,,,
2072,J1907+0345,NAN,NAN,NAN,51999,38.075,-1.796,286.81059583,3.75294444,0.240153,8.22E-15,311.7,NAN,NAN,0.17,NAN,9.481,-0.297,5.844,1.04,NAN,pksmb,palfa,,,,,,,
2073,J1907+05,NAN,NAN,NAN,56657,39.156,-1.17,286.75,5,0.16868,NAN,456.7,NAN,NAN,NAN,NAN,11.845,-0.242,7.478,-0.683,NAN,palfa,,,,,,,,
2074,J1907+0534,NAN,NAN,NAN,51719,39.717,-0.988,286.84725,5.58138889,1.138403,3.15E-15,524,NAN,NAN,0.36,NAN,11.835,-0.204,7.561,-0.602,NAN,pksmb,palfa,,,,,,,
2075,J1907+0602,NAN,NAN,NAN,54935,40.182,-0.894,286.97808333,6.03802778,0.106633,8.68E-14,82.1,NAN,NAN,0,NAN,2.37,-0.037,1.529,6.69,GRS:2FGL_J1907.9+0602[naa+12],SNR:G40.5-,FermiBlind,,,,,,,
2076,J1907+0631,NAN,NAN,NAN,56985,40.515,-0.484,286.7659,6.52191667,0.323648,4.52E-13,428.6,NAN,NAN,0.25,NAN,3.4,-0.029,2.209,5.915,SNR:G40.5-0.5[lsb+17],palfa,,,,,,,,
2077,J1907+0731,NAN,NAN,NAN,52352,41.5,-0.211,286.97829167,7.52275,0.363676,1.84E-14,239.8,NAN,NAN,0.35,NAN,4.994,-0.018,3.309,4.76,NAN,pksmb,palfa,,,,,,,
2078,J1907+0740,NAN,NAN,NAN,51354,41.613,-0.102,286.933825,7.67294444,0.574698,6.71E-16,332,0,NAN,0.41,NAN,5.81,-0.01,3.858,4.156,NAN,pksmb,palfa,,,,,,,
2079,J1907+0859,NAN,NAN,NAN,56700,42.707,0.661,286.75797083,8.9955,1.527042,5.54E-15,190,NAN,NAN,0.07,NAN,4.989,0.058,3.384,4.834,NAN,palfa,,,,,,,,
2080,J1907+0918,NAN,NAN,NAN,51319,43.024,0.73,286.84350417,9.30854444,0.226107,9.43E-14,357.9,0,0.4,0.2,NAN,8.224,0.105,5.611,2.488,NAN,misc,pksmb,palfa,,,,,,
2081,J1907+0919,0.6,4.2,NAN,51052,43.021,0.766,286.80970833,9.32225,5.198346,9.2E-11,NAN,NAN,NAN,NAN,NAN,NAN,0,0,8.5,SNR:G42.8+0.6(?),XRS:SGR_1900+14,misc,,,,,,,
2082,J1907+1149,NAN,NAN,NAN,53445,45.29,1.832,286.90741667,11.82697222,1.42016,1.6E-13,202.8,NAN,NAN,0.16,NAN,7.551,0.241,5.364,3.19,NAN,pksmb,palfa,,,,,,,
2083,J1907+1247,NAN,NAN,NAN,51600,46.099,2.373,286.79458333,12.79330556,0.827097,1.95E-15,257,NAN,0.8,NAN,NAN,10.526,0.436,7.578,1.207,NAN,ar1,,,,,,,,
2084,J1907-1532,NAN,NAN,NAN,55424,20.7,-10.413,286.77825,-15.53747222,0.632235,3.08E-15,72.6,NAN,NAN,NAN,NAN,3.475,-0.628,1.208,5.303,NAN,htru_pks,,,,,,,,
2085,J1907+4002,11,11,NAN,48713,70.948,14.203,286.8944,40.03491944,1.235757,5.41E-16,30.97,0,23,1.8,NAN,2.46,0.604,2.254,7.722,NAN,gb1,gb2,gb4,lotaas,,,,,
2086,J1907+57,NAN,NAN,NAN,NAN,87.484,20.459,286.75,57,0.424,NAN,54.63,NAN,NAN,NAN,NAN,6.706,2.344,6.277,8.224,NAN,gbncc,,,,,,,,
2087,J1908+0457,NAN,NAN,NAN,49079.5,39.267,-1.468,287.06729167,4.96138889,0.846793,9.8E-16,360,NAN,NAN,0.93,NAN,11.278,-0.289,7.136,-0.229,NAN,misc,pksmb,palfa,,,,,,
2088,J1908+0500,NAN,NAN,NAN,49079.5,39.293,-1.403,287.02150833,5.015125,0.291021,2.59E-15,201.42,0,6.1,0.79,NAN,5.845,-0.143,3.7,3.978,NAN,ar3,pksmb,palfa,,,,,,
2089,J1908+0734,NAN,NAN,NAN,49079.5,41.585,-0.27,287.070875,7.57065556,0.212353,8.25E-16,11.1,NAN,3.5,0.54,NAN,0.669,-0.003,0.444,8,NAN,ar3,pksmb,palfa,,,,,,
2090,J1908+0833,NAN,NAN,NAN,56700,42.469,0.171,287.08733333,8.55875,0.512111,1.99E-15,700.1,NAN,NAN,0.2,NAN,11.32,0.034,7.643,0.15,NAN,palfa,,,,,,,,
2091,J1908+0839,NAN,NAN,NAN,51550,42.56,0.229,287.077125,8.66644444,0.185397,2.39E-15,512.1,0,NAN,0.49,NAN,8.272,0.033,5.595,2.407,NAN,pksmb,palfa,,,,,,,
2092,J1908+0909,NAN,NAN,NAN,51525,42.972,0.494,287.0309875,9.15344444,0.336555,3.49E-14,467.5,0.01,NAN,0.22,NAN,8.906,0.077,6.07,1.984,NAN,pksmb,palfa,,,,,,,
2093,J1908+0916,NAN,NAN,NAN,42832.5,43.173,0.361,287.24483333,9.27055556,0.83027,9.8E-17,249.8,NAN,5,0.23,NAN,5.561,0.035,3.805,4.444,NAN,ar1,pksmb,palfa,,,,,,
2094,J1908+2351,NAN,NAN,NAN,51561,56.144,7.112,287.13308333,23.86163889,0.377578,1.7E-17,101.69,NAN,0.9,NAN,NAN,5.405,0.669,4.454,5.512,NAN,ar4,,,,,,,,
2095,J1909+0007,5,-32,NAN,48740,35.123,-3.977,287.39690678,0.13271408,1.016948,5.52E-15,112.79,NAN,12,0.87,NAN,4.358,-0.302,2.501,4.944,NAN,misc,mol2,gb2,ar2,pks70,ar4,pksmb,g,
2096,J1909+0254,NAN,NAN,NAN,49695,37.605,-2.713,287.40962686,2.91407554,0.989831,5.53E-15,171.73,0,21,0.63,NAN,4.5,-0.213,2.743,4.939,NAN,jb1,mol2,pksmb,gb4,palfa,lotaas,,,
2097,J1909+0616,NAN,NAN,NAN,51720,40.62,-1.21,287.463375,6.28105556,0.755993,2.06E-14,352,NAN,NAN,0.33,NAN,9.559,-0.202,6.222,1.246,NAN,pksmb,ar4,palfa,,,,,,
2098,J1909+0641,NAN,NAN,NAN,54870,40.941,-0.94,287.37105,6.6905,0.741762,3.22E-15,36.7,NAN,NAN,0.11,NAN,1.325,-0.022,0.868,7.499,NAN,palfa,,,,,,,,
2099,J1909+0749,NAN,NAN,NAN,54870,41.909,-0.34,287.28416667,7.82555556,0.237161,1.52E-13,539.36,NAN,NAN,0.23,NAN,8.286,-0.049,5.534,2.334,NAN,palfa,,,,,,,,
2100,J1909+0912,NAN,NAN,NAN,51496,43.164,0.258,287.33295833,9.21491667,0.222949,3.58E-14,421.5,0.01,NAN,0.4,NAN,7.608,0.034,5.204,2.951,NAN,pksmb,palfa,,,,,,,
2101,J1909+1102,-7.77,5.351,NAN,57600,44.832,0.992,287.45284542,11.03417889,0.283642,2.64E-15,149.98,0,50,3.2,NAN,4.8,0.083,3.384,5.096,NAN,jb1,ar1,mol2,jb2,gb3,ar3,ar4,pksmb,
2102,J1909+1148,NAN,NAN,NAN,56700,45.494,1.416,287.38074583,11.81662778,0.448945,7.25E-17,199.8,NAN,NAN,0.09,NAN,7.126,0.176,5.081,3.506,NAN,palfa,,,,,,,,
2103,J1909+1450,NAN,NAN,NAN,49079.5,48.181,2.827,287.36233333,14.84944444,0.996108,2.19E-16,119.5,NAN,1.1,NAN,NAN,4.411,0.218,3.283,5.562,NAN,ar3,,,,,,,,
2104,J1909+1859,NAN,NAN,NAN,49079.5,51.852,4.749,287.32751667,18.98631667,0.542451,9.7E-17,64.52,NAN,5.4,NAN,NAN,2.447,0.203,1.918,6.994,NAN,ar3,ar4,,,,,,,
2105,J1910-0112,NAN,NAN,NAN,53174,34.009,-4.736,287.56541667,-1.20166667,1.360603,1.78E-16,178,NAN,NAN,0.07,NAN,8.105,-0.669,4.518,1.804,NAN,pksmb,,,,,,,,
2106,J1910+0225,NAN,NAN,NAN,52586,37.229,-3.057,287.5431625,2.42322222,0.337855,2.62E-16,209,NAN,NAN,0.6,NAN,7.932,-0.423,4.792,2.193,NAN,pksmb,,,,,,,,
2107,J1910-0309,NAN,NAN,NAN,57600,32.28,-5.681,287.62371667,-3.16502778,0.504606,2.19E-15,205.53,0,27,0.55,NAN,14.441,-1.429,7.674,-3.649,NAN,mol2,gb3,pks70,pksmb,pkssw,lotaas,,,
2108,J1910+0358,NAN,NAN,NAN,50026,38.606,-2.339,287.53776645,3.97445134,2.330263,4.47E-15,82.93,NAN,21,1.5,NAN,2.859,-0.117,1.782,6.268,NAN,misc,mol2,pksmb,lotaas,,,,,
2109,J1910+0517,NAN,NAN,NAN,56700,39.838,-1.835,287.65794583,5.29891667,0.308048,7.3E-16,300,NAN,NAN,0.5,NAN,11.021,-0.353,7.057,0.042,NAN,palfa,,,,,,,,
2110,J1910+0534,NAN,NAN,NAN,51709,40.056,-1.668,287.61045833,5.56916667,0.452867,1.92E-15,484,0.02,NAN,0.41,NAN,21.255,-0.619,13.672,-7.762,NAN,pksmb,palfa,,,,,,,
2111,J1910+0714,NAN,NAN,NAN,49079.5,41.52,-0.87,287.5774875,7.23661111,2.712423,6.12E-15,124.06,0,5.4,0.36,NAN,3.679,-0.056,2.438,5.746,NAN,ar3,pksmb,palfa,,,,,,
2112,J1910+0728,NAN,NAN,NAN,52187,41.74,-0.772,287.59199583,7.47696944,0.325415,8.31E-15,283.7,0,NAN,0.87,NAN,6.233,-0.084,4.149,3.85,NAN,pksmb,palfa,,,,,,,
2113,J1910+1027,NAN,NAN,NAN,56657,44.335,0.682,287.5,10.45,0.53147,NAN,705.7,NAN,NAN,0.06,NAN,16.743,0.199,11.7,-3.475,NAN,palfa,,,,,,,,
2114,J1910+1231,NAN,NAN,NAN,48741,46.205,1.591,287.55641313,12.52782889,1.441742,8.23E-15,258.64,0,5,0.28,NAN,8.139,0.226,5.873,2.869,NAN,ar1,ar3,pksmb,palfa,,,,,
2115,J1910+56,NAN,NAN,NAN,NAN,87.575,19.955,287.675,56.91666667,0.3419,NAN,20.75,NAN,NAN,NAN,NAN,1.482,0.506,1.392,8.441,NAN,lotaas,,,,,,,,
2116,J1910-5959B,NAN,NAN,NAN,52000,336.494,-25.628,287.71689833,-59.9835725,0.008358,-7.9E-19,33.28,NAN,NAN,0.05,NAN,1.631,-0.705,-0.587,7.151,GC:NGC6752,XRS:[bgh+06,fhc+14],pksgc,,,,,,
2117,J1910-5959C,-4.1,-4.6,NAN,51910,336.464,-25.662,287.77314667,-60.01658333,0.005277,2.16E-21,33.21,NAN,NAN,0.24,NAN,1.627,-0.705,-0.586,7.155,GC:NGC6752,XRS:[bgh+06,fhc+14],pksgc,,,,,,
2118,J1910-5959D,NAN,NAN,NAN,51910,336.493,-25.629,287.71840125,-59.98485528,0.009035,9.64E-19,33.28,NAN,NAN,0.05,NAN,1.631,-0.705,-0.587,7.152,GC:NGC6752,XRS:[bgh+06,fhc+14],pksgc,,,,,,
2119,J1910-5959E,NAN,NAN,NAN,51910,336.494,-25.628,287.71732167,-59.98391306,0.004572,-4.34E-19,33.31,NAN,NAN,0.07,NAN,1.634,-0.707,-0.588,7.149,GC:NGC6752,XRS:[fhc+14],pksgc,,,,,,,
2120,J1911+00,NAN,NAN,NAN,52318,35.808,-4.247,287.95,0.61666667,6.94,NAN,100,NAN,NAN,NAN,NAN,4.047,-0.3,2.361,5.227,NAN,pksmb,,,,,,,,
2121,J1911+0101B,NAN,NAN,NAN,53000,36.109,-3.926,287.80238542,1.03067778,0.005384,-2E-21,196.69,NAN,NAN,NAN,NAN,9.5,-0.65,5.585,0.843,GC:NGC6760,misc,,,,,,,,
2122,J1911+09,NAN,NAN,NAN,56657,43.163,-0.207,287.75,9,0.27371,NAN,334.7,NAN,NAN,NAN,NAN,6.234,-0.022,4.265,3.953,NAN,palfa,,,,,,,,
2123,J1911+10,NAN,NAN,NAN,56657,44.05,0.256,287.75,10,0.19089,NAN,446.2,NAN,NAN,NAN,NAN,8.085,0.036,5.621,2.689,NAN,palfa,,,,,,,,
2124,J1911+1347,-2.846,-3.542,0.4,56936,47.518,1.809,287.98001509,13.79287737,0.004626,1.69E-20,30.99,NAN,NAN,0.08,NAN,1.365,0.043,1.006,7.579,NAN,pksmb,,,,,,,,
2125,J1911+1758,NAN,NAN,NAN,49079.5,51.238,3.738,287.98079167,17.97938611,0.460406,1.31E-17,48.98,NAN,1.9,NAN,NAN,1.955,0.127,1.521,7.279,NAN,ar3,,,,,,,,
2126,J1912+1036,NAN,NAN,NAN,51600,44.794,0.152,288.19304167,10.61155556,0.409349,1.58E-14,147,0,1.6,0.22,NAN,4.154,0.011,2.927,5.552,NAN,ar1,pksmb,palfa,,,,,,
2127,J1912+2104,-11.37,-5.8,0.09,48740,54.086,4.989,288.18057958,21.07609056,2.232969,1.02E-14,88.6,NAN,6,0.8,NAN,3.369,0.293,2.718,6.531,NAN,jb1,ar3,,,,,,,
2128,J1912+2525,NAN,NAN,NAN,49079.5,57.933,7.042,288.07760833,25.41725556,0.621976,2.25E-16,37.85,NAN,1.6,NAN,NAN,2.15,0.264,1.808,7.367,NAN,ar3,lotaas,,,,,,,
2129,J1913-0440,7,-5,NAN,46634,31.307,-7.124,288.47572292,-4.67991111,0.825936,4.07E-15,89.39,0,118,6.8,NAN,4.041,-0.501,2.084,5.074,NAN,mol1,jb1,mol2,gb2,pks70,pkssw,lotaa,,
2130,J1913+0446,NAN,NAN,NAN,51832.34,39.736,-2.79,288.46175,4.76833333,1.61613,2.79E-13,109.1,NAN,NAN,0.48,NAN,4.338,-0.211,2.77,5.168,NAN,pksmb,,,,,,,,
2131,J1913+0657,NAN,NAN,NAN,56700,41.644,-1.712,288.38716667,6.95675,1.257181,2.83E-15,142,NAN,NAN,0.05,NAN,5.069,-0.151,3.367,4.714,NAN,palfa,,,,,,,,
2132,J1913+0832,NAN,NAN,NAN,51685,42.98,-0.862,288.25208333,8.53475,0.134409,4.57E-15,355.2,0.01,NAN,0.9,NAN,8.204,-0.123,5.592,2.499,NAN,pksmb,palfa,,,,,,,
2133,J1913+0904,NAN,NAN,NAN,53249,43.502,-0.684,288.33775417,9.07927778,0.163246,1.76E-14,95.3,NAN,NAN,0.4,NAN,2.997,-0.036,2.063,6.326,GRS:[hsg+14],pksmb,palfa,,,,,,,
2134,J1913+0936,NAN,NAN,NAN,51600,44.034,-0.553,288.46958333,9.61161111,1.241965,4.32E-16,157,NAN,0.8,0.14,NAN,4.337,-0.042,3.014,5.382,NAN,ar1,pksmb,palfa,,,,,,
2135,J1913+1000,NAN,NAN,NAN,52187,44.285,-0.194,288.26495833,10.00066667,0.837148,1.67E-14,422,0.02,NAN,0.53,NAN,7.671,-0.026,5.356,3.009,NAN,pksmb,palfa,,,,,,,
2136,J1913+1011,NAN,NAN,NAN,51697,44.485,-0.167,288.33475417,10.18971389,0.035909,3.37E-15,178.8,0,NAN,0.9,NAN,4.613,-0.013,3.232,5.209,GRS:[sbc+19],pksmb,palfa,,,,,,,
2137,J1913+1050,NAN,NAN,NAN,56700,45.09,0.081,288.39735,10.84072222,0.190067,1.95E-16,231.1,NAN,NAN,0.06,NAN,5.446,0.008,3.857,4.655,NAN,palfa,,,,,,,,
2138,J1913+1103,NAN,NAN,NAN,56657,45.208,0.306,288.25,11.05,0.92391,NAN,628.9,NAN,NAN,0.09,NAN,12.142,0.065,8.617,-0.054,NAN,palfa,,,,,,,,
2139,J1913+1145,NAN,NAN,NAN,51290,45.92,0.476,288.43283333,11.75919444,0.306069,5.02E-15,637,0.02,NAN,0.43,NAN,13.771,0.114,9.892,-1.08,NAN,pksmb,palfa,,,,,,,
2140,J1913+1330,NAN,NAN,NAN,55090.9,47.421,1.381,288.324875,13.50910556,0.923391,8.68E-15,175.64,NAN,NAN,NAN,NAN,6.179,0.149,4.549,4.32,NAN,pksmb,palfa,,,,,,,
2141,J1913+1400,-5.28,-8.94,0.19,49910,47.881,1.592,288.35146958,14.01459972,0.521473,8.04E-16,145.05,0,5.2,1.2,NAN,5.263,0.146,3.902,4.972,NAN,ar1,ar2,ar3,pksmb,palfa,,,,
2142,J1913+3732,NAN,NAN,NAN,56100,69.097,12.128,288.36619583,37.53675,0.851079,1.38E-15,72.33,NAN,NAN,0.38,NAN,7.584,1.593,6.927,5.855,NAN,htru_eff,gbncc,,,,,,,
2143,J1914+0219,NAN,NAN,NAN,53040,37.633,-4.037,288.59914167,2.32994444,0.457527,1.02E-15,233.8,NAN,NAN,1.6,NAN,14.115,-0.994,8.597,-2.651,NAN,pksmb,,,,,,,,
2144,J1914+0631,NAN,NAN,NAN,52582,41.352,-2.071,288.57183333,6.53230556,0.693811,3.32E-17,58,NAN,NAN,0.26,NAN,1.776,-0.064,1.173,7.168,NAN,pksmb,palfa,,,,,,,
2145,J1914+0659,NAN,NAN,NAN,56351,41.785,-1.846,288.57352917,7.01972222,0.018512,3.1E-20,225.3,NAN,NAN,0.33,NAN,8.467,-0.273,5.639,2.19,NAN,palfa,,,,,,,,
2146,J1914+08,NAN,NAN,NAN,57388,43.319,-1.045,288.575,8.75,0.440048,NAN,285,NAN,NAN,NAN,NAN,7.841,-0.143,5.379,2.796,NAN,pks_superb,,,,,,,,
2147,J1914+1122,NAN,NAN,NAN,42826.5,45.623,0.199,288.54216667,11.36769444,0.600997,6.56E-16,100,NAN,1.1,0.55,NAN,3.14,0.011,2.244,6.304,NAN,ar1,ar4,pksmb,palfa,,,,,
2148,J1915+0227,NAN,NAN,NAN,53036,37.825,-4.117,288.75884167,2.46326944,0.317306,2.99E-16,192.6,NAN,NAN,0.4,NAN,10.276,-0.738,6.285,0.404,NAN,pksmb,,,,,,,,
2149,J1915+0738,NAN,NAN,NAN,49079.5,42.466,-1.803,288.85333333,7.64205556,1.542704,3.31E-15,39,NAN,1.9,0.34,NAN,1.404,-0.044,0.947,7.465,NAN,ar3,pksmb,palfa,,,,,,
2150,J1915+0752,NAN,NAN,NAN,53048,42.623,-1.614,288.75808333,7.86922222,2.058314,1.39E-16,105.3,NAN,1.7,0.21,NAN,3.566,-0.1,2.414,5.877,NAN,ar4,pksmb,palfa,,,,,,
2151,J1915+0838,NAN,NAN,NAN,52025,43.337,-1.295,288.80779167,8.64991667,0.342777,1.57E-15,358,NAN,NAN,0.29,NAN,10.84,-0.245,7.438,0.618,NAN,pksmb,palfa,,,,,,,
2152,J1915+1009,6,-17,NAN,57600,44.707,-0.651,288.8749625,10.16204722,0.404552,1.53E-14,241.69,0,23,2,NAN,7,-0.079,4.924,3.525,NAN,ar1,jb2,ar2,ar3,pksmb,palfa,,,
2153,J1915-11,NAN,NAN,NAN,56657,25.244,-10.394,288.75,-11.5,2.177,NAN,91.06,NAN,NAN,NAN,NAN,5.495,-0.991,2.305,3.611,NAN,gb350,,,,,,,,
2154,J1915+1144,NAN,NAN,NAN,56657,46.041,0.189,288.75,11.73333333,0.17365,NAN,338.3,NAN,NAN,0.08,NAN,7.221,0.024,5.198,3.488,NAN,palfa,,,,,,,,
2155,J1915+1149,NAN,NAN,NAN,56657,46.115,0.228,288.75,11.81666667,0.10004,NAN,702.1,NAN,NAN,NAN,NAN,14.165,0.056,10.209,-1.319,NAN,palfa,,,,,,,,
2156,J1915+1410,NAN,NAN,NAN,53399,48.275,1.2,288.89756667,14.18097222,0.297494,4.89E-17,273.7,NAN,NAN,0.13,NAN,7.128,0.149,5.319,3.757,NAN,pksmb,palfa,,,,,,,
2157,J1915+1647,NAN,NAN,NAN,48867,50.552,2.468,288.82962409,16.78568769,1.616231,4.05E-16,62.57,NAN,4.5,NAN,NAN,2.196,0.095,1.694,7.106,NAN,ar1,ar2,ar3,ar4,palfa,lotaas,,,
2158,J1916+0748,NAN,NAN,NAN,53048,42.772,-2.047,289.21458333,7.8,0.541752,1.07E-14,304,NAN,1.14,2.8,NAN,11.779,-0.421,7.994,-0.141,NAN,ar4,pksmb,palfa,,,,,,
2159,J1916+0844,NAN,NAN,NAN,52018,43.538,-1.493,289.07950417,8.73527778,0.439995,2.9E-15,339.4,0.01,NAN,0.44,NAN,11.008,-0.287,7.58,0.523,NAN,pksmb,palfa,,,,,,,
2160,J1916+0852,NAN,NAN,NAN,52352,43.674,-1.448,289.1025,8.87666667,2.182746,1.31E-14,295,NAN,NAN,0.13,NAN,9.391,-0.237,6.483,1.71,NAN,pksmb,palfa,,,,,,,
2161,J1916+0951,-8.786,-2.073,NAN,49910,44.556,-1.019,289.13476905,9.85721612,0.270254,2.52E-15,60.95,0,20,1.6,NAN,1.904,-0.034,1.336,7.144,NAN,ar1,mol2,jb2,gb3,ar2,ar3,pksmb,palf,
2162,J1916+1023,NAN,NAN,NAN,52529,45.031,-0.79,289.15379167,10.38416667,1.618339,6.81E-16,329.8,NAN,NAN,0.36,NAN,7.747,-0.107,5.48,3.026,NAN,pksmb,,,,,,,,
2163,J1916+1030,NAN,NAN,NAN,47469.83,45.099,-0.638,289.04883333,10.51483333,0.62897,3.4E-17,387.2,0.02,NAN,0.22,NAN,8.148,-0.091,5.771,2.749,NAN,misc,pksmb,palfa,,,,,,
2164,J1916+1225,NAN,NAN,NAN,54570,46.811,0.225,289.08352083,12.43165,0.227387,2.35E-14,265.31,NAN,NAN,0.09,NAN,6.486,0.026,4.729,4.061,NAN,palfa,,,,,,,,
2165,J1916+1312,NAN,NAN,NAN,57600,47.576,0.451,289.24445833,13.21388889,0.281845,3.66E-15,237.01,0,12,1.2,NAN,4.5,0.035,3.322,5.464,NAN,ar1,jb2,ar3,pksmb,palfa,,,,
2166,J1916-2939,NAN,NAN,NAN,57346,8.245,-18.07,289.13625417,-29.65772222,1.248617,1.24E-15,38.34,NAN,NAN,NAN,NAN,1.6,-0.496,0.218,6.995,NAN,gbncc,,,,,,,,
2167,J1916+3224,NAN,NAN,NAN,57638,64.627,9.43,289.01445,32.41102778,1.13745,3.47E-15,84.11,NAN,NAN,NAN,NAN,7.945,1.302,7.082,5.141,NAN,lotaas,,,,,,,,
2168,J1917+0834,NAN,NAN,NAN,52345,43.575,-1.892,289.45355417,8.58184167,2.129665,1.75E-14,29.18,NAN,0.44,0.31,NAN,1.231,-0.041,0.848,7.609,NAN,misc,pksmb,,,,,,,
2169,J1917+1353,-1.28,3.81,0.17,49763,48.26,0.624,289.41577667,13.89918806,0.194631,7.2E-15,94.54,0,43,6.8,NAN,5.882,0.064,4.389,4.584,NAN,misc,ar1,mol2,jb2,gb3,ar2,ar3,pksmb,
2170,J1917+1737,NAN,NAN,NAN,55070,51.528,2.418,289.3499,17.62544444,0.334725,3.24E-16,208,NAN,NAN,0.05,NAN,5.53,0.233,4.326,5.063,NAN,palfa,,,,,,,,
2171,J1917+2224,NAN,NAN,NAN,49724,55.785,4.553,289.43428307,22.38021094,0.425897,2.86E-15,134.75,NAN,3,0.36,NAN,4.965,0.394,4.093,5.717,NAN,ar2,lotaas,,,,,,,
2172,J1918-1052,NAN,NAN,NAN,55026,26.226,-10.963,289.70102917,-10.87955,0.798693,8.65E-16,62.73,NAN,NAN,NAN,NAN,2.966,-0.564,1.287,5.888,NAN,gb350,,,,,,,,
2173,J1918+1310,NAN,NAN,NAN,56657,47.65,0.209,289.5,13.16666667,0.85674,NAN,247.4,NAN,NAN,NAN,NAN,6.297,0.023,4.654,4.258,NAN,palfa,,,,,,,,
2174,J1918+1444,NAN,NAN,NAN,49690,49.096,0.866,289.59849272,14.75166717,1.181023,2.12E-13,27.2,NAN,1.6,1,NAN,1.304,0.02,0.985,7.646,NAN,ar1,jb2,ar3,pksmb,palfa,,,,
2175,J1918+1541,NAN,NAN,NAN,49079.5,49.894,1.36,289.53208333,15.68755556,0.370883,2.54E-15,13,NAN,0.8,NAN,NAN,0.802,0.019,0.613,7.983,NAN,ar3,,,,,,,,
2176,J1919+0021,10.11,-4.7,0.17,49427,36.506,-6.151,289.96113125,0.36103389,1.27226,7.67E-15,90.31,NAN,16,0.8,NAN,5.882,-0.63,3.479,3.799,NAN,jb1,mol2,gb2,gb3,pks70,ar4,pkssw,lo,
2177,J1919+0134,NAN,NAN,NAN,51650,37.582,-5.563,289.93175,1.58236111,1.603984,5.89E-16,191.9,NAN,NAN,2.1,NAN,14.371,-1.393,8.724,-2.835,NAN,pkssw,pksmb,,,,,,,
2178,J1919+1314,NAN,NAN,NAN,54790,47.895,-0.088,289.88744167,13.24369444,0.5714,3.79E-15,613.4,NAN,NAN,0.22,NAN,13.026,-0.02,9.664,-0.234,NAN,palfa,,,,,,,,
2179,J1919+1645,NAN,NAN,NAN,53560,50.954,1.642,289.7885125,16.75631111,0.56279,2.16E-16,208,NAN,NAN,0.16,NAN,5.414,0.155,4.203,5.091,NAN,pksngp,,,,,,,,
2180,J1919+1745,NAN,NAN,NAN,55320,51.897,1.987,289.93059167,17.75105278,2.081343,1.71E-15,142.3,NAN,NAN,0.19,NAN,4.094,0.142,3.22,5.975,NAN,palfa,,,,,,,,
2181,J1919+2621,NAN,NAN,NAN,NAN,59.535,5.993,289.9208875,26.35818333,0.651512,5.46E-16,96.5,NAN,NAN,0.57,NAN,6.099,0.637,5.228,5.425,NAN,fast_uwb,,,,,,,,
2182,J1920-0950,NAN,NAN,NAN,57037,27.417,-10.977,290.23304167,-9.83361111,1.037824,3.93E-16,93,NAN,NAN,0.2,NAN,6.186,-1.178,2.796,3.109,NAN,htru_pks,,,,,,,,
2183,J1920+1040,NAN,NAN,NAN,52596,45.784,-1.59,290.23075,10.67527778,2.215802,6.48E-15,304,NAN,NAN,0.57,NAN,10.151,-0.282,7.273,1.424,NAN,pksmb,palfa,,,,,,,
2184,J1920+1110,NAN,NAN,NAN,51719,46.152,-1.199,290.05545833,11.18305556,0.509886,1.56E-16,182,0.03,NAN,0.39,NAN,6.134,-0.128,4.423,4.252,NAN,pksmb,ar4,palfa,,,,,,
2185,J1920+2650,NAN,NAN,NAN,49912,60.068,6.027,290.15989412,26.84400048,0.785522,3.44E-17,27.71,NAN,6,NAN,NAN,1.722,0.181,1.484,7.646,NAN,gb2,ar4,gb4,lotaas,,,,,
2186,J1921-05,NAN,NAN,NAN,56017,31.481,-9.034,290.26666667,-5.38555556,2.22759,NAN,98,NAN,NAN,NAN,NAN,5.748,-0.903,2.964,3.659,NAN,htru_pks,,,,,,,,
2187,J1921-051,NAN,NAN,NAN,NAN,31.822,-8.846,290.25,-5,2.228,NAN,80.7,NAN,NAN,NAN,NAN,4.032,-0.62,2.101,5.115,NAN,gbncc,,,,,,,,
2188,J1921+0812,NAN,NAN,NAN,53277,43.71,-2.934,290.44876667,8.21440556,0.210648,5.36E-15,84,NAN,NAN,0.66,NAN,2.896,-0.148,1.999,6.409,NAN,pksmb,,,,,,,,
2189,J1921+1419,NAN,NAN,NAN,48741,49.058,0.021,290.35066643,14.32140937,0.618183,5.6E-15,91.64,0.01,3.2,0.68,NAN,2.81,0.001,2.123,6.659,NAN,ar1,jb2,pksmb,palfa,lotaas,,,,
2190,J1921+1544,NAN,NAN,NAN,53632,50.35,0.609,290.44363458,15.73818333,0.143576,9.8E-16,385,NAN,NAN,0.21,NAN,9.038,0.096,6.958,2.733,NAN,pksngp,palfa,,,,,,,
2191,J1921+16,NAN,NAN,NAN,56657,50.494,0.896,290.25,16,0.93643,NAN,204.7,NAN,NAN,NAN,NAN,5.353,0.084,4.13,5.095,NAN,palfa,,,,,,,,
2192,J1921+1948,NAN,NAN,NAN,48739,53.869,2.672,290.26583304,19.8124072,0.821035,8.96E-16,153.85,0,34,1.7,NAN,4.322,0.201,3.487,5.954,NAN,jb1,ar1,mol2,gb3,ar2,ar3,gb4,lotaas,
2193,J1921+2003,NAN,NAN,NAN,51600,54.172,2.621,290.4649875,20.05577778,0.760681,5E-17,101,0,2.3,NAN,NAN,3.292,0.151,2.666,6.575,NAN,ar1,,,,,,,,
2194,J1921+2153,17,32,NAN,48999,55.777,3.501,290.43672917,21.88395833,1.337302,1.35E-15,12.44,0,57,18.8,NAN,0.3,0.018,0.248,8.332,NAN,misc,jb1,ar1,gb1,gb3,ar2,ar3,gb4,lo
2195,J1922+1131,NAN,NAN,NAN,56700,46.762,-1.601,290.70945833,11.53291667,0.562074,2.57E-17,335,NAN,NAN,0.13,NAN,10.486,-0.293,7.636,1.32,NAN,palfa,,,,,,,,
2196,J1922+1733,NAN,NAN,NAN,53595,52.08,1.23,290.72174167,17.55651944,0.236171,1.34E-14,238,NAN,NAN,1.16,NAN,5.36,0.115,4.227,5.207,NAN,pksngp,palfa,,,,,,,
2197,J1922+2018,NAN,NAN,NAN,49670,54.417,2.678,290.53336196,20.29925534,1.172763,6.49E-16,203.31,NAN,3.8,NAN,NAN,5.28,0.247,4.289,5.431,NAN,ar1,ar3,,,,,,,
2198,J1922+2110,NAN,NAN,NAN,49879,55.278,2.935,290.72304864,21.17832376,1.077924,8.18E-15,217.09,0,30,1.4,NAN,4,0.205,3.283,6.225,NAN,jb1,ar1,gb1,gb3,ar2,ar3,lotaas,,
2199,J1922+58,NAN,NAN,NAN,56292,89.671,19.073,290.5,58.46666667,0.529623,NAN,53,NAN,3.1,NAN,NAN,5.367,1.754,5.072,8.471,NAN,gbncc,lotaas,,,,,,,
2200,J1923+1706,NAN,NAN,NAN,51600,51.707,0.965,290.78270833,17.10261111,0.547209,4.3E-17,142.5,NAN,1.5,0.41,NAN,3.975,0.067,3.119,6.037,NAN,ar1,ar3,ar4,palfa,,,,,
2201,J1923+2515,-6.965,-14.172,1.2,56583,58.946,4.749,290.84371922,25.26127552,0.003788,9.56E-21,18.86,NAN,NAN,0.22,NAN,1.201,0.099,1.025,7.883,NAN,gb350,,,,,,,,
2202,J1923+4243,NAN,NAN,NAN,56525,74.715,12.643,290.81350349,42.72184543,0.595193,2.53E-15,52.99,NAN,NAN,NAN,NAN,4.684,1.025,4.409,7.295,NAN,gbncc,lotaas,,,,,,,
2203,J1924+1628,NAN,NAN,NAN,56657,51.245,0.481,291,16.46666667,0.37509,NAN,542.9,NAN,NAN,0.09,NAN,10.663,0.09,8.315,1.825,NAN,palfa,,,,,,,,
2204,J1924+1631,NAN,NAN,NAN,54690,51.405,0.318,291.22866667,16.53022222,2.935186,3.64E-13,518.5,NAN,NAN,0.09,NAN,10.183,0.057,7.959,2.148,NAN,palfa,,,,,,,,
2205,J1924+1639,NAN,NAN,NAN,53720,51.422,0.562,291.01296458,16.66132111,0.158043,2.56E-15,208,NAN,NAN,0.21,NAN,5.059,0.05,3.955,5.345,NAN,pksngp,palfa,,,,,,,
2206,J1924+17,NAN,NAN,NAN,56657,51.715,0.733,291,17,0.75843,NAN,527.4,NAN,NAN,NAN,NAN,10.655,0.136,8.363,1.899,NAN,palfa,,,,,,,,
2207,J1924+2040,NAN,NAN,NAN,43957.49,55.022,2.328,291.16666667,20.6675,0.23779,2.09E-15,213,0,4,NAN,NAN,5.465,0.222,4.474,5.37,NAN,ar1,,,,,,,,
2208,J1925-16,NAN,NAN,NAN,55196,22.13,-14.537,291.275,-16.01666667,3.8858,NAN,88,NAN,NAN,NAN,NAN,7.935,-1.992,2.893,1.385,NAN,htru_pks,,,,,,,,
2209,J1925+1720,NAN,NAN,NAN,56700,52.179,0.59,291.36262917,17.34091944,0.075659,1.05E-14,223.3,NAN,NAN,0.07,NAN,5.06,0.052,3.997,5.397,GRS:3FGL_J1925.4+1727[lsb+17,sbc+19],palfa,,,,,,,
2210,J1925+19,NAN,NAN,NAN,54346,53.697,1.412,291.35833333,19.06666667,1.916353,NAN,328,NAN,NAN,NAN,NAN,8.329,0.205,6.71,3.57,NAN,pksngp,,,,,,,,
2211,J1926+0431,NAN,NAN,NAN,57600,40.98,-5.674,291.60196667,4.52542778,1.07408,2.46E-15,102.24,0,22,NAN,NAN,4.995,-0.494,3.26,4.748,NAN,mol2,pkssw,gb4,lotaas,,,,,
2212,J1926-0652,NAN,NAN,NAN,58210,30.751,-10.936,291.6543375,-6.87852778,1.608816,3.91E-16,85.3,NAN,NAN,1.01,NAN,5.286,-1.003,2.654,4.04,NAN,fast_uwb,,,,,,,,
2213,J1926+0737,NAN,NAN,NAN,54833.6,43.739,-4.256,291.64058333,7.61866667,0.318062,3.75E-16,159,NAN,NAN,0.11,NAN,8.722,-0.647,6.014,2.216,NAN,pksmb,,,,,,,,
2214,J1926-1314,NAN,NAN,NAN,55791,24.922,-13.763,291.7243125,-13.23438889,4.864284,3.64E-14,40.83,NAN,NAN,NAN,NAN,1.531,-0.364,0.627,7.151,NAN,gb350,,,,,,,,
2215,J1926+1434,NAN,NAN,NAN,48717,49.923,-1.039,291.73844133,14.58203825,1.324922,2.19E-16,211.41,0,9,0.48,NAN,5.649,-0.102,4.322,4.864,NAN,ar1,jb2,ar3,pksmb,palfa,,,,
2216,J1926+1613,NAN,NAN,NAN,56657,51.252,-0.06,291.5,16.21666667,0.3083,NAN,32.9,NAN,NAN,NAN,NAN,1.519,-0.002,1.185,7.549,NAN,palfa,,,,,,,,
2217,J1926+1648,5.942,-15.156,NAN,49857,51.859,0.063,291.68884545,16.80910566,0.579823,1.8E-14,176.88,0,8,1.3,NAN,6,0.007,4.719,4.794,NAN,ar1,jb2,ar2,ar3,ar4,palfa,,,
2218,J1926+1928,NAN,NAN,NAN,51600,54.158,1.407,291.59508333,19.46991667,1.346012,1.43E-15,445,NAN,0.8,NAN,NAN,10.569,0.259,8.565,2.313,NAN,ar1,,,,,,,,
2219,J1926+2016,NAN,NAN,NAN,53595,54.851,1.802,291.57526667,20.26698056,0.299072,3.5E-15,247,NAN,NAN,0.12,NAN,5.948,0.187,4.861,5.077,NAN,pksngp,palfa,,,,,,,
2220,J1927+0911,NAN,NAN,NAN,53454,45.224,-3.705,291.85678333,9.18491667,0.290305,6.35E-17,202.7,NAN,NAN,0.16,NAN,10.939,-0.707,7.749,0.811,NAN,pksmb,,,,,,,,
2221,J1927+1852,NAN,NAN,NAN,51600,53.718,0.956,291.793425,18.86902778,0.482766,1.16E-16,254,NAN,3.4,0.44,NAN,5.302,0.088,4.273,5.363,NAN,ar1,ar3,palfa,,,,,,
2222,J1927+1856,NAN,NAN,NAN,51600,53.811,0.941,291.85404167,18.94355556,0.298313,2.24E-15,99,NAN,2.2,0.55,NAN,3.1,0.051,2.502,6.67,NAN,ar1,ar3,palfa,,,,,,
2223,J1927+2234,NAN,NAN,NAN,42830.5,56.983,2.73,291.78366667,22.58258333,1.431066,7.71E-16,180,NAN,6,NAN,NAN,6.712,0.32,5.622,4.847,NAN,ar1,ar3,,,,,,,
2224,J1928+1443,NAN,NAN,NAN,56700,50.178,-1.22,292.02829167,14.71980556,1.010739,2.1E-16,101,NAN,NAN,0.17,NAN,3.079,-0.066,2.364,6.529,NAN,palfa,,,,,,,,
2225,J1928+15,NAN,NAN,NAN,54466,50.64,-1.03,292.08333333,15.21666667,0.403,NAN,242,NAN,NAN,NAN,NAN,5.746,-0.103,4.442,4.857,NAN,palfa,,,,,,,,
2226,J1928+1746,NAN,NAN,NAN,54770,52.931,0.114,292.17730417,17.77489444,0.06873,1.32E-14,176.68,NAN,NAN,0.28,NAN,4.337,0.009,3.461,5.886,GRS:[sbc+19],palfa,,,,,,,,
2227,J1928+1923,NAN,NAN,NAN,53640,54.281,1.016,292.0215125,19.39203333,0.81733,6.35E-15,476,NAN,NAN,0.64,NAN,10.566,0.187,8.577,2.332,NAN,pksngp,palfa,,,,,,,
2228,J1929+00,NAN,NAN,NAN,49717,37.687,-8.253,292.36666667,0.43333333,1.1669,NAN,33,NAN,NAN,NAN,NAN,1.259,-0.181,0.762,7.514,NAN,ar4,pkssw,lotaas,,,,,,
2229,J1929+1357,NAN,NAN,NAN,56440,49.633,-1.81,292.29425,13.95997222,0.866927,3.66E-15,150.7,NAN,NAN,2.2,NAN,4.768,-0.151,3.631,5.413,NAN,palfa,,,,,,,,
2230,J1929+16,NAN,NAN,NAN,53480,51.747,-0.692,292.325,16.35,0.529681,NAN,12,NAN,NAN,NAN,NAN,0.762,-0.009,0.598,8.028,NAN,pksngp,,,,,,,,
2231,J1929+1844,NAN,NAN,NAN,51600,53.852,0.461,292.31991667,18.74986111,1.22047,2.36E-15,112,NAN,1.7,NAN,NAN,3.324,0.027,2.684,6.539,NAN,ar1,lotaas,,,,,,,
2232,J1929+19,NAN,NAN,NAN,53363,54.173,0.568,292.38333333,19.08333333,0.339215,NAN,527,NAN,NAN,NAN,NAN,11.625,0.115,9.425,1.696,NAN,pksngp,,,,,,,,
2233,J1929+1955,NAN,NAN,NAN,53595,54.879,1.018,292.32321375,19.91886389,0.257832,2.56E-15,281,NAN,NAN,0.42,NAN,6.603,0.117,5.4,4.702,NAN,pksngp,palfa,,,,,,,
2234,J1929+2121,NAN,NAN,NAN,53635,56.117,1.751,292.2676625,21.3563,0.723599,2.14E-15,66,NAN,NAN,0.23,NAN,2.653,0.081,2.201,7.022,NAN,pksngp,,,,,,,,
2235,J1929+3817,NAN,NAN,NAN,57545,71.174,9.689,292.279225,38.29930556,0.814215,6.1E-16,93.4,NAN,NAN,NAN,NAN,9.321,1.569,8.697,5.535,NAN,gbncc,,,,,,,,
2236,J1929+62,NAN,NAN,NAN,56292,93.758,19.635,292.25,62.26666667,1.456004,NAN,67.7,NAN,1.4,NAN,NAN,11.972,4.023,11.252,9.239,NAN,gbncc,lotaas,,,,,,,
2237,J1930+1316,NAN,NAN,NAN,42828.5,49.124,-2.319,292.50394583,13.26975,0.760032,3.66E-15,207.3,NAN,5,0.18,NAN,6.339,-0.256,4.789,4.355,NAN,ar1,pksmb,,,,,,,
2238,J1930+14,NAN,NAN,NAN,56657,49.764,-1.966,292.5,14,0.42571,NAN,209.2,NAN,NAN,0.04,NAN,5.937,-0.204,4.53,4.667,NAN,palfa,,,,,,,,
2239,J1930+17,NAN,NAN,NAN,53443,52.847,-0.481,292.68333333,17.41666667,1.60969,NAN,201,NAN,NAN,0.12,NAN,4.663,-0.039,3.716,5.684,NAN,pksngp,palfa,,,,,,,
2240,J1930+1852,NAN,NAN,NAN,52280,54.096,0.265,292.62554167,18.87058333,0.136855,7.51E-13,308,NAN,NAN,0.06,NAN,7,0.032,5.67,4.395,SNR:G54.1+0.3,XRS:,misc,,,,,,,
2241,J1931-0144,NAN,NAN,NAN,NAN,35.974,-9.711,292.8834375,-1.73958333,0.593661,2.93E-17,38.3,NAN,NAN,0.2,NAN,1.387,-0.234,0.803,7.394,NAN,fast_uwb,,,,,,,,
2242,J1931+1439,NAN,NAN,NAN,56700,50.539,-2.005,292.91847083,14.66075,1.779226,6.33E-15,243,NAN,NAN,0.08,NAN,6.123,-0.214,4.724,4.611,NAN,palfa,,,,,,,,
2243,J1931+1536,NAN,NAN,NAN,51600,51.406,-1.599,292.982125,15.61597222,0.314355,5.01E-15,140,NAN,1.2,0.36,NAN,4.011,-0.112,3.134,5.999,NAN,ar1,palfa,,,,,,,
2244,J1931+1952,NAN,NAN,NAN,53560,55.134,0.451,292.98276667,19.86986111,0.501123,1.01E-16,441,NAN,NAN,0.13,NAN,9.625,0.076,7.897,2.998,NAN,pksngp,palfa,,,,,,,
2245,J1931+30,NAN,NAN,NAN,49717,64.506,5.674,292.86666667,30.58333333,0.582126,NAN,56,NAN,NAN,NAN,NAN,3.974,0.393,3.569,6.798,NAN,ar4,,,,,,,,
2246,J1932-01,NAN,NAN,NAN,NAN,36.604,-9.592,293.0625,-1.13333333,0.5937,NAN,35.5,NAN,NAN,NAN,NAN,1.324,-0.221,0.778,7.452,NAN,misc,,,,,,,,
2247,J1932+1059,94.09,42.99,2.77,57600,47.382,-3.885,293.05857083,10.99260556,0.226519,1.16E-15,3.18,0,303,28.7,NAN,0.31,-0.021,0.228,8.291,NAN,mol1,jb1,ar1,mol2,ar2,ar3,ar4,pksmb,
2248,J1932+1916,NAN,NAN,NAN,55214,54.661,0.083,293.08208333,19.2775,0.208215,9.32E-14,NAN,NAN,NAN,0,NAN,NAN,0,0,8.5,GRS:3FGL_J1932.2+1916,FermiBlind,,,,,,,,
2249,J1932+2020,NAN,NAN,NAN,49887,55.575,0.639,293.03343136,20.34622569,0.268217,4.22E-15,211.15,0,29,1.2,NAN,5,0.056,4.124,5.674,NAN,ar1,jb2,gb3,ar2,ar3,palfa,,,
2250,J1932+2220,NAN,NAN,NAN,51418,57.356,1.554,293.0947578,22.34763525,0.14447,5.76E-14,219.2,0,7.8,1.2,NAN,10.9,0.296,9.175,2.623,GRS:[sbc+19],ar1,gb3,ar2,ar3,,,,,
2251,J1932-3655,NAN,NAN,NAN,57600,2.072,-23.546,293.02553333,-36.91716111,0.571421,2.86E-16,59.88,NAN,9,0.7,NAN,6.724,-2.686,0.223,2.34,NAN,pks70,pkssw,,,,,,,
2252,J1933+0758,NAN,NAN,NAN,53048,44.845,-5.565,293.3308625,7.96861389,0.437454,2.18E-16,165.02,NAN,0.34,NAN,NAN,11.157,-1.082,7.831,0.627,NAN,ar4,,,,,,,,
2253,J1933+1304,NAN,NAN,NAN,51600,49.351,-3.127,293.34387083,13.08054722,0.928324,3.18E-16,177.01,NAN,2,0.42,NAN,6.084,-0.332,4.609,4.543,NAN,ar1,ar3,pksmb,,,,,,
2254,J1933+2421,NAN,NAN,NAN,50629,59.478,2.394,293.40763705,24.6110097,0.81369,8.11E-15,106.03,NAN,7.5,NAN,NAN,4.639,0.194,3.993,6.146,NAN,gb3,ar3,gb4,lotaas,,,,,
2255,J1933+5335,NAN,NAN,NAN,57546,85.591,15.765,293.25458333,53.59527778,2.052574,1.26E-15,33.54,NAN,NAN,NAN,NAN,2.515,0.683,2.413,8.314,NAN,lotaas,,,,,,,,
2256,J1934+19,NAN,NAN,NAN,56657,54.609,-0.397,293.5,19,0.23099,NAN,97.6,NAN,NAN,0.1,NAN,3.112,-0.022,2.537,6.698,NAN,palfa,,,,,,,,
2257,J1934+2352,NAN,NAN,NAN,54650,58.966,1.814,293.69245833,23.88219444,0.178432,1.31E-13,355.5,NAN,NAN,0.06,NAN,12.204,0.386,10.452,2.211,NAN,palfa,,,,,,,,
2258,J1934+5219,NAN,NAN,NAN,56525,84.493,15.046,293.59950982,52.33265609,0.568442,8.4E-17,71.9,NAN,NAN,NAN,NAN,7.713,2.002,7.414,7.785,NAN,gbncc,lotaas,,,,,,,
2259,J1935+1159,NAN,NAN,NAN,53400,48.613,-4.059,293.81698333,11.98588889,1.939758,9.48E-16,188.76,NAN,1,0.17,NAN,8.421,-0.596,6.302,2.947,NAN,ar4,,,,,,,,
2260,J1935+1616,1.13,-16.09,0.22,52275,52.436,-2.093,293.94927458,16.27777389,0.358738,6E-15,158.52,0,242,58,NAN,3.7,-0.135,2.931,6.246,NAN,jb1,ar1,mol2,gb3,ar2,ar3,ar4,gb4,pa
2261,J1935+1745,NAN,NAN,NAN,51600,53.691,-1.313,293.874875,17.75338889,0.654408,3.78E-16,214.6,0,1.3,0.16,NAN,4.85,-0.111,3.907,5.629,NAN,ar1,palfa,,,,,,,
2262,J1935+2025,NAN,NAN,NAN,53460,56.051,-0.053,293.92475417,20.42780556,0.080118,6.08E-14,182,NAN,NAN,0.5,NAN,4.598,-0.004,3.814,5.932,NAN,pksngp,palfa,,,,,,,
2263,J1935+2154,NAN,NAN,NAN,56866,57.247,0.819,293.732,21.89672222,3.24498,NAN,NAN,NAN,NAN,NAN,NAN,NAN,0,0,8.5,XRS:SGR_1935+2154,SNR:G57.2+0.8(?)[gae14,misc,,,,,,,
2264,J1936+1536,NAN,NAN,NAN,42830.5,51.879,-2.465,294.00633333,15.61,0.967338,4.04E-15,165,0,2,NAN,NAN,4.624,-0.199,3.634,5.648,NAN,ar1,,,,,,,,
2265,J1936+20,NAN,NAN,NAN,56657,55.712,-0.323,294,20,1.39088,NAN,205.1,NAN,NAN,NAN,NAN,4.864,-0.027,4.019,5.76,NAN,palfa,,,,,,,,
2266,J1936+21,NAN,NAN,NAN,53281,56.814,0.164,294.12083333,21.2,0.642932,NAN,264,NAN,NAN,NAN,NAN,8.139,0.023,6.812,4.045,NAN,pksngp,palfa,,,,,,,
2267,J1937-00,NAN,NAN,NAN,56453,37.943,-10.288,294.2875,-0.28333333,0.2401,NAN,68.6,NAN,NAN,NAN,NAN,3.51,-0.627,2.124,5.776,NAN,ar327,,,,,,,,
2268,J1937+1505,NAN,NAN,NAN,51969,51.569,-2.981,294.31795833,15.08861111,2.872774,5.61E-15,237,NAN,NAN,0.13,NAN,6.45,-0.335,5.046,4.496,NAN,pksmb,,,,,,,,
2269,J1937+2544,-10.04,-13.06,0.32,49703,60.836,2.27,294.25522667,25.73706556,0.20098,6.43E-16,53.22,NAN,6.6,1.4,NAN,3.125,0.124,2.727,6.978,NAN,gb2,ar3,lotaas,,,,,,
2270,J1937+2950,NAN,NAN,NAN,54250,64.504,4.115,294.44834583,29.83383333,1.657429,3.48E-15,113.99,NAN,NAN,0.08,NAN,7.477,0.536,6.731,5.29,NAN,misc,,,,,,,,
2271,J1938+0650,NAN,NAN,NAN,51824,44.386,-7.101,294.47275,6.835,1.121562,5.68E-15,70.8,NAN,3.2,NAN,NAN,2.832,-0.35,1.966,6.492,NAN,ar4,pkssw,lotaas,,,,,,
2272,J1938+14,NAN,NAN,NAN,57022,51.352,-3.391,294.57916667,14.7,2.90251,NAN,74.2,NAN,NAN,NAN,NAN,2.544,-0.15,1.983,6.914,NAN,ar327,lotaas,,,,,,,
2273,J1938+2010,NAN,NAN,NAN,54940,56.115,-0.672,294.53475,20.18102778,0.687082,3.4E-15,327.7,NAN,NAN,0.1,NAN,8.812,-0.103,7.315,3.587,NAN,palfa,pksngp,,,,,,,
2274,J1938+2213,NAN,NAN,NAN,53500,57.903,0.308,294.55908333,22.22018889,0.166116,4.24E-14,91,NAN,1,0.59,NAN,3.419,0.018,2.896,6.683,NAN,ar4,pksngp,palfa,,,,,,
2275,J1939+10,NAN,NAN,NAN,49717,47.993,-5.497,294.79583333,10.75,2.31,NAN,90,NAN,1.2,NAN,NAN,3.552,-0.34,2.627,6.134,NAN,misc,,,,,,,,
2276,J1939+2134,0.07,-0.401,0.22,55000,57.509,-0.29,294.91067177,21.58309047,0.001558,1.05E-19,71.02,0,240,15.2,NAN,3.5,-0.018,2.952,6.62,NAN,ar2,ar3,ar4,palfa,,,,,
2277,J1939+2449,NAN,NAN,NAN,50679,60.174,1.361,294.77331993,24.71544632,0.645302,1.83E-14,142.88,NAN,3,NAN,NAN,7.115,0.169,6.171,4.962,NAN,ar2,ar3,palfa,,,,,,
2278,J1940+0239,NAN,NAN,NAN,56413,40.945,-9.688,295.1375,2.61138889,1.23224,NAN,87.2,NAN,NAN,NAN,NAN,5.292,-0.891,3.419,4.56,NAN,htru_pks,,,,,,,,
2279,J1940+2245,NAN,NAN,NAN,56700,58.629,0.127,295.11518333,22.76295,0.258912,1.27E-14,222.4,NAN,NAN,0.15,NAN,8.081,0.018,6.9,4.293,NAN,palfa,,,,,,,,
2280,J1940+2337,NAN,NAN,NAN,54560,59.397,0.529,295.14785833,23.62958333,0.546824,7.68E-14,252.1,NAN,NAN,0.07,NAN,8.468,0.078,7.288,4.189,NAN,palfa,,,,,,,,
2281,J1940-24,NAN,NAN,NAN,NAN,15.854,-20.883,295,-24,0.0982,NAN,53.4,NAN,NAN,NAN,NAN,3.905,-1.392,0.997,4.99,NAN,gbncc,,,,,,,,
2282,J1940-2403,NAN,NAN,NAN,49000,15.848,-21.007,295.125,-24.05,1.855276,NAN,63.3,NAN,NAN,NAN,NAN,6.306,-2.261,1.608,2.837,NAN,pks70,,,,,,,,
2283,J1941+0121,NAN,NAN,NAN,55026,39.909,-10.434,295.31682917,1.36097222,0.217317,1.91E-16,52.7,NAN,NAN,NAN,NAN,2.155,-0.39,1.36,6.874,NAN,gb350,lotaas,,,,,,,
2284,J1941+1026,NAN,NAN,NAN,49079.5,48.004,-6.153,295.384725,10.44044444,0.905394,9.96E-16,138.91,NAN,1.8,NAN,NAN,7.971,-0.854,5.89,3.197,NAN,ar3,,,,,,,,
2285,J1941+1341,NAN,NAN,NAN,53041,50.799,-4.468,295.27027917,13.69177778,0.559084,1.24E-15,147.9,NAN,NAN,0.17,NAN,5.459,-0.425,4.217,5.06,NAN,pksmb,,,,,,,,
2286,J1941+2525,NAN,NAN,NAN,54920,61.037,1.263,295.33666667,25.41813889,2.306153,1.61E-13,314.4,NAN,NAN,0.24,NAN,11.168,0.246,9.769,3.093,NAN,palfa,,,,,,,,
2287,J1941-2602,12,-10,NAN,50076,13.901,-21.824,295.25169583,-26.03493056,0.402858,9.56E-16,50.04,NAN,13,1.9,NAN,3.564,-1.325,0.795,5.288,NAN,mol2,pks70,pkssw,,,,,,
2288,J1941+4320,NAN,NAN,NAN,56375,76.846,9.864,295.49548169,43.33509027,0.840906,1.15E-15,79.36,NAN,NAN,NAN,NAN,6.514,1.116,6.249,7.039,NAN,gbncc,lotaas,,,,,,,
2289,J1942+0147,NAN,NAN,NAN,56582,40.477,-10.472,295.6125,1.83638889,1.40504,NAN,133.3,NAN,NAN,NAN,NAN,25,-4.544,15.958,-10.2,NAN,ar327,htru_pks,,,,,,,
2290,J1942+1743,NAN,NAN,NAN,51600,54.427,-2.68,295.50429167,17.72452778,0.696262,1.01E-16,190,NAN,2.8,NAN,NAN,4.915,-0.23,3.993,5.644,NAN,ar1,ar3,,,,,,,
2291,J1942+8106,NAN,NAN,NAN,56500,113.371,24.825,295.72783363,81.10481316,0.203558,3.69E-17,40.24,NAN,NAN,NAN,NAN,3.478,1.46,2.898,9.752,NAN,gbncc,lotaas,,,,,,,
2292,J1943+0609,NAN,NAN,NAN,51650,44.465,-8.641,295.87138333,6.166,0.446226,4.66E-16,70.76,NAN,NAN,0.7,NAN,3.269,-0.491,2.264,6.193,NAN,pkssw,ar4,lotaas,,,,,,
2293,J1943-1237,NAN,NAN,NAN,48717,27.255,-17.158,295.85617215,-12.62844944,0.972429,1.66E-15,28.92,0,12.9,1.2,NAN,1.204,-0.355,0.527,7.477,NAN,mol2,gb2,pks70,pkssw,,,,,
2294,J1944+0907,14.067,-22.733,0.5,56570,47.16,-7.357,296.03887882,9.12305734,0.005185,1.73E-20,24.36,NAN,3.9,2.6,NAN,1.218,-0.156,0.886,7.679,NAN,ar4,,,,,,,,
2295,J1944-10,NAN,NAN,NAN,56657,29.535,-16.289,296,-10.28333333,0.409135,NAN,31.01,NAN,NAN,NAN,NAN,1.282,-0.36,0.607,7.429,NAN,gb350,,,,,,,,
2296,J1944-1750,NAN,NAN,NAN,49905,22.314,-19.426,296.02183272,-17.83640601,0.841158,9.86E-16,56.32,NAN,7.5,0.3,NAN,4.121,-1.371,1.476,4.905,NAN,mol2,pks70,pkssw,,,,,,
2297,J1944+1755,NAN,NAN,NAN,51600,54.902,-3.098,296.1325,17.92844444,1.996899,7.3E-16,175,NAN,1.9,NAN,NAN,4.877,-0.264,3.984,5.7,NAN,ar1,ar4,,,,,,,
2298,J1944+2236,NAN,NAN,NAN,55415,58.9,-0.663,296.00446125,22.60628333,0.003618,7.46E-21,185.45,NAN,NAN,0.1,NAN,7.6,-0.088,6.507,4.575,NAN,palfa,,,,,,,,
2299,J1945-0040,NAN,NAN,NAN,48103,38.565,-12.317,296.3683221,-0.68279835,1.045632,5.35E-16,59.71,NAN,6,0.8,NAN,3.164,-0.675,1.927,6.083,NAN,mol2,gb2,pks70,pkssw,lotaas,,,,
2300,J1945+07,NAN,NAN,NAN,56042,45.75,-8.631,296.47916667,7.28333333,1.0739,NAN,62,NAN,NAN,NAN,NAN,2.575,-0.386,1.824,6.724,NAN,ar327,lotaas,,,,,,,
2301,J1945+1211,NAN,NAN,NAN,NAN,49.984,-6.075,296.29816667,12.19616667,4.756796,3.78E-15,92.7,NAN,NAN,0.63,NAN,3.771,-0.399,2.872,6.089,NAN,fast_uwb,,,,,,,,
2302,J1945+1834,NAN,NAN,NAN,51600,55.588,-2.998,296.40041667,18.57225,1.068708,2.42E-16,217.7,0,1.2,NAN,NAN,7.351,-0.384,6.056,4.351,NAN,ar1,,,,,,,,
2303,J1946-1312,NAN,NAN,NAN,53000,27.079,-18.184,296.74095417,-13.21011111,0.491865,1.99E-15,60,NAN,NAN,0.3,NAN,4.465,-1.393,1.931,4.723,NAN,pkssw,,,,,,,,
2304,J1946+14,NAN,NAN,NAN,57022,52.373,-5.191,296.71666667,14.7,2.28244,NAN,50.3,NAN,NAN,NAN,NAN,2.092,-0.189,1.65,7.228,NAN,ar327,,,,,,,,
2305,J1946+1805,1,-9,NAN,48790,55.326,-3.5,296.72101667,18.09478889,0.440618,2.41E-17,16.14,0,40,10,NAN,0.3,-0.018,0.246,8.33,NAN,mol1,jb1,ar1,mol2,ar2,ar3,ar4,gb4,l
2306,J1946+2244,NAN,NAN,NAN,42854.5,59.301,-1.07,296.60370833,22.74983333,1.33445,8.89E-16,140,0,3,0.17,NAN,5.951,-0.111,5.116,5.462,NAN,ar1,palfa,,,,,,,
2307,J1946+24,NAN,NAN,NAN,54466,60.306,-0.376,296.5,23.96666667,4.729,NAN,96,NAN,NAN,NAN,NAN,4.296,-0.028,3.732,6.372,NAN,palfa,,,,,,,,
2308,J1946+2535,NAN,NAN,NAN,54810,61.809,0.283,296.70458333,25.59763889,0.515167,5.64E-15,248.81,NAN,NAN,0.48,NAN,8.305,0.041,7.32,4.577,NAN,palfa,,,,,,,,
2309,J1946+2611,NAN,NAN,NAN,49079.5,62.321,0.595,296.690875,26.197,0.43506,2.2E-14,165,NAN,1.5,0.7,NAN,7.555,0.078,6.69,4.991,NAN,ar3,ar4,palfa,,,,,,
2310,J1946-2913,19,-33,NAN,48736,11.108,-24.121,296.71555833,-29.22975,0.959448,1.49E-15,44.31,NAN,9.3,0.5,NAN,3.125,-1.277,0.549,5.701,NAN,mol2,pks70,pkssw,,,,,,
2311,J1947+0915,NAN,NAN,NAN,51650,47.713,-8.073,296.94258333,9.25222222,1.480744,4.78E-16,94,NAN,NAN,0.2,NAN,5.154,-0.724,3.775,5.067,NAN,pkssw,,,,,,,,
2312,J1947+10,NAN,NAN,NAN,49717,48.995,-7.309,296.9,10.73333333,1.110944,NAN,149,NAN,NAN,NAN,NAN,10.851,-1.38,8.122,1.438,NAN,ar4,,,,,,,,
2313,J1947-18,NAN,NAN,NAN,56485,21.541,-20.617,296.87916667,-18.97,0.002603,NAN,25,NAN,NAN,NAN,NAN,1.101,-0.388,0.378,7.541,NAN,htru_pks,,,,,,,,
2314,J1947+1957,NAN,NAN,NAN,55190,56.987,-2.658,296.83097917,19.95233056,0.157509,5.23E-16,185.8,NAN,NAN,0.08,NAN,6.767,-0.314,5.668,4.817,NAN,palfa,,,,,,,,
2315,J1947-4215,NAN,NAN,NAN,49000,357.183,-27.712,296.775,-42.25,1.798069,NAN,35,NAN,7,NAN,NAN,2.202,-1.024,-0.096,6.553,NAN,pks70,,,,,,,,
2316,J1947-43,NAN,NAN,NAN,56657,356.35,-27.855,296.75,-43,0.18094,NAN,29.9,NAN,NAN,NAN,NAN,1.625,-0.759,-0.091,7.066,NAN,ghrss,,,,,,,,
2317,J1948+2333,NAN,NAN,NAN,56050,60.214,-1.045,297.0804875,23.55089722,0.528352,1.36E-14,198.2,NAN,NAN,0.28,NAN,8.048,-0.147,6.984,4.503,NAN,palfa,,,,,,,,
2318,J1948+2551,NAN,NAN,NAN,54930,62.207,0.131,297.07324583,25.86443056,0.196627,9.02E-15,289.27,NAN,NAN,0.62,NAN,8.698,0.02,7.695,4.444,NAN,palfa,,,,,,,,
2319,J1948+3540,-12.6,0.7,NAN,49449,70.702,5.047,297.10419458,35.66973806,0.717311,7.06E-15,129.37,0,145,8.3,NAN,7.65,0.673,7.192,5.982,NAN,jb1,gb1,gb2,ar4,gb4,gbncc,lotaas,,
2320,J1949+2306,NAN,NAN,NAN,54910,59.931,-1.423,297.2805,23.11541667,1.319373,1.23E-16,196.3,NAN,NAN,0.1,NAN,8.106,-0.201,7.013,4.44,NAN,palfa,,,,,,,,
2321,J1949-2524,NAN,NAN,NAN,48106,15.26,-23.38,297.35589428,-25.40027268,0.957617,3.27E-15,23.07,NAN,5.2,0.4,NAN,1.046,-0.415,0.253,7.574,NAN,mol2,pks70,,,,,,,
2322,J1949+3426,NAN,NAN,NAN,56921,69.72,4.288,297.3069625,34.44274722,0.388539,2.02E-16,228.2,0,NAN,NAN,NAN,12.347,0.923,11.549,4.232,NAN,gbncc,,,,,,,,
2323,J1950+05,NAN,NAN,NAN,49717,44.857,-10.552,297.74166667,5.58333333,0.455934,NAN,71,NAN,NAN,NAN,NAN,3.939,-0.721,2.731,5.755,NAN,ar4,,,,,,,,
2324,J1951+1123,NAN,NAN,NAN,49079.5,50.003,-7.738,297.784375,11.39033333,5.094083,3.03E-15,31.29,NAN,1.2,NAN,NAN,1.513,-0.204,1.149,7.536,NAN,ar3,ar4,,,,,,,
2325,J1952+1410,NAN,NAN,NAN,50110,52.509,-6.576,298.0256469,14.12482869,0.275026,1.28E-16,31.51,NAN,6,NAN,NAN,1.586,-0.182,1.25,7.541,NAN,ar2,lotaas,,,,,,,
2326,J1952+30,NAN,NAN,NAN,NAN,66.184,1.529,298,30,1.6656,NAN,188.6,NAN,NAN,NAN,NAN,7.496,0.2,6.855,5.474,NAN,palfa,lotaas,,,,,,,
2327,J1952+3252,-28.8,-14.7,NAN,52793,68.765,2.823,298.242525,32.87791944,0.039531,5.84E-15,45.01,0,7,1,NAN,3,0.148,2.793,7.415,SNR:CTB80,GRS:2FGL_J1953.0+3253[naa+12],misc,lotaas,,,,,,
2328,J1953+1149,NAN,NAN,NAN,49079.5,50.714,-8.083,298.44779167,11.8285,0.85189,2.86E-15,140.03,NAN,2.2,NAN,NAN,10.52,-1.479,8.062,1.905,NAN,ar3,ar4,,,,,,,
2329,J1953+2732,NAN,NAN,NAN,54570,64.205,0.059,298.2825,27.54672222,1.333965,1.77E-15,195.4,NAN,NAN,0.1,NAN,7.595,0.008,6.838,5.195,NAN,palfa,,,,,,,,
2330,J1953+30,NAN,NAN,NAN,NAN,66.57,1.306,298.45,30.21666667,1.2712,NAN,43.61,NAN,NAN,NAN,NAN,2.968,0.068,2.723,7.32,NAN,misc,lotaas,,,,,,,
2331,J1954+1021,NAN,NAN,NAN,57393,49.523,-8.995,298.65333333,10.35291667,2.09944,1.73E-15,80.87,NAN,NAN,NAN,NAN,4.28,-0.669,3.216,5.756,NAN,gbncc,,,,,,,,
2332,J1954+2407,NAN,NAN,NAN,56700,61.367,-1.872,298.50155833,24.12055556,0.193405,1.06E-15,80.5,NAN,NAN,0.1,NAN,4.176,-0.136,3.663,6.5,NAN,palfa,,,,,,,,
2333,J1954+2836,NAN,NAN,NAN,54800,65.244,0.377,298.57979167,28.60166667,0.092709,2.12E-14,NAN,NAN,NAN,NAN,NAN,1.96,0.013,1.78,7.679,GRS:2FGL_J1954.3+2836[naa+12],FermiBlind,,,,,,,,
2334,J1954+2923,25,-36,NAN,48719,65.924,0.772,298.593975,29.38813611,0.426677,1.71E-18,7.93,0,6.6,8,NAN,0.536,0.007,0.489,8.281,NAN,jb1,jb2,gb3,palfa,lotaas,,,,
2335,J1954+3852,NAN,NAN,NAN,57485,74.043,5.699,298.5045125,38.87107778,0.352933,6.6E-15,65.4,NAN,NAN,NAN,NAN,4.666,0.463,4.464,7.224,NAN,gbncc,,,,,,,,
2336,J1954+4357,NAN,NAN,NAN,56550,78.527,8.169,298.66020738,43.96037945,1.387041,2.2E-15,130.3,NAN,NAN,NAN,NAN,10.092,1.434,9.79,6.513,NAN,gbncc,lotaas,,,,,,,
2337,J1955+2527,-1.9,-2.4,NAN,54800,62.74,-1.571,298.99748012,25.45095639,0.004873,9.12E-21,209.97,NAN,NAN,0.28,NAN,8.177,-0.224,7.266,4.756,NAN,palfa,,,,,,,,
2338,J1955+5059,-23,54,NAN,48741,84.793,11.553,298.82818208,50.99869222,0.518938,1.37E-15,31.98,0,26,4,NAN,2.186,0.438,2.133,8.306,NAN,gb1,gb2,gb4,lotaas,,,,,
2339,J1955+6708,-3,10,NAN,56600,99.682,18.938,298.91152899,67.13753627,0.008565,1.26E-20,57.15,NAN,NAN,NAN,NAN,5.304,1.721,4.945,9.344,NAN,gbncc,,,,,,,,
2340,J1956+07,NAN,NAN,NAN,57022,47.046,-10.947,299.14583333,7.26666667,5.01248,NAN,61.3,NAN,NAN,NAN,NAN,3.163,-0.601,2.273,6.384,NAN,ar327,,,,,,,,
2341,J1956+0838,NAN,NAN,NAN,51650,48.295,-10.331,299.21775,8.638,0.303911,2.2E-16,67.09,NAN,NAN,0.8,NAN,3.538,-0.634,2.599,6.184,NAN,pkssw,,,,,,,,
2342,J1956-28,NAN,NAN,NAN,56657,13.222,-25.591,299,-27.88333333,0.260014,NAN,45.69,NAN,NAN,NAN,NAN,3.729,-1.611,0.769,5.226,NAN,gbncc,,,,,,,,
2343,J1957-0002,NAN,NAN,NAN,57674,40.625,-14.718,299.42758333,-0.03522222,0.965096,8.05E-16,38.44,NAN,NAN,NAN,NAN,1.789,-0.455,1.127,7.187,NAN,lotaas,,,,,,,,
2344,J1957+2831,NAN,NAN,NAN,51429,65.524,-0.225,299.33082176,28.52884511,0.307683,3.11E-15,138.99,NAN,NAN,1,NAN,6.891,-0.027,6.272,5.645,SNR:G65.1+0.6(?)[tl06],misc,palfa,,,,,,,
2345,J1957+5033,NAN,NAN,NAN,54800,84.584,11.013,299.41208333,50.555,0.374806,7.08E-15,NAN,NAN,NAN,NAN,NAN,1.365,0.261,1.334,8.374,GRS:2FGL_J1957.9+5033[naa+12],FermiBlind,,,,,,,,
2346,J1958+2846,NAN,NAN,NAN,54800,65.879,-0.353,299.66695833,28.765,0.290389,2.12E-13,NAN,NAN,NAN,NAN,NAN,1.95,-0.012,1.78,7.703,GRS:2FGL_J1958.6+2845[naa+12],FermiBlind,,,,,,,,
2347,J1958+30,NAN,NAN,NAN,NAN,66.856,0.417,299.5,30,1.09853,NAN,199.3,NAN,NAN,NAN,NAN,7.286,0.053,6.699,5.636,NAN,palfa,,,,,,,,
2348,J1958+56,NAN,NAN,NAN,NAN,90.216,14.012,299.5,56.81666667,0.3118,NAN,58.1,NAN,NAN,NAN,NAN,4.342,1.051,4.213,8.516,NAN,lotaas,,,,,,,,
2349,J1959+3620,NAN,NAN,NAN,56100,72.444,3.442,299.90845833,36.34141667,0.406081,3.6E-17,273,NAN,NAN,0.4,NAN,10.888,0.654,10.362,5.222,NAN,htru_eff,,,,,,,,
2350,J2000+29,NAN,NAN,NAN,NAN,66.232,-0.478,300,29,3.0737,NAN,132.5,NAN,NAN,NAN,NAN,6.734,-0.056,6.163,5.786,NAN,palfa,lotaas,,,,,,,
2351,J2001+4258,NAN,NAN,NAN,56500,78.277,6.643,300.29412722,42.96840495,0.719166,1.73E-14,54.93,NAN,NAN,NAN,NAN,3.757,0.435,3.654,7.742,NAN,gbncc,lotaas,,,,,,,
2352,J2002+1637,NAN,NAN,NAN,49079.5,55.998,-7.517,300.69904167,16.62130556,0.276497,2.25E-16,94.58,NAN,0.4,NAN,NAN,4.897,-0.641,4.025,5.785,NAN,ar3,ar4,,,,,,,
2353,J2002+30,NAN,NAN,NAN,49717,67.917,-0.187,300.74166667,30.58333333,0.421794,NAN,196,NAN,NAN,NAN,NAN,7.088,-0.023,6.568,5.835,NAN,ar4,palfa,,,,,,,
2354,J2002+3217,NAN,NAN,NAN,49444,69.261,0.879,300.51843645,32.28841961,0.696761,1.05E-13,142.21,0,5.5,1.2,NAN,6.458,0.099,6.039,6.213,NAN,jb2,palfa,,,,,,,
2355,J2002+4050,-10.747,-7.906,NAN,49887,76.611,5.288,300.6834602,40.84830733,0.905067,1.74E-15,131.49,NAN,53,4.9,NAN,6.391,0.589,6.191,7.026,NAN,gb3,gbncc,,,,,,,
2356,J2004+2653,NAN,NAN,NAN,56700,65.03,-2.527,301.24591667,26.89455556,0.665879,5.67E-17,160,NAN,NAN,0.06,NAN,7.665,-0.338,6.942,5.267,NAN,palfa,,,,,,,,
2357,J2004+3137,-1.496,-11.08,NAN,49723,69.011,0.021,301.21785974,31.61944754,2.111265,7.46E-14,234.82,0,14.5,1.8,NAN,8,0.003,7.469,5.634,NAN,jb1,jb2,gb3,palfa,,,,,
2358,J2004+3429,NAN,NAN,NAN,56100,71.425,1.571,301.19570833,34.48825,0.240953,2.07E-13,351,NAN,NAN,0.11,NAN,10.783,0.296,10.217,5.066,NAN,htru_eff,,,,,,,,
2359,J2005-0020,NAN,NAN,NAN,50852,41.331,-16.629,301.43229006,-0.33942877,2.279661,2.57E-14,35.93,NAN,8,0.7,NAN,1.835,-0.525,1.161,7.18,NAN,pks70,lotaas,,,,,,,
2360,J2005+3547,NAN,NAN,NAN,54540,72.581,2.18,301.3228875,35.79038889,0.615034,2.81E-16,401.6,NAN,NAN,0.25,NAN,13.558,0.516,12.927,4.444,NAN,palfa,,,,,,,,
2361,J2005+3552,NAN,NAN,NAN,56100,72.706,2.139,301.44791667,35.87341667,0.307943,2.99E-15,455,NAN,NAN,0.21,NAN,14.652,0.547,13.98,4.147,NAN,htru_eff,,,,,,,,
2362,J2006-0807,-6.19,-10.59,0.38,49766,34.101,-20.304,301.5681875,-8.11726861,0.580871,4.6E-17,32.39,0,20,4.7,NAN,2.632,-0.913,1.384,6.456,NAN,mol2,pkssw,,,,,,,
2363,J2006+22,NAN,NAN,NAN,NAN,61.134,-5.415,301.65,22.06666667,1.7419,NAN,130.56,NAN,NAN,NAN,NAN,9.14,-0.863,7.969,4.107,NAN,lotaas,,,,,,,,
2364,J2006+3102,NAN,NAN,NAN,54800,68.667,-0.53,301.54583333,31.03416667,0.163695,2.49E-14,107.16,NAN,NAN,0.27,NAN,6.035,-0.056,5.621,6.305,NAN,palfa,,,,,,,,
2365,J2007+0809,NAN,NAN,NAN,51650,49.18,-12.787,301.80625,8.15916667,0.325724,1.37E-16,53.39,NAN,NAN,NAN,NAN,3.04,-0.673,2.244,6.562,NAN,pkssw,lotaas,,,,,,,
2366,J2007+0910,NAN,NAN,NAN,52994,50.169,-12.433,301.99209625,9.17025833,0.458735,3.32E-16,48.73,NAN,1.51,NAN,NAN,2.634,-0.567,1.975,6.852,NAN,ar4,lotaas,,,,,,,
2367,J2007+20,NAN,NAN,NAN,56657,59.722,-6.407,301.75,20.35,4.634,NAN,67,NAN,NAN,NAN,NAN,3.806,-0.425,3.266,6.593,NAN,gb350,,,,,,,,
2368,J2007+2722,NAN,NAN,NAN,55319,65.713,-2.695,301.81595333,27.37997611,0.024497,9.61E-19,127,NAN,NAN,2.1,1.7,7.102,-0.334,6.466,5.582,NAN,palfa,,,,,,,,
2369,J2007+3120,NAN,NAN,NAN,54920,69.042,-0.535,301.78755,31.34765,0.608205,1.56E-14,191.5,NAN,NAN,0.12,NAN,6.906,-0.064,6.449,6.03,NAN,palfa,,,,,,,,
2370,J2008+2513,NAN,NAN,NAN,49079.5,64.055,-4.107,302.14784167,25.2251,0.589196,5.4E-15,60.56,NAN,2.7,NAN,NAN,4.03,-0.289,3.615,6.741,NAN,ar3,lotaas,,,,,,,
2371,J2009+3326,NAN,NAN,NAN,54430,71.103,0.124,302.45483333,33.43616667,1.438369,1.47E-15,263.6,NAN,NAN,0.15,NAN,7.303,0.016,6.909,6.135,NAN,palfa,,,,,,,,
2372,J2010-1323,2.4,-5.6,0.51,56235,29.446,-23.54,302.69133792,-13.39891194,0.005223,4.82E-21,22.18,NAN,NAN,1.6,NAN,1.961,-0.783,0.884,6.935,NAN,pkssw,,,,,,,,
2373,J2010+2845,NAN,NAN,NAN,54810,67.21,-2.472,302.52111667,28.75810278,0.565369,9.07E-17,112.47,NAN,NAN,0.43,NAN,6.585,-0.284,6.065,5.952,NAN,palfa,lotaas,,,,,,,
2374,J2010+3230,NAN,NAN,NAN,54430,70.391,-0.495,302.61041667,32.50202778,1.442448,3.62E-15,371.8,NAN,NAN,0.12,NAN,13.034,-0.113,12.278,4.126,NAN,palfa,,,,,,,,
2375,J2011+3331,NAN,NAN,NAN,54490,71.32,-0.049,302.770525,33.52351111,0.931733,1.79E-15,298.58,NAN,NAN,0.38,NAN,8.603,-0.007,8.15,5.745,NAN,palfa,,,,,,,,
2376,J2012-2029,NAN,NAN,NAN,54987,22.41,-26.701,303.19416667,-20.49194444,0.544002,5.48E-16,37.67,NAN,NAN,NAN,NAN,2.809,-1.262,0.957,6.18,NAN,gb350,,,,,,,,
2377,J2013-0649,NAN,NAN,NAN,55172,36.171,-21.291,303.32396125,-6.81816389,0.580187,6.01E-16,63.36,NAN,NAN,NAN,NAN,9.576,-3.477,5.266,1.297,NAN,gb350,,,,,,,,
2378,J2013+3058,NAN,NAN,NAN,54600,69.485,-1.886,303.39272083,30.98074722,0.276028,1.52E-16,148.7,NAN,NAN,0.07,NAN,6.641,-0.219,6.216,6.174,NAN,palfa,,,,,,,,
2379,J2013+3845,-32.1,-25,NAN,49718,75.93,2.476,303.29319583,38.76203056,0.230194,8.85E-15,238.22,0,26,6.4,NAN,7.123,0.308,6.903,6.77,NAN,gb3,,,,,,,,
2380,J2015+2524,NAN,NAN,NAN,49079.5,65.027,-5.261,303.80291667,25.40869444,2.303299,5.1E-16,13,NAN,0.4,NAN,NAN,0.877,-0.08,0.792,8.131,NAN,ar3,,,,,,,,
2381,J2017+2043,NAN,NAN,NAN,51500,61.376,-8.271,304.370575,20.72552778,0.537143,9.96E-16,60.49,NAN,1.5,NAN,NAN,4.205,-0.605,3.653,6.506,NAN,misc,lotaas,,,,,,,
2382,J2017+3625,NAN,NAN,NAN,55716,74.507,0.39,304.48266667,36.41886111,0.166749,1.36E-15,NAN,NAN,NAN,NAN,NAN,NAN,0,0,8.5,GRS:3FGL_J2017.9+3627[aaa+15],XRS:[wcp+1,FermiBlind,,,,,,,
2383,J2017+5906,NAN,NAN,NAN,56575,93.608,12.903,304.43566243,59.11304758,0.403478,2.22E-16,60.28,NAN,NAN,NAN,NAN,3.907,0.872,3.801,8.74,NAN,gbncc,lotaas,,,,,,,
2384,J2018+2839,-2.6,-6.2,1.03,46384,68.099,-3.983,304.51597208,28.66505889,0.557953,1.48E-16,14.2,0,314,30,NAN,0.98,-0.068,0.907,8.135,NAN,misc,jb1,gb1,gb3,gb4,lotaas,,,
2385,J2018+3431,NAN,NAN,NAN,54760,73.044,-0.841,304.72165,34.51680833,0.387664,1.84E-15,222.35,NAN,NAN,0.24,NAN,6.636,-0.097,6.347,6.565,NAN,palfa,,,,,,,,
2386,J2021+3651,NAN,NAN,NAN,52682,75.222,0.111,305.27275,36.85133333,0.103741,9.57E-14,367.5,NAN,NAN,0.1,NAN,1.8,0.003,1.74,8.041,GRS:AGL_J2020.5+3653[hcg+08],GRS:2FGL_J2,misc,,,,,,,
2387,J2021+4026,NAN,NAN,NAN,54936,78.225,2.089,305.37495833,40.44586111,0.265318,5.47E-14,NAN,NAN,NAN,NAN,NAN,2.15,0.078,2.103,8.062,GRS:2FGL_J2021.5+4026[naa+12],SNR:G78.2+,FermiBlind,,,,,,,
2388,J2022+21,NAN,NAN,NAN,NAN,62.403,-8.976,305.6,21.18333333,0.8035,NAN,73.52,NAN,NAN,NAN,NAN,6.002,-0.936,5.254,5.754,NAN,lotaas,,,,,,,,
2389,J2022+2854,-4.4,-23.6,0.37,49692,68.863,-4.671,305.65444625,28.90641778,0.343402,1.89E-15,24.63,0,71,38,NAN,2.1,-0.171,1.952,7.745,NAN,misc,jb1,gb1,gb3,gb4,lotaas,,,
2390,J2022+3842,NAN,NAN,NAN,55666.24,76.888,0.96,305.59037083,38.70411667,0.048579,8.61E-14,429.1,0.06,NAN,NAN,0.06,10,0.168,9.738,6.232,XRS:CXOU_J202221.68+384214.8,SNR:G76.9+1,misc,,,,,,,
2391,J2022+5154,-5.23,11.5,0.5,46640,87.862,8.38,305.70780417,51.91395361,0.529197,3.06E-15,22.55,0,77,27,NAN,1.8,0.262,1.78,8.434,NAN,jb1,gb1,gb2,gb3,gb4,lotaas,,,
2392,J2023+5037,5.887,21.221,NAN,49910,86.863,7.544,305.92476143,50.62634931,0.372619,2.51E-15,32.99,NAN,6.5,2.2,NAN,2.058,0.27,2.037,8.388,NAN,gb2,lotaas,,,,,,,
2393,J2024+48,NAN,NAN,NAN,54100,84.71,6.017,306,48,1.262,NAN,99,NAN,NAN,NAN,NAN,4.552,0.477,4.508,8.083,NAN,gb350,,,,,,,,
2394,J2027+2146,NAN,NAN,NAN,51600,63.538,-9.587,306.81954167,21.76789722,0.398173,2.03E-16,97.09,NAN,0.7,NAN,NAN,10.295,-1.715,9.088,3.977,NAN,ar1,,,,,,,,
2395,J2027+4557,NAN,NAN,NAN,54250,83.358,4.394,306.8176375,45.96585556,1.099651,3.09E-16,229.59,NAN,14.2,1.34,NAN,9.005,0.69,8.918,7.462,NAN,gb350,misc,gbncc,,,,,,
2396,J2027+7502,NAN,NAN,NAN,56500,108.368,20.313,306.84699906,75.04147435,0.515219,8.89E-16,11.71,NAN,2.4,NAN,NAN,0.761,0.264,0.677,8.725,NAN,gbncc,lotaas,,,,,,,
2397,J2028+3332,NAN,NAN,NAN,55225,73.361,-3.008,307.08275,33.53454444,0.176707,4.86E-15,NAN,NAN,NAN,NAN,NAN,NAN,0,0,8.5,GRS:2FGL_J2028.3+3332[naa+12],FermiBlind,,,,,,,,
2398,J2029+3744,NAN,NAN,NAN,49725,76.898,-0.727,307.34946892,37.73560148,1.216805,1.23E-14,190.66,0,18,0.6,NAN,5.771,-0.073,5.62,7.192,NAN,gb3,gbncc,lotaas,,,,,,
2399,J2030+2228,NAN,NAN,NAN,49953,64.58,-9.833,307.66852513,22.47272933,0.630513,8.85E-16,71.86,NAN,5,NAN,NAN,6.386,-1.091,5.683,5.799,NAN,ar1,ar2,lotaas,,,,,,
2400,J2030+3641,NAN,NAN,NAN,55400,76.123,-1.438,307.5010875,36.690875,0.200129,6.5E-15,246,NAN,NAN,0.15,0.09,6.947,-0.174,6.742,6.834,GRS:2FGL_J2030.0+3640[naa+12],FermiAssoc,,,,,,,,
2401,J2030+4415,NAN,NAN,NAN,55225,82.34,2.885,307.71395833,44.26058333,0.22707,6.48E-15,NAN,NAN,NAN,NAN,NAN,0.72,0.036,0.713,8.404,GRS:2FGL_J2030.7+4417[naa+12],FermiBlind,,,,,,,,
2402,J2030+55,NAN,NAN,NAN,54100,91.047,9.247,307.5,55,0.579,NAN,60,NAN,NAN,NAN,NAN,3.445,0.554,3.4,8.562,NAN,gb350,lotaas,,,,,,,
2403,J2033+0042,NAN,NAN,NAN,57600,45.877,-22.196,308.37966667,0.70669444,5.0134,9.69E-15,37.84,NAN,NAN,NAN,NAN,2.934,-1.108,1.95,6.609,NAN,pkssw,gb350,lotaas,,,,,,
2404,J2033-1938,NAN,NAN,NAN,54987,25.313,-31.049,308.48083333,-19.64972222,1.281719,4.55E-16,23.47,NAN,NAN,NAN,NAN,1.525,-0.787,0.559,7.319,NAN,gb350,,,,,,,,
2405,J2036+2835,NAN,NAN,NAN,56100,70.413,-7.382,309.19317917,28.58623333,1.358727,2.09E-15,84.22,NAN,NAN,0.15,NAN,6.741,-0.866,6.298,6.259,NAN,htru_eff,lotaas,,,,,,,
2406,J2036+6646,NAN,NAN,NAN,57974,101.445,15.259,309.218,66.77241667,0.501927,9.4E-16,50.76,NAN,NAN,NAN,NAN,3.23,0.85,3.054,9.118,NAN,lotaas,,,,,,,,
2407,J2037+1942,NAN,NAN,NAN,46104.69,63.177,-12.672,309.31058333,19.71508333,2.074377,2.04E-15,36.89,NAN,2,NAN,NAN,2.794,-0.613,2.433,7.27,NAN,gb3,lotaas,,,,,,,
2408,J2037+3621,NAN,NAN,NAN,49936,76.746,-2.84,309.3643363,36.35669411,0.618715,4.5E-15,93.56,NAN,6,0.8,NAN,4.851,-0.24,4.716,7.389,NAN,gb2,gbncc,,,,,,,
2409,J2038+35,NAN,NAN,NAN,54100,75.73,-3.747,309.5,35,0.16,NAN,58,NAN,NAN,NAN,NAN,3.819,-0.25,3.693,7.561,NAN,gb350,lotaas,,,,,,,
2410,J2038-3816,NAN,NAN,NAN,57600,3.854,-36.741,309.7265,-38.271,1.577289,4.16E-15,33.96,NAN,7,0.3,NAN,3.588,-2.146,0.193,5.631,NAN,pks70,,,,,,,,
2411,J2038+5319,NAN,NAN,NAN,50122,90.368,7.308,309.51319871,53.3202277,1.424568,9.44E-16,160.2,NAN,3.1,0.3,NAN,8.192,1.042,8.125,8.552,NAN,gb2,,,,,,,,
2412,J2040+1657,NAN,NAN,NAN,51602,61.286,-14.852,310.0744375,16.95846111,0.865606,5.95E-16,50.69,NAN,0.6,NAN,NAN,4.45,-1.141,3.772,6.433,NAN,ar4,lotaas,,,,,,,
2413,J2043+2740,NAN,NAN,NAN,49773,70.612,-9.151,310.93125,27.68222222,0.096131,1.27E-15,21.02,0,15,NAN,NAN,1.48,-0.235,1.378,8.015,GRS:2FGL_J2043.7+2743[naa+12],ar4,lotaas,,,,,,,
2414,J2043+7045,NAN,NAN,NAN,54100,105.186,17.052,310.75,70.75,0.588,NAN,57,NAN,63.7,NAN,NAN,3.924,1.151,3.621,9.483,NAN,gb350,gbncc,lotaas,,,,,,
2415,J2044+28,NAN,NAN,NAN,NAN,70.905,-9.006,311,28,1.618,NAN,90.4,NAN,NAN,NAN,NAN,8.616,-1.349,8.042,5.716,NAN,gbncc,,,,,,,,
2416,J2044+4614,NAN,NAN,NAN,49700,85.429,2.108,311.245,46.24833333,1.392715,6.3E-16,315.4,NAN,NAN,NAN,NAN,8.952,0.329,8.917,7.787,NAN,misc,,,,,,,,
2417,J2045+0912,NAN,NAN,NAN,52997,55.362,-20.329,311.44726583,9.2081,0.395555,1.95E-16,31.78,NAN,3.5,NAN,NAN,2.46,-0.855,1.898,7.189,NAN,ar4,lotaas,,,,,,,
2418,J2046-0421,10.76,-4.26,0.16,48739,42.678,-27.387,311.50072083,-4.35729333,1.546938,1.47E-15,35.8,0,20,1.7,NAN,6.25,-2.875,3.762,4.42,NAN,mol2,pks70,pkssw,lotaas,,,,,
2419,J2046+1540,-10.48,0.66,0.31,48742,61.112,-16.838,311.66390542,15.67598833,1.138286,1.82E-16,39.82,0,11.5,1.7,NAN,3.226,-0.934,2.703,7.008,NAN,mol2,gb2,gb3,ar4,gb4,lotaas,,,
2420,J2046+5708,NAN,NAN,NAN,49766,94.199,8.637,311.69420492,57.14363637,0.476735,1.11E-14,101.79,NAN,4.6,0.3,NAN,4.341,0.652,4.28,8.814,NAN,gb2,gbncc,lotaas,,,,,,
2421,J2047+5029,NAN,NAN,NAN,54250,89.057,4.376,311.97766667,50.49393611,0.445945,4.18E-15,107.68,NAN,NAN,0.38,0.22,3.973,0.303,3.961,8.435,NAN,misc,,,,,,,,
2422,J2048-1616,113.16,-4.6,1.05,54100,30.514,-33.077,312.14850265,-16.27904264,1.961572,1.1E-14,11.46,0,116,22,NAN,0.95,-0.518,0.404,7.814,NAN,mol1,mol2,pks70,,,,,,
2423,J2048+2255,NAN,NAN,NAN,51500,67.453,-12.944,312.19111667,22.91814167,0.283901,1.52E-17,70.68,NAN,1.8,NAN,NAN,7.648,-1.713,6.884,5.642,NAN,misc,,,,,,,,
2424,J2050+1259,NAN,NAN,NAN,53400,59.436,-19.242,312.738375,12.98583333,1.22102,5.04E-16,52.4,NAN,0.4,0.05,NAN,5.829,-1.921,4.739,5.702,NAN,misc,,,,,,,,
2425,J2051+1248,NAN,NAN,NAN,57811,59.361,-19.453,312.87358333,12.80597222,0.553167,1.9E-17,43.45,NAN,NAN,NAN,NAN,4.077,-1.358,3.308,6.541,NAN,misc,lotaas,,,,,,,
2426,J2053+1718,-1,6.9,NAN,53400,63.554,-17.264,313.45617042,17.31240611,0.119268,2.86E-19,26.98,NAN,NAN,0,NAN,2.087,-0.619,1.784,7.612,NAN,ar4,lotaas,,,,,,,
2427,J2053-7200,NAN,NAN,NAN,57600,321.869,-34.998,313.447,-72.0118,0.341336,1.98E-16,17.3,NAN,29,6,NAN,1.029,-0.59,-0.52,7.837,NAN,mol2,pks70,,,,,,,
2428,J2055+2209,-4.268,-2.868,NAN,49726,67.832,-14.668,313.91313324,22.15756013,0.815181,1.34E-15,36.35,NAN,9,NAN,NAN,2.998,-0.759,2.686,7.406,NAN,gb3,gb4,lotaas,,,,,,
2429,J2055+2539,NAN,NAN,NAN,54900,70.688,-12.519,313.95333333,25.66722222,0.319561,4.08E-15,NAN,NAN,NAN,NAN,NAN,0.62,-0.134,0.571,8.3,GRS:2FGL_J2055.8+2539[naa+12],XRS:XMMU_J,FermiBlind,,,,,,,
2430,J2055+3630,1.04,-2.46,0.17,52275,79.133,-5.589,313.88063375,36.50596361,0.221508,3.69E-16,97.42,0,28,2.6,NAN,5,-0.487,4.887,7.562,NAN,gb1,gb2,gb3,gb4,gbncc,lotaas,,,
2431,J2057+21,NAN,NAN,NAN,NAN,67.56,-15.507,314.45,21.43333333,1.1667,NAN,73.31,NAN,NAN,NAN,NAN,25,-6.684,22.266,-0.696,NAN,lotaas,,,,,,,,
2432,J2102+38,NAN,NAN,NAN,54100,81.116,-5.597,315.5,38,1.19,NAN,85,NAN,NAN,NAN,NAN,4.62,-0.451,4.543,7.79,NAN,gb350,lotaas,,,,,,,
2433,J2105+07,NAN,NAN,NAN,57022,57.202,-25.054,316.3625,7.95,3.74663,NAN,52.6,NAN,NAN,NAN,NAN,25,-10.587,19.037,-3.768,NAN,ar327,,,,,,,,
2434,J2105+19,NAN,NAN,NAN,NAN,66.998,-18.184,316.33333333,19.35,NAN,NAN,33,NAN,NAN,NAN,NAN,2.801,-0.874,2.45,7.46,NAN,misc,,,,,,,,
2435,J2105+28,NAN,NAN,NAN,56292,74.391,-12.468,316.5,28.48333333,0.405737,NAN,62.4,NAN,8.6,NAN,NAN,5.837,-1.26,5.489,6.966,NAN,gbncc,lotaas,,,,,,,
2436,J2105+6223,NAN,NAN,NAN,56774,99.793,10.176,316.303875,62.38486111,2.304879,5.22E-15,50.75,NAN,NAN,NAN,NAN,2.723,0.481,2.641,8.956,NAN,gbncc,,,,,,,,
2437,J2108-3429,NAN,NAN,NAN,49314.17,9.698,-42.163,317.12704167,-34.49386111,1.423102,3.5E-15,30.22,NAN,6,0.5,NAN,3.884,-2.607,0.485,5.662,NAN,pks70,,,,,,,,
2438,J2108+4441,3.5,1.4,NAN,48736,86.909,-2.012,317.08534167,44.69690833,0.414871,8.62E-17,139.83,0,26,5.4,NAN,4.346,-0.153,4.337,8.266,NAN,jb1,gb1,gb3,gb4,gbncc,lotaas,,,
2439,J2111+2106,NAN,NAN,NAN,54987,69.398,-18.205,317.88804167,21.10194444,3.953853,3.24E-15,59.3,NAN,NAN,NAN,NAN,8.408,-2.627,7.476,5.69,NAN,gb350,,,,,,,,
2440,J2111+40,NAN,NAN,NAN,54100,83.785,-5.559,317.75,40,4.061,NAN,120,NAN,NAN,NAN,NAN,5.279,-0.511,5.223,7.931,NAN,gb350,,,,,,,,
2441,J2111+4606,NAN,NAN,NAN,55225,88.31,-1.445,317.85054167,46.10869444,0.15783,1.43E-13,NAN,NAN,NAN,NAN,NAN,NAN,0,0,8.5,GRS:2FGL_J2111.3+4605[naa+12],FermiBlind,,,,,,,,
2442,J2113+2754,-27.96,-54.46,0.7,48741,74.993,-14.025,318.2681275,27.90032222,1.202852,2.62E-15,25.11,0,18,1.1,NAN,1.429,-0.346,1.339,8.141,NAN,misc,gb3,ar4,gb4,lotaas,,,,
2443,J2113+4644,9.5,8.84,0.46,53915,89.003,-1.266,318.35137292,46.73579,1.014685,7.15E-16,141.26,0,230,19,NAN,2.174,-0.048,2.173,8.462,NAN,jb1,gb1,gb3,gb4,gbncc,lotaas,,,
2444,J2113+67,NAN,NAN,NAN,56292,103.973,12.561,318.5,67.03333333,0.55217,NAN,55.1,NAN,1,NAN,NAN,2.894,0.629,2.741,9.182,NAN,gbncc,lotaas,,,,,,,
2445,J2116+1414,8,-11,NAN,48471,64.464,-23.409,319.0573,14.23917778,0.440153,2.89E-16,56.2,0,9,0.8,NAN,25,-9.932,20.701,-1.39,NAN,mol2,lotaas,,,,,,,
2446,J2122+2426,NAN,NAN,NAN,57922,73.817,-17.934,320.66258333,24.44580556,0.541421,1.27E-16,8.5,NAN,NAN,NAN,NAN,0.585,-0.18,0.535,8.345,NAN,lotaas,,,,,,,,
2447,J2123+36,NAN,NAN,NAN,NAN,82.917,-9.865,320.95,36.4,1.294,NAN,108.7,NAN,NAN,NAN,NAN,13.192,-2.26,12.898,6.897,NAN,lotaas,,,,,,,,
2448,J2123+5434,NAN,NAN,NAN,56500,95.698,3.097,320.84034634,54.56880947,0.138868,1.74E-19,31.76,NAN,NAN,NAN,NAN,1.811,0.098,1.799,8.68,NAN,gbncc,,,,,,,,
2449,J2124+1407,NAN,NAN,NAN,49872,65.795,-25.092,321.19406041,14.12203918,0.694053,7.68E-16,30.25,NAN,4,NAN,NAN,2.807,-1.19,2.319,7.458,NAN,gb2,lotaas,,,,,,,
2450,J2124-3358,-14.14,-50.08,2.4,54500,10.925,-45.438,321.18270572,-33.979125,0.004931,2.06E-20,4.6,NAN,17,4.5,NAN,0.41,-0.292,0.055,8.218,GRS:2FGL_J2124.6-3357[naa+12],pks70,,,,,,,,
2451,J2127-6648,NAN,NAN,NAN,43557.12,326.392,-39.777,321.88033333,-66.80780556,0.325771,2.26E-16,35,0,7,0.6,NAN,5.992,-3.834,-2.549,4.665,NAN,mol2,pks70,,,,,,,
2452,J2129+1210A,-0.54,-4.33,NAN,55146,65.012,-27.312,322.4926938,12.16700942,0.110665,-2.1E-17,67.31,NAN,1.7,0.2,NAN,14.2,-6.516,11.436,3.17,GC:M15,misc,,,,,,,,
2453,J2129+1210B,1.7,-1.9,NAN,50000,65.013,-27.314,322.4943,12.16675278,0.056133,9.54E-18,67.69,NAN,1,NAN,NAN,14.2,-6.516,11.436,3.171,GC:M15,misc,,,,,,,,
2454,J2129+1210D,NAN,NAN,NAN,47632.52,65.012,-27.313,322.49280833,12.16659444,0.004803,-1.08E-18,67.3,NAN,0.34,NAN,NAN,14.2,-6.516,11.436,3.17,GC:M15,misc,,,,,,,,
2455,J2129+1210E,NAN,NAN,NAN,47632.52,65.014,-27.311,322.49244583,12.16906389,0.004651,1.78E-19,66.51,NAN,0.24,NAN,NAN,14.2,-6.515,11.436,3.171,GC:M15,misc,,,,,,,,
2456,J2129+1210F,NAN,NAN,NAN,47632.52,65.01,-27.309,322.48824167,12.167475,0.004027,3.2E-20,65.52,NAN,0.14,NAN,NAN,14.2,-6.515,11.436,3.17,GC:M15,misc,,,,,,,,
2457,J2129+1210G,NAN,NAN,NAN,47632.52,65.011,-27.312,322.49145833,12.16591667,0.03766,2E-18,66.4,NAN,0.13,NAN,NAN,14.2,-6.515,11.436,3.17,GC:M15,misc,,,,,,,,
2458,J2129+1210H,NAN,NAN,NAN,47632.52,65.012,-27.312,322.49243333,12.16650833,0.006743,2.4E-20,67.15,NAN,0.16,NAN,NAN,14.2,-6.516,11.436,3.17,GC:M15,misc,,,,,,,,
2459,J2136-1606,NAN,NAN,NAN,55764,36.204,-43.554,324.00091667,-16.10361111,1.227235,1.6E-17,18.48,NAN,NAN,NAN,NAN,1.633,-1.125,0.699,7.545,NAN,gb350,,,,,,,,
2460,J2137+6428,NAN,NAN,NAN,56500,103.851,9.064,324.33444967,64.47827166,1.750989,3.43E-15,106,NAN,NAN,NAN,NAN,3.764,0.593,3.609,9.39,NAN,gbncc,lotaas,,,,,,,
2461,J2138+4911,NAN,NAN,NAN,54100,93.663,-2.375,324.5,49.18333333,0.696,NAN,168,NAN,NAN,NAN,NAN,4.201,-0.174,4.189,8.768,NAN,gb350,,,,,,,,
2462,J2139+00,NAN,NAN,NAN,49717,55.912,-36.261,324.925,0.6,0.31247,NAN,36,NAN,NAN,NAN,NAN,25,-14.787,16.695,-2.798,NAN,ar4,,,,,,,,
2463,J2139+2242,NAN,NAN,NAN,49800,75.293,-21.92,324.86208333,22.71166667,1.083514,1.42E-15,44.16,NAN,NAN,NAN,NAN,4.933,-1.842,4.426,7.338,NAN,gb4,ar4,lotaas,,,,,,
2464,J2139+4716,NAN,NAN,NAN,55225,92.633,-4.02,324.983125,47.27027778,0.282849,1.79E-15,NAN,NAN,NAN,NAN,NAN,NAN,0,0,8.5,GRS:2FGL_J2139.8+4714[naa+12],FermiBlind,,,,,,,,
2465,J2140-2310B,NAN,NAN,NAN,52162,27.179,-46.835,325.09166667,-23.17972222,0.012986,NAN,25.09,NAN,NAN,NAN,NAN,9.2,-6.71,2.875,2.901,GC:M30,misc,,,,,,,,
2466,J2143+0654,NAN,NAN,NAN,54065,62.655,-33.139,325.76408333,6.90486944,9.428229,4.09E-14,NAN,NAN,NAN,NAN,NAN,NAN,0,0,8.5,XRS:RX_J2143.0+0654,OPT:[kkvh11],misc,,,,,,,
2467,J2144-3933,-57.89,-155.9,6.05,54100,2.794,-49.466,326.05025168,-39.5658014,8.509827,4.96E-16,3.35,NAN,16,0.8,NAN,0.16,-0.122,0.005,8.396,NAN,pks70,,,,,,,,
2468,J2149+6329,15.81,11.16,0.36,44240,104.255,7.412,327.49459708,63.4956325,0.38014,1.68E-16,129.72,NAN,32,2.9,NAN,2.778,0.358,2.67,9.178,NAN,jb1,gb1,gb2,gb3,gb4,lotaas,,,
2469,J2150+5247,8.4,-4.5,0.07,49693,97.521,-0.915,327.65729125,52.79709889,0.332206,1.01E-14,148.93,NAN,15.6,2,NAN,3.61,-0.058,3.578,8.972,NAN,gb2,gb3,lotaas,,,,,,
2470,J2151+2315,NAN,NAN,NAN,51594,77.849,-23.471,327.87041667,23.25355556,0.593534,7.08E-16,23.6,NAN,1.6,NAN,NAN,1.911,-0.761,1.714,8.131,NAN,ar4,,,,,,,,
2471,J2154-2812,NAN,NAN,NAN,57297,20.728,-50.984,328.572375,-28.21138889,1.343361,6.13E-16,32.1,NAN,NAN,NAN,NAN,25,-19.424,5.57,-6.22,NAN,pks_superb,gbncc,,,,,,,
2472,J2155+2813,NAN,NAN,NAN,51594,82.131,-20.37,328.81591667,28.22002778,1.60902,9.16E-16,77.13,NAN,2.1,NAN,NAN,25,-8.702,23.216,5.291,NAN,ar4,lotaas,,,,,,,
2473,J2155-3118,NAN,NAN,NAN,48714,15.845,-51.577,328.80671139,-31.3151886,1.030002,1.24E-15,14.85,NAN,12,1.2,NAN,1.298,-1.017,0.22,7.724,NAN,mol2,pks70,,,,,,,
2474,J2155-5641,NAN,NAN,NAN,43557.13,337.046,-47.054,328.75583333,-56.69916667,1.373654,4.23E-15,14,NAN,2.1,NAN,NAN,1.043,-0.763,-0.277,7.846,NAN,mol2,,,,,,,,
2475,J2156+2618,NAN,NAN,NAN,49079.5,80.976,-21.969,329.09876667,26.30846389,0.498149,1.42E-17,48.44,NAN,2.7,NAN,NAN,6.103,-2.283,5.59,7.612,NAN,ar4,lotaas,,,,,,,
2476,J2157+4017,16.13,4.12,0.28,52275,90.488,-11.341,329.25770625,40.29610722,1.525266,3.43E-15,71.12,0,105,17,NAN,2.9,-0.57,2.843,8.524,NAN,gb1,gb3,gb4,lotaas,,,,,
2477,J2202+21,NAN,NAN,NAN,NAN,78.789,-26.252,330.5875,21.78333333,NAN,NAN,17,NAN,NAN,NAN,NAN,1.298,-0.574,1.142,8.274,NAN,misc,,,,,,,,
2478,J2203+50,NAN,NAN,NAN,54100,97.322,-4.307,330.75,50,0.745,NAN,79,NAN,NAN,NAN,NAN,3.059,-0.23,3.025,8.889,NAN,gb350,lotaas,,,,,,,
2479,J2205+1444,NAN,NAN,NAN,49079.5,73.886,-31.885,331.3218625,14.74202778,0.938014,9E-16,36.72,NAN,1.5,NAN,NAN,6.043,-3.192,4.93,7.076,NAN,ar4,lotaas,,,,,,,
2480,J2206+6151,NAN,NAN,NAN,56100,104.735,4.977,331.57549583,61.86613889,0.322674,3.97E-16,167,NAN,1.2,0.8,NAN,4.026,0.349,3.879,9.52,NAN,htru_eff,gbncc,,,,,,,
2481,J2208+4056,NAN,NAN,NAN,56375,92.574,-12.112,332.008308,40.93384065,0.636957,5.28E-15,11.84,NAN,NAN,NAN,NAN,0.754,-0.158,0.736,8.533,GRS:[sbc+19],gbncc,lotaas,,,,,,,
2482,J2208+5500,NAN,NAN,NAN,56675,100.939,-0.751,332.09883333,55.00233611,0.933163,6.99E-15,105.21,NAN,NAN,0.4,NAN,3.03,-0.04,2.975,9.075,NAN,misc,lotaas,,,,,,,
2483,J2209+22,NAN,NAN,NAN,NAN,79.9,-27.786,332.475,21.28333333,1.7769,NAN,46.3,NAN,NAN,NAN,NAN,25,-11.654,21.775,4.621,NAN,misc,lotaas,,,,,,,
2484,J2210+57,NAN,NAN,NAN,56292,102.666,1.066,332.75,57.48333333,2.05743,NAN,189.43,NAN,1.1,NAN,NAN,3.809,0.071,3.716,9.335,NAN,gbncc,,,,,,,,
2485,J2212+2933,-5.53,-11.34,0.23,49686,86.136,-21.731,333.09726833,29.55150306,1.004593,4.95E-16,74.52,NAN,6.3,0.9,NAN,25,-9.256,23.171,6.935,NAN,gb2,lotaas,,,,,,,
2486,J2213+53,NAN,NAN,NAN,54100,100.342,-2.778,333.25,53,0.751,NAN,161,NAN,NAN,NAN,NAN,3.809,-0.185,3.743,9.183,NAN,gb350,,,,,,,,
2487,J2215+1538,NAN,NAN,NAN,49079.5,76.783,-32.929,333.91522083,15.64302222,0.374196,2.37E-15,29.24,NAN,3.7,NAN,NAN,3.142,-1.708,2.567,7.897,NAN,ar4,gb4,lotaas,,,,,,
2488,J2216+5759,NAN,NAN,NAN,56100,103.517,1.107,334.02175,57.99825,0.419102,6.9E-14,176,NAN,NAN,0.23,NAN,3.588,0.069,3.488,9.339,NAN,htru_eff,,,,,,,,
2489,J2217+5733,NAN,NAN,NAN,56675,103.472,0.599,334.47929167,57.55111111,1.056844,6.47E-16,130.67,0,3.7,0.5,NAN,3.129,0.033,3.043,9.229,NAN,misc,gbncc,,,,,,,
2490,J2219+4754,-12,-30,NAN,46599,98.385,-7.598,334.95057917,47.91498056,0.538469,2.77E-15,43.5,0,111,3,NAN,2.387,-0.316,2.341,8.845,NAN,misc,jb1,gb1,gb3,gb4,gbncc,lotaas,,
2491,J2222+2923,NAN,NAN,NAN,51242,88.05,-23.242,335.76343393,29.39962442,0.281399,6.17E-18,49.41,NAN,NAN,NAN,NAN,7.631,-3.011,7.008,8.261,NAN,ar4,lotaas,,,,,,,
2492,J2222+5602,NAN,NAN,NAN,54100,103.093,-1.005,335.5,56,1.336,NAN,168,NAN,21.1,NAN,NAN,3.565,-0.063,3.472,9.307,NAN,gb350,gbncc,,,,,,,
2493,J2225+35,NAN,NAN,NAN,54466,92.108,-18.448,336.2,35.5,0.94,NAN,51.8,NAN,NAN,NAN,NAN,4.978,-1.575,4.719,8.674,NAN,misc,,,,,,,,
2494,J2225+6535,147.23,126.5,1.2,53880,108.638,6.846,336.47026125,65.59343639,0.682542,9.66E-15,36.44,0,22,2,NAN,0.9,0.107,0.847,8.786,XRS:[hb07b],OPT:Guitar_Nebula[crl93],jb1,gb1,gb2,gb3,gb4,gbncc,lotaas,
2495,J2227+30,NAN,NAN,NAN,49700,89.656,-22.815,336.875,30.6,0.842408,NAN,19,NAN,2.4,NAN,NAN,1.359,-0.527,1.253,8.492,NAN,misc,lotaas,,,,,,,
2496,J2228+6447,NAN,NAN,NAN,56500,108.462,6.007,337.16876574,64.78872283,1.892982,6.7E-16,193.6,NAN,NAN,NAN,NAN,6.855,0.717,6.467,10.659,NAN,gbncc,,,,,,,,
2497,J2228-65,NAN,NAN,NAN,55955,323.529,-45.791,337.075,-65.19638889,2.74598,NAN,36,NAN,NAN,NAN,NAN,25,-17.92,-10.362,-5.518,NAN,htru_pks,,,,,,,,
2498,J2229+6114,NAN,NAN,NAN,51980,106.647,2.949,337.272,61.23591667,0.051624,7.83E-14,204.97,NAN,1.5,0.25,NAN,3,0.154,2.87,9.358,SNR:G106.6+2.9,GRS:2FGL_J2229.0+6114[naa,misc,gbncc,,,,,,
2499,J2229+6205,0.323,9.995,NAN,49840,107.154,3.645,337.42431175,62.09333937,0.443055,2.26E-15,124.64,NAN,17,0.8,NAN,3.014,0.192,2.874,9.387,NAN,gb1,gb3,gbncc,lotaas,,,,,
2500,J2234+2114,NAN,NAN,NAN,49079.5,85.138,-31.435,338.736,21.23855556,1.358745,2.22E-16,35.08,NAN,2.6,NAN,NAN,4.472,-2.332,3.802,8.177,NAN,ar4,lotaas,,,,,,,
2501,J2235+1506,15,10,NAN,49250,80.878,-36.444,338.93208375,15.11362778,0.059767,1.58E-19,18.09,NAN,3,NAN,NAN,1.54,-0.915,1.223,8.304,NAN,ar4,lotaas,,,,,,,
2502,J2238+5903,NAN,NAN,NAN,54800,106.562,0.482,339.61779167,59.06133333,0.162734,9.7E-14,NAN,NAN,NAN,NAN,NAN,2.83,0.024,2.712,9.307,GRS:2FGL_J2238.4+5902[naa+12],FermiBlind,,,,,,,,
2503,J2238+6021,NAN,NAN,NAN,54100,107.14,1.636,339.5,60.35,3.07,NAN,182,NAN,111.1,NAN,NAN,3.625,0.103,3.463,9.568,NAN,gb350,gbncc,,,,,,,
2504,J2240+5832,-6.1,-21,NAN,54000,106.566,-0.111,340.1789125,58.54375556,0.139935,1.54E-14,263.5,NAN,NAN,2.7,NAN,7.275,-0.014,6.973,10.574,NAN,misc,,,,,,,,
2505,J2241+6941,NAN,NAN,NAN,56500,112.026,9.632,340.33459179,69.69992486,0.855401,2.69E-15,67.67,NAN,NAN,NAN,NAN,2.549,0.426,2.33,9.442,NAN,gbncc,lotaas,,,,,,,
2506,J2242+6950,NAN,NAN,NAN,49690,112.221,9.695,340.73502715,69.84781692,1.664501,4.82E-15,40.86,NAN,2.4,0.4,NAN,2.008,0.338,1.832,9.249,NAN,gb2,gbncc,lotaas,,,,,,
2507,J2243+1518,NAN,NAN,NAN,53258,82.809,-37.377,340.7907,15.306975,0.596799,1.13E-16,42.13,NAN,0.16,NAN,NAN,25,-15.176,19.71,6.013,NAN,misc,,,,,,,,
2508,J2244+63,NAN,NAN,NAN,54100,109.039,3.618,341,63,0.461,NAN,92,NAN,NAN,NAN,NAN,2.627,0.166,2.478,9.355,NAN,gb350,,,,,,,,
2509,J2248-0101,-10.5,-17.49,0.25,50866,69.256,-50.62,342.11202458,-1.03002361,0.477233,6.59E-16,29.05,NAN,11,0.5,NAN,4,-3.092,2.373,7.601,NAN,pks70,lotaas,,,,,,,
2510,J2251-3711,NAN,NAN,NAN,57900,3.605,-62.883,342.93333333,-37.19666667,12.122565,1.31E-14,12.12,NAN,NAN,0.15,NAN,1.344,-1.196,0.039,7.889,NAN,pks_superb,,,,,,,,
2511,J2253+1516,NAN,NAN,NAN,49079.5,85.305,-38.809,343.31055417,15.277175,0.792236,6.65E-17,29.2,NAN,2.4,NAN,NAN,3.806,-2.385,2.956,8.257,NAN,ar4,lotaas,,,,,,,
2512,J2257+5909,17.689,-2.024,NAN,50085,108.831,-0.575,344.49060088,59.15412063,0.368246,5.75E-15,151.08,NAN,34,9.2,NAN,3,-0.03,2.839,9.468,NAN,jb1,gb1,gb3,gb4,gbncc,lotaas,,,
2513,J2301+5852,-6.4,-2.3,NAN,54852,109.087,-0.996,345.28454167,58.87901389,6.979071,4.71E-13,NAN,NAN,NAN,NAN,NAN,3.3,-0.057,3.118,9.579,SNR:CTB109,XRS:1E_2259+586,misc,,,,,,,
2514,J2302+6028,NAN,NAN,NAN,49800,109.859,0.398,345.54666667,60.46672778,1.206404,2.04E-15,156.7,NAN,12,NAN,NAN,3.166,0.022,2.978,9.576,NAN,gb4,gbncc,lotaas,,,,,,
2515,J2305+3100,-3.7,-15.63,0.23,48714,97.721,-26.657,346.493005,31.00035583,1.575886,2.89E-15,49.58,0,24,2.2,NAN,4.348,-1.951,3.85,9.022,NAN,gb1,ar4,gb4,lotaas,,,,,
2516,J2306+31,NAN,NAN,NAN,NAN,97.959,-26.335,346.55,31.38333333,0.3416,NAN,46.13,NAN,NAN,NAN,NAN,25,-11.091,22.19,11.602,NAN,lotaas,,,,,,,,
2517,J2307+2225,NAN,NAN,NAN,49079.5,93.57,-34.458,346.92203333,22.43058889,0.535829,8.7E-18,7.02,NAN,2,NAN,NAN,0.494,-0.28,0.407,8.525,NAN,ar4,,,,,,,,
2518,J2308+5547,-15,0,NAN,48717,108.729,-4.206,347.05759167,55.79334167,0.475068,1.99E-16,46.54,NAN,19,1.9,NAN,2.075,-0.152,1.96,9.164,NAN,jb1,gb2,gb3,gb4,gbncc,lotaas,,,
2519,J2310+6706,NAN,NAN,NAN,57225,113.351,6.136,347.67540982,67.11446723,1.944789,7.56E-17,97.7,NAN,NAN,NAN,NAN,2.665,0.285,2.433,9.55,NAN,gbncc,,,,,,,,
2520,J2312+6931,NAN,NAN,NAN,56500,114.435,8.292,348.1622286,69.5177786,0.813375,6.28E-16,71.6,NAN,NAN,NAN,NAN,2.436,0.351,2.195,9.497,NAN,gbncc,lotaas,,,,,,,
2521,J2313+4253,24.15,5.95,0.93,52275,104.41,-16.422,348.28592042,42.88695639,0.349434,1.12E-16,17.28,0,89,15,NAN,1.06,-0.3,0.985,8.753,NAN,gb1,gb2,gb4,gbncc,lotaas,,,,
2522,J2315+58,NAN,NAN,NAN,54100,110.418,-2.509,348.75,58,1.061,NAN,74,NAN,NAN,NAN,NAN,2.391,-0.105,2.239,9.333,NAN,gb350,lotaas,,,,,,,
2523,J2317+2149,8.49,0.19,0.51,48716,95.831,-36.075,349.49100792,21.83000528,1.444653,1.05E-15,20.87,0,15,0.9,NAN,1.961,-1.155,1.577,8.661,NAN,gb1,ar4,gb4,lotaas,,,,,
2524,J2319+6411,NAN,NAN,NAN,56100,113.138,3.079,349.89670833,64.1904875,0.216018,1.63E-16,246,NAN,NAN,0.27,NAN,6.848,0.368,6.288,11.187,NAN,gb350,htru_eff,,,,,,,
2525,J2321+6024,-17,-7,NAN,49303,112.095,-0.566,350.48005806,60.40853163,2.256488,7.04E-15,94.59,0,36,12,NAN,2.7,-0.027,2.502,9.516,NAN,jb1,gb1,gb3,gb4,gbncc,lotaas,,,
2526,J2322+2057,-18.4,-15.4,NAN,55000,96.515,-37.31,350.59306317,20.95074367,0.004808,9.66E-21,13.36,0,NAN,NAN,NAN,1.009,-0.612,0.797,8.591,NAN,ar4,,,,,,,,
2527,J2323+1241,NAN,NAN,NAN,NAN,91.595,-45.209,350.84007917,12.23686111,3.759491,1.85E-15,29,NAN,NAN,0.14,NAN,25,-17.742,17.606,8.99,NAN,fast_uwb,,,,,,,,
2528,J2324-6054,NAN,NAN,NAN,57600,320.425,-53.172,351.11308333,-60.90160944,2.347488,2.58E-15,14,NAN,4,1,NAN,1.207,-0.966,-0.461,7.942,NAN,mol2,,,,,,,,
2529,J2325-0530,NAN,NAN,NAN,56774,75.579,-60.2,351.31375,-5.51083333,0.868735,1.03E-15,14.97,NAN,NAN,NAN,NAN,1.495,-1.297,0.72,8.315,NAN,gb350,,,,,,,,
2530,J2325+6316,-5.92,-2.05,NAN,48309,113.418,2.013,351.30549833,63.28121167,1.43631,2.83E-15,197.37,NAN,8,2.1,NAN,4.855,0.171,4.452,10.428,NAN,gb1,gbncc,lotaas,,,,,,
2531,J2326+6113,-16.948,-8.531,NAN,49678,112.946,0.003,351.74457184,61.22679664,0.233652,3.53E-16,122.61,NAN,17,4.4,NAN,2.733,0,2.517,9.566,NAN,jb1,gb1,gb2,gb3,gbncc,lotaas,,,
2532,J2326+6141,NAN,NAN,NAN,54100,112.761,-0.173,351.5,61,0.79,NAN,33,NAN,NAN,NAN,NAN,1.655,-0.005,1.526,9.14,NAN,gb350,lotaas,,,,,,,
2533,J2327+62,NAN,NAN,NAN,NAN,113.197,0.735,351.75,62,0.266,NAN,193.4,NAN,NAN,NAN,NAN,4.335,0.056,3.984,10.207,NAN,gbncc,,,,,,,,
2534,J2329+16,NAN,NAN,NAN,55343,96.414,-41.682,352.45833333,16.95,0.6321,NAN,31,NAN,NAN,NAN,NAN,25,-16.625,18.554,10.586,NAN,ar327,,,,,,,,
2535,J2329+4743,NAN,NAN,NAN,57950,108.961,-12.91,352.38145,47.72770278,0.728409,1.6E-17,44.01,NAN,0.5,NAN,NAN,2.396,-0.535,2.209,9.259,NAN,lotaas,,,,,,,,
2536,J2330-2005,74.7,5,NAN,49878,49.394,-70.19,352.61202083,-20.09156389,1.643622,4.63E-15,8.46,0,42,2.9,NAN,0.861,-0.81,0.222,8.31,NAN,misc,mol2,pks70,,,,,,
2537,J2333+6145,NAN,NAN,NAN,56100,113.831,0.275,353.33103333,61.75835833,0.756899,1.18E-15,125,NAN,NAN,0.47,NAN,2.729,0.013,2.496,9.603,NAN,htru_eff,,,,,,,,
2538,J2336-01,NAN,NAN,NAN,NAN,84.424,-59.008,354.15,-1.85,1.0298,NAN,19.6,NAN,NAN,NAN,NAN,2.393,-2.051,1.226,8.38,NAN,lotaas,,,,,,,,
2539,J2337+6151,-1,-15,NAN,53100,114.284,0.233,354.27400833,61.850425,0.49537,1.93E-13,58.41,0,10,1.4,NAN,0.7,0.003,0.638,8.788,SNR:G114.3+0.3[frs93],gb2,gb3,lotaas,,,,,,
2540,J2340+08,NAN,NAN,NAN,56098,94.821,-50.423,355.1875,8.55,0.3033,NAN,24,NAN,NAN,NAN,NAN,3.288,-2.534,2.087,8.676,NAN,ar327,lotaas,,,,,,,
2541,J2343+6221,NAN,NAN,NAN,54100,115.085,0.526,355.75,62.35,1.799,NAN,117,NAN,NAN,NAN,NAN,2.623,0.024,2.376,9.612,NAN,gb350,,,,,,,,
2542,J2346-0609,37.38,-20.21,0.27,51021,83.798,-64.015,356.7104075,-6.16663861,1.181463,1.36E-15,22.5,NAN,11,2,NAN,3.704,-3.329,1.613,8.325,NAN,pks70,,,,,,,,
2543,J2350+31,NAN,NAN,NAN,NAN,108.093,-29.466,357.675,31.65,0.5081,NAN,39.14,NAN,NAN,NAN,NAN,5.233,-2.574,4.331,9.915,NAN,misc,lotaas,,,,,,,
2544,J2351+8533,NAN,NAN,NAN,56500,121.677,22.832,357.76373364,85.55573473,1.011727,8.8E-16,38.5,NAN,4.9,NAN,NAN,2.618,1.016,2.053,9.767,NAN,gbncc,lotaas,,,,,,,
2545,J2352+65,NAN,NAN,NAN,54100,116.702,2.85,358,65,1.164,NAN,152,NAN,26.5,NAN,NAN,3.046,0.151,2.718,9.867,NAN,gb350,gbncc,lotaas,,,,,,
2546,J2354-22,NAN,NAN,NAN,54973,48.082,-76.409,358.60833333,-22.86472222,0.557996,NAN,9.9,NAN,NAN,NAN,NAN,1.108,-1.077,0.194,8.326,NAN,htru_pks,,,,,,,,
2547,J2354+6155,22.76,4.897,0.41,49405,116.239,-0.194,358.51992917,61.92967917,0.944784,1.63E-14,94.66,0,17,5,NAN,2.439,-0.008,2.188,9.578,NAN,gb1,gb2,gb3,gb4,gbncc,lotaas,,,
2548,J2355+2246,NAN,NAN,NAN,57102,106.53,-38.323,358.9575,22.77138889,1.840986,3.78E-15,23.1,NAN,0.9,NAN,NAN,2.163,-1.341,1.627,8.983,NAN,gbncc,,,,,,,,
