t[yr],B[G],L[erg/s],P_fill[s],Pdot_fill[s/s],chi[rad],P_vac[s],Pdot_vac[s/s],P_vacObs[s],Pdot_vacObs[s/s],bpol,etor,btorAvg
0.0,5000000000000000.0,1.4959911e+37,0.001,2.539248530406395e-05,1.0471975511965976,0.001,7.254995801161127e-06,0.001,1.0803055141585184e-05,300000000000000.0,50,52000000000000.0
1.0,4971461600000000.0,3.095157e+36,1.6999871040983578,1.1935379907907507e-08,-321.1402188531336,0.7411845566966991,9.688172792780149e-09,0.9584233469473061,1.1156281042579275e-08,300000000000000.0,50,52000000000000.0
2.0,4948028900000000.0,3.181362e+36,2.034084549686792,9.4522245811675e-09,-321.0770572105481,1.0008756739730844,7.106968164118778e-09,1.2617542496903176,8.394571369292136e-09,300000000000000.0,50,52000000000000.0
3.0,4926013300000000.0,3.0121621e+36,2.3084432425823023,7.997392269688572e-09,-321.0322274940533,1.2042115075873812,5.854457193923525e-09,1.503177884337769,6.9837408846158096e-09,300000000000000.0,50,52000000000000.0
4.0,4904886600000000.0,2.827515e+36,2.545192420739164,7.0190895276444524e-09,-320.9977646468857,1.3764572703755438,5.078041738176956e-09,1.7091938859350166,6.0894307381436315e-09,300000000000000.0,50,52000000000000.0
5.0,4884461100000000.0,2.6293743e+36,2.7555772866565884,6.305804532726349e-09,-320.96996501316295,1.528214111595771,4.535771455704808e-09,1.891466529342734,5.4568972603401506e-09,300000000000000.0,50,52000000000000.0
6.0,4864660300000000.0,2.4910027e+36,2.946210400366499,5.757264160502196e-09,-320.94680076768503,1.665134561690286,4.1291007334755006e-09,2.0563671576209654,4.978670203608576e-09,300000000000000.0,50,52000000000000.0
7.0,4845425200000000.0,2.4176178e+36,3.1213440428667516,5.319224782601084e-09,-320.92704359317526,1.7906483630185106,3.809385137766117e-09,2.20781906316012,4.6005621949060964e-09,300000000000000.0,50,52000000000000.0
8.0,4826692400000000.0,2.3718762e+36,3.283924175219845,4.959273547757907e-09,-320.90988781422493,1.9070421663045503,3.549291789061133e-09,2.3484649670538524,4.29167779195302e-09,300000000000000.0,50,52000000000000.0
9.0,4808466200000000.0,2.3012161e+36,3.4360876139148,4.656876985454207e-09,-320.8947774648581,2.015931638802985,3.3322233401066594e-09,2.480186202436218,4.033062596746145e-09,300000000000000.0,50,52000000000000.0
10.0,4790680300000000.0,2.2186345e+36,3.5793814363069543,4.398640851831957e-09,-320.8813239806448,2.11846679751099,3.147666521147592e-09,2.6043285546463566,3.8126227826585204e-09,300000000000000.0,50,52000000000000.0
20.0,4634989900000000.0,1.858034e+36,4.709857444211456,2.9688057010488287e-09,-320.7961507336786,2.9286245526727765,2.1315166310054783e-09,3.587606870365408,2.5909373152307117e-09,300000000000000.0,50,52000000000000.0
30.0,4517236600000000.0,1.7276464e+36,5.540947990465682,2.3372601823978277e-09,-320.7508059031619,3.525971401076603,1.6815795027156126e-09,4.314164822537191,2.0464861635123717e-09,300000000000000.0,50,52000000000000.0
40.0,4420872800000000.0,1.7138945e+36,6.218590562212042,1.964635300424264e-09,-320.7211836960595,4.013755003028184,1.414822168010353e-09,4.907981960743801,1.7228962890814198e-09,300000000000000.0,50,52000000000000.0
50.0,4337140200000000.0,1.7895985e+36,6.799118749837183,1.7117919051154552e-09,-320.69977814419855,4.431902127561701,1.233185327516295e-09,5.4172722057801135,1.502267432695748e-09,300000000000000.0,50,52000000000000.0
60.0,4259152700000000.0,1.8212967e+36,7.310687420523399,1.5240143335737098e-09,-320.6833531931844,4.800455932343262,1.0979762649800664e-09,5.866298357152045,1.337890842647362e-09,300000000000000.0,50,52000000000000.0
70.0,4186786100000000.0,1.6904979e+36,7.76989311116674,1.3777616625873545e-09,-320.6702263770001,5.131279409964782,9.925094258622474e-10,6.269442531346041,1.2095972774685162e-09,300000000000000.0,50,52000000000000.0
80.0,4119994400000000.0,1.5718264e+36,8.187530916121231,1.2605938749024424e-09,-320.6594287058791,5.432113706378383,9.079345084173769e-10,6.636099921957931,1.1066743915454757e-09,300000000000000.0,50,52000000000000.0
90.0,4058304400000000.0,1.4939942e+36,8.571517210579557,1.1641581792163154e-09,-320.6503350200181,5.708650610795614,8.382818212110041e-10,6.973184622238975,1.0218843544904665e-09,300000000000000.0,50,52000000000000.0
100.0,4001092100000000.0,1.4381004e+36,8.927549780760687,1.0832858120758172e-09,-320.64253616554225,5.964993892131447,7.798477064423883e-10,7.285684483148757,9.507336363315973e-10,300000000000000.0,50,52000000000000.0
200.0,3582525900000000.0,1.1439116e+36,11.592127670940275,6.590085028999895e-10,-320.5983714398594,7.880988066821098,4.732546608204862e-10,9.62204616157912,5.771883495963869e-10,300000000000000.0,50,52000000000000.0
300.0,3301945500000000.0,9.1078958e+35,13.37955429022085,4.823997915164885e-10,-320.57810805070903,9.163549464227659,3.4584663828560265e-10,11.186389863748335,4.21858454307135e-10,300000000000000.0,50,52000000000000.0
400.0,3112402600000000.0,5.8369085e+35,14.750768772315975,3.874149380882886e-10,-320.5657639215573,10.146059495858516,2.774229090815419e-10,12.384884100339276,3.3842092266319754e-10,300000000000000.0,50,52000000000000.0
500.0,2971151800000000.0,4.7244338e+35,15.880409201436558,3.2728092737286133e-10,-320.5571454375472,10.954643962718002,2.341547783317963e-10,13.371276925570617,2.856523712877802e-10,300000000000000.0,50,52000000000000.0
700.0,2738718700000000.0,3.2839847e+35,17.693558503831802,2.4916763281595676e-10,-320.5455536864266,12.251072250408315,1.780437385045656e-10,14.952872536063168,2.17212892374759e-10,300000000000000.0,50,52000000000000.0
800.0,2682995500000000.0,3.0581598e+35,18.450270421587337,2.2891632864882077e-10,-320.54137399644503,12.791670445016367,1.6349583894640768e-10,15.61240633527161,1.9946814428862058e-10,300000000000000.0,50,52000000000000.0
900.0,2627562800000000.0,3.0924667e+35,19.14769012402186,2.113612846620941e-10,-320.53780894314644,13.289689828846834,1.508959808810359e-10,16.22000380648989,1.8409881362563534e-10,300000000000000.0,50,52000000000000.0
1000.0,2561340100000000.0,2.9608952e+35,19.7909959587405,1.94493815493816e-10,-320.53473837980283,13.748891548370686,1.3880432347366838e-10,16.78025028276887,1.6934862372547925e-10,300000000000000.0,50,52000000000000.0
2000.0,2704140300000000.0,2.74308e+35,25.453400238120658,1.677234930194231e-10,-320.51430395121906,17.784778868325468,1.19406696612014e-10,21.704438589375965,1.456927775705027e-10,300000000000000.0,50,52000000000000.0
3000.0,2732538500000000.0,2.6941167e+35,30.343088015873654,1.434477613281867e-10,-320.50272794156996,21.263382092171813,1.019807148033344e-10,25.948888460845506,1.244345732855488e-10,300000000000000.0,50,52000000000000.0
4000.0,2523498800000000.0,2.3286702e+35,34.30398399268995,1.0831859764715638e-10,-320.4957585091714,24.07812180973079,7.694206428553207e-11,29.383398378718677,9.388448837417964e-11,300000000000000.0,50,52000000000000.0
5000.0,2466008600000000.0,2.0961841e+35,37.504633637257896,9.453348815545935e-11,-320.4912002119407,26.351054503309214,6.711392136227742e-11,32.156837112058724,8.189298749508449e-11,300000000000000.0,50,52000000000000.0
6000.0,2471033600000000.0,2.1271621e+35,40.387331225370836,8.799612908708534e-11,-320.4877107632926,28.39723294450509,6.244743414108583e-11,34.65360957850541,7.619940350642505e-11,300000000000000.0,50,52000000000000.0
7000.0,2417906900000000.0,2.0703943e+35,43.03208059115088,7.912079316804738e-11,-320.48492013616834,30.273833749669066,5.613109118632398e-11,36.94347450141877,6.849243324270245e-11,300000000000000.0,50,52000000000000.0
23000.0,1870124000000000.0,1.0052847e+35,67.7006477549728,3.006428859967292e-11,-320.4693936408399,47.75793251398295,2.1293800847674463e-11,58.27824744863263,2.5983739260866344e-11,300000000000000.0,50,52000000000000.0
24000.0,1849119200000000.0,9.8093093e+34,68.63765945038963,2.896570522273325e-11,-320.4690243414966,48.42158768921203,2.0514978527092033e-11,59.08807211442786,2.5033391938316308e-11,300000000000000.0,50,52000000000000.0
25000.0,1827386800000000.0,9.53321e+34,69.54080170058442,2.7925476223255983e-11,-320.46867790658666,49.06123217782993,1.9777586602730363e-11,59.86859805971922,2.4133598594054062e-11,300000000000000.0,50,52000000000000.0
26000.0,1806738500000000.0,9.2664357e+34,70.41247529843966,2.6957723802644242e-11,-320.4683518863367,49.67856973156221,1.909161100535968e-11,60.62190423869236,2.329654479476309e-11,300000000000000.0,50,52000000000000.0
27000.0,1786728300000000.0,9.0402991e+34,71.25442542775882,2.6050470779875927e-11,-320.46804458628776,50.27483863777841,1.8448557816325058e-11,61.34950163871141,2.2511866005126716e-11,300000000000000.0,50,52000000000000.0
28000.0,1766638000000000.0,8.8206739e+34,72.06788503620898,2.518160926676782e-11,-320.46775463350417,50.85091413232792,1.783276134961916e-11,62.052458237614225,2.1760446296663082e-11,300000000000000.0,50,52000000000000.0
29000.0,1746901200000000.0,8.5873764e+34,72.8548206781835,2.4356703657008956e-11,-320.46748024427376,51.408191360436234,1.7248152265163416e-11,62.73247642841085,2.1047082204747073e-11,300000000000000.0,50,52000000000000.0
30000.0,1727758500000000.0,8.3726468e+34,73.61643277010053,2.357774597424192e-11,-320.46722026817133,51.947522075622054,1.6696134225402528e-11,63.390595541274685,2.0373486651692203e-11,300000000000000.0,50,52000000000000.0
31000.0,1708824700000000.0,8.1679744e+34,74.3539564646338,2.283476202001967e-11,-320.4669736124425,52.46978248198348,1.6169637834396676e-11,64.02788474443273,1.9731033286086213e-11,300000000000000.0,50,52000000000000.0
32000.0,1690104000000000.0,7.9650323e+34,75.06843139119505,2.2125081121605014e-11,-320.46673931474476,52.97571018877638,1.5666766542564207e-11,64.64524408755972,1.91174079167355e-11,300000000000000.0,50,52000000000000.0
33000.0,1671813400000000.0,7.7706149e+34,75.76093967148928,2.1450498810569505e-11,-320.4665164573689,53.466072768070006,1.5188786834070134e-11,65.24361018436564,1.8534156043645608e-11,300000000000000.0,50,52000000000000.0
34000.0,1653829200000000.0,7.5857834e+34,76.43264230230166,2.080654182617511e-11,-320.4663041539624,53.94169351878682,1.4732526721857493e-11,65.8239876511755,1.7977407105005304e-11,300000000000000.0,50,52000000000000.0
35000.0,1636063700000000.0,7.403592e+34,77.08461780495618,2.0189348332201924e-11,-320.4661015985624,54.40333721987335,1.4295247798172296e-11,66.38730969687363,1.7443819606045234e-11,300000000000000.0,50,52000000000000.0
36000.0,1618595700000000.0,7.2316607e+34,77.71768194803784,1.9598579138105053e-11,-320.46590815215507,54.851582403765846,1.3876706722772955e-11,66.9342822651927,1.6933096654162566e-11,300000000000000.0,50,52000000000000.0
37000.0,1601487900000000.0,7.0634534e+34,78.33146764144279,1.9037067698781864e-11,-320.46572375496095,55.28616953903446,1.3478908315593913e-11,67.46458865668765,1.644768465769761e-11,300000000000000.0,50,52000000000000.0
38000.0,1584644000000000.0,6.9013438e+34,78.92840996229312,1.8497493914372947e-11,-320.46554708127184,55.7088242099667,1.309666474681531e-11,67.98033450263627,1.5981253215728076e-11,300000000000000.0,50,52000000000000.0
39000.0,1568032100000000.0,6.7410708e+34,79.50905024409215,1.797857621279887e-11,-320.4653777240066,56.11993028976384,1.272906670477175e-11,68.48198821790032,1.5532692763718282e-11,300000000000000.0,50,52000000000000.0
40000.0,1551705900000000.0,6.5852107e+34,80.07256427523578,1.7483330847714e-11,-320.4652158697465,56.518904327971754,1.2378249390650122e-11,68.96883784320221,1.5104608794862432e-11,300000000000000.0,50,52000000000000.0
41000.0,1535683200000000.0,6.4336501e+34,80.62197863709747,1.7005841891305322e-11,-320.4650600689499,56.90789061239534,1.2040019700987119e-11,69.44349993587896,1.469188471834592e-11,300000000000000.0,50,52000000000000.0
42000.0,1519890300000000.0,6.2876429e+34,81.1551283916509,1.6549561515651723e-11,-320.46491110450637,57.28535591909443,1.1716823149624554e-11,69.9041035784845,1.4297504665549306e-11,300000000000000.0,50,52000000000000.0
43000.0,1504323300000000.0,6.1447947e+34,81.6755372263079,1.6107692939290616e-11,-320.4647673888313,57.6537964940126,1.1403843084840785e-11,70.35369480680217,1.3915591156476947e-11,300000000000000.0,50,52000000000000.0
44000.0,1489014600000000.0,6.0070687e+34,82.18077656082383,1.5685650034415514e-11,-320.46462979613034,58.011492413015226,1.1104914039000372e-11,70.79017488223543,1.3550823276225882e-11,300000000000000.0,50,52000000000000.0
45000.0,1473950600000000.0,5.8806925e+34,82.67382792345121,1.527765203237787e-11,-320.46449703182276,58.36055573114323,1.0815939784891685e-11,71.21612103443252,1.31982026313048e-11,300000000000000.0,50,52000000000000.0
46000.0,1459101900000000.0,5.7530988e+34,83.15404135422924,1.4884707479563357e-11,-320.4643692608646,58.700526313468735,1.0537634314892517e-11,71.63097178126722,1.285860047504932e-11,300000000000000.0,50,52000000000000.0
47000.0,1444475900000000.0,5.6250572e+34,83.62152118858553,1.450685860384597e-11,-320.4642463533133,59.03147827490535,1.0270026813865382e-11,72.03481755861205,1.2532052429889701e-11,300000000000000.0,50,52000000000000.0
48000.0,1430081800000000.0,5.4984194e+34,84.07790921759204,1.4141476053254645e-11,-320.4641276090725,59.35457459866913,1.0011253920541665e-11,72.4290774941015,1.221628474448413e-11,300000000000000.0,50,52000000000000.0
49000.0,1415918500000000.0,5.3767599e+34,84.52296232216689,1.3789145991444589e-11,-320.4640130500493,59.6696432684854,9.761730341689524e-12,72.81354168269979,1.1911803470520314e-11,300000000000000.0,50,52000000000000.0
50000.0,1401956500000000.0,5.2582695e+34,84.95619519733985,1.3450353546872556e-11,-320.46390278203756,59.976340760447926,9.521799410126498e-12,73.18779093696399,1.1619027563341011e-11,300000000000000.0,50,52000000000000.0
51000.0,1388205300000000.0,5.1422598e+34,85.3792699775858,1.3122585359127488e-11,-320.4637961412425,60.27584435988774,9.289680187969907e-12,73.55326183806459,1.1335783844994202e-11,300000000000000.0,50,52000000000000.0
52000.0,1374672400000000.0,5.0282046e+34,85.7924339645874,1.280562120494049e-11,-320.4636929873859,60.568329332787265,9.065216261152145e-12,73.91016825282733,1.1061881456978461e-11,300000000000000.0,50,52000000000000.0
53000.0,1361346300000000.0,4.9186206e+34,86.19593752349127,1.2499076026166185e-11,-320.46359318359674,60.853973103823996,8.848134554531366e-12,74.25872668236879,1.0796987184083543e-11,300000000000000.0,50,52000000000000.0
54000.0,1348215900000000.0,4.8114803e+34,86.58936682743938,1.2203504454073384e-11,-320.46349682070223,61.13248274537819,8.638827641413851e-12,74.59857967973785,1.0541580067008787e-11,300000000000000.0,50,52000000000000.0
55000.0,1335278900000000.0,4.7072128e+34,86.97333103043894,1.1917978503702096e-11,-320.46340364255775,61.40428975263509,8.436637900247621e-12,74.93025377607123,1.0294857648075763e-11,300000000000000.0,50,52000000000000.0
56000.0,1322529100000000.0,4.6068897e+34,87.34851989192067,1.1641499069482075e-11,-320.4633133756786,61.669882676811525,8.240857381992172e-12,75.2543451255334,1.0055956056907941e-11,300000000000000.0,50,52000000000000.0
57000.0,1309977200000000.0,4.5097633e+34,87.71516973737299,1.1373861304997819e-11,-320.46322590417765,61.9294289612784,8.051340707897002e-12,75.57105805004514,9.824697898896427e-12,300000000000000.0,50,52000000000000.0
58000.0,1297610200000000.0,4.4156747e+34,88.07351807353736,1.111464249893948e-11,-320.46314111529523,62.183096877249035,7.867788298194936e-12,75.88059788181408,9.600717614410018e-12,300000000000000.0,50,52000000000000.0
59000.0,1285410600000000.0,4.3223065e+34,88.42379676266648,1.0863433566187252e-11,-320.4630589009065,62.43105069219563,7.689910243218708e-12,76.18316506756172,9.383661443498102e-12,300000000000000.0,50,52000000000000.0
60000.0,1273390200000000.0,4.2321154e+34,88.7662323810001,1.061998727320407e-11,-320.46297915728593,62.67345092395209,7.51753122606623e-12,76.47895547858924,9.17331545845843e-12,300000000000000.0,50,52000000000000.0
61000.0,1261538500000000.0,4.1438084e+34,89.10105065686365,1.0384097529381475e-11,-320.4629017839337,62.910457482635074,7.350505072118588e-12,76.76816424472214,8.969501292401561e-12,300000000000000.0,50,52000000000000.0
62000.0,1249878500000000.0,4.059438e+34,89.42847729069298,1.0155573840323835e-11,-320.46282668328297,63.14223025133805,7.1886966636802574e-12,77.05098646290253,8.77205407049746e-12,300000000000000.0,50,52000000000000.0
63000.0,1238378600000000.0,3.9775376e+34,89.74873807675661,9.933947298363677e-12,-320.4627537605774,63.368929172499094,7.031773823996397e-12,77.32761730257702,8.580568455080953e-12,300000000000000.0,50,52000000000000.0
64000.0,1227030200000000.0,3.8991046e+34,90.06204978567357,9.71881659407089e-12,-320.46268292583375,63.590707794283425,6.87945224621592e-12,77.59824413062434,8.3946975217952e-12,300000000000000.0,50,52000000000000.0
65000.0,1215836900000000.0,3.8272988e+34,90.36862198115162,9.509998749797757e-12,-320.46261409327985,63.807714556928524,6.731602187487635e-12,77.86304808102157,8.214282953805561e-12,300000000000000.0,50,52000000000000.0
66000.0,1204807400000000.0,3.7585771e+34,90.66866338197099,9.307299801343387e-12,-320.46254717979275,64.0200972963844,6.588086142177908e-12,78.12220955043725,8.039156961509735e-12,300000000000000.0,50,52000000000000.0
67000.0,1193927000000000.0,3.6859661e+34,90.9623812245604,9.110454400329724e-12,-320.4624821049468,64.22800279333083,6.448716089583936e-12,78.37590764791342,7.869090113774943e-12,300000000000000.0,50,52000000000000.0
68000.0,1183200700000000.0,3.613695e+34,91.24997872985408,8.919188796579174e-12,-320.46241879147965,64.43157498033635,6.313298075917724e-12,78.62431800713637,7.70384573940308e-12,300000000000000.0,50,52000000000000.0
69000.0,1172616500000000.0,3.5426252e+34,91.53165445604242,8.733241285191055e-12,-320.46235716532715,64.63095448396639,6.181646687016145e-12,78.86761222768747,7.543197587561679e-12,300000000000000.0,50,52000000000000.0
70000.0,1162173600000000.0,3.4734009e+34,91.80760244450684,8.552382577742753e-12,-320.46229715548293,64.82627872834188,6.0535994665089244e-12,79.10595800140794,7.386947421669166e-12,300000000000000.0,50,52000000000000.0
71000.0,1151877900000000.0,3.4059904e+34,92.07801232860564,8.376479401367321e-12,-320.4622386938726,65.0176820123869,5.929061931872531e-12,79.33951920665751,7.234979950565176e-12,300000000000000.0,50,52000000000000.0
72000.0,1141724600000000.0,3.3407181e+34,92.34253114968128,8.205917149316213e-12,-320.4621818628068,65.20491448504961,5.808306917588881e-12,79.56799096111804,7.087628101979035e-12,300000000000000.0,50,52000000000000.0
73000.0,1131701200000000.0,3.2768255e+34,92.60138502059911,8.040315131380214e-12,-320.46212658329114,65.38813627463915,5.691064796476088e-12,79.79156866154338,6.944562863435742e-12,300000000000000.0,50,52000000000000.0
74000.0,1121819200000000.0,3.2145471e+34,92.8551776493382,7.87913441491723e-12,-320.4620726769319,65.5677748296526,5.576953827468807e-12,80.0107739034734,6.805318415942286e-12,300000000000000.0,50,52000000000000.0
75000.0,1112073300000000.0,3.1541778e+34,93.10408965293678,7.722130664517032e-12,-320.46202008394846,65.74395805069595,5.465800951436637e-12,80.22576275787408,6.669683584225669e-12,300000000000000.0,50,52000000000000.0
76000.0,1102453000000000.0,3.0961384e+34,93.34829630265044,7.569121582315919e-12,-320.46196874729776,65.91681005036943,5.357477029079466e-12,80.43668667342021,6.5375007863959e-12,300000000000000.0,50,52000000000000.0
77000.0,1092971600000000.0,3.0406832e+34,93.58796819368882,7.419985532649963e-12,-320.4619186124461,66.08645162752981,5.251895866538418e-12,80.64369305521477,6.408664844951839e-12,300000000000000.0,50,52000000000000.0
78000.0,1083618800000000.0,2.9858982e+34,93.82245355912318,7.275377239410446e-12,-320.461869839989,66.25242138991244,5.149521022039692e-12,80.84621888671329,6.283741418610535e-12,300000000000000.0,50,52000000000000.0
79000.0,1074390000000000.0,2.9325953e+34,94.05205390358232,7.134875857288228e-12,-320.46182233806616,66.41493282185284,5.0500544658602856e-12,81.0445246728444,6.162366836226722e-12,300000000000000.0,50,52000000000000.0
80000.0,1065277100000000.0,2.8799969e+34,94.27755466721406,6.997674139861233e-12,-320.4617758939046,66.57454199486303,4.9529245603196085e-12,81.23928896244205,6.043843555814343e-12,300000000000000.0,50,52000000000000.0
81000.0,1056280900000000.0,2.8296729e+34,94.49911257469435,6.863637940356645e-12,-320.4617304608006,66.73135987723957,4.858036282507212e-12,81.43064716495022,5.928055625833466e-12,300000000000000.0,50,52000000000000.0
82000.0,1047410000000000.0,2.7857662e+34,94.71677681646366,6.732766350237248e-12,-320.4616860201512,66.88542130852477,4.765388947454554e-12,81.61864179331626,5.815002210948201e-12,300000000000000.0,50,52000000000000.0
83000.0,1038645700000000.0,2.7397011e+34,94.92912572079865,6.606333754442633e-12,-320.46164292099803,67.03571987693232,4.675884876678047e-12,81.80204476777429,5.705784372116426e-12,300000000000000.0,50,52000000000000.0
84000.0,1029997000000000.0,2.6935737e+34,95.13793282300345,6.482663195155377e-12,-320.4616007075012,67.18351113515526,4.588336634018818e-12,81.98238818307432,5.5989531371663965e-12,300000000000000.0,50,52000000000000.0
85000.0,1021456800000000.0,2.6475074e+34,95.34334172597305,6.361641011596262e-12,-320.46155933979946,67.32889675297403,4.502663717404826e-12,82.15979610220604,5.494410273466909e-12,300000000000000.0,50,52000000000000.0
86000.0,1013026100000000.0,2.6029076e+34,95.54504770500048,6.243509952511703e-12,-320.4615188887451,67.47166102410667,4.419037993679539e-12,82.33400530821525,5.3923655022542116e-12,300000000000000.0,50,52000000000000.0
87000.0,1004707300000000.0,2.5587629e+34,95.7420647449358,6.1292328734969706e-12,-320.4614795873014,67.61110596560559,4.3381411444320124e-12,82.50416408311351,5.293650648597703e-12,300000000000000.0,50,52000000000000.0
88000.0,996494280000000.0,2.5164559e+34,95.93605591901681,6.0172634685445865e-12,-320.4614410219792,67.74840889285665,4.2588783069716635e-12,82.67170905260406,5.196929702620527e-12,300000000000000.0,50,52000000000000.0
89000.0,988388510000000.0,2.4753084e+34,96.12715262586637,5.90749065049343e-12,-320.4614031588412,67.88366282837718,4.1811708171709925e-12,82.83675372789574,5.10210667426104e-12,300000000000000.0,50,52000000000000.0
90000.0,980382390000000.0,2.435092e+34,96.31375381865026,5.801288021697821e-12,-320.46136637755325,68.01573441540236,4.105991201372871e-12,82.99791512346316,5.010368292706303e-12,300000000000000.0,50,52000000000000.0
91000.0,972478130000000.0,2.3965157e+34,96.49723483503725,5.697404661767923e-12,-320.46133034041384,68.14559726554974,4.032453758498468e-12,83.15638129447673,4.920633778071852e-12,300000000000000.0,50,52000000000000.0
92000.0,964671510000000.0,2.3584486e+34,96.67816252332932,5.595430427504003e-12,-320.46129491041165,68.2736526490819,3.9602680728765e-12,83.31264189334792,4.832548749810042e-12,300000000000000.0,50,52000000000000.0
93000.0,956958720000000.0,2.321085e+34,96.85516506121508,5.496426779996972e-12,-320.4612604079333,68.39892948703591,3.8901856769729166e-12,83.46551195487778,4.747030268380513e-12,300000000000000.0,50,52000000000000.0
94000.0,949338500000000.0,2.2842597e+34,97.02899190327078,5.39977381228525e-12,-320.46122664918755,68.52195832324416,3.821767637766839e-12,83.61563887823338,4.6635427243717964e-12,300000000000000.0,50,52000000000000.0
95000.0,941821010000000.0,2.248409e+34,97.20058496343434,5.304780978690865e-12,-320.46119341202996,68.6434059210164,3.754525018232925e-12,83.76383628546029,4.581489490669332e-12,300000000000000.0,50,52000000000000.0
96000.0,934389830000000.0,2.2123392e+34,97.36835062250165,5.212655416930613e-12,-320.46116106326815,68.76214421138754,3.689312475362887e-12,83.90872764315586,4.501913466045421e-12,300000000000000.0,50,52000000000000.0
97000.0,927050560000000.0,2.1777907e+34,97.53333485019293,5.122516455995352e-12,-320.4611293545376,68.8789136213591,3.6255064801316536e-12,84.05121646188786,4.42405378673938e-12,300000000000000.0,50,52000000000000.0
98000.0,919802040000000.0,2.1450007e+34,97.69638590165648,5.033765750952848e-12,-320.4610980901778,68.99431460308766,3.5626833900715416e-12,84.19203544724537,4.347393501400687e-12,300000000000000.0,50,52000000000000.0
99000.0,912637800000000.0,2.1125862e+34,97.85527397310968,4.948122501808886e-12,-320.4610677753682,69.10676877594089,3.5020603620433708e-12,84.32925856986819,4.273417851273359e-12,300000000000000.0,50,52000000000000.0
100000.0,905564060000000.0,2.0800083e+34,98.01218313126282,4.863557370950296e-12,-320.4610379081772,69.21782216452154,3.442200716552604e-12,84.46477237623573,4.200373721072574e-12,300000000000000.0,50,52000000000000.0
101000.0,898273420000000.0,2.033314e+34,98.1667684420713,4.7802582795461005e-12,-320.461008566627,69.32723060543712,3.3832375148234023e-12,84.59827892435658,4.128423479172879e-12,300000000000000.0,50,52000000000000.0
102000.0,892616630000000.0,2.01312e+34,98.31777740398539,4.71096080694768e-12,-320.460980026108,69.43410753036903,3.3341845433121523e-12,84.72869637313995,4.068566271075384e-12,300000000000000.0,50,52000000000000.0
103000.0,887013390000000.0,1.9989852e+34,98.46743347678306,4.643469406460977e-12,-320.4609517920795,69.54002680399722,3.286410043653653e-12,84.85794524161318,4.010269126280404e-12,300000000000000.0,50,52000000000000.0
104000.0,880875130000000.0,1.9729452e+34,98.61430748295724,4.572508403637368e-12,-320.4609241954566,69.64397675378567,3.2361804008141265e-12,84.98479102992496,3.9489760673498695e-12,300000000000000.0,50,52000000000000.0
105000.0,874457460000000.0,1.9447288e+34,98.75922295612095,4.500624074904543e-12,-320.4608970368303,69.74654035882571,3.185297587854156e-12,85.1099451217492,3.886885968598429e-12,300000000000000.0,50,52000000000000.0
106000.0,867972380000000.0,1.9189642e+34,98.90235503954246,4.427898989367316e-12,-320.46087027703254,69.84784159402557,3.1338200149966097e-12,85.23355879830008,3.824070105903709e-12,300000000000000.0,50,52000000000000.0
107000.0,861592590000000.0,1.8947375e+34,99.04227541117532,4.357458718113091e-12,-320.46084422308746,69.9468694578519,3.0839599860208538e-12,85.35439837778057,3.763228059217006e-12,300000000000000.0,50,52000000000000.0
108000.0,855340330000000.0,1.8699369e+34,99.18114016954708,4.2878952163860905e-12,-320.46081840051363,70.0451501202947,3.034720640059687e-12,85.47432617960887,3.7031434044194445e-12,300000000000000.0,50,52000000000000.0
109000.0,849266970000000.0,1.8453008e+34,99.31656521559319,4.221948272609265e-12,-320.4607933280837,70.14099603979378,2.9880413757783707e-12,85.59128296941525,3.6461827052295385e-12,300000000000000.0,50,52000000000000.0
110000.0,843307240000000.0,1.8209496e+34,99.45074170897908,4.15672105690348e-12,-320.4607685266832,70.23595819552374,2.9418716658079704e-12,85.70716134029229,3.589843792014357e-12,300000000000000.0,50,52000000000000.0
111000.0,837366110000000.0,1.7981897e+34,99.58251677264445,4.0928781451486345e-12,-320.4607442465728,70.32922054583196,2.8966820177167758e-12,85.82096551169771,3.534700803782632e-12,300000000000000.0,50,52000000000000.0
112000.0,831404250000000.0,1.7764781e+34,99.71228635134521,4.02964685493412e-12,-320.46072039815624,70.42106336251756,2.851925508697316e-12,85.93303748714335,3.4800863541001136e-12,300000000000000.0,50,52000000000000.0
113000.0,825434090000000.0,1.7546117e+34,99.84047041184782,3.966899107154329e-12,-320.4606968910329,70.51178390881404,2.8075114354939768e-12,86.0437400041959,3.4258897621941386e-12,300000000000000.0,50,52000000000000.0
114000.0,819523040000000.0,1.7326275e+34,99.96597918455741,3.905888009723581e-12,-320.46067395374985,70.60061083450927,2.7643267968511948e-12,86.15213181710561,3.373193394366121e-12,300000000000000.0,50,52000000000000.0
115000.0,813724100000000.0,1.7106087e+34,100.0905764360611,3.845468621949104e-12,-320.4606512106221,70.68879256781116,2.7215610498417433e-12,86.25973632936218,3.321008181287236e-12,300000000000000.0,50,52000000000000.0
116000.0,808042050000000.0,1.6888976e+34,100.21200152000326,3.787757384479198e-12,-320.4606291380465,70.77472899343279,2.680712343324754e-12,86.36460098863087,3.2711622488176742e-12,300000000000000.0,50,52000000000000.0
117000.0,802443510000000.0,1.6676952e+34,100.33298131632375,3.730397215055478e-12,-320.4606071594686,70.86035023816562,2.640112153930631e-12,86.4690810461291,3.221619570874448e-12,300000000000000.0,50,52000000000000.0
118000.0,796891610000000.0,1.6472944e+34,100.45067860288985,3.674951862915998e-12,-320.4605858708034,70.94364808418905,2.6008675352791584e-12,86.57072595937056,3.1737310353038127e-12,300000000000000.0,50,52000000000000.0
119000.0,791366270000000.0,1.627648e+34,100.56794599644077,3.6197168076320454e-12,-320.4605646717925,71.0266416488473,2.5617717998219846e-12,86.67199957103028,3.1260241751698616e-12,300000000000000.0,50,52000000000000.0
120000.0,785869300000000.0,1.6083872e+34,100.68231671600199,3.565898759394023e-12,-320.4605440768836,71.10758492684135,2.5236792583251443e-12,86.77077130525502,3.079541467309646e-12,300000000000000.0,50,52000000000000.0
121000.0,780427750000000.0,1.5894266e+34,100.79604497141952,3.5125017247522715e-12,-320.46052361483817,71.18807346719896,2.4858847510495894e-12,86.86898814248741,3.0334224374792494e-12,300000000000000.0,50,52000000000000.0
122000.0,775056220000000.0,1.57096e+34,100.9071342387978,3.460834047080579e-12,-320.4605036985433,71.26669412559716,2.4493144502188183e-12,86.96492568282792,2.9887972528388745e-12,300000000000000.0,50,52000000000000.0
123000.0,769761090000000.0,1.551936e+34,101.01748427718296,3.4096623441627205e-12,-320.4604839340682,71.344791558879,2.4130952423413382e-12,87.06022475378494,2.9446004915302696e-12,300000000000000.0,50,52000000000000.0
124000.0,764532720000000.0,1.5336209e+34,101.12537196657526,3.3601427178638343e-12,-320.46046467530044,71.4211461454242,2.3780455142705084e-12,87.15339710290334,2.9018307951356865e-12,300000000000000.0,50,52000000000000.0
125000.0,759359430000000.0,1.5161956e+34,101.23252981474639,3.311040104195207e-12,-320.4604455654344,71.49698415423553,2.343290991290667e-12,87.24593909412572,2.859421324474401e-12,300000000000000.0,50,52000000000000.0
126000.0,754230300000000.0,1.4982029e+34,101.3372991207442,3.2633022425100404e-12,-320.4604269428772,71.57113156560263,2.309502582294482e-12,87.33641812100015,2.818190760034026e-12,300000000000000.0,50,52000000000000.0
127000.0,749145310000000.0,1.4811206e+34,101.44144300573167,3.215916780908089e-12,-320.46040844699263,71.6448363098676,2.275963636712823e-12,87.42635697995838,2.7772646048046782e-12,300000000000000.0,50,52000000000000.0
128000.0,744106830000000.0,1.4649707e+34,101.54315723501996,3.1699003345077184e-12,-320.4603904432101,71.7168213667066,2.2433938146444443e-12,87.5141973771855,2.7375210282898274e-12,300000000000000.0,50,52000000000000.0
129000.0,739121910000000.0,1.4487387e+34,101.64444535187278,3.124147507021388e-12,-320.4603725251131,71.78850482689288,2.2110106015874786e-12,87.60166974877158,2.698005162599658e-12,300000000000000.0,50,52000000000000.0
130000.0,734196200000000.0,1.4331256e+34,101.74316677050186,3.079982594230956e-12,-320.4603551231449,71.85837161258581,2.1797514322763463e-12,87.68692530929937,2.659860918389092e-12,300000000000000.0,50,52000000000000.0
131000.0,729327060000000.0,1.416999e+34,101.84175245646755,3.035897978412458e-12,-320.46033774829095,71.92814232902289,2.1485491030650463e-12,87.77206364057132,2.6217860336700177e-12,300000000000000.0,50,52000000000000.0
132000.0,724505970000000.0,1.4013096e+34,101.93755476450474,2.9934599582902295e-12,-320.46032092945165,71.9959430182047,2.118512355338381e-12,87.85479803077949,2.5851334571331184e-12,300000000000000.0,50,52000000000000.0
133000.0,719732560000000.0,1.3863367e+34,102.03335707254193,2.9510219381680012e-12,-320.4603041106124,72.06374370738652,2.0884756076117163e-12,87.93753242098767,2.548480880596219e-12,300000000000000.0,50,52000000000000.0
134000.0,715001530000000.0,1.371731e+34,102.12654673313178,2.9100343543407457e-12,-320.4602878102132,72.12969521906079,2.0594655889219386e-12,88.01801033786715,2.5130811766260314e-12,300000000000000.0,50,52000000000000.0
135000.0,710313740000000.0,1.3573669e+34,102.21949844765297,2.8691788685562536e-12,-320.4602715570307,72.1954783174581,2.0305490792657465e-12,88.09828274712713,2.4777955776423696e-12,300000000000000.0,50,52000000000000.0
136000.0,705673310000000.0,1.3433195e+34,102.31035312980718,2.8295314015206407e-12,-320.46025571714677,72.25977718783744,2.0024876806019294e-12,88.17674401544149,2.443553433413006e-12,300000000000000.0,50,52000000000000.0
137000.0,701082970000000.0,1.3292243e+34,102.40051591464699,2.7902825096054054e-12,-320.460240013627,72.32358635028676,1.9747084182601175e-12,88.25460771379173,2.409655567866974e-12,300000000000000.0,50,52000000000000.0
138000.0,696543890000000.0,1.3152292e+34,102.48917544658946,2.751908611315771e-12,-320.46022460445914,72.38633155259446,1.9475485231473146e-12,88.33117310632723,2.376513489302115e-12,300000000000000.0,50,52000000000000.0
139000.0,692052390000000.0,1.3018946e+34,102.57661539474765,2.7142445922746753e-12,-320.4602094340979,72.4482135677843,1.920891118487281e-12,88.40668518792518,2.3439845780547684e-12,300000000000000.0,50,52000000000000.0
140000.0,687602000000000.0,1.2890786e+34,102.6632149441821,2.6770355575960508e-12,-320.46019442726083,72.50950077526575,1.8945557776528946e-12,88.48147145065958,2.3118486673160468e-12,300000000000000.0,50,52000000000000.0
141000.0,683193000000000.0,1.2763569e+34,102.74799950512289,2.6408091414761763e-12,-320.4601797735828,72.56950339114064,1.868915990156792e-12,88.55469018021168,2.2805615101284928e-12,300000000000000.0,50,52000000000000.0
142000.0,678824090000000.0,1.2638183e+34,102.83266850225392,2.6046473521428274e-12,-320.46016514224584,72.62942421500182,1.843321948403777e-12,88.6278091024003,2.2493301744945435e-12,300000000000000.0,50,52000000000000.0
143000.0,674497800000000.0,1.2515783e+34,102.91485748822156,2.5698724602506152e-12,-320.4601509903505,72.68758977389263,1.818709614970829e-12,88.69878614837245,2.2192967751037023e-12,300000000000000.0,50,52000000000000.0
144000.0,670214400000000.0,1.2395942e+34,102.99704647418919,2.535097568358403e-12,-320.4601368384551,72.74575533278343,1.7940972815378811e-12,88.76976319434458,2.1892633757128615e-12,300000000000000.0,50,52000000000000.0
145000.0,665976860000000.0,1.2271486e+34,103.07737283440618,2.5013650222871382e-12,-320.4601230444222,72.8026025966763,1.7702227600042443e-12,88.83913158015875,2.160130296384354e-12,300000000000000.0,50,52000000000000.0
146000.0,661780960000000.0,1.2152293e+34,103.1570297195057,2.4680071218421835e-12,-320.460109379014,72.85897603178293,1.7466134268520072e-12,88.90792177255545,2.131320815008516e-12,300000000000000.0,50,52000000000000.0
147000.0,657626290000000.0,1.2036475e+34,103.2357260602518,2.4351608007919624e-12,-320.4600958970403,72.91466963358639,1.7233662089806944e-12,88.97588239281808,2.1029532073043363e-12,300000000000000.0,50,52000000000000.0
148000.0,653510800000000.0,1.1922191e+34,103.31291451470987,2.40311756973112e-12,-320.46008270302656,72.96929601625266,1.7006874486354374e-12,89.04254073022258,2.075279263821061e-12,300000000000000.0,50,52000000000000.0
149000.0,649431500000000.0,1.1812116e+34,103.39009214300967,2.3710800584899827e-12,-320.4600695110676,73.02391473665017,1.678012736962825e-12,89.10918971768072,2.0476102607589017e-12,300000000000000.0,50,52000000000000.0
150000.0,645387020000000.0,1.1699805e+34,103.4648708833111,2.3403099596149747e-12,-320.46005677442935,73.07683563182192,1.656235140591243e-12,89.17376691996951,2.021035968918224e-12,300000000000000.0,50,52000000000000.0
151000.0,641379850000000.0,1.1584937e+34,103.5396496236125,2.3095398607399666e-12,-320.4600440377911,73.12975652699366,1.6344575442196612e-12,89.2383441222583,1.9944616770775462e-12,300000000000000.0,50,52000000000000.0
152000.0,637409890000000.0,1.1473462e+34,103.61306192038272,2.2794795944762164e-12,-320.4600315589564,73.18171031914086,1.6131823871231879e-12,89.30174120909378,1.968500490312349e-12,300000000000000.0,50,52000000000000.0
153000.0,633477020000000.0,1.1370773e+34,103.68548905161501,2.249931096617334e-12,-320.4600192659905,73.23296685849303,1.5922694739449105e-12,89.36428746744727,1.942981334247796e-12,300000000000000.0,50,52000000000000.0
154000.0,629581490000000.0,1.1270878e+34,103.75764485900537,2.220526508113672e-12,-320.46000702391143,73.28403136872831,1.571458422505644e-12,89.42659940067537,1.917586475704627e-12,300000000000000.0,50,52000000000000.0
155000.0,625722270000000.0,1.1170858e+34,103.82777701158912,2.192195260074103e-12,-320.459995161369,73.33366363975212,1.5514071015651753e-12,89.48716363210566,1.8931186837797693e-12,300000000000000.0,50,52000000000000.0
156000.0,621898160000000.0,1.1073352e+34,103.89790916417287,2.163864012034534e-12,-320.45998329882667,73.38329591077593,1.5313557806247064e-12,89.54772786353597,1.868650891854912e-12,300000000000000.0,50,52000000000000.0
157000.0,618108720000000.0,1.0978676e+34,103.96666531201839,2.136227943932996e-12,-320.4599716928825,73.43195432026765,1.5117965209175156e-12,89.6071037322942,1.844783541199959e-12,300000000000000.0,50,52000000000000.0
158000.0,614352520000000.0,1.0886123e+34,104.03456123725108,2.1090264742642082e-12,-320.4599602473532,73.48000391084443,1.492544878028793e-12,89.66573668468426,1.8212915621870566e-12,300000000000000.0,50,52000000000000.0
159000.0,610629780000000.0,1.078538e+34,104.10230068560796,2.0819051944464297e-12,-320.45994883083586,73.52794275604717,1.47334999436569e-12,89.724234499101,1.7978688440358226e-12,300000000000000.0,50,52000000000000.0
160000.0,606939910000000.0,1.0688307e+34,104.16801463657184,2.055821923173628e-12,-320.4599377898603,73.57444807015922,1.4548898241414804e-12,89.7809830351579,1.7753426653511045e-12,300000000000000.0,50,52000000000000.0
161000.0,603282230000000.0,1.0591455e+34,104.23372858753572,2.029738651900826e-12,-320.45992674888475,73.62095338427127,1.4364296539172709e-12,89.8377315712148,1.7528164866663861e-12,300000000000000.0,50,52000000000000.0
162000.0,599658900000000.0,1.0505031e+34,104.29840759887348,2.0041770052284196e-12,-320.459915898726,73.66672623037846,1.4183386930000475e-12,89.89358630700018,1.7307408383722913e-12,300000000000000.0,50,52000000000000.0
163000.0,596068270000000.0,1.0416746e+34,104.3619952411145,1.9791654244290367e-12,-320.45990524978833,73.71172667109627,1.4006370723087686e-12,89.9484985085832,1.709140285371736e-12,300000000000000.0,50,52000000000000.0
164000.0,592510850000000.0,1.032741e+34,104.42558288335552,1.9541538436296542e-12,-320.45989460085065,73.75672711181409,1.3829354516174899e-12,90.00341071016621,1.6875397323711809e-12,300000000000000.0,50,52000000000000.0
165000.0,588984470000000.0,1.0239552e+34,104.48738912827386,1.9300265497626178e-12,-320.45988427855247,73.80046679176834,1.365859731348795e-12,90.05678445771898,1.6667029390369285e-12,300000000000000.0,50,52000000000000.0
166000.0,585486350000000.0,1.0153658e+34,104.54890466240333,1.906043564943551e-12,-320.4598740095594,73.84400072494648,1.3488861533721584e-12,90.10990714102063,1.6459907855975908e-12,300000000000000.0,50,52000000000000.0
167000.0,582017810000000.0,1.0068538e+34,104.61003665508639,1.8822494580904553e-12,-320.4598638105119,73.88726321273542,1.3320462627562303e-12,90.16269859076864,1.625441765169145e-12,300000000000000.0,50,52000000000000.0
168000.0,578580270000000.0,9.9849559e+33,104.66953297911904,1.8592608489758082e-12,-320.45985390975704,73.92936808192138,1.3157765014624606e-12,90.2140774465331,1.6055884493490393e-12,300000000000000.0,50,52000000000000.0
169000.0,575173950000000.0,9.9023233e+33,104.72902930315169,1.836272239861161e-12,-320.4598440090022,73.97147295110734,1.299506740168691e-12,90.26545630229754,1.5857351335289336e-12,300000000000000.0,50,52000000000000.0
170000.0,571795360000000.0,9.8232352e+33,104.78758784254555,1.8137334412710039e-12,-320.45983427835915,74.01291412062612,1.2835553524173953e-12,90.31602527284831,1.5662703154410154e-12,300000000000000.0,50,52000000000000.0
171000.0,568443690000000.0,9.7452022e+33,104.84511719547606,1.7916882942973551e-12,-320.459824734408,74.05362690253338,1.267953368704776e-12,90.36570542216623,1.5472318602838486e-12,300000000000000.0,50,52000000000000.0
172000.0,565122330000000.0,9.6646307e+33,104.90264654840657,1.7696431473237065e-12,-320.4598151904569,74.09433968444063,1.2523513849921568e-12,90.41538557148415,1.5281934051266818e-12,300000000000000.0,50,52000000000000.0
173000.0,561830990000000.0,9.589777e+33,104.95879675897815,1.7482670493756276e-12,-320.45980589535714,74.13407640768759,1.2372229461916004e-12,90.46387467680555,1.5097327967935003e-12,300000000000000.0,50,52000000000000.0
174000.0,558567320000000.0,9.5151967e+33,105.01440918616761,1.7271518407008394e-12,-320.4597966972946,74.17343252618834,1.2222791617037434e-12,90.51189934590352,1.4914975143067388e-12,300000000000000.0,50,52000000000000.0
175000.0,555330450000000.0,9.4417906e+33,105.07002161335706,1.7060366320260515e-12,-320.4597874992321,74.21278864468908,1.2073353772158863e-12,90.5599240150015,1.4732622318199773e-12,300000000000000.0,50,52000000000000.0
176000.0,552122170000000.0,9.368627e+33,105.12392243152678,1.6857478140650087e-12,-320.4597786084313,74.25093341279722,1.1929764982055571e-12,90.60647052328835,1.4557406847890537e-12,300000000000000.0,50,52000000000000.0
177000.0,548941560000000.0,9.2863713e+33,105.17766893160255,1.6655335032129715e-12,-320.4597697453331,74.28896896596109,1.1786703540764984e-12,90.65288376109328,1.438283487906946e-12,300000000000000.0,50,52000000000000.0
178000.0,545788660000000.0,9.2162496e+33,105.23128915268468,1.6453792614240097e-12,-320.4597609047907,74.32691514850546,1.1644067255983307e-12,90.69918794362198,1.4208781710808468e-12,300000000000000.0,50,52000000000000.0
179000.0,542661890000000.0,9.1477944e+33,105.2832202823826,1.6260284956050202e-12,-320.4597523659508,74.36366592127472,1.1507117809332634e-12,90.74403341696873,1.404166795131961e-12,300000000000000.0,50,52000000000000.0
180000.0,539561310000000.0,9.071727e+33,105.3351514120805,1.6066777297860305e-12,-320.45974382711097,74.40041669404397,1.137016836268196e-12,90.7888788903155,1.3874554191830751e-12,300000000000000.0,50,52000000000000.0
181000.0,536487070000000.0,8.9072707e+33,105.38677258245478,1.5874831810316286e-12,-320.45973534336275,74.43694810206944,1.123432457219889e-12,90.83345668191599,1.370878961811911e-12,300000000000000.0,50,52000000000000.0
182000.0,533448590000000.0,8.7973538e+33,105.43693762769377,1.5690225079084888e-12,-320.459727118424,74.47244897965807,1.1103674926927176e-12,90.87677695974197,1.3549363241624023e-12,300000000000000.0,50,52000000000000.0
183000.0,530437570000000.0,8.7268489e+33,105.48710267293275,1.5505618347853492e-12,-320.4597188934853,74.50794985724669,1.0973025281655463e-12,90.92009723756797,1.3389936865128935e-12,300000000000000.0,50,52000000000000.0
184000.0,527451820000000.0,8.661922e+33,105.53686640045827,1.5322905804458097e-12,-320.45971073954837,74.54316671476433,1.084371628616831e-12,90.96307093740921,1.3232146427229032e-12,300000000000000.0,50,52000000000000.0
185000.0,524491520000000.0,8.5983535e+33,105.58531919303095,1.5146380770255927e-12,-320.4597028175444,74.57745579903438,1.071878662556506e-12,91.00491251380102,1.307969990765913e-12,300000000000000.0,50,52000000000000.0
186000.0,521556360000000.0,8.5326321e+33,105.63377198560363,1.4969855736053758e-12,-320.4596948955404,74.61174488330444,1.0593856964961814e-12,91.04675409019282,1.2927253388089225e-12,300000000000000.0,50,52000000000000.0
187000.0,518645620000000.0,8.4705277e+33,105.68181642492787,1.4795165400828646e-12,-320.45968704544424,74.64574496928614,1.0470225849087479e-12,91.08824301387584,1.2776391428092423e-12,300000000000000.0,50,52000000000000.0
188000.0,515757440000000.0,8.4078211e+33,105.72860529294852,1.4626116248562462e-12,-320.45967941644426,74.67885646687284,1.0350587392765347e-12,91.12864762973719,1.2630401542791779e-12,300000000000000.0,50,52000000000000.0
189000.0,512889980000000.0,8.3487482e+33,105.77539416096917,1.445706709629628e-12,-320.45967178744434,74.71196796445955,1.0230948936443217e-12,91.16905224559855,1.2484411657491135e-12,300000000000000.0,50,52000000000000.0
190000.0,510045250000000.0,8.2909156e+33,105.82184646510485,1.428952762854129e-12,-320.4596642174306,74.74484127106386,1.0112378982370223e-12,91.2091662068053,1.2339725620668806e-12,300000000000000.0,50,52000000000000.0
191000.0,507223890000000.0,8.2315304e+33,105.86701595849976,1.412774231205654e-12,-320.45965687224253,74.77680671451284,9.997881616661586e-13,91.24817233996089,1.2200009192610465e-12,300000000000000.0,50,52000000000000.0
192000.0,504425010000000.0,8.1753861e+33,105.91218545189467,1.3965956995571791e-12,-320.4596495270544,74.80877215796184,9.883384250952947e-13,91.28717847311647,1.2060292764552127e-12,300000000000000.0,50,52000000000000.0
193000.0,501650180000000.0,8.1197853e+33,105.9571646078535,1.3805043201023425e-12,-320.4596422150711,74.84060289737526,9.76950371262587e-13,91.32602023247551,1.192132902513725e-12,300000000000000.0,50,52000000000000.0
194000.0,498898130000000.0,8.064498e+33,106.00075910166758,1.3650469533034213e-12,-320.4596351446452,74.8714536951511,9.660110455112948e-13,91.36366620934245,1.178784092673609e-12,300000000000000.0,50,52000000000000.0
195000.0,496169880000000.0,8.0093998e+33,106.04435359548167,1.3495895865045001e-12,-320.4596280742192,74.90230449292696,9.550717197600027e-13,91.40131218620938,1.165435282833493e-12,300000000000000.0,50,52000000000000.0
196000.0,493464480000000.0,7.9549416e+33,106.08794808929575,1.334132219705579e-12,-320.45962100379325,74.9331552907028,9.441323940087105e-13,91.43895816307632,1.1520864729933767e-12,300000000000000.0,50,52000000000000.0
197000.0,490778830000000.0,7.9003742e+33,106.13003831381909,1.3193350839232463e-12,-320.45961419462895,74.9629415027699,9.336603519845152e-13,91.47530506973474,1.1393078699399164e-12,300000000000000.0,50,52000000000000.0
198000.0,488112050000000.0,7.8472835e+33,106.17210353872302,1.3045489205939368e-12,-320.4596073898066,74.99271002236817,9.231960758007834e-13,91.51163038700025,1.1265387432167446e-12,300000000000000.0,50,52000000000000.0
199000.0,485465710000000.0,7.7944071e+33,106.21416876362696,1.289762757264627e-12,-320.45960058498423,75.02247854196644,9.127317996170518e-13,91.54795570426575,1.1137696164935729e-12,300000000000000.0,50,52000000000000.0
200000.0,482844010000000.0,7.6394957e+33,106.255051458012,1.275506944118149e-12,-320.45959398463305,75.0514101760475,9.026428797107163e-13,91.58325980448437,1.1014585213712267e-12,300000000000000.0,50,52000000000000.0
201000.0,480244490000000.0,7.5797838e+33,106.29563002566678,1.2613875280154852e-12,-320.4595874368684,75.08012657741205,8.926504950527343e-13,91.6183012650532,1.0892652241838083e-12,300000000000000.0,50,52000000000000.0
202000.0,477664380000000.0,7.5205625e+33,106.33620859332157,1.2472681119128216e-12,-320.45958088910373,75.10884297877658,8.826581103947523e-13,91.65334272562204,1.0770719269963902e-12,300000000000000.0,50,52000000000000.0
203000.0,475103570000000.0,7.4640507e+33,106.37598595331417,1.233498316196522e-12,-320.45957447928663,75.13699236128615,8.729131694433239e-13,91.6876922763369,1.0651805750459267e-12,300000000000000.0,50,52000000000000.0
204000.0,472564150000000.0,7.4140962e+33,106.41512181078342,1.220008450853657e-12,-320.4595681799199,75.16468774910317,8.633663491160964e-13,91.72148783594781,1.0535309814317453e-12,300000000000000.0,50,52000000000000.0
205000.0,470045520000000.0,7.3664269e+33,106.45425766825267,1.206518585510792e-12,-320.4595618805532,75.19238313692018,8.538195287888688e-13,91.75528339555872,1.0418813878175638e-12,300000000000000.0,50,52000000000000.0
206000.0,467547420000000.0,7.3182171e+33,106.4930257188284,1.1931878421708073e-12,-320.45955564424656,75.2198182266365,8.443853264439864e-13,91.78876132406444,1.0303692172373643e-12,300000000000000.0,50,52000000000000.0
207000.0,465068870000000.0,7.2646059e+33,106.5307607735586,1.180303997382241e-12,-320.45954958504564,75.24652226192896,8.352674148210831e-13,91.8213471768155,1.0192430030535545e-12,300000000000000.0,50,52000000000000.0
208000.0,462608730000000.0,7.2164992e+33,106.56849582828877,1.1674201525936749e-12,-320.45954352584477,75.27322629722141,8.261495031981798e-13,91.85393302956656,1.0081167888697448e-12,300000000000000.0,50,52000000000000.0
209000.0,460166750000000.0,7.1700742e+33,106.60623088301897,1.1545363078051086e-12,-320.45953746664384,75.29993033251387,8.170315915752764e-13,91.88651888231763,9.96990574685935e-13,300000000000000.0,50,52000000000000.0
210000.0,457742560000000.0,7.1254536e+33,106.64272019945656,1.1421791869516124e-12,-320.4595316201421,75.32575275739859,8.08286465529402e-13,91.91802894198923,9.863192552313456e-13,300000000000000.0,50,52000000000000.0
211000.0,455336960000000.0,7.0818426e+33,106.6790956206793,1.1298702233524176e-12,-320.459525793087,75.35149457851011,7.995754224796431e-13,91.94944064417705,9.756895258388304e-13,300000000000000.0,50,52000000000000.0
212000.0,452950290000000.0,7.0380677e+33,106.71547104190205,1.1175612597532226e-12,-320.45951996603185,75.37723639962165,7.90864379429884e-13,91.98085234636487,9.650597964463152e-13,300000000000000.0,50,52000000000000.0
213000.0,450581170000000.0,6.9949663e+33,106.75116600118216,1.1055362527326293e-12,-320.4595142546863,75.40249665839625,7.823543040097066e-13,92.01167641773765,9.546752995001146e-13,300000000000000.0,50,52000000000000.0
214000.0,448231110000000.0,6.9511813e+33,106.78622132836844,1.0937781640061393e-12,-320.45950865210733,75.42730425008313,7.740331375316005e-13,92.04194811798564,9.4452132028501e-13,300000000000000.0,50,52000000000000.0
215000.0,445896840000000.0,6.9101125e+33,106.82127665555473,1.0820200752796492e-12,-320.4595030495284,75.45211184177,7.657119710534943e-13,92.07221981823365,9.343673410699056e-13,300000000000000.0,50,52000000000000.0
216000.0,443581430000000.0,6.8681236e+33,106.85625587964162,1.0702935892189047e-12,-320.45949745983864,75.47686557550648,7.574131709558141e-13,92.10242579782692,9.242406546205433e-13,300000000000000.0,50,52000000000000.0
217000.0,441283260000000.0,6.8264119e+33,106.89002968171283,1.0590676681726513e-12,-320.45949207430573,75.5007662354567,7.494686393123234e-13,92.13159080635955,9.145462672623137e-13,300000000000000.0,50,52000000000000.0
218000.0,439001250000000.0,6.7851827e+33,106.92380348378404,1.047841747126398e-12,-320.45948668877276,75.52466689540692,7.415241076688326e-13,92.1607558148922,9.04851879904084e-13,300000000000000.0,50,52000000000000.0
219000.0,436735000000000.0,6.7455604e+33,106.95757728585524,1.0366158260801447e-12,-320.45948130323984,75.54856755535715,7.335795760253417e-13,92.18992082342483,8.951574925458544e-13,300000000000000.0,50,52000000000000.0
220000.0,434485310000000.0,6.7062723e+33,106.9906708211656,1.0256624935421189e-12,-320.4594760324709,75.57198679371307,7.258279650226855e-13,92.21849837285639,8.856985182428376e-13,300000000000000.0,50,52000000000000.0
221000.0,432252010000000.0,6.6674364e+33,107.02320119885447,1.014934822913177e-12,-320.4594708567091,75.59500748806305,7.182360630275567e-13,92.24658959532162,8.76434430216605e-13,300000000000000.0,50,52000000000000.0
222000.0,430034360000000.0,6.6279411e+33,107.05573157654332,1.0042071522842352e-12,-320.4594656809473,75.61802818241301,7.10644161032428e-13,92.27468081778687,8.671703421903724e-13,300000000000000.0,50,52000000000000.0
223000.0,427833380000000.0,6.5887722e+33,107.0882619542322,9.934794816552935e-13,-320.4594605051855,75.64104887676298,7.030522590372993e-13,92.30277204025211,8.579062541641399e-13,300000000000000.0,50,52000000000000.0
224000.0,425649190000000.0,6.5505111e+33,107.11961173345924,9.832328682995041e-13,-320.4594555278218,75.66323406934117,6.958008161458139e-13,92.3298437340189,8.490576142846779e-13,300000000000000.0,50,52000000000000.0
225000.0,423479970000000.0,6.5130373e+33,107.1509345480479,9.729972421979259e-13,-320.4594505549894,75.68540017922199,6.885571492737943e-13,92.35689214194923,8.402184631597881e-13,300000000000000.0,50,52000000000000.0
226000.0,421324580000000.0,6.4772891e+33,107.18225736263655,9.627616160963474e-13,-320.45944558215706,75.70756628910281,6.813134824017747e-13,92.38394054987955,8.313793120348983e-13,300000000000000.0,50,52000000000000.0
227000.0,419186770000000.0,6.4404576e+33,107.21317013164645,9.526880145841998e-13,-320.4594406779747,75.72944221316155,6.741844850745662e-13,92.41063485589149,8.226800874103637e-13,300000000000000.0,50,52000000000000.0
228000.0,417065760000000.0,6.4037429e+33,107.24332203001285,9.429150619755232e-13,-320.45943590117776,75.75077967543793,6.672682657771007e-13,92.43667209896093,8.142405070104881e-13,300000000000000.0,50,52000000000000.0
229000.0,414957680000000.0,6.3675114e+33,107.27347392837925,9.331421093668466e-13,-320.4594311243808,75.77211713771429,6.603520464796352e-13,92.46270934203037,8.058009266106125e-13,300000000000000.0,50,52000000000000.0
230000.0,412861250000000.0,6.3321139e+33,107.30362582674563,9.2336915675817e-13,-320.4594263475838,75.79345459999065,6.534358271821698e-13,92.48874658509982,7.973613462107368e-13,300000000000000.0,50,52000000000000.0
231000.0,410779410000000.0,6.2970292e+33,107.3330236331213,9.138816133416206e-13,-320.45942169656917,75.8142583990245,6.467216000868312e-13,92.5141326206745,7.891682485390992e-13,300000000000000.0,50,52000000000000.0
232000.0,408710610000000.0,6.2535874e+33,107.3620393591546,9.045386799238365e-13,-320.4594171092854,75.8347918036808,6.401097176002365e-13,92.53918870501563,7.81100037759718e-13,300000000000000.0,50,52000000000000.0
233000.0,406656940000000.0,6.2162122e+33,107.39105508518787,8.951957465060522e-13,-320.4594125220017,75.85532520833712,6.334978351136418e-13,92.56424478935676,7.730318269803369e-13,300000000000000.0,50,52000000000000.0
234000.0,404617580000000.0,6.181169e+33,107.42007081122117,8.85852813088268e-13,-320.45940793471794,75.87585861299343,6.268859526270472e-13,92.5893008736979,7.649636162009556e-13,300000000000000.0,50,52000000000000.0
235000.0,402592080000000.0,6.1467874e+33,107.44807400936281,8.769028095929245e-13,-320.4594035156975,75.89567546374376,6.205521558204078e-13,92.61348257650548,7.572347418948066e-13,300000000000000.0,50,52000000000000.0
236000.0,400580170000000.0,6.1131592e+33,107.4759858889146,8.679882439425323e-13,-320.4593991118525,75.91542768941777,6.142434392040176e-13,92.63758541996576,7.495364719092703e-13,300000000000000.0,50,52000000000000.0
237000.0,398581430000000.0,6.0805143e+33,107.50389776846639,8.5907367829214e-13,-320.4593947080075,75.9351799150918,6.079347225876273e-13,92.66168826342606,7.418382019237339e-13,300000000000000.0,50,52000000000000.0
238000.0,396597490000000.0,6.0432071e+33,107.53169201910691,8.502051824379191e-13,-320.4593903236409,75.95484889638844,6.01658610461506e-13,92.6856895271625,7.341797178534163e-13,300000000000000.0,50,52000000000000.0
239000.0,394628220000000.0,6.0106944e+33,107.55853353188702,8.417098298744455e-13,-320.4593860970397,75.97384363808591,5.956465790955157e-13,92.7088680437722,7.268434806468542e-13,300000000000000.0,50,52000000000000.0
240000.0,392672870000000.0,5.9786056e+33,107.58537504466713,8.332144773109718e-13,-320.45938187043856,75.99283837978338,5.896345477295256e-13,92.7320465603819,7.195072434402921e-13,300000000000000.0,50,52000000000000.0
241000.0,390730750000000.0,5.9473858e+33,107.61221655744723,8.247191247474981e-13,-320.4593776438374,76.01183312148083,5.836225163635354e-13,92.75522507699161,7.121710062337299e-13,300000000000000.0,50,52000000000000.0
242000.0,388801280000000.0,5.9160812e+33,107.63880866693783,8.163178928565311e-13,-320.4593734583938,76.03065136427634,5.776770959179165e-13,92.77818821917415,7.049160515881941e-13,300000000000000.0,50,52000000000000.0
243000.0,386884040000000.0,5.8852726e+33,107.6646135567073,8.082137446556405e-13,-320.4593694028607,76.04891250368854,5.719419270301784e-13,92.8004715507703,6.979176582540626e-13,300000000000000.0,50,52000000000000.0
244000.0,384980290000000.0,5.8543219e+33,107.69041844647677,8.001095964547499e-13,-320.4593653473276,76.06717364310074,5.662067581424403e-13,92.82275488236643,6.909192649199312e-13,300000000000000.0,50,52000000000000.0
245000.0,383089510000000.0,5.8237673e+33,107.71622333624623,7.920054482538593e-13,-320.4593612917945,76.08543478251293,5.604715892547023e-13,92.84503821396257,6.839208715857998e-13,300000000000000.0,50,52000000000000.0
246000.0,381210920000000.0,5.7944797e+33,107.74171833928115,7.84017120051622e-13,-320.45935728722594,76.10347662031383,5.548183879855819e-13,92.86705394072182,6.770224999621063e-13,300000000000000.0,50,52000000000000.0
247000.0,379344550000000.0,5.7642957e+33,107.76651825738067,7.76288579466294e-13,-320.4593533969724,76.12102655823864,5.493490424628959e-13,92.88846942206871,6.703484799365481e-13,300000000000000.0,50,52000000000000.0
248000.0,377490780000000.0,5.7338867e+33,107.79131817548017,7.685600388809658e-13,-320.4593495067188,76.13857649616344,5.438796969402098e-13,92.9098849034156,6.636744599109898e-13,300000000000000.0,50,52000000000000.0
249000.0,375648620000000.0,5.7046567e+33,107.81611809357969,7.608314982956378e-13,-320.4593456164652,76.15612643408824,5.384103514175237e-13,92.93130038476251,6.570004398854315e-13,300000000000000.0,50,52000000000000.0
250000.0,373819020000000.0,5.676115e+33,107.84061397626233,7.532156486869081e-13,-320.4593417760473,76.17346121176026,5.330207587521394e-13,92.95245331479867,6.504237389915744e-13,300000000000000.0,50,52000000000000.0
251000.0,372002000000000.0,5.6468123e+33,107.8644399123329,7.458481153393538e-13,-320.459338045443,76.19032188058044,5.278069027068553e-13,92.97302770907434,6.440614822675552e-13,300000000000000.0,50,52000000000000.0
252000.0,370197170000000.0,5.6177307e+33,107.88826584840346,7.384805819917995e-13,-320.4593343148387,76.20718254940064,5.225930466615713e-13,92.99360210335003,6.376992255435359e-13,300000000000000.0,50,52000000000000.0
253000.0,368402270000000.0,5.5896072e+33,107.91209178447403,7.311130486442452e-13,-320.4593305842344,76.22404321822083,5.173791906162872e-13,93.0141764976257,6.313369688195167e-13,300000000000000.0,50,52000000000000.0
254000.0,366618770000000.0,5.5612504e+33,107.93568091570057,7.238318703958899e-13,-320.4593268923195,76.24073630498752,5.12226448997308e-13,93.03454639832937,6.250492875184995e-13,300000000000000.0,50,52000000000000.0
255000.0,364847380000000.0,5.5343474e+33,107.95856326342358,7.168084333259847e-13,-320.45932331587954,76.25692921520005,5.072561135639758e-13,93.05430595390317,6.189841889900836e-13,300000000000000.0,50,52000000000000.0
256000.0,363087860000000.0,5.5060948e+33,107.9814456111466,7.097849962560795e-13,-320.4593197394396,76.27312212541257,5.022857781306436e-13,93.07406550947698,6.129190904616677e-13,300000000000000.0,50,52000000000000.0
257000.0,361339060000000.0,5.4789929e+33,108.00432795886961,7.027615591861741e-13,-320.4593161629996,76.28931503562508,4.973154426973114e-13,93.09382506505078,6.068539919332518e-13,300000000000000.0,50,52000000000000.0
258000.0,359602000000000.0,5.4515922e+33,108.02709721604072,6.957799930518584e-13,-320.4593126049775,76.3054279140851,4.923747396161021e-13,93.11348696112637,6.008250525481287e-13,300000000000000.0,50,52000000000000.0
259000.0,357876770000000.0,5.4244984e+33,108.04906541439996,6.890950129837571e-13,-320.4593091774156,76.32097390044412,4.876439325552478e-13,93.13245710178754,5.950522406632837e-13,300000000000000.0,50,52000000000000.0
260000.0,356162750000000.0,5.3980112e+33,108.0710336127592,6.824100329156556e-13,-320.45930574985374,76.33651988680312,4.829131254943935e-13,93.1514272424487,5.892794287784388e-13,300000000000000.0,50,52000000000000.0
261000.0,354460320000000.0,5.3673099e+33,108.09300181111844,6.757250528475543e-13,-320.4593023222919,76.35206587316213,4.781823184335391e-13,93.17039738310987,5.835066168935939e-13,300000000000000.0,50,52000000000000.0
262000.0,352769970000000.0,5.3385774e+33,108.11497000947767,6.690400727794528e-13,-320.45929889472995,76.36761185952115,4.734515113726847e-13,93.18936752377103,5.777338050087489e-13,300000000000000.0,50,52000000000000.0
263000.0,351091570000000.0,5.3117152e+33,108.13611644837971,6.626555905355921e-13,-320.4592956005893,76.38257630556097,4.689333680306775e-13,93.20762803437904,5.722204979404894e-13,300000000000000.0,50,52000000000000.0
264000.0,349422840000000.0,5.2858079e+33,108.15720039771406,6.562939592354703e-13,-320.4592923165945,76.39749652916709,4.644313964086719e-13,93.22583458214568,5.667269245590832e-13,300000000000000.0,50,52000000000000.0
265000.0,347763240000000.0,5.2607794e+33,108.17828434704842,6.499323279353484e-13,-320.45928903259966,76.4124167527732,4.599294247866662e-13,93.24404112991232,5.612333511776771e-13,300000000000000.0,50,52000000000000.0
266000.0,346114780000000.0,5.2358388e+33,108.19936829638276,6.435706966352266e-13,-320.4592857486049,76.42733697637932,4.554274531646605e-13,93.26224767767896,5.55739777796271e-13,300000000000000.0,50,52000000000000.0
267000.0,344477680000000.0,5.2109208e+33,108.21988208363447,6.374112534149848e-13,-320.4592825569045,76.44185371015791,4.5106857072030867e-13,93.27996186317364,5.504208102744957e-13,300000000000000.0,50,52000000000000.0
268000.0,342851430000000.0,5.1844748e+33,108.24011086785623,6.313528765706735e-13,-320.4592794113387,76.45616875422951,4.4678121328687215e-13,93.29742993489889,5.451891217924123e-13,300000000000000.0,50,52000000000000.0
269000.0,341233770000000.0,5.160146e+33,108.26033965207799,6.252944997263622e-13,-320.4592762657729,76.47048379830109,4.4249385585343563e-13,93.31489800662415,5.399574333103291e-13,300000000000000.0,50,52000000000000.0
270000.0,339625880000000.0,5.1355217e+33,108.28056843629975,6.192361228820509e-13,-320.4592731202071,76.48479884237268,4.382064984199991e-13,93.33236607834941,5.347257448282457e-13,300000000000000.0,50,52000000000000.0
271000.0,338028180000000.0,5.1106996e+33,108.30052013034107,6.132741688994942e-13,-320.4592700193621,76.49891779685207,4.3398737958510283e-13,93.34959486989406,5.295773251134956e-13,300000000000000.0,50,52000000000000.0
272000.0,336440230000000.0,5.0866676e+33,108.31992126827636,6.075037994588979e-13,-320.45926700737385,76.51264713693895,4.299038454072834e-13,93.3663482307891,5.245943538033961e-13,300000000000000.0,50,52000000000000.0
273000.0,334861440000000.0,5.0631007e+33,108.33932240621165,6.017334300183017e-13,-320.45926399538564,76.52637647702583,4.258203112294639e-13,93.38310159168415,5.196113824932967e-13,300000000000000.0,50,52000000000000.0
274000.0,333292750000000.0,5.0398232e+33,108.35872354414694,5.959630605777054e-13,-320.45926098339737,76.54010581711273,4.2173677705164444e-13,93.39985495257919,5.146284111831972e-13,300000000000000.0,50,52000000000000.0
275000.0,331734720000000.0,5.0166167e+33,108.37812468208223,5.901926911371092e-13,-320.4592579714091,76.55383515719961,4.1765324287382494e-13,93.41660831347424,5.096454398730977e-13,300000000000000.0,50,52000000000000.0
276000.0,330187030000000.0,4.9937859e+33,108.39677885371601,5.846901396841028e-13,-320.45925507962653,76.56703588946455,4.1375924280866247e-13,93.43271663566104,5.048937492905183e-13,300000000000000.0,50,52000000000000.0
277000.0,328649680000000.0,4.9706842e+33,108.41537886881235,5.792070055660479e-13,-320.45925219655913,76.58019829661461,4.0987898434234963e-13,93.44877819126293,5.001588270191134e-13,300000000000000.0,50,52000000000000.0
278000.0,327121530000000.0,4.9479832e+33,108.4339788839087,5.737238714479929e-13,-320.45924931349174,76.59336070376467,4.0599872587603683e-13,93.46483974686484,4.954239047477086e-13,300000000000000.0,50,52000000000000.0
279000.0,325602410000000.0,4.9252858e+33,108.45257889900503,5.682407373299379e-13,-320.45924643042434,76.60652311091474,4.02118467409724e-13,93.48090130246673,4.906889824763038e-13,300000000000000.0,50,52000000000000.0
280000.0,324092840000000.0,4.9030789e+33,108.4708242836155,5.628822675678578e-13,-320.4592436042681,76.61943455613033,3.983264333780238e-13,93.49665661938297,4.8606171687725e-13,300000000000000.0,50,52000000000000.0
281000.0,322593160000000.0,4.8814885e+33,108.48865067215479,5.576710887958432e-13,-320.45924084535255,76.63204948971271,3.946386365536667e-13,93.51205011516073,4.815616476827636e-13,300000000000000.0,50,52000000000000.0
282000.0,321104240000000.0,4.8592329e+33,108.5064770606941,5.524599100238284e-13,-320.4592380864369,76.64466442329508,3.909508397293096e-13,93.52744361093848,4.770615784882774e-13,300000000000000.0,50,52000000000000.0
283000.0,319624150000000.0,4.8377163e+33,108.52430344923339,5.472487312518137e-13,-320.45923532752136,76.65727935687745,3.8726304290495246e-13,93.54283710671623,4.72561509293791e-13,300000000000000.0,50,52000000000000.0
284000.0,318153170000000.0,4.8157259e+33,108.54212983777268,5.42037552479799e-13,-320.4592325686058,76.66989429045982,3.8357524608059536e-13,93.55823060249398,4.680614400993047e-13,300000000000000.0,50,52000000000000.0
285000.0,316690480000000.0,4.7940733e+33,108.55927504212733,5.37061709065908e-13,-320.45922991871043,76.6820271701763,3.8005399466832796e-13,93.57303586745118,4.637645994700413e-13,300000000000000.0,50,52000000000000.0
286000.0,315236650000000.0,4.7729671e+33,108.57635421584138,5.321086779028004e-13,-320.45922727938296,76.69411332196474,3.765488873482094e-13,93.58778411220919,4.594874588171571e-13,300000000000000.0,50,52000000000000.0
287000.0,313792440000000.0,4.7526559e+33,108.59343338955544,5.271556467396928e-13,-320.45922464005554,76.70619947375317,3.7304378002809076e-13,93.6025323569672,4.552103181642729e-13,300000000000000.0,50,52000000000000.0
288000.0,312356780000000.0,4.7322964e+33,108.6105125632695,5.222026155765852e-13,-320.45922200072806,76.7182856255416,3.695386727079722e-13,93.61728060172521,4.509331775113887e-13,300000000000000.0,50,52000000000000.0
289000.0,310929710000000.0,4.7082859e+33,108.6273817735655,5.173229962723048e-13,-320.45921939491507,76.73022319269785,3.660855183057725e-13,93.63184753466801,4.4671943288494834e-13,300000000000000.0,50,52000000000000.0
290000.0,309513890000000.0,4.6847694e+33,108.64373919597864,5.126223190911654e-13,-320.4592168707938,76.74179858336146,3.6275899964859156e-13,93.64597251828981,4.4266021669235796e-13,300000000000000.0,50,52000000000000.0
291000.0,308105720000000.0,4.664328e+33,108.66009661839178,5.07921641910026e-13,-320.4592143466725,76.75337397402507,3.5943248099141057e-13,93.66009750191161,4.3860100049976753e-13,300000000000000.0,50,52000000000000.0
292000.0,306706620000000.0,4.6440156e+33,108.67645404080491,5.032209647288866e-13,-320.45921182255125,76.76494936468868,3.561059623342296e-13,93.67422248553339,4.345417843071771e-13,300000000000000.0,50,52000000000000.0
293000.0,305315770000000.0,4.6241888e+33,108.69281146321805,4.985202875477473e-13,-320.45920929843,76.77652475535228,3.527794436770486e-13,93.68834746915519,4.304825681145867e-13,300000000000000.0,50,52000000000000.0
294000.0,303932700000000.0,4.6044293e+33,108.70875467414415,4.939620748912859e-13,-320.4592068402568,76.78780702181558,3.4955374565002887e-13,93.70211476516931,4.2654637922689527e-13,300000000000000.0,50,52000000000000.0
295000.0,302560290000000.0,4.5838491e+33,108.72441597681785,4.895008221850913e-13,-320.45920442696723,76.79888979083944,3.463966651494313e-13,93.7156386225258,4.2269392150941225e-13,300000000000000.0,50,52000000000000.0
296000.0,301195850000000.0,4.5648679e+33,108.74007727949154,4.850395694788968e-13,-320.45920201367767,76.80997255986331,3.432395846488337e-13,93.72916247988228,4.188414637919293e-13,300000000000000.0,50,52000000000000.0
297000.0,299839570000000.0,4.5455871e+33,108.75573858216524,4.805783167727024e-13,-320.45919960038805,76.82105532888717,3.4008250414823613e-13,93.74268633723877,4.1498900607444633e-13,300000000000000.0,50,52000000000000.0
298000.0,298491660000000.0,4.5266316e+33,108.77139988483894,4.761170640665078e-13,-320.4591971870985,76.83213809791103,3.369254236476386e-13,93.75621019459525,4.111365483569633e-13,300000000000000.0,50,52000000000000.0
299000.0,297151390000000.0,4.5077711e+33,108.78650877141183,4.718412948444881e-13,-320.4591948615419,76.84282994039141,3.3389960757865244e-13,93.76925702009298,4.0744426727702117e-13,300000000000000.0,50,52000000000000.0
300000.0,295818920000000.0,4.4895795e+33,108.80149866478436,4.676054796957891e-13,-320.4591925548835,76.85343757533249,3.3090206652697237e-13,93.7822010905344,4.0378648904863516e-13,300000000000000.0,50,52000000000000.0
301000.0,294494040000000.0,4.4712923e+33,108.81648855815689,4.633696645470901e-13,-320.459190248225,76.86404521027357,3.279045254752923e-13,93.7951451609758,4.0012871082024916e-13,300000000000000.0,50,52000000000000.0
302000.0,293177840000000.0,4.4531352e+33,108.83147845152943,4.591338493983912e-13,-320.4591879415666,76.87465284521465,3.249069844236122e-13,93.80808923141723,3.964709325918632e-13,300000000000000.0,50,52000000000000.0
303000.0,291870560000000.0,4.4348361e+33,108.84646834490196,4.548980342496922e-13,-320.4591856349082,76.88526048015574,3.219094433719321e-13,93.82103330185865,3.928131543634772e-13,300000000000000.0,50,52000000000000.0
304000.0,290570900000000.0,4.4165429e+33,108.86082795027347,4.5087636060992387e-13,-320.4591834281052,76.8954220819034,3.1906344713121235e-13,93.83343309601632,3.893403000992856e-13,300000000000000.0,50,52000000000000.0
305000.0,289279900000000.0,4.398886e+33,108.87516999353858,4.46860653728147e-13,-320.4591812240845,76.90557125555092,3.1622167347777325e-13,93.84581772466554,3.8587259848647247e-13,300000000000000.0,50,52000000000000.0
306000.0,287995630000000.0,4.3813535e+33,108.88951203680368,4.4284494684637017e-13,-320.45917902006386,76.91572042919844,3.133798998243342e-13,93.85820235331475,3.824048968736594e-13,300000000000000.0,50,52000000000000.0
307000.0,286719130000000.0,4.3636083e+33,108.90385408006878,4.3882923996459334e-13,-320.45917681604317,76.92586960284596,3.105381261708951e-13,93.87058698196397,3.7893719526084624e-13,300000000000000.0,50,52000000000000.0
308000.0,285451010000000.0,4.3466886e+33,108.91816857928592,4.348226745147662e-13,-320.459174616376,76.93599928454546,3.0770282176277395e-13,93.88294782537629,3.7547738780489733e-13,300000000000000.0,50,52000000000000.0
309000.0,284190630000000.0,4.3291266e+33,108.93188644729541,4.310141214846293e-13,-320.45917251101025,76.94570675145273,3.0500764757998496e-13,93.89479345713049,3.721885755618081e-13,300000000000000.0,50,52000000000000.0
310000.0,282937650000000.0,4.3119995e+33,108.94560431530489,4.272055684544924e-13,-320.4591704056445,76.95541421835999,3.0231247339719596e-13,93.90663908888469,3.688997633187188e-13,300000000000000.0,50,52000000000000.0
311000.0,281691980000000.0,4.295189e+33,108.95932218331438,4.2339701542435553e-13,-320.4591683002787,76.96512168526726,2.99617299214407e-13,93.91848472063889,3.656109510756296e-13,300000000000000.0,50,52000000000000.0
312000.0,280453410000000.0,4.2780399e+33,108.97304005132386,4.1958846239421863e-13,-320.45916619491294,76.97482915217454,2.9692212503161803e-13,93.93033035239309,3.6232213883254034e-13,300000000000000.0,50,52000000000000.0
313000.0,279220960000000.0,4.261057e+33,108.98673674347346,4.1578669920602384e-13,-320.45916409288645,76.98452163369748,2.94231755905e-13,93.9421576980878,3.590391900040762e-13,300000000000000.0,50,52000000000000.0
314000.0,277995690000000.0,4.2444056e+33,108.9998530063168,4.121710452605439e-13,-320.45916208238924,76.99380336655322,2.916730931380896e-13,93.95348382376706,3.5591695708989985e-13,300000000000000.0,50,52000000000000.0
315000.0,276777830000000.0,4.2282335e+33,109.01296926916014,4.085553913150639e-13,-320.45916007189203,77.00308509940895,2.891144303711791e-13,93.9648099494463,3.5279472417572346e-13,300000000000000.0,50,52000000000000.0
316000.0,275567340000000.0,4.2118002e+33,109.02608553200348,4.0493973736958394e-13,-320.4591580613948,77.01236683226468,2.8655576760426864e-13,93.97613607512555,3.496724912615471e-13,300000000000000.0,50,52000000000000.0
317000.0,274363330000000.0,4.195375e+33,109.03920179484682,4.0132408342410397e-13,-320.4591560508976,77.02164856512042,2.8399710483735817e-13,93.9874622008048,3.4655025834737074e-13,300000000000000.0,50,52000000000000.0
318000.0,273164840000000.0,4.1793451e+33,109.05231805769017,3.9770842947862405e-13,-320.4591540404004,77.03093029797614,2.814384420704477e-13,93.99878832648406,3.434280254331944e-13,300000000000000.0,50,52000000000000.0
319000.0,271973030000000.0,4.1630849e+33,109.0648859367619,3.9426853578888593e-13,-320.45915211618245,77.03982396019249,2.7900416150349773e-13,94.00964090522349,3.4045757106289373e-13,300000000000000.0,50,52000000000000.0
320000.0,270788420000000.0,4.1471927e+33,109.077421775535,3.908389112051536e-13,-320.4591501970055,77.04869494869051,2.765771481881299e-13,94.02046581613949,3.374959846243668e-13,300000000000000.0,50,52000000000000.0
321000.0,269610650000000.0,4.1311696e+33,109.08995761430809,3.874092866214213e-13,-320.45914827782855,77.05756593718854,2.741501348727621e-13,94.03129072705549,3.3453439818583995e-13,300000000000000.0,50,52000000000000.0
322000.0,268440200000000.0,4.1158375e+33,109.1024934530812,3.83979662037689e-13,-320.4591463586516,77.06643692568656,2.717231215573943e-13,94.04211563797148,3.315728117473131e-13,300000000000000.0,50,52000000000000.0
323000.0,267277990000000.0,4.1004053e+33,109.1150292918543,3.805500374539567e-13,-320.45914443947464,77.07530791418458,2.6929610824202656e-13,94.05294054888748,3.286112253087862e-13,300000000000000.0,50,52000000000000.0
324000.0,266123170000000.0,4.0849767e+33,109.12713340722154,3.772786847260396e-13,-320.45914258807295,77.08387338864485,2.669811000102468e-13,94.0633926533482,3.257863141317806e-13,300000000000000.0,50,52000000000000.0
325000.0,264973960000000.0,4.0691307e+33,109.1391097304619,3.740541812001992e-13,-320.459140756733,77.09234842953549,2.646992458017619e-13,94.07373440537219,3.230018594649543e-13,300000000000000.0,50,52000000000000.0
326000.0,263829770000000.0,4.0558921e+33,109.15108605370226,3.7082967767435884e-13,-320.45913892539306,77.10082347042612,2.624173915932771e-13,94.08407615739617,3.20217404798128e-13,300000000000000.0,50,52000000000000.0
327000.0,262705090000000.0,4.0376756e+33,109.1630623769426,3.6760517414851846e-13,-320.4591370940531,77.10929851131677,2.6013553738479227e-13,94.09441790942014,3.1743295013130177e-13,300000000000000.0,50,52000000000000.0
328000.0,261597680000000.0,4.0207524e+33,109.17503870018297,3.643806706226781e-13,-320.4591352627132,77.11777355220741,2.5785368317630747e-13,94.10475966144412,3.1464849546447547e-13,300000000000000.0,50,52000000000000.0
329000.0,260494730000000.0,4.0064084e+33,109.1867400941138,3.612408378003842e-13,-320.4591334744506,77.12605403644865,2.5563174859111e-13,94.11486400383501,3.119371582813542e-13,300000000000000.0,50,52000000000000.0
330000.0,259389720000000.0,3.991869e+33,109.19818180938645,3.581809788983712e-13,-320.4591317268759,77.1341507563261,2.5346640981739554e-13,94.12474410598371,3.092948826693318e-13,300000000000000.0,50,52000000000000.0
331000.0,258287780000000.0,3.9776073e+33,109.20962352465912,3.551211199963582e-13,-320.4591299793012,77.14224747620354,2.513010710436811e-13,94.1346242081324,3.066526070573094e-13,300000000000000.0,50,52000000000000.0
332000.0,257188850000000.0,3.9639263e+33,109.22106523993179,3.520612610943452e-13,-320.45912823172654,77.15034419608098,2.4913573226996665e-13,94.14450431028109,3.0401033144528695e-13,300000000000000.0,50,52000000000000.0
333000.0,256091130000000.0,3.9502769e+33,109.23250695520446,3.490014021923322e-13,-320.45912648415185,77.15844091595842,2.469703934962522e-13,94.15438441242979,3.0136805583326455e-13,300000000000000.0,50,52000000000000.0
334000.0,254996200000000.0,3.9362246e+33,109.24386029616038,3.4596794578585715e-13,-320.4591247503951,77.1664750968951,2.4482373917058076e-13,94.16418820083027,2.987485800949301e-13,300000000000000.0,50,52000000000000.0
335000.0,253909470000000.0,3.9228824e+33,109.25478644933962,3.4306211495868225e-13,-320.45912308343236,77.1742069742661,2.42767402576503e-13,94.17362310037662,2.9623931541915266e-13,300000000000000.0,50,52000000000000.0
336000.0,252831480000000.0,3.9090691e+33,109.26571260251886,3.4015628413150735e-13,-320.4591214164696,77.1819388516371,2.407110659824253e-13,94.18305799992298,2.9373005074337524e-13,300000000000000.0,50,52000000000000.0
337000.0,251761660000000.0,3.8952429e+33,109.27663875569809,3.3725045330433245e-13,-320.45911974950684,77.18967072900811,2.386547293883475e-13,94.19249289946933,2.912207860675978e-13,300000000000000.0,50,52000000000000.0
338000.0,250699050000000.0,3.8812048e+33,109.28756490887733,3.3434462247715756e-13,-320.459118082544,77.19740260637911,2.3659839279426975e-13,94.20192779901569,2.887115213918204e-13,300000000000000.0,50,52000000000000.0
339000.0,249643870000000.0,3.8676602e+33,109.29849106205657,3.314387916499826e-13,-320.45911641558126,77.20513448375011,2.34542056200192e-13,94.21136269856204,2.86202256716043e-13,300000000000000.0,50,52000000000000.0
340000.0,248596970000000.0,3.8540344e+33,109.30904818429605,3.2864988459783773e-13,-320.45911480620026,77.2126052131497,2.3256846351217923e-13,94.2204789297631,2.837939610752086e-13,300000000000000.0,50,52000000000000.0
341000.0,247556420000000.0,3.8402858e+33,109.31947676435416,3.259017048546364e-13,-320.45911321687635,77.21998497855067,2.306236924784848e-13,94.22948416126248,2.8142083533099113e-13,300000000000000.0,50,52000000000000.0
342000.0,246519460000000.0,3.8272282e+33,109.3299053444123,3.2315352511143513e-13,-320.45911162755243,77.22736474395163,2.286789214447903e-13,94.23848939276184,2.7904770958677363e-13,300000000000000.0,50,52000000000000.0
343000.0,245485230000000.0,3.8135931e+33,109.34033392447043,3.204053453682338e-13,-320.4591100382285,77.2347445093526,2.267341504110959e-13,94.2474946242612,2.766745838425562e-13,300000000000000.0,50,52000000000000.0
344000.0,244452340000000.0,3.8003489e+33,109.35076250452855,3.176571656250325e-13,-320.4591084489046,77.24212427475355,2.2478937937740144e-13,94.25649985576055,2.743014580983387e-13,300000000000000.0,50,52000000000000.0
345000.0,243422290000000.0,3.7873105e+33,109.36108415450607,3.1493625001239425e-13,-320.45910687623353,77.24942837024105,2.228639025769315e-13,94.26541275031299,2.719518763236499e-13,300000000000000.0,50,52000000000000.0
346000.0,242396200000000.0,3.7736439e+33,109.37103450246143,3.1231000585940305e-13,-320.4591053613874,77.25646971092901,2.2100542271289086e-13,94.27400501576906,2.6968404819065564e-13,300000000000000.0,50,52000000000000.0
347000.0,241374540000000.0,3.7604827e+33,109.3809848504168,3.096837617064118e-13,-320.45910384654127,77.26351105161697,2.1914694284885022e-13,94.28259728122514,2.6741622005766135e-13,300000000000000.0,50,52000000000000.0
348000.0,240357700000000.0,3.7475038e+33,109.39093519837215,3.070575175534206e-13,-320.4591023316951,77.27055239230495,2.172884629848096e-13,94.29118954668121,2.651483919246671e-13,300000000000000.0,50,52000000000000.0
349000.0,239346700000000.0,3.7341869e+33,109.4008855463275,3.0443127340042937e-13,-320.45910081684895,77.27759373299291,2.1542998312076896e-13,94.29978181213728,2.6288056379167283e-13,300000000000000.0,50,52000000000000.0
350000.0,238342360000000.0,3.7210604e+33,109.41083589428285,3.0180502924743816e-13,-320.4590993020028,77.28463507368087,2.1357150325672831e-13,94.30837407759336,2.6061273565867854e-13,300000000000000.0,50,52000000000000.0
351000.0,237344500000000.0,3.7078214e+33,109.42050024747394,2.992695063691908e-13,-320.45909783160306,77.29147402819314,2.1177722416763633e-13,94.31671937934975,2.584232491325695e-13,300000000000000.0,50,52000000000000.0
352000.0,236354630000000.0,3.6946648e+33,109.42998614892605,2.9679059071339764e-13,-320.4590963889365,77.29818670009635,2.1002300434313807e-13,94.324910583524,2.562826453054843e-13,300000000000000.0,50,52000000000000.0
353000.0,235369580000000.0,3.6815406e+33,109.43947205037814,2.9431167505760446e-13,-320.45909494626983,77.30489937199957,2.0826878451863982e-13,94.33310178769825,2.541420414783991e-13,300000000000000.0,50,52000000000000.0
354000.0,234388090000000.0,3.6681392e+33,109.44895795183024,2.9183275940181133e-13,-320.45909350360324,77.31161204390277,2.0651456469414156e-13,94.34129299187252,2.5200143765131393e-13,300000000000000.0,50,52000000000000.0
355000.0,233412610000000.0,3.6553185e+33,109.45844385328233,2.8935384374601815e-13,-320.45909206093665,77.31832471580599,2.0476034486964333e-13,94.34948419604677,2.498608338242287e-13,300000000000000.0,50,52000000000000.0
356000.0,232441540000000.0,3.6430033e+33,109.46792975473444,2.86874928090225e-13,-320.45909061827,77.3250373877092,2.0300612504514508e-13,94.35767540022104,2.4772022999714354e-13,300000000000000.0,50,52000000000000.0
357000.0,231475210000000.0,3.6302311e+33,109.47700722604799,2.845078714776771e-13,-320.4590892389637,77.33146103152698,2.0133106479623396e-13,94.36551391505888,2.456762213934478e-13,300000000000000.0,50,52000000000000.0
358000.0,230511190000000.0,3.6170655e+33,109.48604760529307,2.8215097347709574e-13,-320.45908786541156,77.33785842691564,1.9966319351826784e-13,94.37332039999544,2.436409851997761e-13,300000000000000.0,50,52000000000000.0
359000.0,229549610000000.0,3.6041832e+33,109.49508798453813,2.797940754765144e-13,-320.45908649185935,77.3442558223043,1.979953222403017e-13,94.381126884932,2.416057490061043e-13,300000000000000.0,50,52000000000000.0
360000.0,228593030000000.0,3.5916285e+33,109.50412836378321,2.7743717747593304e-13,-320.4590851183072,77.35065321769298,1.9632745096233558e-13,94.38893336986855,2.395705128124326e-13,300000000000000.0,50,52000000000000.0
361000.0,227642960000000.0,3.5788198e+33,109.51316874302827,2.750802794753517e-13,-320.45908374475505,77.35705061308164,1.9465957968436948e-13,94.39673985480512,2.375352766187608e-13,300000000000000.0,50,52000000000000.0
362000.0,226697400000000.0,3.5663063e+33,109.52215530389789,2.7273908075740125e-13,-320.459082379536,77.36340992361359,1.9300281830749369e-13,94.40449986632383,2.355135973878772e-13,300000000000000.0,50,52000000000000.0
363000.0,225756440000000.0,3.5535719e+33,109.5307652007423,2.7050775817264193e-13,-320.45908107263926,77.36950268586516,1.9142381290206174e-13,94.41193461970376,2.3358680062289935e-13,300000000000000.0,50,52000000000000.0
364000.0,224819810000000.0,3.5408245e+33,109.5393750975867,2.6827643558788256e-13,-320.45907976574244,77.37559544811671,1.898448074966298e-13,94.41936937308368,2.316600038579215e-13,300000000000000.0,50,52000000000000.0
365000.0,223887680000000.0,3.5282263e+33,109.54798499443109,2.6604511300312324e-13,-320.4590784588456,77.38168821036828,1.8826580209119787e-13,94.42680412646361,2.2973320709294365e-13,300000000000000.0,50,52000000000000.0
366000.0,222960690000000.0,3.5155769e+33,109.5565948912755,2.6381379041836386e-13,-320.45907715194886,77.38778097261984,1.8668679668576593e-13,94.43423887984355,2.2780641032796585e-13,300000000000000.0,50,52000000000000.0
367000.0,222040150000000.0,3.5031309e+33,109.5652047881199,2.6158246783360454e-13,-320.45907584505204,77.3938737348714,1.8510779128033398e-13,94.44167363322347,2.2587961356298797e-13,300000000000000.0,50,52000000000000.0
368000.0,221125480000000.0,3.4911304e+33,109.57371565990698,2.593800449976457e-13,-320.4590745534612,77.39989642159833,1.8354923729615685e-13,94.44902287626016,2.2397777284037743e-13,300000000000000.0,50,52000000000000.0
369000.0,220215250000000.0,3.4789858e+33,109.58191138165569,2.572695964274954e-13,-320.459073310582,77.40569609099126,1.8205577053704976e-13,94.45609998021729,2.221553554266011e-13,300000000000000.0,50,52000000000000.0
370000.0,219308200000000.0,3.4664995e+33,109.59010710340439,2.5515914785734504e-13,-320.45907206770283,77.41149576038418,1.8056230377794268e-13,94.46317708417442,2.2033293801282475e-13,300000000000000.0,50,52000000000000.0
371000.0,218404880000000.0,3.4544105e+33,109.59830282515311,2.530486992871947e-13,-320.45907082482364,77.41729542977711,1.790688370188356e-13,94.47025418813155,2.185105205990484e-13,300000000000000.0,50,52000000000000.0
372000.0,217505730000000.0,3.4420816e+33,109.60649854690182,2.509382507170443e-13,-320.45906958194445,77.42309509917004,1.775753702597285e-13,94.47733129208868,2.1668810318527205e-13,300000000000000.0,50,52000000000000.0
373000.0,216610870000000.0,3.4300336e+33,109.61469426865052,2.4882780214689397e-13,-320.45906833906525,77.42889476856298,1.7608190350062141e-13,94.48440839604581,2.148656857714957e-13,300000000000000.0,50,52000000000000.0
374000.0,215720400000000.0,3.4181374e+33,109.62278750655557,2.467461959049414e-13,-320.4590671119998,77.43462191488378,1.7460884750763405e-13,94.49139700301515,2.1306817479048978e-13,300000000000000.0,50,52000000000000.0
375000.0,214834110000000.0,3.4057099e+33,109.6305851180168,2.447477886786631e-13,-320.4590659305508,77.44013986005504,1.7319466871896499e-13,94.49813033023648,2.1134250928174401e-13,300000000000000.0,50,52000000000000.0
376000.0,213951630000000.0,3.3938619e+33,109.63838272947802,2.4274938145238475e-13,-320.4590647491019,77.44565780522629,1.7178048993029595e-13,94.50486365745782,2.0961684377299828e-13,300000000000000.0,50,52000000000000.0
377000.0,213073990000000.0,3.3821335e+33,109.64618034093925,2.407509742261064e-13,-320.45906356765295,77.45117575039755,1.703663111416269e-13,94.51159698467914,2.0789117826425254e-13,300000000000000.0,50,52000000000000.0
378000.0,212201730000000.0,3.3700668e+33,109.65397795240048,2.387525669998281e-13,-320.45906238620404,77.45669369556882,1.6895213235295787e-13,94.51833031190048,2.0616551275550677e-13,300000000000000.0,50,52000000000000.0
379000.0,211333640000000.0,3.3581697e+33,109.66177556386171,2.367541597735497e-13,-320.45906120475513,77.46221164074007,1.675379535642888e-13,94.52506363912183,2.0443984724676104e-13,300000000000000.0,50,52000000000000.0
380000.0,210469140000000.0,3.3463082e+33,109.66950480252653,2.3477980790355154e-13,-320.45906003383885,77.46768120169958,1.6614079782386264e-13,94.53173792503519,2.0273495427706455e-13,300000000000000.0,50,52000000000000.0
381000.0,209608820000000.0,3.3343953e+33,109.67691930739518,2.329161876987516e-13,-320.45905891140643,77.47292804035666,1.6482200261390335e-13,94.53814043187903,2.0112568150157885e-13,300000000000000.0,50,52000000000000.0
382000.0,208753180000000.0,3.3228751e+33,109.68433381226384,2.3105256749395166e-13,-320.45905778897406,77.47817487901375,1.6350320740394403e-13,94.54454293872288,1.9951640872609316e-13,300000000000000.0,50,52000000000000.0
383000.0,207902610000000.0,3.3114564e+33,109.69174831713251,2.291889472891517e-13,-320.4590566665417,77.48342171767084,1.6218441219398474e-13,94.55094544556673,1.9790713595060746e-13,300000000000000.0,50,52000000000000.0
384000.0,207056820000000.0,3.3042394e+33,109.69916282200116,2.2732532708435174e-13,-320.45905554410933,77.48866855632791,1.6086561698402543e-13,94.55734795241058,1.962978631751218e-13,300000000000000.0,50,52000000000000.0
385000.0,206250450000000.0,3.2948596e+33,109.70657732686982,2.2546170687955178e-13,-320.45905442167697,77.493915394985,1.5954682177406614e-13,94.56375045925442,1.946885903996361e-13,300000000000000.0,50,52000000000000.0
386000.0,205444130000000.0,3.2819616e+33,109.7139916000104,2.235981535686998e-13,-320.45905329928024,77.49916206965918,1.582280739025263e-13,94.57015276599651,1.9307937538931241e-13,300000000000000.0,50,52000000000000.0
387000.0,204624770000000.0,3.271022e+33,109.7210430267814,2.2183934469515502e-13,-320.4590522327025,77.50415197524866,1.5698344986824243e-13,94.5762417477474,1.9156061070484966e-13,300000000000000.0,50,52000000000000.0
388000.0,203808440000000.0,3.2611011e+33,109.72809445355239,2.2008053582161024e-13,-320.4590511661248,77.50914188083816,1.5573882583395856e-13,94.58233072949828,1.900418460203869e-13,300000000000000.0,50,52000000000000.0
389000.0,202999610000000.0,3.2514609e+33,109.73514588032337,2.1832172694806546e-13,-320.45905009954714,77.51413178642765,1.5449420179967469e-13,94.58841971124917,1.8852308133592414e-13,300000000000000.0,50,52000000000000.0
390000.0,202186290000000.0,3.2419821e+33,109.74219730709437,2.1656291807452065e-13,-320.45904903296946,77.51912169201715,1.5324957776539081e-13,94.59450869300007,1.870043166514614e-13,300000000000000.0,50,52000000000000.0
391000.0,201372860000000.0,3.2322295e+33,109.74924873386536,2.1480410920097587e-13,-320.4590479663918,77.52411159760663,1.5200495373110694e-13,94.60059767475094,1.8548555196699862e-13,300000000000000.0,50,52000000000000.0
392000.0,200568790000000.0,3.222569e+33,109.75630016063634,2.130453003274311e-13,-320.4590468998141,77.52910150319613,1.5076032969682304e-13,94.60668665650184,1.8396678728253587e-13,300000000000000.0,50,52000000000000.0
393000.0,199773480000000.0,3.2140068e+33,109.76310005125953,2.1137869854807415e-13,-320.4590458718734,77.53391340881089,1.495809567974815e-13,94.61255843203782,1.825276459286734e-13,300000000000000.0,50,52000000000000.0
394000.0,198987870000000.0,3.2052756e+33,109.76980324633605,2.0974754302745653e-13,-320.45904485878555,77.53865688766071,1.484266677448068e-13,94.61834670914278,1.8111911338211593e-13,300000000000000.0,50,52000000000000.0
395000.0,198213250000000.0,3.195887e+33,109.77650644141258,2.0811638750683892e-13,-320.4590438456977,77.54340036651051,1.4727237869213212e-13,94.62413498624775,1.7971058083555844e-13,300000000000000.0,50,52000000000000.0
396000.0,197445600000000.0,3.18641e+33,109.7832096364891,2.064852319862213e-13,-320.45904283260984,77.54814384536033,1.461180896394574e-13,94.62992326335271,1.7830204828900094e-13,300000000000000.0,50,52000000000000.0
397000.0,196682230000000.0,3.176919e+33,109.78991283156563,2.048540764656037e-13,-320.459041819522,77.55288732421013,1.449638005867827e-13,94.63571154045768,1.7689351574244347e-13,300000000000000.0,50,52000000000000.0
398000.0,195920240000000.0,3.1673766e+33,109.79661602664216,2.032229209449861e-13,-320.45904080643413,77.55763080305995,1.43809511534108e-13,94.64149981756265,1.7548498319588597e-13,300000000000000.0,50,52000000000000.0
399000.0,195159570000000.0,3.1579145e+33,109.80320700907879,2.0161758845499324e-13,-320.459039810562,77.56229487450798,1.4267349655094118e-13,94.64719119700617,1.7409874975802556e-13,300000000000000.0,50,52000000000000.0
400000.0,194400630000000.0,3.1492713e+33,109.80958199399191,2.0006196258156847e-13,-320.4590388478283,77.56680609506371,1.415726572285775e-13,94.65269605864802,1.7275543975784843e-13,300000000000000.0,50,52000000000000.0
401000.0,193642240000000.0,3.1404476e+33,109.81595697890504,1.9850633670814373e-13,-320.4590378850946,77.57131731561945,1.4047181790621382e-13,94.65820092028989,1.714121297576713e-13,300000000000000.0,50,52000000000000.0
402000.0,192884000000000.0,3.1310664e+33,109.82233196381816,1.9695071083471896e-13,-320.45903692236084,77.57582853617518,1.3937097858385015e-13,94.66370578193175,1.7006881975749415e-13,300000000000000.0,50,52000000000000.0
403000.0,192126720000000.0,3.1221229e+33,109.82870694873128,1.953950849612942e-13,-320.45903595962716,77.58033975673092,1.382701392614865e-13,94.66921064357362,1.6872550975731702e-13,300000000000000.0,50,52000000000000.0
404000.0,191372450000000.0,3.1132095e+33,109.8350819336444,1.9383945908786942e-13,-320.4590349968934,77.58485097728665,1.3716929993912282e-13,94.67471550521549,1.673821997571399e-13,300000000000000.0,50,52000000000000.0
405000.0,190623430000000.0,3.1044894e+33,109.84145691855753,1.9228383321444466e-13,-320.45903403415974,77.58936219784239,1.3606846061675914e-13,94.68022036685736,1.6603888975696274e-13,300000000000000.0,50,52000000000000.0
406000.0,189879270000000.0,3.0955462e+33,109.84755907130804,1.90805521115014e-13,-320.4590331132185,77.59368034860022,1.3502233317914508e-13,94.68548963318118,1.6476234246363132e-13,300000000000000.0,50,52000000000000.0
407000.0,189139650000000.0,3.0869309e+33,109.85361595244848,1.893400378514367e-13,-320.45903219921195,77.59796646288358,1.3398528419873757e-13,94.69071980668224,1.6349687324556388e-13,300000000000000.0,50,52000000000000.0
408000.0,188405440000000.0,3.0776362e+33,109.85967283358892,1.8787455458785944e-13,-320.4590312852054,77.60225257716694,1.3294823521833007e-13,94.69594998018331,1.6223140402749647e-13,300000000000000.0,50,52000000000000.0
409000.0,187676020000000.0,3.0689353e+33,109.86572971472935,1.8640907132428215e-13,-320.4590303711989,77.60653869145031,1.3191118623792254e-13,94.70118015368438,1.6096593480942903e-13,300000000000000.0,50,52000000000000.0
410000.0,186949910000000.0,3.0596764e+33,109.87178659586979,1.8494358806070486e-13,-320.45902945719234,77.61082480573367,1.3087413725751503e-13,94.70641032718545,1.5970046559136162e-13,300000000000000.0,50,52000000000000.0
411000.0,186226670000000.0,3.0506828e+33,109.87784347701023,1.834781047971276e-13,-320.4590285431858,77.61511092001705,1.2983708827710752e-13,94.71164050068651,1.5843499637329418e-13,300000000000000.0,50,52000000000000.0
412000.0,185506910000000.0,3.0417711e+33,109.88381873798326,1.8203409131337396e-13,-320.459027641665,77.61933927580293,1.288152326078092e-13,94.71680019381296,1.5718806694012925e-13,300000000000000.0,50,52000000000000.0
413000.0,184790780000000.0,3.033181e+33,109.88957107408277,1.8064871711086506e-13,-320.4590267742456,77.62340987884026,1.2783487363062835e-13,94.72176738759643,1.5599177424707265e-13,300000000000000.0,50,52000000000000.0
414000.0,184077820000000.0,3.02442e+33,109.89532341018229,1.7926334290835617e-13,-320.4590259068263,77.6274804818776,1.2685451465344748e-13,94.72673458137992,1.5479548155401606e-13,300000000000000.0,50,52000000000000.0
415000.0,183366250000000.0,3.0156026e+33,109.9010757462818,1.7787796870584728e-13,-320.459025039407,77.63155108491493,1.258741556762666e-13,94.73170177516339,1.5359918886095945e-13,300000000000000.0,50,52000000000000.0
416000.0,182656710000000.0,3.0069165e+33,109.90682808238132,1.7649259450333836e-13,-320.4590241719876,77.63562168795225,1.2489379669908574e-13,94.73666896894686,1.5240289616790287e-13,300000000000000.0,50,52000000000000.0
417000.0,181950420000000.0,2.9985159e+33,109.91258041848083,1.7510722030082946e-13,-320.4590233045683,77.63969229098959,1.2391343772190487e-13,94.74163616273033,1.5120660347484626e-13,300000000000000.0,50,52000000000000.0
418000.0,181247410000000.0,2.9897419e+33,109.91833275458035,1.7372184609832057e-13,-320.4590224371489,77.64376289402692,1.22933078744724e-13,94.7466033565138,1.5001031078178967e-13,300000000000000.0,50,52000000000000.0
419000.0,180547610000000.0,2.9808438e+33,109.92391798379144,1.7238072995173413e-13,-320.4590215952577,77.6477152440046,1.2198403937986219e-13,94.75142625083708,1.4885223614935206e-13,300000000000000.0,50,52000000000000.0
420000.0,179850310000000.0,2.9720521e+33,109.92937773979884,1.7107284523036229e-13,-320.4590207725344,77.65157880296725,1.210585165326792e-13,94.75614079705018,1.4772285777563698e-13,300000000000000.0,50,52000000000000.0
421000.0,179156850000000.0,2.9637284e+33,109.93483749580625,1.6976496050899044e-13,-320.45901994981114,77.6554423619299,1.2013299368549625e-13,94.76085534326327,1.465934794019219e-13,300000000000000.0,50,52000000000000.0
422000.0,178468310000000.0,2.9553154e+33,109.94029725181365,1.684570757876186e-13,-320.45901912708786,77.65930592089256,1.1920747083831326e-13,94.76556988947637,1.4546410102820682e-13,300000000000000.0,50,52000000000000.0
423000.0,177784010000000.0,2.9467701e+33,109.94575700782106,1.6714919106624675e-13,-320.4590183043646,77.66316947985521,1.1828194799113028e-13,94.77028443568946,1.4433472265449174e-13,300000000000000.0,50,52000000000000.0
424000.0,177101820000000.0,2.9382567e+33,109.95121676382846,1.658413063448749e-13,-320.4590174816413,77.66703303881786,1.173564251439473e-13,94.77499898190257,1.4320534428077666e-13,300000000000000.0,50,52000000000000.0
425000.0,176422750000000.0,2.9295596e+33,109.95667651983587,1.6453342162350305e-13,-320.4590166589181,77.67089659778051,1.1643090229676431e-13,94.77971352811566,1.4207596590706155e-13,300000000000000.0,50,52000000000000.0
426000.0,175746660000000.0,2.9207477e+33,109.96192143164738,1.6328327893716316e-13,-320.45901586897276,77.67460812253968,1.1554624104308138e-13,94.7842425530939,1.409964492898625e-13,300000000000000.0,50,52000000000000.0
427000.0,175072940000000.0,2.9122943e+33,109.96710048006875,1.620508378515869e-13,-320.45901508907605,77.67827303916023,1.146741064628055e-13,94.78871470403178,1.3993221846760863e-13,300000000000000.0,50,52000000000000.0
428000.0,174402940000000.0,2.9042071e+33,109.97227952849012,1.6081839676601062e-13,-320.4590143091793,77.68193795578077,1.1380197188252963e-13,94.79318685496963,1.388679876453548e-13,300000000000000.0,50,52000000000000.0
429000.0,173736600000000.0,2.8959972e+33,109.97745857691149,1.5958595568043434e-13,-320.4590135292826,77.68560287240132,1.1292983730225374e-13,94.79765900590749,1.3780375682310094e-13,300000000000000.0,50,52000000000000.0
430000.0,173073610000000.0,2.8879191e+33,109.98263762533284,1.5835351459485808e-13,-320.45901274938586,77.68926778902187,1.1205770272197786e-13,94.80213115684536,1.367395260008471e-13,300000000000000.0,50,52000000000000.0
431000.0,172413220000000.0,2.879534e+33,109.98781667375421,1.571210735092818e-13,-320.4590119694891,77.69293270564242,1.1118556814170197e-13,94.80660330778322,1.3567529517859324e-13,300000000000000.0,50,52000000000000.0
432000.0,171755680000000.0,2.8711365e+33,109.99299572217558,1.5588863242370552e-13,-320.4590111895924,77.69659762226297,1.1031343356142609e-13,94.81107545872108,1.346110643563394e-13,300000000000000.0,50,52000000000000.0
433000.0,171100360000000.0,2.8629075e+33,109.99794657468823,1.5471609537325866e-13,-320.4590104444675,77.70010105648456,1.0948369048675776e-13,94.81535055916913,1.33598562181187e-13,300000000000000.0,50,52000000000000.0
434000.0,170448330000000.0,2.8547332e+33,110.00285680541147,1.5355422200698102e-13,-320.4590097055324,77.70357574477447,1.0866149364209348e-13,94.81959058211058,1.325952683666067e-13,300000000000000.0,50,52000000000000.0
435000.0,169799300000000.0,2.846343e+33,110.00776703613471,1.5239234864070341e-13,-320.4590089665974,77.70705043306437,1.0783929679742921e-13,94.82383060505201,1.3159197455202634e-13,300000000000000.0,50,52000000000000.0
436000.0,169153540000000.0,2.8382095e+33,110.01267726685795,1.5123047527442578e-13,-320.45900822766237,77.71052512135428,1.0701709995276493e-13,94.82807062799345,1.3058868073744602e-13,300000000000000.0,50,52000000000000.0
437000.0,168510740000000.0,2.830173e+33,110.01758749758119,1.5006860190814814e-13,-320.4590074887273,77.71399980964418,1.0619490310810065e-13,94.83231065093489,1.2958538692286567e-13,300000000000000.0,50,52000000000000.0
438000.0,167871020000000.0,2.8221076e+33,110.02249772830444,1.489067285418705e-13,-320.45900674979225,77.71747449793409,1.0537270626343637e-13,94.83655067387632,1.2858209310828535e-13,300000000000000.0,50,52000000000000.0
439000.0,167234540000000.0,2.8141551e+33,110.02740795902768,1.4774485517559286e-13,-320.4590060108572,77.720949186224,1.0455050941877208e-13,94.84079069681776,1.27578799293705e-13,300000000000000.0,50,52000000000000.0
440000.0,166601010000000.0,2.8059007e+33,110.03210702371416,1.4663828250853825e-13,-320.4590053040602,77.72427444338469,1.0376744644122267e-13,94.84484837494892,1.2662325896176468e-13,300000000000000.0,50,52000000000000.0
441000.0,165969660000000.0,2.797989e+33,110.03675970684552,1.4554385636120617e-13,-320.45900460432216,77.72756687875138,1.0299297902024686e-13,94.84886600196202,1.2567820744148236e-13,300000000000000.0,50,52000000000000.0
442000.0,165340780000000.0,2.7901784e+33,110.04141238997686,1.444494302138741e-13,-320.4590039045841,77.73085931411808,1.0221851159927105e-13,94.8528836289751,1.2473315592120007e-13,300000000000000.0,50,52000000000000.0
443000.0,164714730000000.0,2.7819046e+33,110.0460650731082,1.4335500406654204e-13,-320.4590032048461,77.73415174948477,1.0144404417829524e-13,94.85690125598819,1.2378810440091775e-13,300000000000000.0,50,52000000000000.0
444000.0,164091980000000.0,2.774077e+33,110.05071775623955,1.4226057791920997e-13,-320.45900250510806,77.73744418485146,1.0066957675731942e-13,94.86091888300129,1.2284305288063546e-13,300000000000000.0,50,52000000000000.0
445000.0,163472510000000.0,2.7666007e+33,110.05537043937089,1.4116615177187791e-13,-320.45900180537,77.74073662021814,9.989510933634361e-14,94.86493651001437,1.2189800136035317e-13,300000000000000.0,50,52000000000000.0
446000.0,162855680000000.0,2.7585845e+33,110.06002312250223,1.4007172562454584e-13,-320.45900110563196,77.74402905558483,9.912064191536779e-14,94.86895413702747,1.2095294984007085e-13,300000000000000.0,50,52000000000000.0
447000.0,162241180000000.0,2.7504703e+33,110.06450899302946,1.3902068737157631e-13,-320.45900043125226,77.74720344650639,9.837687815507948e-14,94.8728277191404,1.200453647613214e-13,300000000000000.0,50,52000000000000.0
448000.0,161629820000000.0,2.7426876e+33,110.06891513345136,1.3799038688843e-13,-320.45899976899284,77.75032141665511,9.764778958143995e-14,94.87663245324798,1.191556872222675e-13,300000000000000.0,50,52000000000000.0
449000.0,161021050000000.0,2.7349062e+33,110.07332127387325,1.3696008640528367e-13,-320.4589991067334,77.75343938680383,9.691870100780041e-14,94.88043718735555,1.1826600968321361e-13,300000000000000.0,50,52000000000000.0
450000.0,160415470000000.0,2.7274065e+33,110.07772741429514,1.3592978592213737e-13,-320.45899844447393,77.75655735695254,9.618961243416088e-14,94.88424192146313,1.173763321441597e-13,300000000000000.0,50,52000000000000.0
451000.0,159812570000000.0,2.7195372e+33,110.08213355471703,1.3489948543899104e-13,-320.4589977822145,77.75967532710126,9.546052386052135e-14,94.8880466555707,1.1648665460510582e-13,300000000000000.0,50,52000000000000.0
452000.0,159211890000000.0,2.7116456e+33,110.08653969513892,1.3386918495584474e-13,-320.4589971199551,77.76279329724998,9.473143528688182e-14,94.89185138967827,1.155969770660519e-13,300000000000000.0,50,52000000000000.0
453000.0,158613550000000.0,2.7037959e+33,110.09094583556082,1.3283888447269842e-13,-320.45899645769566,77.7659112673987,9.400234671324229e-14,94.89565612378584,1.1470729952699802e-13,300000000000000.0,50,52000000000000.0
454000.0,158017900000000.0,2.6961109e+33,110.09525358960481,1.31834003743827e-13,-320.4589958103759,77.76895961476735,9.32912465336376e-14,94.89937590000783,1.138395725015193e-13,300000000000000.0,50,52000000000000.0
455000.0,157425100000000.0,2.6884324e+33,110.09942385790447,1.308646447397221e-13,-320.4589951839329,77.77191067082454,9.260528344918292e-14,94.90297695554524,1.1300251926199733e-13,300000000000000.0,50,52000000000000.0
456000.0,156835250000000.0,2.6810316e+33,110.10359412620413,1.2989528573561718e-13,-320.4589945574899,77.77486172688171,9.191932036472825e-14,94.90657801108266,1.1216546602247538e-13,300000000000000.0,50,52000000000000.0
457000.0,156248570000000.0,2.6733854e+33,110.10776439450379,1.2892592673151228e-13,-320.4589939310469,77.7778127829389,9.123335728027356e-14,94.91017906662007,1.1132841278295343e-13,300000000000000.0,50,52000000000000.0
458000.0,155664420000000.0,2.6656413e+33,110.11193466280345,1.279565677274074e-13,-320.45899330460395,77.78076383899607,9.054739419581888e-14,94.91378012215749,1.1049135954343148e-13,300000000000000.0,50,52000000000000.0
459000.0,155082230000000.0,2.6582518e+33,110.11610493110311,1.269872087233025e-13,-320.45899267816094,77.78371489505324,8.986143111136421e-14,94.9173811776949,1.0965430630390952e-13,300000000000000.0,50,52000000000000.0
460000.0,154502650000000.0,2.6506611e+33,110.12027519940277,1.260178497191976e-13,-320.4589920517179,77.78666595111042,8.917546802690952e-14,94.92098223323232,1.0881725306438758e-13,300000000000000.0,50,52000000000000.0
461000.0,153926030000000.0,2.6430387e+33,110.12443654769291,1.2505079349402666e-13,-320.45899142662796,77.78961069495796,8.849113451136278e-14,94.92457558623349,1.0798218832226969e-13,300000000000000.0,50,52000000000000.0
462000.0,153351690000000.0,2.6357497e+33,110.12838128596822,1.241396570498639e-13,-320.45899083439417,77.79240215558096,8.784637280843114e-14,94.92798189386359,1.0719541147167715e-13,300000000000000.0,50,52000000000000.0
463000.0,152780840000000.0,2.6282229e+33,110.13232602424354,1.2322852060570117e-13,-320.4589902421604,77.79519361620395,8.720161110549951e-14,94.93138820149369,1.0640863462108462e-13,300000000000000.0,50,52000000000000.0
464000.0,152212070000000.0,2.6207701e+33,110.13627076251885,1.223173841615384e-13,-320.4589896499266,77.79798507682695,8.655684940256787e-14,94.93479450912378,1.0562185777049209e-13,300000000000000.0,50,52000000000000.0
465000.0,151645910000000.0,2.6131675e+33,110.14021550079416,1.2140624771737565e-13,-320.4589890576928,77.80077653744993,8.591208769963624e-14,94.93820081675388,1.0483508091989956e-13,300000000000000.0,50,52000000000000.0
466000.0,151081910000000.0,2.6058071e+33,110.14416023906946,1.204951112732129e-13,-320.458988465459,77.80356799807292,8.52673259967046e-14,94.94160712438396,1.0404830406930703e-13,300000000000000.0,50,52000000000000.0
467000.0,150520280000000.0,2.5984168e+33,110.14810497734477,1.1958397482905013e-13,-320.4589878732252,77.80635945869592,8.462256429377295e-14,94.94501343201406,1.0326152721871449e-13,300000000000000.0,50,52000000000000.0
468000.0,149961080000000.0,2.5911963e+33,110.15204971562008,1.1867283838488738e-13,-320.4589872809914,77.80915091931891,8.397780259084132e-14,94.94841973964417,1.0247475036812196e-13,300000000000000.0,50,52000000000000.0
469000.0,149404510000000.0,2.5837572e+33,110.15587769226651,1.177917389767636e-13,-320.45898670645016,77.81185975408805,8.335429666753622e-14,94.95172522225816,1.0171391109086304e-13,300000000000000.0,50,52000000000000.0
470000.0,148850590000000.0,2.5765041e+33,110.15960699857658,1.1693602260309572e-13,-320.4589861468602,77.81449876522703,8.274875310862508e-14,94.95494550189628,1.009749905647344e-13,300000000000000.0,50,52000000000000.0
471000.0,148299820000000.0,2.5693789e+33,110.16333630488664,1.1608030622942784e-13,-320.4589855872702,77.817137776366,8.214320954971395e-14,94.95816578153438,1.0023607003860574e-13,300000000000000.0,50,52000000000000.0
472000.0,147752130000000.0,2.5621021e+33,110.1670656111967,1.1522458985575996e-13,-320.4589850276802,77.81977678750498,8.153766599080282e-14,94.96138606117249,9.949714951247708e-14,300000000000000.0,50,52000000000000.0
473000.0,147205900000000.0,2.5544781e+33,110.17079491750677,1.1436887348209208e-13,-320.45898446809025,77.82241579864396,8.093212243189168e-14,94.96460634081059,9.875822898634842e-14,300000000000000.0,50,52000000000000.0
474000.0,146661100000000.0,2.5473396e+33,110.17452422381683,1.1351315710842418e-13,-320.4589839085003,77.82505480978294,8.032657887298055e-14,94.9678266204487,9.801930846021977e-14,300000000000000.0,50,52000000000000.0
475000.0,146119480000000.0,2.540287e+33,110.17825353012688,1.1265744073475628e-13,-320.4589833489103,77.82769382092191,7.972103531406942e-14,94.9710469000868,9.728038793409112e-14,300000000000000.0,50,52000000000000.0
476000.0,145580890000000.0,2.5333764e+33,110.18198283643694,1.118017243610884e-13,-320.4589827893203,77.83033283206089,7.911549175515827e-14,94.97426717972492,9.654146740796246e-14,300000000000000.0,50,52000000000000.0
477000.0,145044770000000.0,2.5260896e+33,110.18552246380862,1.1099373068367993e-13,-320.4589822584434,77.83283761781523,7.854371924618666e-14,94.97732366950781,9.58437563366903e-14,300000000000000.0,50,52000000000000.0
478000.0,144510360000000.0,2.5189503e+33,110.18904615096174,1.1018974752117125e-13,-320.45898172997954,77.83533112355089,7.79747847851373e-14,94.98036639473618,9.514950842122589e-14,300000000000000.0,50,52000000000000.0
479000.0,143978080000000.0,2.5117422e+33,110.19256983811486,1.0938576435866256e-13,-320.45898120151566,77.83782462928654,7.740585032408793e-14,94.98340911996455,9.445526050576147e-14,300000000000000.0,50,52000000000000.0
480000.0,143447720000000.0,2.5043706e+33,110.19609352526798,1.0858178119615388e-13,-320.45898067305177,77.8403181350222,7.683691586303855e-14,94.98645184519292,9.376101259029707e-14,300000000000000.0,50,52000000000000.0
481000.0,142919590000000.0,2.4973747e+33,110.1996172124211,1.0777779803364518e-13,-320.45898014458794,77.84281164075787,7.62679814019892e-14,94.98949457042127,9.306676467483267e-14,300000000000000.0,50,52000000000000.0
482000.0,142394210000000.0,2.4905099e+33,110.20314089957422,1.069738148711365e-13,-320.45897961612405,77.84530514649353,7.569904694093982e-14,94.99253729564964,9.237251675936826e-14,300000000000000.0,50,52000000000000.0
483000.0,141871440000000.0,2.4832919e+33,110.20666458672736,1.0616983170862781e-13,-320.45897908766017,77.84779865222919,7.513011247989045e-14,94.99558002087801,9.167826884390386e-14,300000000000000.0,50,52000000000000.0
484000.0,141351040000000.0,2.4763821e+33,110.21015312414892,1.0537491956843997e-13,-320.45897856451205,77.85026728444198,7.456759713393871e-14,94.99859239394354,9.099185391668968e-14,300000000000000.0,50,52000000000000.0
485000.0,140833050000000.0,2.4692243e+33,110.21348048083816,1.0462160302388656e-13,-320.4589780657397,77.85262185795634,7.40345169394492e-14,95.00146558575176,9.034135752217678e-14,300000000000000.0,50,52000000000000.0
486000.0,140317100000000.0,2.4623742e+33,110.2168078375274,1.0386828647933318e-13,-320.45897756696735,77.8549764314707,7.350143674495968e-14,95.00433877755997,8.969086112766388e-14,300000000000000.0,50,52000000000000.0
487000.0,139803420000000.0,2.4554662e+33,110.22013519421664,1.0311496993477977e-13,-320.458977068195,77.85733100498507,7.296835655047017e-14,95.00721196936817,8.904036473315098e-14,300000000000000.0,50,52000000000000.0
488000.0,139292840000000.0,2.4486608e+33,110.22346255090588,1.0236165339022637e-13,-320.45897656942265,77.85968557849942,7.243527635598065e-14,95.01008516117638,8.838986833863808e-14,300000000000000.0,50,52000000000000.0
489000.0,138784790000000.0,2.4416489e+33,110.22678990759512,1.0160833684567297e-13,-320.4589760706503,77.86204015201379,7.190219616149113e-14,95.01295835298458,8.773937194412518e-14,300000000000000.0,50,52000000000000.0
490000.0,138278870000000.0,2.4347159e+33,110.23011726428436,1.0085502030111958e-13,-320.45897557187794,77.86439472552816,7.136911596700162e-14,95.0158315447928,8.708887554961228e-14,300000000000000.0,50,52000000000000.0
491000.0,137775350000000.0,2.4282287e+33,110.2334446209736,1.0010170375656618e-13,-320.45897507310553,77.86674929904251,7.083603577251211e-14,95.01870473660101,8.643837915509939e-14,300000000000000.0,50,52000000000000.0
492000.0,137274420000000.0,2.4213844e+33,110.23671409007561,9.936380759416131e-14,-320.4589745830798,77.869062908733,7.031386780548725e-14,95.02152794189684,8.580119851351217e-14,300000000000000.0,50,52000000000000.0
493000.0,136776130000000.0,2.4145408e+33,110.23985449685858,9.86602916914329e-14,-320.4589741125548,77.87128518820295,6.981602901592828e-14,95.02423970058524,8.519370579009473e-14,300000000000000.0,50,52000000000000.0
494000.0,136280440000000.0,2.4078816e+33,110.24299490364155,9.79567757887045e-14,-320.4589736420298,77.87350746767291,6.931819022636929e-14,95.02695145927365,8.458621306667729e-14,300000000000000.0,50,52000000000000.0
495000.0,135786840000000.0,2.4011841e+33,110.2461353104245,9.725325988597608e-14,-320.4589731715048,77.87572974714286,6.882035143681032e-14,95.02966321796205,8.397872034325986e-14,300000000000000.0,50,52000000000000.0
496000.0,135295670000000.0,2.3944937e+33,110.24927571720747,9.654974398324768e-14,-320.4589727009798,77.87795202661282,6.832251264725134e-14,95.03237497665046,8.337122761984242e-14,300000000000000.0,50,52000000000000.0
497000.0,134806990000000.0,2.3877085e+33,110.25241612399043,9.584622808051929e-14,-320.4589722304548,77.88017430608276,6.782467385769236e-14,95.03508673533887,8.2763734896425e-14,300000000000000.0,50,52000000000000.0
498000.0,134320320000000.0,2.3810759e+33,110.25555653077339,9.514271217779087e-14,-320.4589717599298,77.88239658555273,6.732683506813338e-14,95.03779849402727,8.215624217300755e-14,300000000000000.0,50,52000000000000.0
499000.0,133836600000000.0,2.3745659e+33,110.25869693755637,9.443919627506246e-14,-320.4589712894048,77.88461886502267,6.682899627857441e-14,95.04051025271568,8.154874944959011e-14,300000000000000.0,50,52000000000000.0
500000.0,133355850000000.0,2.3682237e+33,110.26178194079647,9.37501374301726e-14,-320.458970827244,77.88680193850935,6.634138801267768e-14,95.04317416991391,8.095374062340908e-14,300000000000000.0,50,52000000000000.0
501000.0,132877610000000.0,2.3618334e+33,110.26474491691776,9.309292046800948e-14,-320.4589703835054,77.88889866024068,6.587631262576119e-14,95.04573271552574,8.038622776467961e-14,300000000000000.0,50,52000000000000.0
502000.0,132401900000000.0,2.3552511e+33,110.26770789303906,9.243570350584636e-14,-320.45896993976686,77.89099538197202,6.54112372388447e-14,95.04829126113759,7.981871490595014e-14,300000000000000.0,50,52000000000000.0
503000.0,131927910000000.0,2.3487802e+33,110.27067086916037,9.177848654368325e-14,-320.45896949602826,77.89309210370335,6.494616185192822e-14,95.05084980674943,7.925120204722067e-14,300000000000000.0,50,52000000000000.0
504000.0,131455900000000.0,2.3423414e+33,110.27363384528167,9.112126958152012e-14,-320.45896905228966,77.89518882543467,6.448108646501173e-14,95.05340835236126,7.86836891884912e-14,300000000000000.0,50,52000000000000.0
505000.0,130985720000000.0,2.3360218e+33,110.27659682140298,9.046405261935701e-14,-320.4589686085511,77.897285547166,6.401601107809525e-14,95.05596689797311,7.811617632976175e-14,300000000000000.0,50,52000000000000.0
506000.0,130517150000000.0,2.3297201e+33,110.27955979752427,8.980683565719389e-14,-320.4589681648125,77.89938226889734,6.355093569117876e-14,95.05852544358494,7.754866347103228e-14,300000000000000.0,50,52000000000000.0
507000.0,130049840000000.0,2.3231865e+33,110.28252277364557,8.914961869503077e-14,-320.4589677210739,77.90147899062866,6.308586030426229e-14,95.06108398919677,7.698115061230281e-14,300000000000000.0,50,52000000000000.0
508000.0,129583400000000.0,2.3167916e+33,110.28545462213427,8.849868051871569e-14,-320.4589672820308,77.90355368508953,6.262522810537744e-14,95.06361565581312,7.64190595974025e-14,300000000000000.0,50,52000000000000.0
509000.0,129118180000000.0,2.3103375e+33,110.28824914844621,8.787544173575716e-14,-320.45896686370213,77.90553120438884,6.218419740525753e-14,95.06602874347368,7.588088750386317e-14,300000000000000.0,50,52000000000000.0
510000.0,128654100000000.0,2.3037917e+33,110.29104367475817,8.725220295279862e-14,-320.4589664453734,77.90750872368814,6.174316670513762e-14,95.06844183113425,7.534271541032382e-14,300000000000000.0,50,52000000000000.0
511000.0,128191230000000.0,2.2973926e+33,110.29383820107012,8.662896416984008e-14,-320.4589660270447,77.90948624298744,6.13021360050177e-14,95.07085491879481,7.480454331678448e-14,300000000000000.0,50,52000000000000.0
512000.0,127729950000000.0,2.2908998e+33,110.29663272738206,8.600572538688154e-14,-320.45896560871597,77.91146376228674,6.08611053048978e-14,95.07326800645538,7.426637122324514e-14,300000000000000.0,50,52000000000000.0
513000.0,127269900000000.0,2.2843183e+33,110.29942725369402,8.538248660392301e-14,-320.4589651903873,77.91344128158605,6.042007460477789e-14,95.07568109411595,7.372819912970579e-14,300000000000000.0,50,52000000000000.0
514000.0,126810330000000.0,2.277348e+33,110.30222178000597,8.475924782096448e-14,-320.45896477205855,77.91541880088535,5.997904390465798e-14,95.0780941817765,7.319002703616645e-14,300000000000000.0,50,52000000000000.0
515000.0,126351300000000.0,2.2703523e+33,110.30501630631792,8.413600903800593e-14,-320.45896435372987,77.91739632018465,5.953801320453808e-14,95.08050726943708,7.26518549426271e-14,300000000000000.0,50,52000000000000.0
516000.0,125894150000000.0,2.2634931e+33,110.30781083262987,8.35127702550474e-14,-320.4589639354012,77.91937383948395,5.909698250441817e-14,95.08292035709765,7.211368284908776e-14,300000000000000.0,50,52000000000000.0
517000.0,125438690000000.0,2.2565981e+33,110.31045517430286,8.29223691762766e-14,-320.45896353970693,77.92124508164153,5.867918938082852e-14,95.08520375902013,7.160386663706737e-14,300000000000000.0,50,52000000000000.0
518000.0,124984920000000.0,2.2499977e+33,110.31308736147592,8.233462566539097e-14,-320.4589631458445,77.92310772274962,5.826327688314263e-14,95.08747666542654,7.10963452773195e-14,300000000000000.0,50,52000000000000.0
519000.0,124533060000000.0,2.2432468e+33,110.31571954864899,8.174688215450532e-14,-320.458962751982,77.9249703638577,5.784736438545675e-14,95.08974957183294,7.058882391757164e-14,300000000000000.0,50,52000000000000.0
520000.0,124083330000000.0,2.2366568e+33,110.31835173582203,8.115913864361968e-14,-320.4589623581196,77.92683300496579,5.743145188777086e-14,95.09202247823933,7.008130255782377e-14,300000000000000.0,50,52000000000000.0
521000.0,123635070000000.0,2.2300304e+33,110.3209839229951,8.057139513273405e-14,-320.4589619642572,77.92869564607388,5.701553939008497e-14,95.09429538464573,6.957378119807591e-14,300000000000000.0,50,52000000000000.0
522000.0,123188710000000.0,2.2235562e+33,110.32361611016816,7.998365162184841e-14,-320.45896157039476,77.93055828718197,5.659962689239909e-14,95.09656829105214,6.906625983832805e-14,300000000000000.0,50,52000000000000.0
523000.0,122744280000000.0,2.2170074e+33,110.32624829734122,7.939590811096278e-14,-320.4589611765323,77.93242092829006,5.618371439471321e-14,95.09884119745854,6.855873847858018e-14,300000000000000.0,50,52000000000000.0
524000.0,122302280000000.0,2.2105223e+33,110.32888048451429,7.880816460007713e-14,-320.45896078266986,77.93428356939815,5.5767801897027326e-14,95.10111410386493,6.805121711883232e-14,300000000000000.0,50,52000000000000.0
525000.0,121862240000000.0,2.204082e+33,110.33143003737784,7.824122897698243e-14,-320.45896040125103,77.9360877349273,5.536661404625071e-14,95.10331565486487,6.756166365484754e-14,300000000000000.0,50,52000000000000.0
526000.0,121424260000000.0,2.1977298e+33,110.33390664102227,7.769266246927488e-14,-320.45896003081737,77.93784027846257,5.497842505152469e-14,95.10545421361358,6.708797217329234e-14,300000000000000.0,50,52000000000000.0
527000.0,120988120000000.0,2.1913642e+33,110.3363832446667,7.714409596156732e-14,-320.45895966038375,77.93959282199783,5.459023605679867e-14,95.1075927723623,6.661428069173714e-14,300000000000000.0,50,52000000000000.0
528000.0,120553640000000.0,2.1848444e+33,110.33885984831113,7.659552945385978e-14,-320.4589592899501,77.9413453655331,5.420204706207265e-14,95.10973133111102,6.614058921018194e-14,300000000000000.0,50,52000000000000.0
529000.0,120121270000000.0,2.1784773e+33,110.34133645195556,7.604696294615223e-14,-320.4589589195164,77.94309790906836,5.381385806734663e-14,95.11186988985973,6.566689772862674e-14,300000000000000.0,50,52000000000000.0
530000.0,119691100000000.0,2.1724172e+33,110.3438130556,7.549839643844467e-14,-320.45895854908275,77.94485045260362,5.342566907262061e-14,95.11400844860846,6.519320624707154e-14,300000000000000.0,50,52000000000000.0
531000.0,119263120000000.0,2.1660916e+33,110.34628965924442,7.494982993073712e-14,-320.4589581786491,77.94660299613888,5.30374800778946e-14,95.11614700735717,6.471951476551634e-14,300000000000000.0,50,52000000000000.0
532000.0,118837050000000.0,2.1600143e+33,110.34876626288884,7.440126342302957e-14,-320.4589578082154,77.94835553967414,5.264929108316858e-14,95.1182855661059,6.424582328396114e-14,300000000000000.0,50,52000000000000.0
533000.0,118413480000000.0,2.1539887e+33,110.35124277918148,7.385272003772662e-14,-320.45895743779494,77.95010802139556,5.22611184509288e-14,95.12042404942565,6.377215176889155e-14,300000000000000.0,50,52000000000000.0
534000.0,117992870000000.0,2.1480641e+33,110.3535718080713,7.334321721573696e-14,-320.4589570895678,77.9517561347572,5.190057273253711e-14,95.1224351762164,6.333219226860115e-14,300000000000000.0,50,52000000000000.0
535000.0,117574680000000.0,2.1421048e+33,110.35590083696113,7.283371439374729e-14,-320.45895674134067,77.95340424811886,5.154002701414542e-14,95.12444630300715,6.289223276831072e-14,300000000000000.0,50,52000000000000.0
536000.0,117158050000000.0,2.1361681e+33,110.35822986585094,7.232421157175762e-14,-320.45895639311357,77.95505236148051,5.117948129575373e-14,95.12645742979791,6.245227326802032e-14,300000000000000.0,50,52000000000000.0
537000.0,116742670000000.0,2.1303509e+33,110.36055889474076,7.181470874976796e-14,-320.4589560448864,77.95670047484217,5.0818935577362034e-14,95.12846855658866,6.201231376772991e-14,300000000000000.0,50,52000000000000.0
538000.0,116328290000000.0,2.1243331e+33,110.36288792363058,7.130520592777829e-14,-320.4589556966593,77.9583485882038,5.0458389858970344e-14,95.13047968337942,6.15723542674395e-14,300000000000000.0,50,52000000000000.0
539000.0,115916110000000.0,2.1185738e+33,110.3652169525204,7.079570310578862e-14,-320.4589553484322,77.95999670156546,5.0097844140578654e-14,95.13249081017017,6.113239476714908e-14,300000000000000.0,50,52000000000000.0
540000.0,115506760000000.0,2.112993e+33,110.36754598141022,7.028620028379896e-14,-320.45895500020504,77.96164481492711,4.9737298422186964e-14,95.13450193696093,6.069243526685867e-14,300000000000000.0,50,52000000000000.0
541000.0,115099520000000.0,2.1075015e+33,110.36987501030005,6.977669746180929e-14,-320.45895465197793,77.96329292828875,4.9376752703795274e-14,95.13651306375168,6.025247576656826e-14,300000000000000.0,50,52000000000000.0
542000.0,114694350000000.0,2.1019554e+33,110.37215788942632,6.928117775270382e-14,-320.45895431069056,77.96490838412835,4.902610206557704e-14,95.1384843398762,5.982459083590067e-14,300000000000000.0,50,52000000000000.0
543000.0,114293390000000.0,2.0963283e+33,110.37434762304214,6.881388059746229e-14,-320.45895398341,77.96645792627024,4.869542297700561e-14,95.14037518415526,5.942107638656912e-14,300000000000000.0,50,52000000000000.0
544000.0,113897500000000.0,2.0908895e+33,110.37653735665798,6.834658344222077e-14,-320.4589536561295,77.96800746841214,4.836474388843418e-14,95.14226602843432,5.901756193723758e-14,300000000000000.0,50,52000000000000.0
545000.0,113505210000000.0,2.0855365e+33,110.3787270902738,6.787928628697924e-14,-320.45895332884896,77.96955701055403,4.803406479986274e-14,95.1441568727134,5.861404748790603e-14,300000000000000.0,50,52000000000000.0
546000.0,113115020000000.0,2.0799673e+33,110.38091682388962,6.741198913173772e-14,-320.4589530015684,77.97110655269593,4.770338571129131e-14,95.14604771699246,5.821053303857448e-14,300000000000000.0,50,52000000000000.0
547000.0,112725300000000.0,2.0745483e+33,110.38310655750544,6.694469197649618e-14,-320.45895267428784,77.97265609483782,4.737270662271987e-14,95.14793856127153,5.780701858924292e-14,300000000000000.0,50,52000000000000.0
548000.0,112336500000000.0,2.069149e+33,110.38529629112126,6.647739482125465e-14,-320.4589523470073,77.97420563697972,4.7042027534148437e-14,95.14982940555059,5.740350413991137e-14,300000000000000.0,50,52000000000000.0
549000.0,111950340000000.0,2.0639246e+33,110.38748602473709,6.601009766601313e-14,-320.4589520197268,77.9757551791216,4.671134844557701e-14,95.15172024982967,5.699998969057984e-14,300000000000000.0,50,52000000000000.0
550000.0,111566130000000.0,2.0588074e+33,110.38967575835291,6.55428005107716e-14,-320.4589516924462,77.97730472126351,4.638066935700557e-14,95.15361109410873,5.659647524124828e-14,300000000000000.0,50,52000000000000.0
551000.0,111181880000000.0,2.0533658e+33,110.39179784572717,6.508871828848691e-14,-320.4589513753322,77.97880639408444,4.605934178191267e-14,95.15544352537242,5.620437206855295e-14,300000000000000.0,50,52000000000000.0
552000.0,110797580000000.0,2.047803e+33,110.39385774489604,6.464678475245362e-14,-320.45895106756444,77.98026405992,4.574661119354664e-14,95.15722225667416,5.582275945377678e-14,300000000000000.0,50,52000000000000.0
553000.0,110413380000000.0,2.0423431e+33,110.39591764406491,6.420485121642031e-14,-320.45895075979666,77.98172172575556,4.5433880605180624e-14,95.1590009879759,5.54411468390006e-14,300000000000000.0,50,52000000000000.0
554000.0,110030160000000.0,2.0370075e+33,110.39797754323376,6.376291768038702e-14,-320.4589504520289,77.98317939159112,4.51211500168146e-14,95.16077971927766,5.5059534224224425e-14,300000000000000.0,50,52000000000000.0
555000.0,109648130000000.0,2.0314812e+33,110.40003744240263,6.332098414435372e-14,-320.4589501442611,77.98463705742668,4.480841942844857e-14,95.1625584505794,5.467792160944825e-14,300000000000000.0,50,52000000000000.0
556000.0,109266610000000.0,2.0260453e+33,110.4020973415715,6.287905060832043e-14,-320.45894983649333,77.98609472326224,4.4495688840082546e-14,95.16433718188114,5.429630899467207e-14,300000000000000.0,50,52000000000000.0
557000.0,108886100000000.0,2.0207325e+33,110.40415724074037,6.243711707228714e-14,-320.45894952872555,77.9875523890978,4.4182958251716527e-14,95.16611591318289,5.39146963798959e-14,300000000000000.0,50,52000000000000.0
558000.0,108506550000000.0,2.0153276e+33,110.40621713990924,6.199518353625384e-14,-320.4589492209578,77.98901005493336,4.38702276633505e-14,95.16789464448463,5.353308376511972e-14,300000000000000.0,50,52000000000000.0
559000.0,108128100000000.0,2.0098702e+33,110.4082770390781,6.155325000022055e-14,-320.45894891319,77.99046772076892,4.3557497074984475e-14,95.16967337578637,5.315147115034355e-14,300000000000000.0,50,52000000000000.0
560000.0,107750480000000.0,2.0041701e+33,110.41026613183585,6.112612578249305e-14,-320.4589486160561,77.991875281037,4.3255246245894925e-14,95.17139096527043,5.2782646565456646e-14,300000000000000.0,50,52000000000000.0
561000.0,107373750000000.0,1.9983404e+33,110.41220124647077,6.071029120916395e-14,-320.4589483270288,77.99324464413574,4.2960984491870735e-14,95.17306194427823,5.242357072842056e-14,300000000000000.0,50,52000000000000.0
562000.0,106998100000000.0,1.9926813e+33,110.41413636110569,6.029445663583486e-14,-320.4589480380015,77.99461400723449,4.266672273784655e-14,95.17473292328602,5.2064494891384474e-14,300000000000000.0,50,52000000000000.0
563000.0,106624030000000.0,1.9870212e+33,110.4160714757406,5.987862206250576e-14,-320.4589477489742,77.99598337033324,4.237246098382237e-14,95.1764039022938,5.170541905434839e-14,300000000000000.0,50,52000000000000.0
564000.0,106251950000000.0,1.9817319e+33,110.41800659037551,5.946278748917665e-14,-320.4589474599469,77.99735273343198,4.2078199229798184e-14,95.17807488130158,5.1346343217312296e-14,300000000000000.0,50,52000000000000.0
565000.0,105881990000000.0,1.976286e+33,110.41994170501043,5.904695291584755e-14,-320.4589471709196,77.99872209653073,4.1783937475774e-14,95.17974586030937,5.098726738027622e-14,300000000000000.0,50,52000000000000.0
566000.0,105514080000000.0,1.970965e+33,110.42187681964535,5.863111834251844e-14,-320.4589468818923,78.00009145962947,4.1489675721749817e-14,95.18141683931715,5.0628191543240125e-14,300000000000000.0,50,52000000000000.0
567000.0,105148230000000.0,1.9656251e+33,110.42381193428027,5.821528376918935e-14,-320.458946592865,78.0014608227282,4.119541396772563e-14,95.18308781832495,5.026911570620404e-14,300000000000000.0,50,52000000000000.0
568000.0,104784370000000.0,1.9602672e+33,110.42574704891517,5.779944919586025e-14,-320.4589463038377,78.00283018582695,4.090115221370145e-14,95.18475879733273,4.9910039869167953e-14,300000000000000.0,50,52000000000000.0
569000.0,104421540000000.0,1.9548843e+33,110.42762629456243,5.739763427979056e-14,-320.45894602319544,78.00416001371781,4.061681139445184e-14,95.18638153310921,4.956307015115045e-14,300000000000000.0,50,52000000000000.0
570000.0,104060120000000.0,1.9496672e+33,110.42944208420813,5.701174289178821e-14,-320.45894575207683,78.00544493751575,4.034373877387602e-14,95.18794947421891,4.9229850564281814e-14,300000000000000.0,50,52000000000000.0
571000.0,103700660000000.0,1.9443905e+33,110.43125787385382,5.6625851503785876e-14,-320.4589454809583,78.00672986131367,4.0070666153300204e-14,95.18951741532862,4.889663097741318e-14,300000000000000.0,50,52000000000000.0
572000.0,103343090000000.0,1.9391953e+33,110.43307366349951,5.6239960115783535e-14,-320.4589452098397,78.0080147851116,3.9797593532724386e-14,95.19108535643832,4.856341139054455e-14,300000000000000.0,50,52000000000000.0
573000.0,102986940000000.0,1.9339971e+33,110.4348894531452,5.58540687277812e-14,-320.4589449387211,78.00929970890952,3.952452091214856e-14,95.19265329754803,4.823019180367592e-14,300000000000000.0,50,52000000000000.0
574000.0,102632020000000.0,1.928839e+33,110.43670524279091,5.546817733977886e-14,-320.45894466760257,78.01058463270745,3.925144829157274e-14,95.19422123865775,4.7896972216807286e-14,300000000000000.0,50,52000000000000.0
575000.0,102279130000000.0,1.9237858e+33,110.4385210324366,5.508228595177652e-14,-320.45894439648396,78.01186955650539,3.8978375670996923e-14,95.19578917976744,4.7563752629938654e-14,300000000000000.0,50,52000000000000.0
576000.0,101927880000000.0,1.9187809e+33,110.44033682208229,5.4696394563774184e-14,-320.4589441253654,78.01315448030331,3.8705303050421105e-14,95.19735712087716,4.7230533043070016e-14,300000000000000.0,50,52000000000000.0
577000.0,101577720000000.0,1.9136695e+33,110.44215261172798,5.431050317577184e-14,-320.4589438542468,78.01443940410124,3.843223042984528e-14,95.19892506198687,4.6897313456201384e-14,300000000000000.0,50,52000000000000.0
578000.0,101229250000000.0,1.908496e+33,110.44394353273611,5.393031871302821e-14,-320.4589435868585,78.01570672982821,3.816319628420825e-14,95.20047152887508,4.656902185841486e-14,300000000000000.0,50,52000000000000.0
579000.0,100881860000000.0,1.9034176e+33,110.44564678860294,5.357025189476551e-14,-320.4589433326198,78.01691202009489,3.790839828139434e-14,95.20194229637463,4.625810205504754e-14,300000000000000.0,50,52000000000000.0
580000.0,100535390000000.0,1.8984248e+33,110.44735004446976,5.321018507650281e-14,-320.4589430783811,78.01811731036159,3.765360027858042e-14,95.20341306387418,4.594718225168021e-14,300000000000000.0,50,52000000000000.0
581000.0,100190700000000.0,1.8934072e+33,110.44905330033659,5.285011825824011e-14,-320.4589428241424,78.01932260062829,3.739880227576651e-14,95.20488383137372,4.5636262448312877e-14,300000000000000.0,50,52000000000000.0
582000.0,99848412000000.0,1.8884174e+33,110.45075655620342,5.2490051439977416e-14,-320.4589425699037,78.02052789089498,3.714400427295259e-14,95.20635459887326,4.5325342644945546e-14,300000000000000.0,50,52000000000000.0
583000.0,99507411000000.0,1.883447e+33,110.45245981207023,5.212998462171471e-14,-320.458942315665,78.02173318116168,3.688920627013868e-14,95.2078253663728,4.501442284157822e-14,300000000000000.0,50,52000000000000.0
584000.0,99166186000000.0,1.8783566e+33,110.45416306793706,5.1769917803452016e-14,-320.45894206142634,78.02293847142838,3.6634408267324765e-14,95.20929613387236,4.470350303821089e-14,300000000000000.0,50,52000000000000.0
585000.0,98825234000000.0,1.8732628e+33,110.45586632380389,5.140985098518932e-14,-320.4589418071876,78.02414376169507,3.6379610264510854e-14,95.2107669013719,4.439258323484356e-14,300000000000000.0,50,52000000000000.0
586000.0,98485475000000.0,1.8682882e+33,110.4575695796707,5.1049784166926623e-14,-320.45894155294894,78.02534905196177,3.612481226169694e-14,95.21223766887144,4.4081663431476235e-14,300000000000000.0,50,52000000000000.0
587000.0,98147848000000.0,1.8634252e+33,110.45927283553753,5.068971734866393e-14,-320.4589412987102,78.02655434222847,3.5870014258883027e-14,95.213708436371,4.3770743628108904e-14,300000000000000.0,50,52000000000000.0
588000.0,97812279000000.0,1.8585133e+33,110.46088822999252,5.034947909228498e-14,-320.45894105764313,78.02769745816772,3.5629247823389623e-14,95.21510333502758,4.347694598395837e-14,300000000000000.0,50,52000000000000.0
589000.0,97478527000000.0,1.853653e+33,110.46248477517028,5.001349474046119e-14,-320.45894081940173,78.02882723558771,3.539149163889125e-14,95.21648195722302,4.318682162844638e-14,300000000000000.0,50,52000000000000.0
590000.0,97145718000000.0,1.8487269e+33,110.46408132034804,4.9677510388637395e-14,-320.4589405811604,78.02995701300769,3.515373545439287e-14,95.21786057941848,4.2896697272934394e-14,300000000000000.0,50,52000000000000.0
591000.0,96813550000000.0,1.8439045e+33,110.46567786552582,4.9341526036813605e-14,-320.45894034291905,78.03108679042768,3.49159792698945e-14,95.21923920161395,4.2606572917422406e-14,300000000000000.0,50,52000000000000.0
592000.0,96482988000000.0,1.8389762e+33,110.46727441070358,4.9005541684989815e-14,-320.45894010467765,78.03221656784767,3.4678223085396126e-14,95.2206178238094,4.231644856191042e-14,300000000000000.0,50,52000000000000.0
593000.0,96153982000000.0,1.8341158e+33,110.46887095588134,4.866955733316602e-14,-320.4589398664363,78.03334634526766,3.444046690089775e-14,95.22199644600487,4.202632420639843e-14,300000000000000.0,50,52000000000000.0
594000.0,95825651000000.0,1.8292512e+33,110.4704675010591,4.833357298134223e-14,-320.45893962819497,78.03447612268765,3.420271071639938e-14,95.22337506820033,4.173619985088644e-14,300000000000000.0,50,52000000000000.0
595000.0,95498070000000.0,1.8243355e+33,110.47206404623687,4.799758862951843e-14,-320.45893938995357,78.03560590010764,3.3964954531901e-14,95.22475369039577,4.1446075495374453e-14,300000000000000.0,50,52000000000000.0
596000.0,95171649000000.0,1.8195267e+33,110.47366059141463,4.766160427769464e-14,-320.45893915171223,78.03673567752762,3.372719834740263e-14,95.22613231259123,4.1155951139862465e-14,300000000000000.0,50,52000000000000.0
597000.0,94847143000000.0,1.814767e+33,110.47522952297975,4.733188652596578e-14,-320.45893891760824,78.03784591443286,3.3493876683196086e-14,95.22748709027867,4.087123805176015e-14,300000000000000.0,50,52000000000000.0
598000.0,94524469000000.0,1.8099797e+33,110.476724875062,4.701886681371905e-14,-320.4589386945288,78.03890408350516,3.3272371282002245e-14,95.22877833167364,4.0600943875904694e-14,300000000000000.0,50,52000000000000.0
599000.0,94202544000000.0,1.8052512e+33,110.47822022714426,4.670584710147231e-14,-320.4589384714493,78.03996225257745,3.305086588080841e-14,95.23006957306862,4.033064970004925e-14,300000000000000.0,50,52000000000000.0
600000.0,93881533000000.0,1.800565e+33,110.47971557922654,4.6392827389225574e-14,-320.45893824836986,78.04102042164976,3.282936047961457e-14,95.23136081446359,4.0060355524193794e-14,300000000000000.0,50,52000000000000.0
601000.0,93561718000000.0,1.7958809e+33,110.4812109313088,4.6079807676978834e-14,-320.45893802529037,78.04207859072206,3.260785507842073e-14,95.23265205585855,3.979006134833834e-14,300000000000000.0,50,52000000000000.0
602000.0,93243629000000.0,1.7911711e+33,110.48270628339105,4.57667879647321e-14,-320.4589378022109,78.04313675979435,3.238634967722689e-14,95.23394329725352,3.951976717248289e-14,300000000000000.0,50,52000000000000.0
603000.0,92927120000000.0,1.7865395e+33,110.48420163547333,4.545376825248536e-14,-320.45893757913143,78.04419492886666,3.2164844276033056e-14,95.23523453864848,3.9249472996627434e-14,300000000000000.0,50,52000000000000.0
604000.0,92611529000000.0,1.7818649e+33,110.48569698755558,4.514074854023862e-14,-320.458937356052,78.04525309793895,3.1943338874839214e-14,95.23652578004346,3.897917882077198e-14,300000000000000.0,50,52000000000000.0
605000.0,92296877000000.0,1.7771318e+33,110.48719233963784,4.4827728827991885e-14,-320.4589371329725,78.04631126701125,3.172183347364538e-14,95.23781702143843,3.870888464491653e-14,300000000000000.0,50,52000000000000.0
606000.0,91984354000000.0,1.7725162e+33,110.48868769172012,4.4514709115745145e-14,-320.45893690989305,78.04736943608356,3.150032807245154e-14,95.2391082628334,3.843859046906108e-14,300000000000000.0,50,52000000000000.0
607000.0,91674109000000.0,1.7679241e+33,110.4901287137792,4.4214540202543456e-14,-320.4589366949497,78.04838915903534,3.1287916450577686e-14,95.24035258996622,3.8179393067785533e-14,300000000000000.0,50,52000000000000.0
608000.0,91365241000000.0,1.763368e+33,110.49152825593097,4.3924182622414544e-14,-320.4589364862182,78.049379529128,3.1082447750889906e-14,95.24156109897984,3.792866783629922e-14,300000000000000.0,50,52000000000000.0
609000.0,91056863000000.0,1.758737e+33,110.49292779808275,4.363382504228563e-14,-320.4589362774866,78.05036989922068,3.087697905120213e-14,95.24276960799348,3.767794260481291e-14,300000000000000.0,50,52000000000000.0
610000.0,90748794000000.0,1.7541798e+33,110.49432734023452,4.334346746215672e-14,-320.45893606875507,78.05136026931336,3.067151035151435e-14,95.2439781170071,3.74272173733266e-14,300000000000000.0,50,52000000000000.0
611000.0,90441890000000.0,1.7496818e+33,110.4957268823863,4.3053109882027807e-14,-320.45893586002353,78.05235063940604,3.046604165182658e-14,95.24518662602074,3.717649214184029e-14,300000000000000.0,50,52000000000000.0
612000.0,90136244000000.0,1.7451301e+33,110.49712642453807,4.2762752301898894e-14,-320.458935651292,78.05334100949872,3.02605729521388e-14,95.24639513503436,3.692576691035398e-14,300000000000000.0,50,52000000000000.0
613000.0,89832592000000.0,1.7405376e+33,110.49852596668984,4.2472394721769976e-14,-320.45893544256046,78.0543313795914,3.0055104252451025e-14,95.24760364404798,3.6675041678867667e-14,300000000000000.0,50,52000000000000.0
614000.0,89531321000000.0,1.7360307e+33,110.49992550884161,4.2182037141641063e-14,-320.45893523382887,78.05532174968408,2.9849635552763245e-14,95.24881215306162,3.6424316447381356e-14,300000000000000.0,50,52000000000000.0
615000.0,89231136000000.0,1.7315571e+33,110.50132505099339,4.189167956151215e-14,-320.45893502509733,78.05631211977676,2.964416685307547e-14,95.25002066207524,3.6173591215895045e-14,300000000000000.0,50,52000000000000.0
616000.0,88931112000000.0,1.7271734e+33,110.50272459314516,4.160132198138324e-14,-320.4589348163658,78.05730248986944,2.943869815338769e-14,95.25122917108888,3.5922865984408734e-14,300000000000000.0,50,52000000000000.0
617000.0,88632073000000.0,1.7227706e+33,110.50406060723247,4.132579001874245e-14,-320.4589346171433,78.05824790494907,2.924372069459685e-14,95.25238282329917,3.568494279393232e-14,300000000000000.0,50,52000000000000.0
618000.0,88334897000000.0,1.7183769e+33,110.50536983040669,4.1056510282306106e-14,-320.4589344219309,78.0591743617013,2.9053167578421446e-14,95.25351334142121,3.545241845151984e-14,300000000000000.0,50,52000000000000.0
619000.0,88039282000000.0,1.7140197e+33,110.50667905358092,4.0787230545869755e-14,-320.45893422671855,78.06010081845352,2.886261446224605e-14,95.25464385954326,3.521989410910736e-14,300000000000000.0,50,52000000000000.0
620000.0,87744765000000.0,1.7097052e+33,110.50798827675516,4.051795080943341e-14,-320.45893403150615,78.06102727520575,2.867206134607065e-14,95.2557743776653,3.498736976669488e-14,300000000000000.0,50,52000000000000.0
621000.0,87451320000000.0,1.705284e+33,110.50929749992939,4.0248671072997066e-14,-320.4589338362938,78.06195373195796,2.848150822989524e-14,95.25690489578734,3.47548454242824e-14,300000000000000.0,50,52000000000000.0
622000.0,87159263000000.0,1.7009616e+33,110.51060672310362,3.997939133656072e-14,-320.45893364108144,78.06288018871018,2.8290955113719844e-14,95.2580354139094,3.452232108186992e-14,300000000000000.0,50,52000000000000.0
623000.0,86868985000000.0,1.696688e+33,110.51191594627784,3.9710111600124376e-14,-320.45893344586904,78.0638066454624,2.8100401997544442e-14,95.25916593203144,3.428979673945744e-14,300000000000000.0,50,52000000000000.0
624000.0,86579439000000.0,1.6924324e+33,110.51322516945207,3.9440831863688025e-14,-320.4589332506567,78.06473310221462,2.7909848881369043e-14,95.26029645015348,3.405727239704496e-14,300000000000000.0,50,52000000000000.0
625000.0,86290737000000.0,1.6881776e+33,110.5145343926263,3.917155212725168e-14,-320.45893305544433,78.06565955896684,2.771929576519364e-14,95.26142696827553,3.3824748054632485e-14,300000000000000.0,50,52000000000000.0
626000.0,86002790000000.0,1.6838696e+33,110.51584361580053,3.8902272390815335e-14,-320.4589328602319,78.06658601571907,2.752874264901824e-14,95.26255748639757,3.3592223712220004e-14,300000000000000.0,50,52000000000000.0
627000.0,85715786000000.0,1.6796077e+33,110.5170950174915,3.864600513571441e-14,-320.4589326736705,78.06747155567612,2.734739771805341e-14,95.26363807539182,3.3370935749391975e-14,300000000000000.0,50,52000000000000.0
628000.0,85429766000000.0,1.6753274e+33,110.51831911578336,3.839588239561589e-14,-320.45893249119405,78.06833777465549,2.7170400907228998e-14,95.26469508777015,3.315495362341011e-14,300000000000000.0,50,52000000000000.0
629000.0,85144921000000.0,1.6711054e+33,110.51954321407523,3.814575965551738e-14,-320.4589323087176,78.06920399363484,2.6993404096404583e-14,95.26575210014848,3.293897149742824e-14,300000000000000.0,50,52000000000000.0
630000.0,84861881000000.0,1.6669039e+33,110.52076731236708,3.789563691541887e-14,-320.4589321262411,78.07007021261421,2.681640728558017e-14,95.26680911252679,3.2722989371446375e-14,300000000000000.0,50,52000000000000.0
631000.0,84580948000000.0,1.6626808e+33,110.52199141065894,3.7645514175320356e-14,-320.45893194376464,78.07093643159357,2.6639410474755756e-14,95.26786612490511,3.250700724546451e-14,300000000000000.0,50,52000000000000.0
632000.0,84301432000000.0,1.6585209e+33,110.5232155089508,3.739539143522184e-14,-320.45893176128817,78.07180265057292,2.6462413663931344e-14,95.26892313728344,3.229102511948264e-14,300000000000000.0,50,52000000000000.0
633000.0,84021794000000.0,1.6544038e+33,110.52443960724266,3.7145268695123326e-14,-320.4589315788117,78.07266886955229,2.6285416853106933e-14,95.26998014966176,3.2075042993500774e-14,300000000000000.0,50,52000000000000.0
634000.0,83741741000000.0,1.6504205e+33,110.52566370553451,3.689514595502481e-14,-320.45893139633523,78.07353508853164,2.6108420042282518e-14,95.27103716204009,3.185906086751891e-14,300000000000000.0,50,52000000000000.0
635000.0,83462776000000.0,1.6462366e+33,110.52688780382637,3.6645023214926296e-14,-320.45893121385876,78.074401307511,2.5931423231458106e-14,95.2720941744184,3.164307874153704e-14,300000000000000.0,50,52000000000000.0
636000.0,83186875000000.0,1.6420031e+33,110.52811190211824,3.6394900474827784e-14,-320.4589310313823,78.07526752649036,2.575442642063369e-14,95.27315118679672,3.142709661555517e-14,300000000000000.0,50,52000000000000.0
637000.0,82913035000000.0,1.6378193e+33,110.52929645835596,3.615397313570757e-14,-320.4589308548193,78.07610576393765,2.5583936662047196e-14,95.2741740544311,3.121905478483217e-14,300000000000000.0,50,52000000000000.0
638000.0,82639355000000.0,1.6337633e+33,110.53044020162366,3.5922536745720915e-14,-320.4589306843598,78.07691512050216,2.5420163097995892e-14,95.27516167987986,3.10192084573379e-14,300000000000000.0,50,52000000000000.0
639000.0,82365770000000.0,1.6297965e+33,110.53158394489137,3.569110035573425e-14,-320.4589305139003,78.07772447706668,2.525638953394459e-14,95.27614930532862,3.0819362129843636e-14,300000000000000.0,50,52000000000000.0
640000.0,82093961000000.0,1.625782e+33,110.53272768815907,3.5459663965747595e-14,-320.45893034344084,78.0785338336312,2.5092615969893287e-14,95.27713693077736,3.061951580234937e-14,300000000000000.0,50,52000000000000.0
641000.0,81824686000000.0,1.6217183e+33,110.53387143142677,3.522822757576093e-14,-320.45893017298135,78.0793431901957,2.4928842405841983e-14,95.27812455622612,3.04196694748551e-14,300000000000000.0,50,52000000000000.0
642000.0,81556326000000.0,1.6177453e+33,110.53501517469448,3.499679118577427e-14,-320.45893000252187,78.08015254676022,2.4765068841790682e-14,95.27911218167488,3.0219823147360836e-14,300000000000000.0,50,52000000000000.0
643000.0,81287078000000.0,1.6138493e+33,110.53615891796218,3.476535479578761e-14,-320.4589298320624,78.08096190332473,2.4601295277739378e-14,95.28009980712363,3.001997681986657e-14,300000000000000.0,50,52000000000000.0
644000.0,81018627000000.0,1.6098477e+33,110.53730266122989,3.453391840580095e-14,-320.4589296616029,78.08177125988925,2.4437521713688077e-14,95.28108743257239,2.98201304923723e-14,300000000000000.0,50,52000000000000.0
645000.0,80752774000000.0,1.6058265e+33,110.53844640449759,3.430248201581429e-14,-320.4589294911434,78.08258061645377,2.4273748149636773e-14,95.28207505802115,2.9620284164878035e-14,300000000000000.0,50,52000000000000.0
646000.0,80488760000000.0,1.6017393e+33,110.5395901477653,3.407104562582763e-14,-320.4589293206839,78.08338997301828,2.410997458558547e-14,95.28306268346991,2.942043783738377e-14,300000000000000.0,50,52000000000000.0
647000.0,80225267000000.0,1.5978317e+33,110.54072337036467,3.384204082955556e-14,-320.4589291517971,78.08419188474083,2.394792171867695e-14,95.28404122427588,2.922269120771259e-14,300000000000000.0,50,52000000000000.0
648000.0,79961889000000.0,1.5939846e+33,110.54179155249062,3.3628068538963426e-14,-320.4589289926331,78.08494777124608,2.3796506479846344e-14,95.2849636023507,2.9037925249632335e-14,300000000000000.0,50,52000000000000.0
649000.0,79699858000000.0,1.5900055e+33,110.54285973461656,3.341409624837129e-14,-320.4589288334691,78.08570365775132,2.3645091241015736e-14,95.2858859804255,2.885315929155209e-14,300000000000000.0,50,52000000000000.0
650000.0,79440104000000.0,1.5860449e+33,110.5439279167425,3.3200123957779164e-14,-320.458928674305,78.08645954425657,2.349367600218513e-14,95.28680835850031,2.866839333347184e-14,300000000000000.0,50,52000000000000.0
651000.0,79182035000000.0,1.5821733e+33,110.54499609886845,3.298615166718703e-14,-320.458928515141,78.08721543076182,2.3342260763354522e-14,95.28773073657511,2.8483627375391597e-14,300000000000000.0,50,52000000000000.0
652000.0,78924239000000.0,1.5783917e+33,110.54606428099439,3.2772179376594895e-14,-320.4589283559769,78.08797131726706,2.3190845524523915e-14,95.28865311464993,2.8298861417311344e-14,300000000000000.0,50,52000000000000.0
653000.0,78666311000000.0,1.5746314e+33,110.54713246312033,3.255820708600277e-14,-320.4589281968129,78.08872720377231,2.3039430285693304e-14,95.28957549272474,2.8114095459231098e-14,300000000000000.0,50,52000000000000.0
654000.0,78409215000000.0,1.5707937e+33,110.54820064524627,3.2344234795410633e-14,-320.4589280376489,78.08948309027755,2.2888015046862697e-14,95.29049787079954,2.792932950115085e-14,300000000000000.0,50,52000000000000.0
655000.0,78153977000000.0,1.5669834e+33,110.54926882737222,3.2130262504818506e-14,-320.4589278784848,78.0902389767828,2.273659980803209e-14,95.29142024887435,2.7744563543070602e-14,300000000000000.0,50,52000000000000.0
656000.0,77900548000000.0,1.5631287e+33,110.55033700949815,3.191629021422637e-14,-320.4589277193208,78.09099486328803,2.2585184569201483e-14,95.29234262694916,2.7559797584990353e-14,300000000000000.0,50,52000000000000.0
657000.0,77648635000000.0,1.5593377e+33,110.5514051916241,3.170231792363424e-14,-320.4589275601568,78.09175074979328,2.2433769330370875e-14,95.29326500502397,2.7375031626910107e-14,300000000000000.0,50,52000000000000.0
658000.0,77397713000000.0,1.555495e+33,110.55242949948999,3.149884976999895e-14,-320.45892740754886,78.09247558914029,2.228978725241517e-14,95.29414949749372,2.7199336057455497e-14,300000000000000.0,50,52000000000000.0
659000.0,77147908000000.0,1.5517667e+33,110.55342668602013,3.130187485920546e-14,-320.4589272589937,78.09318123635958,2.2150400061106623e-14,95.29501057057787,2.702924744421802e-14,300000000000000.0,50,52000000000000.0
660000.0,76899084000000.0,1.5480797e+33,110.55442387255029,3.110489994841197e-14,-320.4589271104385,78.09388688357888,2.2011012869798078e-14,95.29587164366203,2.6859158830980542e-14,300000000000000.0,50,52000000000000.0
661000.0,76650742000000.0,1.5443832e+33,110.55542105908043,3.0907925037618485e-14,-320.4589269618833,78.09459253079817,2.187162567848953e-14,95.29673271674616,2.6689070217743067e-14,300000000000000.0,50,52000000000000.0
662000.0,76402787000000.0,1.540829e+33,110.55641824561059,3.071095012682499e-14,-320.45892681332816,78.09529817801746,2.1732238487180982e-14,95.29759378983032,2.651898160450559e-14,300000000000000.0,50,52000000000000.0
663000.0,76155893000000.0,1.5371695e+33,110.55741543214073,3.051397521603151e-14,-320.45892666477295,78.09600382523675,2.1592851295872437e-14,95.29845486291447,2.6348892991268114e-14,300000000000000.0,50,52000000000000.0
664000.0,75911092000000.0,1.5333899e+33,110.55841261867089,3.0317000305238015e-14,-320.4589265162178,78.09670947245604,2.145346410456389e-14,95.29931593599862,2.6178804378030636e-14,300000000000000.0,50,52000000000000.0
665000.0,75668817000000.0,1.5296309e+33,110.55940980520103,3.012002539444453e-14,-320.4589263676626,78.09741511967533,2.1314076913255344e-14,95.30017700908277,2.6008715764793162e-14,300000000000000.0,50,52000000000000.0
666000.0,75428269000000.0,1.5259469e+33,110.56040699173118,2.9923050483651044e-14,-320.4589262191074,78.09812076689464,2.1174689721946796e-14,95.30103808216693,2.5838627151555684e-14,300000000000000.0,50,52000000000000.0
667000.0,75188001000000.0,1.5223659e+33,110.56140417826133,2.972607557285755e-14,-320.45892607055225,78.09882641411393,2.103530253063825e-14,95.30189915525106,2.5668538538318206e-14,300000000000000.0,50,52000000000000.0
668000.0,74947087000000.0,1.5188796e+33,110.56240136479148,2.9529100662064066e-14,-320.4589259219971,78.09953206133322,2.0895915339329703e-14,95.30276022833522,2.549844992508073e-14,300000000000000.0,50,52000000000000.0
669000.0,74705839000000.0,1.5153873e+33,110.56333707341186,2.934537760984364e-14,-320.4589257826253,78.10019420436643,2.0765905710624083e-14,95.30356821500153,2.5339804376047292e-14,300000000000000.0,50,52000000000000.0
670000.0,74465237000000.0,1.5117604e+33,110.56426784102473,2.916271961550994e-14,-320.4589256439915,78.10085285094848,2.0636649760880055e-14,95.30437193508834,2.5182078511276373e-14,300000000000000.0,50,52000000000000.0
671000.0,74226467000000.0,1.5081199e+33,110.56519860863759,2.898006162117624e-14,-320.4589255053578,78.10151149753052,2.0507393811136023e-14,95.30517565517516,2.5024352646505457e-14,300000000000000.0,50,52000000000000.0
672000.0,73989511000000.0,1.5044981e+33,110.56612937625046,2.8797403626842546e-14,-320.45892536672403,78.10217014411256,2.0378137861391994e-14,95.30597937526198,2.4866626781734538e-14,300000000000000.0,50,52000000000000.0
673000.0,73754476000000.0,1.5007982e+33,110.56706014386333,2.8614745632508846e-14,-320.4589252280903,78.1028287906946,2.0248881911647965e-14,95.3067830953488,2.4708900916963623e-14,300000000000000.0,50,52000000000000.0
674000.0,73520784000000.0,1.4972086e+33,110.5679909114762,2.8432087638175145e-14,-320.45892508945656,78.10348743727666,2.0119625961903933e-14,95.30758681543561,2.4551175052192704e-14,300000000000000.0,50,52000000000000.0
675000.0,73287387000000.0,1.4936884e+33,110.56892167908907,2.8249429643841448e-14,-320.45892495082285,78.1041460838587,1.9990370012159904e-14,95.30839053552243,2.4393449187421788e-14,300000000000000.0,50,52000000000000.0
676000.0,73053345000000.0,1.4903973e+33,110.56985244670194,2.8066771649507747e-14,-320.4589248121891,78.10480473044073,1.9861114062415875e-14,95.30919425560926,2.423572332265087e-14,300000000000000.0,50,52000000000000.0
677000.0,72819363000000.0,1.4870716e+33,110.5707832143148,2.788411365517405e-14,-320.4589246735553,78.10546337702277,1.9731858112671843e-14,95.30999797569606,2.4077997457879953e-14,300000000000000.0,50,52000000000000.0
678000.0,72586622000000.0,1.4835497e+33,110.57171398192767,2.770145566084035e-14,-320.4589245349216,78.10612202360481,1.9602602162927815e-14,95.31080169578289,2.3920271593109034e-14,300000000000000.0,50,52000000000000.0
679000.0,72355442000000.0,1.4799877e+33,110.57264103659638,2.7519564500253674e-14,-320.4589243968423,78.10677804276217,1.9473888856297552e-14,95.31160220972846,2.376320789400592e-14,300000000000000.0,50,52000000000000.0
680000.0,72125501000000.0,1.4763977e+33,110.57350921109342,2.7349833851835782e-14,-320.4589242675552,78.10739239600429,1.935378082846978e-14,95.31235188042446,2.3616644872125662e-14,300000000000000.0,50,52000000000000.0
681000.0,71896629000000.0,1.4728613e+33,110.57437738559047,2.7180103203417892e-14,-320.458924138268,78.1080067492464,1.923367280064201e-14,95.31310155112045,2.34700818502454e-14,300000000000000.0,50,52000000000000.0
682000.0,71668109000000.0,1.4693846e+33,110.57524556008751,2.7010372555000003e-14,-320.4589240089809,78.10862110248851,1.9113564772814236e-14,95.31385122181645,2.3323518828365144e-14,300000000000000.0,50,52000000000000.0
683000.0,71439217000000.0,1.4660694e+33,110.57611373458455,2.6840641906582114e-14,-320.45892387969377,78.10923545573063,1.8993456744986465e-14,95.31460089251244,2.3176955806484886e-14,300000000000000.0,50,52000000000000.0
684000.0,71210766000000.0,1.4625841e+33,110.5769819090816,2.6670911258164224e-14,-320.45892375040665,78.10984980897274,1.8873348717158693e-14,95.31535056320844,2.3030392784604625e-14,300000000000000.0,50,52000000000000.0
685000.0,70984153000000.0,1.4590297e+33,110.57785008357864,2.6501180609746335e-14,-320.4589236211195,78.11046416221485,1.8753240689330924e-14,95.31610023390445,2.2883829762724367e-14,300000000000000.0,50,52000000000000.0
686000.0,70759393000000.0,1.4554688e+33,110.57871825807568,2.6331449961328446e-14,-320.45892349183237,78.11107851545697,1.8633132661503152e-14,95.31684990460045,2.273726674084411e-14,300000000000000.0,50,52000000000000.0
687000.0,70535004000000.0,1.4521354e+33,110.57958643257273,2.6161719312910556e-14,-320.45892336254525,78.11169286869908,1.851302463367538e-14,95.31759957529644,2.2590703718963848e-14,300000000000000.0,50,52000000000000.0
688000.0,70309423000000.0,1.4489553e+33,110.58045460706977,2.5991988664492667e-14,-320.45892323325813,78.1123072219412,1.8392916605847608e-14,95.31834924599244,2.244414069708359e-14,300000000000000.0,50,52000000000000.0
689000.0,70084128000000.0,1.4455606e+33,110.58132278156681,2.5822258016074778e-14,-320.45892310397096,78.11292157518332,1.8272808578019836e-14,95.31909891668843,2.2297577675203332e-14,300000000000000.0,50,52000000000000.0
690000.0,69861527000000.0,1.4418525e+33,110.58218999330147,2.5652731838740227e-14,-320.45892297482754,78.11353524713721,1.8152845242267457e-14,95.31984775603567,2.2151191215270958e-14,300000000000000.0,50,52000000000000.0
691000.0,69641690000000.0,1.4381787e+33,110.58299905858733,2.5495554780604637e-14,-320.4589228543638,78.11410777239571,1.8041620646766227e-14,95.32054638571644,2.2015468290273855e-14,300000000000000.0,50,52000000000000.0
692000.0,69422432000000.0,1.4348459e+33,110.58380812387321,2.533837772246905e-14,-320.45892273389995,78.11468029765422,1.7930396051264994e-14,95.32124501539721,2.1879745365276753e-14,300000000000000.0,50,52000000000000.0
693000.0,69201346000000.0,1.4318104e+33,110.58461718915908,2.518120066433346e-14,-320.45892261343613,78.11525282291272,1.7819171455763764e-14,95.32194364507798,2.1744022440279647e-14,300000000000000.0,50,52000000000000.0
694000.0,68979705000000.0,1.4285962e+33,110.58542625444494,2.502402360619787e-14,-320.45892249297236,78.11582534817123,1.770794686026253e-14,95.32264227475875,2.1608299515282545e-14,300000000000000.0,50,52000000000000.0
695000.0,68760682000000.0,1.4250464e+33,110.58623531973082,2.486684654806228e-14,-320.45892237250854,78.11639787342973,1.75967222647613e-14,95.32334090443952,2.1472576590285442e-14,300000000000000.0,50,52000000000000.0
696000.0,68545640000000.0,1.4212879e+33,110.58704438501668,2.4709669489926693e-14,-320.4589222520448,78.11697039868824,1.7485497669260072e-14,95.32403953412029,2.1336853665288336e-14,300000000000000.0,50,52000000000000.0
697000.0,68332403000000.0,1.4177969e+33,110.58785345030255,2.4552492431791103e-14,-320.45892213158095,78.11754292394673,1.737427307375884e-14,95.32473816380104,2.1201130740291234e-14,300000000000000.0,50,52000000000000.0
698000.0,68116430000000.0,1.414754e+33,110.58866251558842,2.4395315373655513e-14,-320.4589220111171,78.11811544920523,1.726304847825761e-14,95.32543679348181,2.106540781529413e-14,300000000000000.0,50,52000000000000.0
699000.0,67896591000000.0,1.411994e+33,110.58947158087429,2.4238138315519927e-14,-320.45892189065336,78.11868797446374,1.7151823882756376e-14,95.32613542316258,2.0929684890297025e-14,300000000000000.0,50,52000000000000.0
700000.0,67678172000000.0,1.4086693e+33,110.59028064616015,2.4080961257384337e-14,-320.45892177018953,78.11926049972224,1.7040599287255146e-14,95.32683405284335,2.0793961965299923e-14,300000000000000.0,50,52000000000000.0
701000.0,67465906000000.0,1.4047189e+33,110.59108971144603,2.3923784199248747e-14,-320.4589216497257,78.11983302498075,1.6929374691753913e-14,95.32753268252412,2.0658239040302817e-14,300000000000000.0,50,52000000000000.0
702000.0,67259670000000.0,1.4009047e+33,110.59185462830777,2.37749213103434e-14,-320.4589215358499,78.12037430909837,1.6824033542056214e-14,95.3281931898903,2.0529695448710842e-14,300000000000000.0,50,52000000000000.0
703000.0,67054117000000.0,1.3975365e+33,110.59260806589974,2.3628220233401022e-14,-320.45892142368706,78.12090747003853,1.672022217881935e-14,95.32884378486794,2.0403018594301085e-14,300000000000000.0,50,52000000000000.0
704000.0,66840580000000.0,1.3951395e+33,110.59336150349172,2.3481519156458645e-14,-320.4589213115242,78.1214406309787,1.661641081558249e-14,95.32949437984558,2.027634173989133e-14,300000000000000.0,50,52000000000000.0
705000.0,66619674000000.0,1.3933215e+33,110.59411494108369,2.3334818079516268e-14,-320.4589211993613,78.12197379191886,1.6512599452345632e-14,95.33014497482323,2.014966488548157e-14,300000000000000.0,50,52000000000000.0
706000.0,66402120000000.0,1.3895891e+33,110.59486837867567,2.318811700257389e-14,-320.4589210871985,78.12250695285903,1.640878808910877e-14,95.33079556980087,2.0022988031071812e-14,300000000000000.0,50,52000000000000.0
707000.0,66196390000000.0,1.3849815e+33,110.59562181626764,2.3041415925631513e-14,-320.45892097503565,78.12304011379919,1.630497672587191e-14,95.3314461647785,1.9896311176662056e-14,300000000000000.0,50,52000000000000.0
708000.0,66001088000000.0,1.3806879e+33,110.59637525385962,2.2894714848689133e-14,-320.4589208628728,78.12357327473936,1.620116536263505e-14,95.33209675975614,1.97696343222523e-14,300000000000000.0,50,52000000000000.0
709000.0,65812023000000.0,1.377999e+33,110.5971286914516,2.2748013771746756e-14,-320.45892075071,78.12410643567952,1.6097353999398186e-14,95.33274735473378,1.9642957467842542e-14,300000000000000.0,50,52000000000000.0
710000.0,65592264000000.0,1.3791245e+33,110.59788212904357,2.260131269480438e-14,-320.4589206385471,78.12463959661969,1.5993542636161327e-14,95.33339794971143,1.9516280613432783e-14,300000000000000.0,50,52000000000000.0
711000.0,65363260000000.0,1.3763568e+33,110.59863556663555,2.2454611617862002e-14,-320.45892052638425,78.12517275755985,1.5889731272924467e-14,95.33404854468907,1.9389603759023026e-14,300000000000000.0,50,52000000000000.0
712000.0,65146170000000.0,1.3706523e+33,110.59938900422752,2.2307910540919625e-14,-320.4589204142214,78.12570591850002,1.5785919909687604e-14,95.33469913966671,1.926292690461327e-14,300000000000000.0,50,52000000000000.0
713000.0,64943354000000.0,1.3655825e+33,110.60012194506267,2.216682402832163e-14,-320.4589203051162,78.1262245751413,1.568608163492947e-14,95.33533203562854,1.9141098251105608e-14,300000000000000.0,50,52000000000000.0
714000.0,64752637000000.0,1.3609743e+33,110.60082261810821,2.2034576454613574e-14,-320.4589202008245,78.12672039784502,1.559249814400027e-14,95.33593706824968,1.9026902060042268e-14,300000000000000.0,50,52000000000000.0
715000.0,64565839000000.0,1.358316e+33,110.60152329115374,2.1902328880905515e-14,-320.4589200965328,78.12721622054875,1.5498914653071075e-14,95.33654210087082,1.8912705868978932e-14,300000000000000.0,50,52000000000000.0
716000.0,64379910000000.0,1.3558449e+33,110.60222396419928,2.177008130719746e-14,-320.4589199922411,78.12771204325247,1.5405331162141876e-14,95.33714713349195,1.8798509677915592e-14,300000000000000.0,50,52000000000000.0
717000.0,64182351000000.0,1.3533655e+33,110.60292463724481,2.16378337334894e-14,-320.4589198879494,78.1282078659562,1.5311747671212677e-14,95.33775216611309,1.8684313486852256e-14,300000000000000.0,50,52000000000000.0
718000.0,63952991000000.0,1.3553398e+33,110.60362531029035,2.1505586159781344e-14,-320.45891978365773,78.12870368865993,1.5218164180283478e-14,95.33835719873422,1.8570117295788916e-14,300000000000000.0,50,52000000000000.0
719000.0,63734865000000.0,1.3500298e+33,110.60432598333588,2.137333858607329e-14,-320.45891967936603,78.12919951136365,1.512458068935428e-14,95.33896223135535,1.845592110472558e-14,300000000000000.0,50,52000000000000.0
720000.0,63526693000000.0,1.3448157e+33,110.60502665638143,2.124109101236523e-14,-320.45891957507433,78.12969533406738,1.503099719842508e-14,95.33956726397649,1.834172491366224e-14,300000000000000.0,50,52000000000000.0
721000.0,63330446000000.0,1.3399787e+33,110.60572732942695,2.1108843438657174e-14,-320.45891947078263,78.1301911567711,1.4937413707495882e-14,95.34017229659763,1.8227528722598904e-14,300000000000000.0,50,52000000000000.0
722000.0,63144466000000.0,1.3354888e+33,110.6064280024725,2.0976595864949115e-14,-320.45891936649093,78.13068697947483,1.4843830216566686e-14,95.34077732921877,1.8113332531535564e-14,300000000000000.0,50,52000000000000.0
723000.0,62961372000000.0,1.3326693e+33,110.60712867551803,2.084434829124106e-14,-320.45891926219923,78.13118280217857,1.4750246725637487e-14,95.3413823618399,1.7999136340472228e-14,300000000000000.0,50,52000000000000.0
724000.0,62778632000000.0,1.3300345e+33,110.60782934856357,2.0712100717533e-14,-320.4589191579076,78.1316786248823,1.4656663234708288e-14,95.34198739446104,1.7884940149408888e-14,300000000000000.0,50,52000000000000.0
725000.0,62594598000000.0,1.3279132e+33,110.60849145784266,2.0585207709930943e-14,-320.45891905936725,78.13214715837545,1.4566868855716763e-14,95.34255912714995,1.7775367659944864e-14,300000000000000.0,50,52000000000000.0
726000.0,62380610000000.0,1.3301781e+33,110.60914379122421,2.045967208244077e-14,-320.45891896228494,78.13260877406591,1.447803501490594e-14,95.34312241832095,1.766696727676732e-14,300000000000000.0,50,52000000000000.0
727000.0,62166019000000.0,1.3253426e+33,110.60979612460575,2.0334136454950602e-14,-320.45891886520263,78.1330703897564,1.4389201174095118e-14,95.34368570949194,1.7558566893589772e-14,300000000000000.0,50,52000000000000.0
728000.0,61958463000000.0,1.3207779e+33,110.6104484579873,2.020860082746043e-14,-320.4589187681203,78.13353200544687,1.4300367333284294e-14,95.34424900066293,1.7450166510412228e-14,300000000000000.0,50,52000000000000.0
729000.0,61759914000000.0,1.3160325e+33,110.61110079136886,2.008306519997026e-14,-320.45891867103796,78.13399362113735,1.4211533492473474e-14,95.34481229183392,1.734176612723468e-14,300000000000000.0,50,52000000000000.0
730000.0,61571812000000.0,1.3114308e+33,110.61175312475041,1.995752957248009e-14,-320.45891857395566,78.13445523682782,1.4122699651662651e-14,95.34537558300491,1.7233365744057136e-14,300000000000000.0,50,52000000000000.0
731000.0,61389341000000.0,1.307115e+33,110.61240545813196,1.983199394498992e-14,-320.45891847687335,78.1349168525183,1.4033865810851829e-14,95.3459388741759,1.712496536087959e-14,300000000000000.0,50,52000000000000.0
732000.0,61211079000000.0,1.3044205e+33,110.61305779151351,1.970645831749975e-14,-320.458918379791,78.13537846820878,1.3945031970041006e-14,95.3465021653469,1.7016564977702045e-14,300000000000000.0,50,52000000000000.0
733000.0,61033177000000.0,1.3016189e+33,110.61371012489506,1.958092269000958e-14,-320.4589182827087,78.13584008389925,1.3856198129230184e-14,95.3470654565179,1.6908164594524497e-14,300000000000000.0,50,52000000000000.0
734000.0,60854680000000.0,1.2990841e+33,110.61436245827662,1.9455387062519408e-14,-320.4589181856264,78.13630169958974,1.3767364288419362e-14,95.34762874768889,1.6799764211346953e-14,300000000000000.0,50,52000000000000.0
735000.0,60667415000000.0,1.2968783e+33,110.61501479165815,1.932985143502924e-14,-320.45891808854407,78.1367633152802,1.3678530447608539e-14,95.34819203885988,1.6691363828169406e-14,300000000000000.0,50,52000000000000.0
736000.0,60455442000000.0,1.2983097e+33,110.61566625988907,1.9204498169880443e-14,-320.45891799159074,78.1372243187568,1.3589825653648485e-14,95.34875458297074,1.6583120915700273e-14,300000000000000.0,50,52000000000000.0
737000.0,60251044000000.0,1.2938897e+33,110.61627196063961,1.9088792085719535e-14,-320.45891790146095,78.13765293540307,1.3507947588912686e-14,95.34927760672784,1.6483208387744086e-14,300000000000000.0,50,52000000000000.0
738000.0,60052987000000.0,1.2894263e+33,110.61687766139013,1.8973086001558625e-14,-320.4589178113311,78.13808155204936,1.3426069524176888e-14,95.34980063048495,1.63832958597879e-14,300000000000000.0,50,52000000000000.0
739000.0,59862723000000.0,1.2846056e+33,110.61748336214067,1.8857379917397718e-14,-320.4589177212013,78.13851016869563,1.3344191459441088e-14,95.35032365424205,1.6283383331831712e-14,300000000000000.0,50,52000000000000.0
740000.0,59679211000000.0,1.2803056e+33,110.61808906289122,1.8741673833236808e-14,-320.45891763107153,78.1389387853419,1.326231339470529e-14,95.35084667799914,1.6183470803875525e-14,300000000000000.0,50,52000000000000.0
741000.0,59500035000000.0,1.276008e+33,110.61869476364174,1.86259677490759e-14,-320.45891754094174,78.13936740198818,1.3180435329969491e-14,95.35136970175624,1.6083558275919342e-14,300000000000000.0,50,52000000000000.0
742000.0,59324864000000.0,1.2730607e+33,110.61930046439228,1.851026166491499e-14,-320.45891745081195,78.13979601863447,1.3098557265233691e-14,95.35189272551334,1.5983645747963155e-14,300000000000000.0,50,52000000000000.0
743000.0,59151523000000.0,1.2703369e+33,110.61990616514282,1.8394555580754083e-14,-320.45891736068216,78.14022463528075,1.3016679200497894e-14,95.35241574927045,1.5883733220006968e-14,300000000000000.0,50,52000000000000.0
744000.0,58980385000000.0,1.2675894e+33,110.62051186589336,1.8278849496593173e-14,-320.4589172705524,78.14065325192702,1.2934801135762094e-14,95.35293877302755,1.578382069205078e-14,300000000000000.0,50,52000000000000.0
745000.0,58813333000000.0,1.2652394e+33,110.62111756664389,1.8163143412432265e-14,-320.4589171804226,78.1410818685733,1.2852923071026296e-14,95.35346179678464,1.5683908164094594e-14,300000000000000.0,50,52000000000000.0
746000.0,58629377000000.0,1.266011e+33,110.62172326739443,1.8047437328271355e-14,-320.4589170902928,78.14151048521958,1.2771045006290497e-14,95.35398482054174,1.5583995636138408e-14,300000000000000.0,50,52000000000000.0
747000.0,58426790000000.0,1.2661274e+33,110.62232896814497,1.7931731244110448e-14,-320.458917000163,78.14193910186586,1.2689166941554699e-14,95.35450784429884,1.5484083108182224e-14,300000000000000.0,50,52000000000000.0
748000.0,58231128000000.0,1.2612857e+33,110.62293258322696,1.781647150343349e-14,-320.4589169103441,78.14236624261305,1.2607604727123177e-14,95.35502906707531,1.5384555999715325e-14,300000000000000.0,50,52000000000000.0
749000.0,58041523000000.0,1.2561646e+33,110.62349460362601,1.7710113232611487e-14,-320.458916826725,78.14276394936662,1.2532341544857002e-14,95.35551437272649,1.5292715348178507e-14,300000000000000.0,50,52000000000000.0
750000.0,57858690000000.0,1.2513308e+33,110.62405662402507,1.7603754961789485e-14,-320.45891674310593,78.1431616561202,1.2457078362590825e-14,95.35599967837766,1.5200874696641685e-14,300000000000000.0,50,52000000000000.0
751000.0,57682982000000.0,1.2470926e+33,110.62461864442413,1.7497396690967486e-14,-320.4589166594868,78.14355936287379,1.2381815180324649e-14,95.35648498402884,1.5109034045104866e-14,300000000000000.0,50,52000000000000.0
752000.0,57512833000000.0,1.2429307e+33,110.62518066482319,1.7391038420145483e-14,-320.45891657586776,78.14395706962736,1.2306551998058474e-14,95.35697028968,1.5017193393568044e-14,300000000000000.0,50,52000000000000.0
753000.0,57345134000000.0,1.2400547e+33,110.62574268522224,1.728468014932348e-14,-320.45891649224865,78.14435477638094,1.2231288815792297e-14,95.35745559533119,1.4925352742031222e-14,300000000000000.0,50,52000000000000.0
754000.0,57178396000000.0,1.2373653e+33,110.6263047056213,1.7178321878501478e-14,-320.45891640862953,78.14475248313452,1.2156025633526121e-14,95.35794090098237,1.4833512090494403e-14,300000000000000.0,50,52000000000000.0
755000.0,57012821000000.0,1.2348001e+33,110.62686672602035,1.7071963607679476e-14,-320.4589163250105,78.1451501898881,1.2080762451259944e-14,95.35842620663354,1.474167143895758e-14,300000000000000.0,50,52000000000000.0
756000.0,56852368000000.0,1.2324385e+33,110.62742874641941,1.6965605336857473e-14,-320.45891624139136,78.14554789664167,1.2005499268993769e-14,95.35891151228472,1.4649830787420762e-14,300000000000000.0,50,52000000000000.0
757000.0,56684338000000.0,1.2315063e+33,110.62799076681847,1.685924706603547e-14,-320.45891615777225,78.14594560339526,1.1930236086727593e-14,95.35939681793589,1.455799013588394e-14,300000000000000.0,50,52000000000000.0
758000.0,56485326000000.0,1.2354771e+33,110.62855278721752,1.6752888795213468e-14,-320.4589160741532,78.14634331014884,1.1854972904461416e-14,95.35988212358707,1.4466149484347122e-14,300000000000000.0,50,52000000000000.0
759000.0,56294098000000.0,1.2305074e+33,110.62911480761657,1.6646530524391466e-14,-320.4589159905341,78.14674101690241,1.177970972219524e-14,95.36036742923825,1.43743088328103e-14,300000000000000.0,50,52000000000000.0
760000.0,56109079000000.0,1.2251182e+33,110.62967682801563,1.6540172253569467e-14,-320.458915906915,78.147138723656,1.1704446539929063e-14,95.36085273488942,1.428246818127348e-14,300000000000000.0,50,52000000000000.0
761000.0,55931323000000.0,1.2198846e+33,110.63020284911406,1.6441328169010263e-14,-320.45891582866045,78.14751095592692,1.1634500691952392e-14,95.36130695504814,1.4197116060038186e-14,300000000000000.0,50,52000000000000.0
762000.0,55761888000000.0,1.2153399e+33,110.6307240649997,1.6343487083484417e-14,-320.45891575112194,78.14787978784541,1.1565264605614022e-14,95.36175702589277,1.4112630032534499e-14,300000000000000.0,50,52000000000000.0
763000.0,55600086000000.0,1.2110121e+33,110.63124528088535,1.6245645997958575e-14,-320.4589156735835,78.1482486197639,1.1496028519275654e-14,95.36220709673741,1.4028144005030813e-14,300000000000000.0,50,52000000000000.0
764000.0,55438963000000.0,1.2081001e+33,110.63176649677101,1.614780491243273e-14,-320.45891559604496,78.1486174516824,1.1426792432937286e-14,95.36265716758204,1.3943657977527126e-14,300000000000000.0,50,52000000000000.0
765000.0,55278793000000.0,1.2055501e+33,110.63228771265666,1.6049963826906883e-14,-320.4589155185065,78.14898628360089,1.1357556346598917e-14,95.36310723842666,1.3859171950023438e-14,300000000000000.0,50,52000000000000.0
766000.0,55118444000000.0,1.2030247e+33,110.6328089285423,1.595212274138104e-14,-320.458915440968,78.14935511551938,1.1288320260260548e-14,95.3635573092713,1.3774685922519751e-14,300000000000000.0,50,52000000000000.0
767000.0,54960492000000.0,1.2005081e+33,110.63333014442796,1.5854281655855194e-14,-320.45891536342947,78.14972394743788,1.121908417392218e-14,95.36400738011594,1.3690199895016065e-14,300000000000000.0,50,52000000000000.0
768000.0,54807242000000.0,1.1984896e+33,110.63385136031361,1.575644057032935e-14,-320.458915285891,78.15009277935637,1.1149848087583811e-14,95.36445745096056,1.3605713867512378e-14,300000000000000.0,50,52000000000000.0
769000.0,54632922000000.0,1.2035283e+33,110.63437257619927,1.5658599484803503e-14,-320.4589152083525,78.15046161127486,1.1080612001245443e-14,95.3649075218052,1.352122784000869e-14,300000000000000.0,50,52000000000000.0
770000.0,54441116000000.0,1.2017182e+33,110.63489379208491,1.556075839927766e-14,-320.45891513081403,78.15083044319337,1.1011375914907073e-14,95.36535759264983,1.3436741812505003e-14,300000000000000.0,50,52000000000000.0
771000.0,54257048000000.0,1.1963941e+33,110.63541500797056,1.5462917313751814e-14,-320.4589150532755,78.15119927511186,1.0942139828568705e-14,95.36580766349446,1.3352255785001317e-14,300000000000000.0,50,52000000000000.0
772000.0,54079583000000.0,1.1907645e+33,110.63593622385622,1.536507622822597e-14,-320.458914975737,78.15156810703036,1.0872903742230337e-14,95.36625773433909,1.326776975749763e-14,300000000000000.0,50,52000000000000.0
773000.0,53910433000000.0,1.1854094e+33,110.63643764676607,1.5271289450611008e-14,-320.45891490114735,78.15192293268376,1.0806536643297479e-14,95.36669071389852,1.3186784640551275e-14,300000000000000.0,50,52000000000000.0
774000.0,53751675000000.0,1.1807814e+33,110.63692071522875,1.5181262318901724e-14,-320.4589148292922,78.15226477002982,1.0742830017370044e-14,95.36710784434588,1.310904599238143e-14,300000000000000.0,50,52000000000000.0
775000.0,53597818000000.0,1.1768933e+33,110.63740378369143,1.5091235187192443e-14,-320.45891475743707,78.15260660737587,1.0679123391442609e-14,95.36752497479324,1.3031307344211582e-14,300000000000000.0,50,52000000000000.0
776000.0,53443847000000.0,1.1743953e+33,110.63788685215411,1.500120805548316e-14,-320.45891468558193,78.15294844472193,1.0615416765515174e-14,95.3679421052406,1.2953568696041736e-14,300000000000000.0,50,52000000000000.0
777000.0,53289704000000.0,1.1718919e+33,110.63836992061678,1.4911180923773878e-14,-320.4589146137268,78.15329028206799,1.055171013958774e-14,95.36835923568796,1.2875830047871889e-14,300000000000000.0,50,52000000000000.0
778000.0,53135212000000.0,1.169395e+33,110.63885298907947,1.4821153792064593e-14,-320.45891454187165,78.15363211941404,1.0488003513660305e-14,95.36877636613532,1.2798091399702043e-14,300000000000000.0,50,52000000000000.0
779000.0,52983053000000.0,1.1668546e+33,110.63933605754214,1.4731126660355312e-14,-320.45891447001657,78.1539739567601,1.042429688773287e-14,95.3691934965827,1.2720352751532196e-14,300000000000000.0,50,52000000000000.0
780000.0,52835892000000.0,1.1646486e+33,110.63981912600481,1.4641099528646028e-14,-320.4589143981614,78.15431579410615,1.0360590261805435e-14,95.36961062703006,1.264261410336235e-14,300000000000000.0,50,52000000000000.0
781000.0,52682346000000.0,1.1639848e+33,110.6403021944675,1.4551072396936747e-14,-320.4589143263063,78.15465763145221,1.0296883635878e-14,95.37002775747742,1.2564875455192503e-14,300000000000000.0,50,52000000000000.0
782000.0,52494047000000.0,1.1698054e+33,110.64078526293017,1.4461045265227463e-14,-320.45891425445114,78.15499946879827,1.0233177009950565e-14,95.37044488792478,1.2487136807022658e-14,300000000000000.0,50,52000000000000.0
783000.0,52315003000000.0,1.1643761e+33,110.64126833139285,1.4371018133518182e-14,-320.458914182596,78.15534130614432,1.016947038402313e-14,95.37086201837214,1.240939815885281e-14,300000000000000.0,50,52000000000000.0
784000.0,52141036000000.0,1.1591333e+33,110.64175139985552,1.4280991001808897e-14,-320.45891411074086,78.15568314349038,1.0105763758095696e-14,95.3712791488195,1.2331659510682965e-14,300000000000000.0,50,52000000000000.0
785000.0,51974762000000.0,1.153483e+33,110.64223446831821,1.4190963870099615e-14,-320.4589140388857,78.15602498083643,1.0042057132168261e-14,95.37169627926686,1.2253920862513118e-14,300000000000000.0,50,52000000000000.0
786000.0,51819274000000.0,1.1482437e+33,110.64268349238098,1.4108094721252812e-14,-320.4589139721015,78.15634272706897,9.983415774261276e-15,95.37208401229174,1.2182363158290007e-14,300000000000000.0,50,52000000000000.0
787000.0,51672947000000.0,1.1438203e+33,110.64313088909798,1.4025567728917641e-14,-320.45891390555977,78.15665932172969,9.9250165396549e-15,95.37247034009957,1.2111100907445317e-14,300000000000000.0,50,52000000000000.0
788000.0,51525710000000.0,1.1412416e+33,110.64357828581498,1.394304073658247e-14,-320.458913839018,78.15697591639041,9.866617305048522e-15,95.37285666790739,1.2039838656600627e-14,300000000000000.0,50,52000000000000.0
789000.0,51377477000000.0,1.1388778e+33,110.64402568253199,1.3860513744247299e-14,-320.45891377247625,78.15729251105114,9.808218070442144e-15,95.37324299571522,1.1968576405755939e-14,300000000000000.0,50,52000000000000.0
790000.0,51230355000000.0,1.1364196e+33,110.644473079249,1.3777986751912128e-14,-320.4589137059345,78.15760910571186,9.749818835835766e-15,95.37362932352305,1.1897314154911249e-14,300000000000000.0,50,52000000000000.0
791000.0,51083696000000.0,1.133842e+33,110.644920475966,1.3695459759576957e-14,-320.45891363939273,78.15792570037257,9.69141960122939e-15,95.37401565133088,1.1826051904066558e-14,300000000000000.0,50,52000000000000.0
792000.0,50939180000000.0,1.1313769e+33,110.64536787268301,1.3612932767241786e-14,-320.458913572851,78.15824229503329,9.633020366623012e-15,95.37440197913871,1.175478965322187e-14,300000000000000.0,50,52000000000000.0
793000.0,50798503000000.0,1.1292597e+33,110.64581526940002,1.3530405774906615e-14,-320.45891350630916,78.158558889694,9.574621132016635e-15,95.37478830694654,1.168352740237718e-14,300000000000000.0,50,52000000000000.0
794000.0,50656681000000.0,1.1280315e+33,110.64626266611702,1.3447878782571444e-14,-320.4589134397674,78.15887548435472,9.516221897410257e-15,95.37517463475436,1.161226515153249e-14,300000000000000.0,50,52000000000000.0
795000.0,50478858000000.0,1.1379109e+33,110.64671006283403,1.3365351790236273e-14,-320.45891337322564,78.15919207901545,9.457822662803879e-15,95.37556096256219,1.1541002900687801e-14,300000000000000.0,50,52000000000000.0
796000.0,50304118000000.0,1.1308432e+33,110.64715745955104,1.3282824797901102e-14,-320.4589133066839,78.15950867367617,9.399423428197503e-15,95.37594729037002,1.1469740649843111e-14,300000000000000.0,50,52000000000000.0
797000.0,50134133000000.0,1.1258596e+33,110.64760485626805,1.3200297805565931e-14,-320.4589132401421,78.15982526833689,9.341024193591125e-15,95.37633361817785,1.1398478398998421e-14,300000000000000.0,50,52000000000000.0
798000.0,49971521000000.0,1.1201629e+33,110.64804608706254,1.3119257131063433e-14,-320.4589131745186,78.16013749975663,9.28367673495408e-15,95.37671462169718,1.1328499588302122e-14,300000000000000.0,50,52000000000000.0
799000.0,49820197000000.0,1.1141869e+33,110.64846025197124,1.304474078583533e-14,-320.4589131129258,78.16043057832746,9.230946143985564e-15,95.37707225376083,1.1264154556564798e-14,300000000000000.0,50,52000000000000.0
800000.0,49681034000000.0,1.1092669e+33,110.64887441687995,1.2970224440607225e-14,-320.45891305133296,78.1607236568983,9.178215553017047e-15,95.37742988582448,1.1199809524827475e-14,300000000000000.0,50,52000000000000.0
801000.0,49541101000000.0,1.1065211e+33,110.64928858178864,1.2895708095379121e-14,-320.45891298974016,78.16101673546913,9.12548496204853e-15,95.37778751788814,1.1135464493090151e-14,300000000000000.0,50,52000000000000.0
802000.0,49399433000000.0,1.1042905e+33,110.64970274669734,1.2821191750151017e-14,-320.45891292814736,78.16130981403995,9.072754371080013e-15,95.37814514995179,1.1071119461352828e-14,300000000000000.0,50,52000000000000.0
803000.0,49258815000000.0,1.1020015e+33,110.65011691160603,1.2746675404922913e-14,-320.45891286655456,78.16160289261079,9.020023780111496e-15,95.37850278201545,1.1006774429615505e-14,300000000000000.0,50,52000000000000.0
804000.0,49119683000000.0,1.0995282e+33,110.65053107651474,1.267215905969481e-14,-320.45891280496176,78.16189597118162,8.96729318914298e-15,95.3788604140791,1.0942429397878182e-14,300000000000000.0,50,52000000000000.0
805000.0,48981452000000.0,1.0969418e+33,110.65094524142344,1.2597642714466705e-14,-320.45891274336896,78.16218904975246,8.914562598174463e-15,95.37921804614275,1.0878084366140859e-14,300000000000000.0,50,52000000000000.0
806000.0,48845069000000.0,1.0944487e+33,110.65135940633213,1.2523126369238601e-14,-320.4589126817761,78.16248212832329,8.861832007205946e-15,95.37957567820641,1.0813739334403536e-14,300000000000000.0,50,52000000000000.0
807000.0,48710422000000.0,1.0922253e+33,110.65177357124084,1.2448610024010497e-14,-320.4589126201833,78.16277520689412,8.809101416237429e-15,95.37993331027006,1.0749394302666213e-14,300000000000000.0,50,52000000000000.0
808000.0,48572172000000.0,1.0912073e+33,110.65218773614954,1.2374093678782395e-14,-320.4589125585905,78.16306828546496,8.756370825268911e-15,95.38029094233372,1.068504927092889e-14,300000000000000.0,50,52000000000000.0
809000.0,48431457000000.0,1.0901037e+33,110.65260190105823,1.229957733355429e-14,-320.4589124969977,78.1633613640358,8.703640234300396e-15,95.38064857439737,1.0620704239191567e-14,300000000000000.0,50,52000000000000.0
810000.0,48262811000000.0,1.1037569e+33,110.65301606596694,1.2225060988326187e-14,-320.4589124354049,78.16365444260663,8.650909643331879e-15,95.38100620646102,1.0556359207454244e-14,300000000000000.0,50,52000000000000.0
811000.0,48090995000000.0,1.0935873e+33,110.65342385700926,1.215186691286878e-14,-320.45891237476116,78.16394301078797,8.599114741661733e-15,95.38135833467672,1.0493155959942894e-14,300000000000000.0,50,52000000000000.0
812000.0,47926495000000.0,1.0881478e+33,110.65380752776956,1.2083676632271817e-14,-320.45891231770884,78.1642145105433,8.550860719020904e-15,95.38168963497463,1.0434273505486234e-14,300000000000000.0,50,52000000000000.0
813000.0,47770183000000.0,1.0822789e+33,110.65419119852987,1.2015486351674853e-14,-320.4589122606565,78.16448601029862,8.502606696380076e-15,95.38202093527255,1.0375391051029574e-14,300000000000000.0,50,52000000000000.0
814000.0,47624663000000.0,1.0760813e+33,110.65457486929017,1.194729607107789e-14,-320.4589122036042,78.16475751005395,8.454352673739247e-15,95.38235223557045,1.0316508596572915e-14,300000000000000.0,50,52000000000000.0
815000.0,47489477000000.0,1.071262e+33,110.65495854005047,1.1879105790480927e-14,-320.4589121465519,78.16502900980927,8.406098651098417e-15,95.38268353586837,1.0257626142116255e-14,300000000000000.0,50,52000000000000.0
816000.0,47358582000000.0,1.0678097e+33,110.65534221081077,1.1810915509883962e-14,-320.45891208949956,78.16530050956459,8.35784462845759e-15,95.38301483616628,1.0198743687659596e-14,300000000000000.0,50,52000000000000.0
817000.0,47226920000000.0,1.0657402e+33,110.65572588157107,1.1742725229286998e-14,-320.45891203244724,78.16557200931992,8.30959060581676e-15,95.3833461364642,1.0139861233202936e-14,300000000000000.0,50,52000000000000.0
818000.0,47092300000000.0,1.0635036e+33,110.65610955233137,1.1674534948690035e-14,-320.4589119753949,78.16584350907524,8.261336583175932e-15,95.3836774367621,1.0080978778746276e-14,300000000000000.0,50,52000000000000.0
819000.0,46958101000000.0,1.0611281e+33,110.65649322309167,1.1606344668093071e-14,-320.4589119183426,78.16611500883057,8.213082560535103e-15,95.38400873706001,1.0022096324289617e-14,300000000000000.0,50,52000000000000.0
820000.0,46827248000000.0,1.0587778e+33,110.65687689385197,1.1538154387496108e-14,-320.4589118612903,78.16638650858589,8.164828537894273e-15,95.38434003735793,9.963213869832957e-15,300000000000000.0,50,52000000000000.0
821000.0,46697553000000.0,1.0562702e+33,110.65726056461227,1.1469964106899145e-14,-320.45891180423797,78.16665800834122,8.116574515253445e-15,95.38467133765585,9.904331415376297e-15,300000000000000.0,50,52000000000000.0
822000.0,46568369000000.0,1.0538229e+33,110.65764423537257,1.1401773826302181e-14,-320.4589117471857,78.16692950809654,8.068320492612616e-15,95.38500263795376,9.845448960919638e-15,300000000000000.0,50,52000000000000.0
823000.0,46439656000000.0,1.0514665e+33,110.65802790613287,1.1333583545705216e-14,-320.4589116901334,78.16720100785187,8.020066469971786e-15,95.38533393825166,9.786566506462978e-15,300000000000000.0,50,52000000000000.0
824000.0,46312436000000.0,1.0493782e+33,110.65841096911099,1.1265394804214379e-14,-320.4589116331715,78.16747207751752,7.971813536626777e-15,95.38566471372835,9.727685381228683e-15,300000000000000.0,50,52000000000000.0
825000.0,46177534000000.0,1.0485643e+33,110.65876628064044,1.1197276338597164e-14,-320.4589115803411,78.16772350920807,7.923610340732655e-15,95.38597152576921,9.66886494853622e-15,300000000000000.0,50,52000000000000.0
826000.0,46037569000000.0,1.0469803e+33,110.65912159216988,1.112915787297995e-14,-320.4589115275107,78.16797494089863,7.875407144838536e-15,95.38627833781008,9.610044515843758e-15,300000000000000.0,50,52000000000000.0
827000.0,45897149000000.0,1.0443052e+33,110.65947690369934,1.1061039407362735e-14,-320.45891147468024,78.16822637258919,7.827203948944414e-15,95.38658514985096,9.551224083151296e-15,300000000000000.0,50,52000000000000.0
828000.0,45756932000000.0,1.0418484e+33,110.65983221522879,1.099292094174552e-14,-320.4589114218498,78.16847780427975,7.779000753050294e-15,95.38689196189182,9.492403650458835e-15,300000000000000.0,50,52000000000000.0
829000.0,45622472000000.0,1.0384233e+33,110.66018752675824,1.0924802476128308e-14,-320.4589113690194,78.1687292359703,7.730797557156173e-15,95.3871987739327,9.433583217766373e-15,300000000000000.0,50,52000000000000.0
830000.0,45455501000000.0,1.0472459e+33,110.6605428382877,1.0856684010511093e-14,-320.45891131618896,78.16898066766086,7.682594361262053e-15,95.38750558597356,9.37476278507391e-15,300000000000000.0,50,52000000000000.0
831000.0,45304632000000.0,1.0382488e+33,110.66089814981714,1.0788565544893879e-14,-320.4589112633585,78.16923209935142,7.634391165367931e-15,95.38781239801443,9.315942352381448e-15,300000000000000.0,50,52000000000000.0
832000.0,45158091000000.0,1.0343347e+33,110.66125346134659,1.0720447079276664e-14,-320.4589112105281,78.16948353104198,7.586187969473812e-15,95.38811921005531,9.257121919688987e-15,300000000000000.0,50,52000000000000.0
833000.0,45013997000000.0,1.0312787e+33,110.66160877287604,1.065232861365945e-14,-320.4589111576977,78.16973496273253,7.53798477357969e-15,95.38842602209617,9.198301486996525e-15,300000000000000.0,50,52000000000000.0
834000.0,44871122000000.0,1.0290109e+33,110.6619640844055,1.0584210148042237e-14,-320.45891110486724,78.16998639442309,7.48978157768557e-15,95.38873283413704,9.139481054304063e-15,300000000000000.0,50,52000000000000.0
835000.0,44728945000000.0,1.0270919e+33,110.66231939593494,1.0516091682425022e-14,-320.4589110520368,78.17023782611365,7.44157838179145e-15,95.3890396461779,9.0806606216116e-15,300000000000000.0,50,52000000000000.0
836000.0,44588204000000.0,1.0242928e+33,110.66267470746439,1.0447973216807808e-14,-320.45891099920635,78.1704892578042,7.393375185897329e-15,95.38934645821878,9.021840188919138e-15,300000000000000.0,50,52000000000000.0
837000.0,44450660000000.0,1.0206249e+33,110.66303001899385,1.0379854751190593e-14,-320.4589109463759,78.17074068949476,7.345171990003209e-15,95.38965327025964,8.963019756226677e-15,300000000000000.0,50,52000000000000.0
838000.0,44317771000000.0,1.0167283e+33,110.66336749944927,1.0317817466602994e-14,-320.45891089619937,78.1709795032447,7.301272068692319e-15,95.38994468513206,8.909450437439032e-15,300000000000000.0,50,52000000000000.0
839000.0,44189489000000.0,1.0132588e+33,110.66369402083491,1.0259517707140206e-14,-320.45891084765384,78.17121056194345,7.260016962063885e-15,95.39022663682559,8.859108480253836e-15,300000000000000.0,50,52000000000000.0
840000.0,44064102000000.0,1.0104195e+33,110.66402054222056,1.0201217947677418e-14,-320.4589107991083,78.1714416206422,7.21876185543545e-15,95.39050858851911,8.80876652306864e-15,300000000000000.0,50,52000000000000.0
841000.0,43939479000000.0,1.0080742e+33,110.66434706360619,1.0142918188214631e-14,-320.4589107505628,78.17167267934096,7.177506748807017e-15,95.39079054021263,8.758424565883443e-15,300000000000000.0,50,52000000000000.0
842000.0,43814458000000.0,1.0059506e+33,110.66467358499183,1.0084618428751843e-14,-320.45891070201725,78.1719037380397,7.136251642178583e-15,95.39107249190616,8.708082608698245e-15,300000000000000.0,50,52000000000000.0
843000.0,43688814000000.0,1.0038727e+33,110.66500010637748,1.0026318669289054e-14,-320.4589106534717,78.17213479673846,7.094996535550148e-15,95.39135444359968,8.657740651513049e-15,300000000000000.0,50,52000000000000.0
844000.0,43562297000000.0,1.0018727e+33,110.66532662776312,9.968018909826267e-15,-320.45891060492625,78.1723658554372,7.053741428921714e-15,95.3916363952932,8.607398694327852e-15,300000000000000.0,50,52000000000000.0
845000.0,43434604000000.0,9.9991258e+32,110.66565314914877,9.90971915036348e-15,-320.4589105563807,78.17259691413597,7.012486322293279e-15,95.39191834698673,8.557056737142656e-15,300000000000000.0,50,52000000000000.0
846000.0,43305918000000.0,9.9785947e+32,110.66597967053441,9.851419390900692e-15,-320.4589105078352,78.17282797283471,6.971231215664845e-15,95.39220029868025,8.506714779957458e-15,300000000000000.0,50,52000000000000.0
847000.0,43176788000000.0,9.9569437e+32,110.66630619192006,9.793119631437904e-15,-320.45891045928965,78.17305903153347,6.929976109036411e-15,95.39248225037377,8.456372822772262e-15,300000000000000.0,50,52000000000000.0
848000.0,43047755000000.0,9.9337089e+32,110.6666327133057,9.734819871975117e-15,-320.4589104107441,78.17329009023221,6.888721002407977e-15,95.39276420206728,8.406030865587065e-15,300000000000000.0,50,52000000000000.0
849000.0,42919191000000.0,9.9097072e+32,110.66695923469135,9.676520112512329e-15,-320.45891036219865,78.17352114893097,6.847465895779543e-15,95.3930461537608,8.355688908401869e-15,300000000000000.0,50,52000000000000.0
850000.0,42791374000000.0,9.8852581e+32,110.66728575607699,9.618220353049542e-15,-320.4589103136531,78.17375220762972,6.806210789151109e-15,95.39332810545433,8.305346951216671e-15,300000000000000.0,50,52000000000000.0
851000.0,42664537000000.0,9.8603894e+32,110.66761227746264,9.559920593586754e-15,-320.4589102651076,78.17398326632848,6.764955682522675e-15,95.39361005714785,8.255004994031475e-15,300000000000000.0,50,52000000000000.0
852000.0,42538732000000.0,9.8354491e+32,110.66791377593363,9.50587070782065e-15,-320.45891022028593,78.17419661786991,6.726707950422569e-15,95.39387040150527,8.208332815704361e-15,300000000000000.0,50,52000000000000.0
853000.0,42413751000000.0,9.8111773e+32,110.66821525625706,9.451823904223651e-15,-320.458910175467,78.17440995656945,6.688462399384189e-15,95.39413073019222,8.161663298839643e-15,300000000000000.0,50,52000000000000.0
854000.0,42289341000000.0,9.7875307e+32,110.66851673658047,9.397777100626653e-15,-320.45891013064806,78.17462329526899,6.650216848345811e-15,95.39439105887917,8.114993781974926e-15,300000000000000.0,50,52000000000000.0
855000.0,42165152000000.0,9.7649038e+32,110.6688182169039,9.343730297029655e-15,-320.45891008582913,78.17483663396852,6.611971297307431e-15,95.39465138756611,8.068324265110207e-15,300000000000000.0,50,52000000000000.0
856000.0,42041063000000.0,9.7432467e+32,110.66911969722733,9.289683493432657e-15,-320.4589100410102,78.17504997266806,6.573725746269053e-15,95.39491171625306,8.021654748245489e-15,300000000000000.0,50,52000000000000.0
857000.0,41917137000000.0,9.7209026e+32,110.66942117755076,9.235636689835658e-15,-320.4589099961912,78.1752633113676,6.535480195230673e-15,95.39517204494001,7.97498523138077e-15,300000000000000.0,50,52000000000000.0
858000.0,41793526000000.0,9.6979885e+32,110.66972265787417,9.18158988623866e-15,-320.4589099513723,78.17547665006714,6.497234644192295e-15,95.39543237362697,7.928315714516051e-15,300000000000000.0,50,52000000000000.0
859000.0,41670296000000.0,9.6748258e+32,110.6700241381976,9.127543082641662e-15,-320.45890990655334,78.17568998876668,6.4589890931539154e-15,95.39569270231392,7.881646197651334e-15,300000000000000.0,50,52000000000000.0
860000.0,41547528000000.0,9.6510789e+32,110.67032561852103,9.073496279044664e-15,-320.4589098617344,78.17590332746622,6.420743542115537e-15,95.39595303100087,7.834976680786616e-15,300000000000000.0,50,52000000000000.0
861000.0,41425391000000.0,9.6274874e+32,110.67062709884445,9.019449475447666e-15,-320.4589098169155,78.17611666616575,6.382497991077158e-15,95.39621335968782,7.788307163921897e-15,300000000000000.0,50,52000000000000.0
862000.0,41303947000000.0,9.6037307e+32,110.67092857916788,8.965402671850667e-15,-320.45890977209655,78.17633000486529,6.344252440038779e-15,95.39647368837477,7.741637647057179e-15,300000000000000.0,50,52000000000000.0
863000.0,41183142000000.0,9.5803676e+32,110.67123005949131,8.911355868253669e-15,-320.45890972727756,78.17654334356483,6.3060068890004e-15,95.39673401706172,7.69496813019246e-15,300000000000000.0,50,52000000000000.0
864000.0,41062863000000.0,9.5571745e+32,110.67153153981474,8.857309064656671e-15,-320.4589096824586,78.17675668226437,6.267761337962021e-15,95.39699434574867,7.648298613327741e-15,300000000000000.0,50,52000000000000.0
865000.0,40942995000000.0,9.5344703e+32,110.67182930034528,8.80399410811052e-15,-320.4589096381932,78.17696738869856,6.2300336698937074e-15,95.39725146238746,7.60226104834128e-15,300000000000000.0,50,52000000000000.0
866000.0,40823441000000.0,9.5117806e+32,110.67210718876399,8.7545888709914e-15,-320.4589095968846,78.17716403287898,6.195072668858684e-15,95.39749141942018,7.559599536496665e-15,300000000000000.0,50,52000000000000.0
867000.0,40704100000000.0,9.4894989e+32,110.6723850771827,8.705183633872282e-15,-320.458909555576,78.17736067705938,6.160111667823661e-15,95.3977313764529,7.516938024652051e-15,300000000000000.0,50,52000000000000.0
868000.0,40584988000000.0,9.467431e+32,110.67266296560139,8.655778396753163e-15,-320.4589095142674,78.1775573212398,6.125150666788638e-15,95.3979713334856,7.474276512807436e-15,300000000000000.0,50,52000000000000.0
869000.0,40466206000000.0,9.4452527e+32,110.6729408540201,8.606373159634043e-15,-320.45890947295885,78.17775396542022,6.090189665753615e-15,95.39821129051832,7.431615000962823e-15,300000000000000.0,50,52000000000000.0
870000.0,40347722000000.0,9.4229851e+32,110.67321874243879,8.556967922514924e-15,-320.4589094316502,78.17795060960063,6.055228664718593e-15,95.39845124755104,7.388953489118208e-15,300000000000000.0,50,52000000000000.0
871000.0,40229641000000.0,9.4006507e+32,110.6734966308575,8.507562685395804e-15,-320.45890939034166,78.17814725378105,6.020267663683569e-15,95.39869120458376,7.346291977273593e-15,300000000000000.0,50,52000000000000.0
872000.0,40112101000000.0,9.3779488e+32,110.67377451927621,8.458157448276684e-15,-320.4589093490331,78.17834389796145,5.985306662648546e-15,95.39893116161646,7.30363046542898e-15,300000000000000.0,50,52000000000000.0
873000.0,39995172000000.0,9.3555055e+32,110.6740524076949,8.408752211157565e-15,-320.45890930772447,78.17854054214187,5.950345661613524e-15,95.39917111864918,7.260968953584364e-15,300000000000000.0,50,52000000000000.0
874000.0,39878812000000.0,9.3330586e+32,110.67433029611361,8.359346974038445e-15,-320.4589092664159,78.1787371863223,5.9153846605785e-15,95.3994110756819,7.21830744173975e-15,300000000000000.0,50,52000000000000.0
875000.0,39762968000000.0,9.3104117e+32,110.6746081845323,8.309941736919327e-15,-320.4589092251073,78.1789338305027,5.880423659543478e-15,95.39965103271462,7.175645929895136e-15,300000000000000.0,50,52000000000000.0
876000.0,39647615000000.0,9.2884209e+32,110.67488607295101,8.260536499800207e-15,-320.4589091837987,78.17913047468312,5.8454626585084546e-15,95.39989098974732,7.132984418050522e-15,300000000000000.0,50,52000000000000.0
877000.0,39532650000000.0,9.2662346e+32,110.67516396136972,8.211131262681088e-15,-320.45890914249014,78.17932711886353,5.810501657473431e-15,95.40013094678004,7.090322906205907e-15,300000000000000.0,50,52000000000000.0
878000.0,39418033000000.0,9.2439433e+32,110.67544184978841,8.161726025561968e-15,-320.4589091011815,78.17952376304395,5.775540656438409e-15,95.40037090381276,7.047661394361293e-15,300000000000000.0,50,52000000000000.0
879000.0,39303727000000.0,9.2222824e+32,110.67571774522949,8.112710034774774e-15,-320.45890906016945,78.17971899691855,5.740855100956666e-15,95.40060913990567,7.005335997710738e-15,300000000000000.0,50,52000000000000.0
880000.0,39189681000000.0,9.2007286e+32,110.67597371705803,8.067585303465767e-15,-320.4589090221215,78.17990013209676,5.708923149123864e-15,95.40083017192305,6.9663707134809705e-15,300000000000000.0,50,52000000000000.0
881000.0,39075935000000.0,9.1791146e+32,110.67622968888656,8.02246057215676e-15,-320.4589089840735,78.18008126727497,5.6769911972910625e-15,95.40105120394041,6.927405429251204e-15,300000000000000.0,50,52000000000000.0
882000.0,38962611000000.0,9.15701e+32,110.67648566071512,7.977335840847754e-15,-320.4589089460256,78.1802624024532,5.645059245458261e-15,95.40127223595778,6.888440145021437e-15,300000000000000.0,50,52000000000000.0
883000.0,38849726000000.0,9.1349192e+32,110.67674163254365,7.932211109538747e-15,-320.4589089079776,78.1804435376314,5.613127293625459e-15,95.40149326797514,6.8494748607916704e-15,300000000000000.0,50,52000000000000.0
884000.0,38737214000000.0,9.1133468e+32,110.6769976043722,7.887086378229742e-15,-320.45890886992964,78.18062467280961,5.581195341792657e-15,95.40171429999252,6.810509576561903e-15,300000000000000.0,50,52000000000000.0
885000.0,38625085000000.0,9.0916861e+32,110.67725357620074,7.841961646920735e-15,-320.4589088318817,78.18080580798782,5.549263389959856e-15,95.40193533200988,6.771544292332136e-15,300000000000000.0,50,52000000000000.0
886000.0,38513329000000.0,9.0697468e+32,110.67750954802928,7.796836915611728e-15,-320.4589087938337,78.18098694316605,5.517331438127054e-15,95.40215636402725,6.7325790081023695e-15,300000000000000.0,50,52000000000000.0
887000.0,38402038000000.0,9.0481127e+32,110.67776551985783,7.751712184302721e-15,-320.4589087557857,78.18116807834426,5.485399486294252e-15,95.40237739604461,6.693613723872602e-15,300000000000000.0,50,52000000000000.0
888000.0,38291205000000.0,9.0266284e+32,110.67802149168637,7.706587452993715e-15,-320.4589087177378,78.18134921352247,5.4534675344614505e-15,95.40259842806199,6.654648439642836e-15,300000000000000.0,50,52000000000000.0
889000.0,38180752000000.0,9.0053654e+32,110.6782774635149,7.661462721684708e-15,-320.45890867968984,78.18153034870068,5.421535582628649e-15,95.40281946007936,6.6156831554130685e-15,300000000000000.0,50,52000000000000.0
890000.0,38070636000000.0,8.9843649e+32,110.67853343534345,7.616337990375703e-15,-320.45890864164187,78.18171148387889,5.389603630795847e-15,95.40304049209672,6.576717871183301e-15,300000000000000.0,50,52000000000000.0
891000.0,37960908000000.0,8.9628138e+32,110.67878940717199,7.571213259066696e-15,-320.4589086035939,78.18189261905711,5.357671678963045e-15,95.40326152411409,6.537752586953535e-15,300000000000000.0,50,52000000000000.0
892000.0,37851503000000.0,8.9417213e+32,110.67904537900054,7.526088527757689e-15,-320.4589085655459,78.18207375423532,5.325739727130244e-15,95.40348255613146,6.498787302723768e-15,300000000000000.0,50,52000000000000.0
893000.0,37742406000000.0,8.9209591e+32,110.67930135082908,7.480963796448682e-15,-320.45890852749795,78.18225488941353,5.293807775297442e-15,95.40370358814883,6.459822018494001e-15,300000000000000.0,50,52000000000000.0
894000.0,37633707000000.0,8.899782e+32,110.67954114158532,7.438977983344715e-15,-320.458908491857,78.18242457425828,5.264097041411348e-15,95.40391064778203,6.423567197705184e-15,300000000000000.0,50,52000000000000.0
895000.0,37525474000000.0,8.8783674e+32,110.67977677010305,7.397799590538396e-15,-320.4589084568352,78.18259131374698,5.2349576688473786e-15,95.40411411331502,6.38800958629084e-15,300000000000000.0,50,52000000000000.0
896000.0,37417630000000.0,8.8565287e+32,110.68001239862079,7.356621197732076e-15,-320.4589084218134,78.18275805323569,5.20581829628341e-15,95.404317578848,6.352451974876496e-15,300000000000000.0,50,52000000000000.0
897000.0,37310136000000.0,8.8354011e+32,110.68024802713852,7.315442804925757e-15,-320.4589083867916,78.1829247927244,5.176678923719441e-15,95.40452104438099,6.316894363462152e-15,300000000000000.0,50,52000000000000.0
898000.0,37202975000000.0,8.8141074e+32,110.68048365565626,7.274264412119438e-15,-320.4589083517699,78.18309153221311,5.147539551155472e-15,95.40472450991398,6.281336752047808e-15,300000000000000.0,50,52000000000000.0
899000.0,37096171000000.0,8.7928362e+32,110.68071928417399,7.233086019313119e-15,-320.4589083167481,78.18325827170182,5.1184001785915035e-15,95.40492797544695,6.2457791406334644e-15,300000000000000.0,50,52000000000000.0
900000.0,36989771000000.0,8.7718463e+32,110.68095491269173,7.1919076265068e-15,-320.4589082817263,78.18342501119054,5.089260806027534e-15,95.40513144097994,6.21022152921912e-15,300000000000000.0,50,52000000000000.0
901000.0,36883766000000.0,8.7508058e+32,110.68119054120946,7.150729233700481e-15,-320.4589082467045,78.18359175067924,5.060121433463565e-15,95.40533490651293,6.174663917804776e-15,300000000000000.0,50,52000000000000.0
902000.0,36778092000000.0,8.7298442e+32,110.6814261697272,7.109550840894162e-15,-320.4589082116827,78.18375849016796,5.0309820608995964e-15,95.40553837204591,6.139106306390432e-15,300000000000000.0,50,52000000000000.0
903000.0,36672783000000.0,8.708823e+32,110.68166179824493,7.068372448087843e-15,-320.4589081766609,78.18392522965667,5.001842688335628e-15,95.4057418375789,6.103548694976089e-15,300000000000000.0,50,52000000000000.0
904000.0,36567852000000.0,8.6881489e+32,110.68189742676267,7.027194055281524e-15,-320.4589081416391,78.18409196914537,4.972703315771659e-15,95.40594530311189,6.067991083561744e-15,300000000000000.0,50,52000000000000.0
905000.0,36463328000000.0,8.6674315e+32,110.6821330552804,6.986015662475205e-15,-320.4589081066173,78.18425870863409,4.943563943207689e-15,95.40614876864487,6.0324334721474e-15,300000000000000.0,50,52000000000000.0
906000.0,36359097000000.0,8.6468389e+32,110.68236868379815,6.944837269668885e-15,-320.4589080715955,78.1844254481228,4.914424570643721e-15,95.40635223417786,5.9968758607330566e-15,300000000000000.0,50,52000000000000.0
907000.0,36255117000000.0,8.6265035e+32,110.68260431231587,6.903658876862566e-15,-320.4589080365737,78.1845921876115,4.885285198079752e-15,95.40655569971085,5.961318249318713e-15,300000000000000.0,50,52000000000000.0
908000.0,36151426000000.0,8.60621e+32,110.68283489701456,6.863427723828308e-15,-320.4589080023021,78.184755357905,4.8568161283495545e-15,95.4067548098976,5.926578581649874e-15,300000000000000.0,50,52000000000000.0
909000.0,36048082000000.0,8.5860162e+32,110.68305165937703,6.825792434460569e-15,-320.45890797008644,78.18490874699584,4.830183990326695e-15,95.40694198447379,5.894080448292451e-15,300000000000000.0,50,52000000000000.0
910000.0,35945044000000.0,8.5660268e+32,110.68326842173948,6.788157145092828e-15,-320.4589079378707,78.1850621360867,4.803551852303835e-15,95.40712915904999,5.861582314935028e-15,300000000000000.0,50,52000000000000.0
911000.0,35842413000000.0,8.5459599e+32,110.68348518410194,6.750521855725089e-15,-320.45890790565505,78.18521552517754,4.776919714280976e-15,95.40731633362618,5.8290841815776055e-15,300000000000000.0,50,52000000000000.0
912000.0,35740138000000.0,8.5257656e+32,110.68370194646441,6.712886566357349e-15,-320.45890787343933,78.1853689142684,4.750287576258117e-15,95.40750350820237,5.796586048220182e-15,300000000000000.0,50,52000000000000.0
913000.0,35638170000000.0,8.5046512e+32,110.68391870882687,6.675251276989609e-15,-320.4589078412236,78.18552230335924,4.723655438235257e-15,95.40769068277856,5.764087914862759e-15,300000000000000.0,50,52000000000000.0
914000.0,35536552000000.0,8.4832798e+32,110.68413547118934,6.637615987621869e-15,-320.45890780900794,78.18567569245008,4.697023300212398e-15,95.40787785735475,5.7315897815053365e-15,300000000000000.0,50,52000000000000.0
915000.0,35435228000000.0,8.4626434e+32,110.68435223355179,6.59998069825413e-15,-320.4589077767922,78.18582908154093,4.670391162189538e-15,95.40806503193095,5.699091648147914e-15,300000000000000.0,50,52000000000000.0
916000.0,35334264000000.0,8.4420085e+32,110.68456899591425,6.562345408886389e-15,-320.45890774457655,78.18598247063177,4.6437590241666794e-15,95.40825220650713,5.666593514790491e-15,300000000000000.0,50,52000000000000.0
917000.0,35233623000000.0,8.4217074e+32,110.68478575827672,6.52471011951865e-15,-320.4589077123608,78.18613585972261,4.61712688614382e-15,95.40843938108333,5.634095381433068e-15,300000000000000.0,50,52000000000000.0
918000.0,35133254000000.0,8.4013106e+32,110.68500252063917,6.48707483015091e-15,-320.4589076801451,78.18628924881347,4.59049474812096e-15,95.40862655565952,5.601597248075645e-15,300000000000000.0,50,52000000000000.0
919000.0,35033311000000.0,8.3807508e+32,110.68521928300163,6.44943954078317e-15,-320.45890764792944,78.1864426379043,4.563862610098101e-15,95.4088137302357,5.569099114718222e-15,300000000000000.0,50,52000000000000.0
920000.0,34933722000000.0,8.360593e+32,110.6854360453641,6.41180425141543e-15,-320.4589076157137,78.18659602699516,4.537230472075242e-15,95.4090009048119,5.536600981360799e-15,300000000000000.0,50,52000000000000.0
921000.0,34834407000000.0,8.3405816e+32,110.68565280772656,6.374168962047691e-15,-320.45890758349805,78.186749416086,4.510598334052382e-15,95.40918807938809,5.5041028480033764e-15,300000000000000.0,50,52000000000000.0
922000.0,34735462000000.0,8.3203088e+32,110.68586957008903,6.33653367267995e-15,-320.4589075512823,78.18690280517684,4.483966196029523e-15,95.40937525396428,5.471604714645954e-15,300000000000000.0,50,52000000000000.0
923000.0,34636855000000.0,8.3002566e+32,110.68607751831597,6.300562310085827e-15,-320.45890752037747,78.18704995705583,4.458511515612469e-15,95.40955481752017,5.440543385725167e-15,300000000000000.0,50,52000000000000.0
924000.0,34538589000000.0,8.2804565e+32,110.68627675736299,6.266235060820111e-15,-320.45890749076784,78.18719094599344,4.4342202720569616e-15,95.40972686068508,5.410901752287408e-15,300000000000000.0,50,52000000000000.0
925000.0,34440654000000.0,8.2608027e+32,110.68647599641001,6.231907811554395e-15,-320.4589074611582,78.18733193493104,4.409929028501455e-15,95.40989890384999,5.3812601188496485e-15,300000000000000.0,50,52000000000000.0
926000.0,34343004000000.0,8.2412178e+32,110.68667523545702,6.197580562288679e-15,-320.45890743154854,78.18747292386864,4.385637784945948e-15,95.4100709470149,5.35161848541189e-15,300000000000000.0,50,52000000000000.0
927000.0,34245667000000.0,8.2214006e+32,110.68687447450404,6.1632533130229634e-15,-320.4589074019389,78.18761391280624,4.361346541390441e-15,95.41024299017981,5.321976851974131e-15,300000000000000.0,50,52000000000000.0
928000.0,34148654000000.0,8.2017073e+32,110.68707371355106,6.128926063757247e-15,-320.4589073723293,78.18775490174384,4.337055297834934e-15,95.41041503334472,5.2923352185363715e-15,300000000000000.0,50,52000000000000.0
929000.0,34051914000000.0,8.1823105e+32,110.68727295259806,6.094598814491531e-15,-320.45890734271967,78.18789589068143,4.312764054279427e-15,95.41058707650963,5.262693585098613e-15,300000000000000.0,50,52000000000000.0
930000.0,33955580000000.0,8.1622339e+32,110.68747219164509,6.060271565225815e-15,-320.45890731311005,78.18803687961903,4.28847281072392e-15,95.41075911967454,5.233051951660853e-15,300000000000000.0,50,52000000000000.0
931000.0,33859598000000.0,8.1418897e+32,110.6876714306921,6.0259443159601e-15,-320.45890728350037,78.18817786855664,4.264181567168413e-15,95.41093116283943,5.2034103182230946e-15,300000000000000.0,50,52000000000000.0
932000.0,33763895000000.0,8.1221894e+32,110.68787066973911,5.991617066694384e-15,-320.45890725389074,78.18831885749424,4.239890323612906e-15,95.41110320600434,5.173768684785335e-15,300000000000000.0,50,52000000000000.0
933000.0,33668530000000.0,8.1021712e+32,110.68806990878613,5.957289817428668e-15,-320.4589072242811,78.18845984643184,4.215599080057399e-15,95.41127524916925,5.144127051347576e-15,300000000000000.0,50,52000000000000.0
934000.0,33573456000000.0,8.081942e+32,110.68826914783315,5.922962568162952e-15,-320.4589071946715,78.18860083536944,4.191307836501893e-15,95.41144729233416,5.114485417909817e-15,300000000000000.0,50,52000000000000.0
935000.0,33478663000000.0,8.0619896e+32,110.68846838688016,5.888635318897236e-15,-320.4589071650619,78.18874182430704,4.1670165929463855e-15,95.41161933549907,5.084843784472058e-15,300000000000000.0,50,52000000000000.0
936000.0,33384182000000.0,8.0425156e+32,110.68866762592718,5.8543080696315205e-15,-320.4589071354522,78.18888281324465,4.142725349390879e-15,95.41179137866398,5.0552021510342986e-15,300000000000000.0,50,52000000000000.0
937000.0,33290012000000.0,8.0229049e+32,110.6888668649742,5.8199808203658045e-15,-320.45890710584257,78.18902380218225,4.1184341058353716e-15,95.41196342182889,5.02556051759654e-15,300000000000000.0,50,52000000000000.0
938000.0,33196140000000.0,8.00357e+32,110.68905800689566,5.7871547976309995e-15,-320.458907077437,78.18915906129142,4.095205186919425e-15,95.41212847311321,4.997215196441407e-15,300000000000000.0,50,52000000000000.0
939000.0,33102557000000.0,7.9844445e+32,110.68924100291329,5.7558390450391246e-15,-320.4589070502428,78.18928855605482,4.073044992244751e-15,95.41228649039684,4.970173996746996e-15,300000000000000.0,50,52000000000000.0
940000.0,33009284000000.0,7.9644666e+32,110.68942399893092,5.72452329244725e-15,-320.45890702304854,78.18941805081822,4.050884797570078e-15,95.41244450768046,4.943132797052584e-15,300000000000000.0,50,52000000000000.0
941000.0,32916310000000.0,7.9448268e+32,110.68960699494855,5.693207539855374e-15,-320.4589069958543,78.18954754558162,4.028724602895405e-15,95.41260252496409,4.916091597358173e-15,300000000000000.0,50,52000000000000.0
942000.0,32823632000000.0,7.9255041e+32,110.68978999096619,5.661891787263499e-15,-320.4589069686601,78.18967704034502,4.0065644082207315e-15,95.41276054224771,4.8890503976637616e-15,300000000000000.0,50,52000000000000.0
943000.0,32731232000000.0,7.90642e+32,110.68997298698382,5.630576034671624e-15,-320.45890694146584,78.18980653510842,3.984404213546058e-15,95.41291855953133,4.86200919796935e-15,300000000000000.0,50,52000000000000.0
944000.0,32639111000000.0,7.8877345e+32,110.69015598300145,5.599260282079749e-15,-320.4589069142716,78.18993602987182,3.962244018871385e-15,95.41307657681496,4.834967998274939e-15,300000000000000.0,50,52000000000000.0
945000.0,32547267000000.0,7.8691222e+32,110.69033897901907,5.567944529487874e-15,-320.4589068870774,78.19006552463522,3.940083824196712e-15,95.41323459409858,4.8079267985805274e-15,300000000000000.0,50,52000000000000.0
946000.0,32455704000000.0,7.850229e+32,110.6905219750367,5.536628776895999e-15,-320.45890685988314,78.19019501939862,3.9179236295220376e-15,95.4133926113822,4.780885598886115e-15,300000000000000.0,50,52000000000000.0
947000.0,32364474000000.0,7.8306128e+32,110.69070497105433,5.505313024304124e-15,-320.4589068326889,78.19032451416201,3.895763434847364e-15,95.41355062866583,4.753844399191704e-15,300000000000000.0,50,52000000000000.0
948000.0,32273594000000.0,7.8111731e+32,110.69088796707196,5.473997271712249e-15,-320.4589068054947,78.19045400892541,3.873603240172691e-15,95.41370864594944,4.7268031994972925e-15,300000000000000.0,50,52000000000000.0
949000.0,32183019000000.0,7.7919248e+32,110.69107096308959,5.442681519120374e-15,-320.45890677830045,78.19058350368883,3.851443045498018e-15,95.41386666323307,4.699761999802881e-15,300000000000000.0,50,52000000000000.0
950000.0,32092773000000.0,7.7723634e+32,110.69125395910721,5.4113657665284994e-15,-320.4589067511062,78.19071299845223,3.8292828508233444e-15,95.41402468051669,4.67272080010847e-15,300000000000000.0,50,52000000000000.0
951000.0,32002836000000.0,7.7535143e+32,110.69143695512484,5.3800500139366245e-15,-320.458906723912,78.19084249321563,3.807122656148671e-15,95.41418269780031,4.645679600414058e-15,300000000000000.0,50,52000000000000.0
952000.0,31913177000000.0,7.7340534e+32,110.69161995114247,5.3487342613447496e-15,-320.45890669671775,78.19097198797903,3.784962461473998e-15,95.41434071508394,4.618638400719647e-15,300000000000000.0,50,52000000000000.0
953000.0,31823835000000.0,7.7147874e+32,110.69179918310634,5.318109705681821e-15,-320.4589066700832,78.19109881915756,3.763291383820594e-15,95.41449548210144,4.592194050970441e-15,300000000000000.0,50,52000000000000.0
954000.0,31734787000000.0,7.6956699e+32,110.69196712006317,5.28955926336896e-15,-320.4589066451281,78.19121765756782,3.743088027016453e-15,95.41464049586331,4.567540702291256e-15,300000000000000.0,50,52000000000000.0
955000.0,31645995000000.0,7.6768445e+32,110.69213505702,5.261008821056099e-15,-320.45890662017297,78.19133649597806,3.722884670212313e-15,95.41478550962518,4.54288735361207e-15,300000000000000.0,50,52000000000000.0
956000.0,31557436000000.0,7.6583655e+32,110.69230299397682,5.232458378743237e-15,-320.45890659521785,78.19145533438831,3.702681313408171e-15,95.41493052338704,4.518234004932885e-15,300000000000000.0,50,52000000000000.0
957000.0,31469117000000.0,7.6395534e+32,110.69247093093365,5.203907936430375e-15,-320.45890657026274,78.19157417279855,3.6824779566040305e-15,95.4150755371489,4.4935806562536986e-15,300000000000000.0,50,52000000000000.0
958000.0,31381078000000.0,7.6209018e+32,110.69263886789048,5.175357494117514e-15,-320.4589065453076,78.1916930112088,3.66227459979989e-15,95.41522055091076,4.468927307574513e-15,300000000000000.0,50,52000000000000.0
959000.0,31293373000000.0,7.6023449e+32,110.69280680484731,5.146807051804653e-15,-320.4589065203525,78.19181184961904,3.642071242995749e-15,95.41536556467263,4.444273958895328e-15,300000000000000.0,50,52000000000000.0
960000.0,31205963000000.0,7.584159e+32,110.69297474180415,5.118256609491792e-15,-320.4589064953974,78.19193068802929,3.621867886191608e-15,95.41551057843449,4.419620610216142e-15,300000000000000.0,50,52000000000000.0
961000.0,31118792000000.0,7.5657164e+32,110.69314267876098,5.08970616717893e-15,-320.4589064704423,78.19204952643953,3.601664529387467e-15,95.41565559219634,4.394967261536957e-15,300000000000000.0,50,52000000000000.0
962000.0,31031864000000.0,7.547324e+32,110.6933106157178,5.061155724866069e-15,-320.4589064454872,78.19216836484978,3.5814611725833264e-15,95.41580060595821,4.370313912857771e-15,300000000000000.0,50,52000000000000.0
963000.0,30945158000000.0,7.5292015e+32,110.69347855267463,5.032605282553208e-15,-320.45890642053206,78.19228720326002,3.561257815779186e-15,95.41594561972008,4.3456605641785856e-15,300000000000000.0,50,52000000000000.0
964000.0,30858734000000.0,7.5099043e+32,110.69364648963146,5.004054840240347e-15,-320.45890639557695,78.19240604167027,3.5410544589750443e-15,95.41609063348194,4.3210072154994e-15,300000000000000.0,50,52000000000000.0
965000.0,30772585000000.0,7.4909421e+32,110.69381442658829,4.975504397927485e-15,-320.45890637062183,78.19252488008051,3.5208511021709036e-15,95.4162356472438,4.296353866820214e-15,300000000000000.0,50,52000000000000.0
966000.0,30686751000000.0,7.4723848e+32,110.69398236354512,4.946953955614623e-15,-320.4589063456667,78.19264371849076,3.500647745366763e-15,95.41638066100566,4.271700518141029e-15,300000000000000.0,50,52000000000000.0
967000.0,30601210000000.0,7.4540021e+32,110.69415030050195,4.918403513301762e-15,-320.4589063207116,78.192762556901,3.480444388562622e-15,95.41652567476753,4.247047169461843e-15,300000000000000.0,50,52000000000000.0
968000.0,30515892000000.0,7.4360236e+32,110.69431823745877,4.889853070988901e-15,-320.4589062957565,78.19288139531125,3.460241031758481e-15,95.4166706885294,4.222393820782658e-15,300000000000000.0,50,52000000000000.0
969000.0,30430835000000.0,7.4176574e+32,110.69447566269959,4.863222376093959e-15,-320.45890627236423,78.19299279523956,3.4413961605042736e-15,95.4168066254091,4.1993981777066795e-15,300000000000000.0,50,52000000000000.0
970000.0,30346082000000.0,7.3992533e+32,110.69462964706484,4.837220085915645e-15,-320.4589062494835,78.19310176027612,3.4229959720865065e-15,95.41693959108774,4.176945163317221e-15,300000000000000.0,50,52000000000000.0
971000.0,30261660000000.0,7.3811845e+32,110.69478363143011,4.8112177957373314e-15,-320.45890622660283,78.19321072531268,3.404595783668739e-15,95.41707255676639,4.154492148927763e-15,300000000000000.0,50,52000000000000.0
972000.0,30177486000000.0,7.3635874e+32,110.69493761579538,4.785215505559017e-15,-320.4589062037221,78.19331969034924,3.386195595250972e-15,95.41720552244503,4.132039134538304e-15,300000000000000.0,50,52000000000000.0
973000.0,30093518000000.0,7.3459009e+32,110.69509160016064,4.759213215380703e-15,-320.4589061808414,78.19342865538582,3.3677954068332047e-15,95.41733848812369,4.109586120148846e-15,300000000000000.0,50,52000000000000.0
974000.0,30009744000000.0,7.3288071e+32,110.6952455845259,4.7332109252023894e-15,-320.4589061579607,78.19353762042238,3.3493952184154372e-15,95.41747145380234,4.0871331057593875e-15,300000000000000.0,50,52000000000000.0
975000.0,29926273000000.0,7.3102284e+32,110.69539956889118,4.707208635024075e-15,-320.45890613508,78.19364658545894,3.33099502999767e-15,95.41760441948098,4.064680091369929e-15,300000000000000.0,50,52000000000000.0
976000.0,29843190000000.0,7.2916301e+32,110.69555355325643,4.681206344845761e-15,-320.45890611219926,78.1937555504955,3.312594841579903e-15,95.41773738515963,4.042227076980471e-15,300000000000000.0,50,52000000000000.0
977000.0,29760427000000.0,7.2727422e+32,110.6957075376217,4.655204054667447e-15,-320.4589060893186,78.19386451553207,3.2941946531621355e-15,95.41787035083827,4.019774062591013e-15,300000000000000.0,50,52000000000000.0
978000.0,29677974000000.0,7.2544204e+32,110.69586152198697,4.629201764489133e-15,-320.45890606643786,78.19397348056863,3.2757944647443684e-15,95.41800331651692,3.997321048201555e-15,300000000000000.0,50,52000000000000.0
979000.0,29595752000000.0,7.236619e+32,110.69601550635224,4.603199474310819e-15,-320.45890604355714,78.19408244560519,3.2573942763266012e-15,95.41813628219556,3.974868033812096e-15,300000000000000.0,50,52000000000000.0
980000.0,29513749000000.0,7.219049e+32,110.6961694907175,4.5771971841325055e-15,-320.45890602067647,78.19419141064175,3.238994087908834e-15,95.4182692478742,3.952415019422638e-15,300000000000000.0,50,52000000000000.0
981000.0,29431989000000.0,7.2014318e+32,110.69632347508276,4.551194893954191e-15,-320.45890599779574,78.19430037567831,3.2205938994910666e-15,95.41840221355287,3.9299620050331796e-15,300000000000000.0,50,52000000000000.0
982000.0,29350469000000.0,7.1835033e+32,110.69647745944803,4.525192603775877e-15,-320.458905974915,78.19440934071488,3.2021937110732995e-15,95.41853517923151,3.907508990643721e-15,300000000000000.0,50,52000000000000.0
983000.0,29269184000000.0,7.1660653e+32,110.69663144381329,4.499190313597563e-15,-320.4589059520343,78.19451830575144,3.1837935226555324e-15,95.41866814491016,3.885055976254263e-15,300000000000000.0,50,52000000000000.0
984000.0,29188114000000.0,7.1490386e+32,110.69678536657399,4.47319910205213e-15,-320.45890592916277,78.19462722719432,3.165401173894794e-15,95.41880105739317,3.8626125282848486e-15,300000000000000.0,50,52000000000000.0
985000.0,29107272000000.0,7.1319252e+32,110.69692643694324,4.449519195215927e-15,-320.45890590820187,78.1947270538066,3.1486443912192605e-15,95.41892287181797,3.842164896219478e-15,300000000000000.0,50,52000000000000.0
986000.0,29026650000000.0,7.1144367e+32,110.6970675073125,4.425839288379724e-15,-320.458905887241,78.19482688041889,3.131887608543727e-15,95.41904468624277,3.8217172641541074e-15,300000000000000.0,50,52000000000000.0
987000.0,28946312000000.0,7.0968212e+32,110.69720857768175,4.402159381543521e-15,-320.45890586628013,78.19492670703117,3.1151308258681935e-15,95.41916650066757,3.801269632088738e-15,300000000000000.0,50,52000000000000.0
988000.0,28866233000000.0,7.0791526e+32,110.69734964805099,4.378479474707319e-15,-320.45890584531924,78.19502653364346,3.09837404319266e-15,95.41928831509237,3.780822000023367e-15,300000000000000.0,50,52000000000000.0
989000.0,28786442000000.0,7.0620315e+32,110.69749071842024,4.354799567871117e-15,-320.45890582435834,78.19512636025574,3.0816172605171266e-15,95.41941012951719,3.760374367957997e-15,300000000000000.0,50,52000000000000.0
990000.0,28706884000000.0,7.0450421e+32,110.6976317887895,4.331119661034914e-15,-320.45890580339744,78.19522618686803,3.0648604778415935e-15,95.41953194394199,3.739926735892627e-15,300000000000000.0,50,52000000000000.0
991000.0,28627531000000.0,7.0273443e+32,110.69777285915875,4.307439754198712e-15,-320.45890578243655,78.19532601348031,3.04810369516606e-15,95.41965375836679,3.719479103827256e-15,300000000000000.0,50,52000000000000.0
992000.0,28548479000000.0,7.0093033e+32,110.697913929528,4.283759847362509e-15,-320.45890576147565,78.1954258400926,3.0313469124905266e-15,95.4197755727916,3.699031471761886e-15,300000000000000.0,50,52000000000000.0
993000.0,28469698000000.0,6.9916769e+32,110.69805499989725,4.260079940526306e-15,-320.4589057405148,78.19552566670488,3.014590129814993e-15,95.4198973872164,3.678583839696516e-15,300000000000000.0,50,52000000000000.0
994000.0,28391171000000.0,6.974203e+32,110.6981960702665,4.2364000336901035e-15,-320.4589057195539,78.19562549331717,2.9978333471394596e-15,95.4200192016412,3.658136207631145e-15,300000000000000.0,50,52000000000000.0
995000.0,28312889000000.0,6.9569647e+32,110.69833714063576,4.2127201268539015e-15,-320.458905698593,78.19572531992945,2.981076564463926e-15,95.420141016066,3.637688575565775e-15,300000000000000.0,50,52000000000000.0
996000.0,28234796000000.0,6.9397511e+32,110.698478211005,4.189040220017699e-15,-320.4589056776321,78.19582514654174,2.9643197817883927e-15,95.4202628304908,3.617240943500405e-15,300000000000000.0,50,52000000000000.0
997000.0,28156981000000.0,6.9215027e+32,110.69861928137425,4.165360313181496e-15,-320.4589056566712,78.19592497315402,2.9475629991128596e-15,95.4203846449156,3.596793311435034e-15,300000000000000.0,50,52000000000000.0
998000.0,28079411000000.0,6.9043344e+32,110.6987603517435,4.141680406345293e-15,-320.4589056357104,78.1960247997663,2.930806216437326e-15,95.4205064593404,3.5763456793696645e-15,300000000000000.0,50,52000000000000.0
999000.0,28002062000000.0,6.887796e+32,110.69890142211275,4.118000499509091e-15,-320.4589056147495,78.19612462637859,2.9140494337617927e-15,95.4206282737652,3.555898047304294e-15,300000000000000.0,50,52000000000000.0
1000000.0,27924959000000.0,6.8710987e+32,110.69904249248201,4.0943205926728885e-15,-320.4589055937886,78.19622445299088,2.8972926510862592e-15,95.42075008819,3.5354504152389237e-15,300000000000000.0,50,52000000000000.0
