t[yr],B[G],L[erg/s],P_fill[s],Pdot_fill[s/s],chi[rad],P_vac[s],Pdot_vac[s/s],P_vacObs[s],Pdot_vacObs[s/s],bpol,etor,btorAvg
0.0,10000000000000.0,1.2612397e+36,0.001,1.0167343945328687e-10,1.0471975511965976,0.001,2.9049554129510528e-11,0.001,4.3256253166864666e-11,300000000000000.0,50,52000000000000.0
1.0,9993830400000.0,5.6474531e+34,0.002502116593663873,3.461160791149944e-11,0.7776264195361552,0.0016283486895915097,1.7820253454450105e-11,0.0018601991261926383,2.322801611712105e-11,300000000000000.0,50,52000000000000.0
2.0,9992902500000.0,5.0601007e+34,0.003396050774561119,2.3711009691331935e-11,0.6721847210624461,0.002118296513309596,1.369600071144474e-11,0.002488896689601635,1.7357363646578158e-11,300000000000000.0,50,52000000000000.0
3.0,9991976400000.0,4.8361725e+34,0.004063773659300733,1.8942543250038074e-11,0.6086370116341281,0.0025145831135470246,1.153541511410526e-11,0.0029881497457221015,1.4454619768178047e-11,300000000000000.0,50,52000000000000.0
4.0,9991044900000.0,4.7312475e+34,0.004616271018998983,1.6149978164470897e-11,0.5635076391927298,0.0028563934352388133,1.0153181730050024e-11,0.0034151406163794,1.2645076975026696e-11,300000000000000.0,50,52000000000000.0
5.0,9990106100000.0,4.6704352e+34,0.005096413585116104,1.4275126243526206e-11,0.5287913237189256,0.0031614367651246083,9.171802455933172e-12,0.0037943393738139415,1.1379229465738854e-11,300000000000000.0,50,52000000000000.0
6.0,9989159900000.0,4.6282035e+34,0.005525962621386792,1.291093952126525e-11,0.5007668514241375,0.0034395065408922587,8.428673603240889e-12,0.004138902808586625,1.042989243428104e-11,300000000000000.0,50,52000000000000.0
7.0,9988206300000.0,4.5943415e+34,0.005917663689310525,1.1864224560171577e-11,0.47740107016736977,0.003696673012394551,7.840837788724045e-12,0.004456845647852981,9.6840184779805e-12,300000000000000.0,50,52000000000000.0
8.0,9987245700000.0,4.5643899e+34,0.006279774678123078,1.1029862487221466e-11,0.45745410181370233,0.0039370413695311995,7.360726050038068e-12,0.0047535224705748825,9.077887064010998e-12,300000000000000.0,50,52000000000000.0
9.0,9986278700000.0,4.5362229e+34,0.0066179904583090815,1.034535889258556e-11,0.440115410943361,0.004163539740172412,6.958891554110699e-12,0.005032718611464282,8.572542630481355e-12,300000000000000.0,50,52000000000000.0
10.0,9985305800000.0,4.5087058e+34,0.006936295798954878,9.7716839655987e-12,0.42483980211276845,0.004378264881773534,6.616373724046472e-12,0.005297128655435228,8.143126633803349e-12,300000000000000.0,50,52000000000000.0
20.0,9975298100000.0,4.2927115e+34,0.009466953416795137,6.752199082271548e-12,0.33087193248302077,0.0061231742977570945,4.7214405336998346e-12,0.007439510449259856,5.78650494095154e-12,300000000000000.0,50,52000000000000.0
30.0,9965089800000.0,3.91609e+34,0.011379840617654905,5.463629234252814e-12,0.2821507184425574,0.007468688300915199,3.862941556145858e-12,0.009087293435987374,4.727564127522453e-12,300000000000000.0,50,52000000000000.0
40.0,9954958200000.0,3.3967276e+34,0.012981690101627728,4.708868518936523e-12,0.2507047905278447,0.008604230199233795,3.3463129455425347e-12,0.010476488697085923,4.092345653943317e-12,300000000000000.0,50,52000000000000.0
50.0,9945056800000.0,2.9323768e+34,0.014387497904421157,4.198779176416436e-12,0.22814659358090317,0.009604600679166823,2.991800915464099e-12,0.011699622131075452,3.657207696502669e-12,300000000000000.0,50,52000000000000.0
60.0,9935404800000.0,2.5781314e+34,0.015655038802299216,3.824509902694175e-12,0.21090805431698614,0.010508442543876555,2.729187412823877e-12,0.012804333947941586,3.335217720981213e-12,300000000000000.0,50,52000000000000.0
70.0,9925984200000.0,2.3149516e+34,0.01681852253809193,3.5345575472362765e-12,0.1971544479392308,0.011339055238117395,2.524436186215459e-12,0.013819290282134931,3.084359277797711e-12,300000000000000.0,50,52000000000000.0
80.0,9916768700000.0,2.1191216e+34,0.017899537080707437,3.301482022166435e-12,0.1858484439267686,0.012111313646626105,2.359112678969005e-12,0.014762769295692051,2.881917584003524e-12,300000000000000.0,50,52000000000000.0
90.0,9907732600000.0,1.9711982e+34,0.01891352174120063,3.108626514354963e-12,0.176329425287779,0.01283595883831918,2.2218796720458343e-12,0.015647955725943206,2.7139428394473084e-12,300000000000000.0,50,52000000000000.0
100.0,9898854700000.0,1.8569318e+34,0.019871464087316243,2.945552013528333e-12,0.16816749955349194,0.013520684031712759,2.105565009080392e-12,0.016484286528772683,2.571618865907317e-12,300000000000000.0,50,52000000000000.0
200.0,9815236100000.0,1.4990246e+34,0.02756131938933071,2.061330382479759e-12,0.12231989551322657,0.01901571517612464,1.4719295885763105e-12,0.02319392504417089,1.7969454028446884e-12,300000000000000.0,50,52000000000000.0
300.0,9740841500000.0,1.0657856e+34,0.033403819912976807,1.667408933331457e-12,0.10118065646107736,0.023184935237359035,1.1890332458759296e-12,0.028283353975099002,1.4513708941417862e-12,300000000000000.0,50,52000000000000.0
400.0,9677611100000.0,5.6486619e+33,0.03828667462087276,1.432472280723259e-12,0.08836465520349311,0.026665177419455777,1.0204465246061315e-12,0.032531288136681345,1.245497606242463e-12,300000000000000.0,50,52000000000000.0
500.0,9624464800000.0,3.0605639e+33,0.04255685141360948,1.2727617546609555e-12,0.0795331365920856,0.029705976203549696,9.059622439002179e-13,0.03624262995051328,1.105716148081278e-12,300000000000000.0,50,52000000000000.0
600.0,9578572500000.0,1.9348736e+33,0.04639347312416756,1.1552629139896733e-12,0.0729694415659814,0.03243613014849834,8.218197321340571e-13,0.03957470357941807,1.0029917444101987e-12,300000000000000.0,50,52000000000000.0
700.0,9537289500000.0,1.4492744e+33,0.04990246249927042,1.0640293134988251e-12,0.06784190583635204,0.0349317542101893,7.565437608838111e-13,0.0426204636905686,9.233061101201428e-13,300000000000000.0,50,52000000000000.0
800.0,9499085000000.0,1.200568e+33,0.05315248253705267,9.904220735186802e-13,0.06369158601022726,0.03724215336185699,7.039199344897982e-13,0.04544011592688445,8.590689959987981e-13,300000000000000.0,50,52000000000000.0
900.0,9463108400000.0,1.0546435e+33,0.056189800318807215,9.294288613356275e-13,0.06024547724936237,0.039400530608071416,6.603438576119987e-13,0.04807420065391938,8.058785031622452e-13,300000000000000.0,50,52000000000000.0
1000.0,9428852900000.0,9.5903387e+32,0.05904987538821222,8.777227844759851e-13,0.057322001081215594,0.04143231052853068,6.234249003551861e-13,0.05055375838156185,7.608153702880602e-13,300000000000000.0,50,52000000000000.0
2000.0,9135001200000.0,7.3110374e+32,0.08164785311749212,5.949376543916646e-13,0.04140971187888588,0.057469212776401525,4.218979086240955e-13,0.07012437562651172,5.14852755589896e-13,300000000000000.0,50,52000000000000.0
3000.0,8901794000000.0,6.1010851e+32,0.09831436776678415,4.689032403574923e-13,0.034357568139449866,0.06928408688500037,3.3229559599974713e-13,0.08454225248808084,4.05502649375426e-13,300000000000000.0,50,52000000000000.0
4000.0,8705341600000.0,5.5578325e+32,0.11190623722689826,3.9388410452223627e-13,0.03016306940435443,0.07891432801694008,2.7902434178577597e-13,0.09629405816189442,3.404927689021911e-13,300000000000000.0,50,52000000000000.0
5000.0,8533894800000.0,5.2762617e+32,0.12353905296407088,3.4283212527885905e-13,0.02730722799780747,0.0871539131895345,2.427980979269476e-13,0.10634878249866904,2.962845990634625e-13,300000000000000.0,50,52000000000000.0
6000.0,8381267600000.0,5.1059878e+32,0.13378699796228696,3.0529475065874007e-13,0.02520339857589247,0.09441102264927784,2.1617468551564388e-13,0.11520456272850427,2.637954408821685e-13,300000000000000.0,50,52000000000000.0
7000.0,8243701100000.0,4.9885625e+32,0.14298905014636787,2.7634468196902285e-13,0.0235722060762052,0.10092645102585064,1.956490392247318e-13,0.12315525552802184,2.3874770179999313e-13,300000000000000.0,50,52000000000000.0
8000.0,8118618100000.0,4.8982575e+32,0.15137126398152734,2.531591377669257e-13,0.02225916421800075,0.10686068290960354,1.7921486651104588e-13,0.1303967075920257,2.1869294858897986e-13,300000000000000.0,50,52000000000000.0
9000.0,8004176800000.0,4.8225663e+32,0.1590884988251426,2.341095857203551e-13,0.021172858686400765,0.11232361381912642,1.657151840176463e-13,0.13706302826047664,2.0221924087725067e-13,300000000000000.0,50,52000000000000.0
10000.0,7898851200000.0,4.7542709e+32,0.16625133579858217,2.1817571730276466e-13,0.020255417962970455,0.11739369325588012,1.5442538533872288e-13,0.14324995158810538,1.8844230311385027e-13,300000000000000.0,50,52000000000000.0
11000.0,7801412600000.0,4.6900317e+32,0.17294856976982464,2.0457823678792688e-13,0.019466388881658712,0.12213389390520969,1.447923802600237e-13,0.14903432435512934,1.7668717860344978e-13,300000000000000.0,50,52000000000000.0
12000.0,7710859900000.0,4.6277428e+32,0.17924614865620375,1.9281931649784674e-13,0.018778278624526818,0.12659097666503794,1.3646288140131456e-13,0.15447320957512028,1.6652273874127604e-13,300000000000000.0,50,52000000000000.0
13000.0,7626359300000.0,4.5663061e+32,0.18519453849635562,1.825556722784215e-13,0.018171559309633538,0.13080071951646827,1.291933088110462e-13,0.15961026752178156,1.5765173558832498e-13,300000000000000.0,50,52000000000000.0
14000.0,7547206300000.0,4.5050996e+32,0.19083666239305677,1.7350303037060053e-13,0.01763119701781663,0.13479354688493525,1.2278203507790934e-13,0.16448262533501185,1.4982811894253924e-13,300000000000000.0,50,52000000000000.0
15000.0,7472802500000.0,4.443938e+32,0.1962088144830559,1.6543646142329794e-13,0.01714556504389608,0.1385951802933373,1.170695631968095e-13,0.1691216710805877,1.4285725209652772e-13,300000000000000.0,50,52000000000000.0
16000.0,7402635100000.0,4.3823956e+32,0.20133863789830267,1.582052723601336e-13,0.016706127506766533,0.14222520919249967,1.1194902980171931e-13,0.17355130980864034,1.36608727922368e-13,300000000000000.0,50,52000000000000.0
17000.0,7336263200000.0,4.3210696e+32,0.2062503775439226,1.5168039378628406e-13,0.016305948104202026,0.14570081264976367,1.0732892969297098e-13,0.17779250512786593,1.3097088160981397e-13,300000000000000.0,50,52000000000000.0
18000.0,7273302900000.0,4.2621136e+32,0.21096712499386286,1.4574117796265247e-13,0.01593906644611065,0.1490383498164076,1.0312375542843318e-13,0.1818652200508004,1.2583936801647264e-13,300000000000000.0,50,52000000000000.0
19000.0,7213423300000.0,4.2029392e+32,0.2155007551865721,1.4034405867913661e-13,0.015601908724751128,0.15224623579979266,9.930259259234508e-14,0.18577972354377767,1.2117646145586062e-13,300000000000000.0,50,52000000000000.0
20000.0,7156337100000.0,4.1433633e+32,0.21987178191622225,1.3538478333277907e-13,0.015289928397243508,0.15533900034545414,9.57915832980791e-14,0.18955374614087978,1.1689203337385312e-13,300000000000000.0,50,52000000000000.0
21000.0,7101792900000.0,4.0834103e+32,0.22409208303130052,1.3081644515361042e-13,0.015000278549655088,0.15832505746263748,9.255747919621993e-14,0.19319755540884723,1.12945510610284e-13,300000000000000.0,50,52000000000000.0
22000.0,7049569500000.0,4.0233832e+32,0.22817312248380656,1.265928576119685e-13,0.014730410874877057,0.16121252709013592,8.956755137068287e-14,0.19672106004563195,1.0929695403880166e-13,300000000000000.0,50,52000000000000.0
23000.0,6999471900000.0,3.9632349e+32,0.23212593114643065,1.2267056187096975e-13,0.014478048795598584,0.16400922163492454,8.679100941769988e-14,0.20013379345615206,1.0590879020612437e-13,300000000000000.0,50,52000000000000.0
24000.0,6951328400000.0,3.9030631e+32,0.23595829534609417,1.1902231171130967e-13,0.014241515695713488,0.1667206559699859,8.420854483826244e-14,0.20344248539242246,1.0275745692097298e-13,300000000000000.0,50,52000000000000.0
25000.0,6904986900000.0,3.8428174e+32,0.23967798330832255,1.1562009326723065e-13,0.014019252184703592,0.1693523316344758,8.18003100191394e-14,0.20665384932603603,9.981873419814103e-14,300000000000000.0,50,52000000000000.0
26000.0,6860310900000.0,3.7827303e+32,0.2432945901371604,1.1242943530818074e-13,0.013809604103863077,0.17191104270118973,7.954189065575858e-14,0.20977617597185974,9.706282947814357e-14,300000000000000.0,50,52000000000000.0
27000.0,6817180200000.0,3.7226419e+32,0.2468131058257093,1.0943542084054922e-13,0.013611566169444525,0.17440032318501064,7.742271592588958e-14,0.21281377785215216,9.447684318239298e-14,300000000000000.0,50,52000000000000.0
28000.0,6775485700000.0,3.662785e+32,0.25023810720305234,1.0662404752350346e-13,0.013424245055013117,0.1768234143619087,7.543286457013063e-14,0.21577061026051764,9.204866841909052e-14,300000000000000.0,50,52000000000000.0
29000.0,6735130700000.0,3.6029894e+32,0.2535774557998819,1.0396990195632168e-13,0.013246441752474204,0.1791858820796307,7.355434058566825e-14,0.21865346511268027,8.975634488233868e-14,300000000000000.0,50,52000000000000.0
30000.0,6696027200000.0,3.543394e+32,0.25683530260585563,1.0146145591755574e-13,0.013077433096973422,0.18149066563139324,7.177897725238595e-14,0.22146592918888108,8.758990676864924e-14,300000000000000.0,50,52000000000000.0
31000.0,6658096100000.0,3.4840516e+32,0.26001570401132257,9.908741727830204e-14,0.012916546263677263,0.183740637164588,7.009877611191053e-14,0.224211507329442,8.553959362093524e-14,300000000000000.0,50,52000000000000.0
32000.0,6621266500000.0,3.4248347e+32,0.2631226168458855,9.683694185052529e-14,0.012763155897809193,0.1859385981841811,6.850605673085087e-14,0.22689361816821613,8.359603307839216e-14,300000000000000.0,50,52000000000000.0
33000.0,6585473100000.0,3.3658507e+32,0.2661598962834811,9.469972348326204e-14,0.012616681248645897,0.18808727808357437,6.699352033172285e-14,0.22951559234008184,8.175031852157104e-14,300000000000000.0,50,52000000000000.0
34000.0,6550656900000.0,3.3071065e+32,0.26913129536606006,9.26660893596621e-14,0.01247658338578982,0.1901893338199798,6.555431710734313e-14,0.23208067208504138,7.999409121240318e-14,300000000000000.0,50,52000000000000.0
35000.0,6516763900000.0,3.248613e+32,0.27204046668555454,9.072702137613655e-14,0.012342362479372971,0.19224735111603092,6.418206124835305e-14,0.23459201271472935,7.831955863014273e-14,300000000000000.0,50,52000000000000.0
36000.0,6483745100000.0,3.1904263e+32,0.2748902627861739,8.887585856959075e-14,0.012213618275010728,0.19426334938333867,6.287203567173092e-14,0.23705207848225432,7.67209645733026e-14,300000000000000.0,50,52000000000000.0
37000.0,6451555400000.0,3.1324751e+32,0.2776796403831145,8.711505659909701e-14,0.012090310062460917,0.1962365910119911,6.16259755366987e-14,0.23945996931024102,7.520042637449296e-14,300000000000000.0,50,52000000000000.0
38000.0,6420153100000.0,3.0748291e+32,0.2804162215221224,8.542671349391042e-14,0.011971644192463349,0.19817247048941422,6.04312091717154e-14,0.241822267976018,7.374248103650539e-14,300000000000000.0,50,52000000000000.0
39000.0,6389500000000.0,3.0175069e+32,0.28310181667890827,8.380730337966392e-14,0.011857370697171713,0.20007226949828807,5.928523938303693e-14,0.24414053849448766,7.234408125897534e-14,300000000000000.0,50,52000000000000.0
40000.0,6359560700000.0,2.9605311e+32,0.28573397424396985,8.226193797099145e-14,0.011747595647717653,0.20193425369809131,5.819168180350429e-14,0.24641266449927143,7.100963908741187e-14,300000000000000.0,50,52000000000000.0
41000.0,6330302400000.0,2.9039189e+32,0.28832213070868107,8.077092578746074e-14,0.011641452260926116,0.2037651011488616,5.713659951261031e-14,0.24864679507438442,6.972214758928099e-14,300000000000000.0,50,52000000000000.0
42000.0,6301694800000.0,2.8476963e+32,0.2908595069689488,7.934790626982994e-14,0.011539411803147322,0.20556001518326236,5.612964340027451e-14,0.2508370769686682,6.849338350251041e-14,300000000000000.0,50,52000000000000.0
43000.0,6273709600000.0,2.7918863e+32,0.2933571526184625,7.797118911843519e-14,0.011440520609605456,0.20732681510854736,5.5155462590981576e-14,0.2529930518990296,6.730461448689307e-14,300000000000000.0,50,52000000000000.0
44000.0,6246320400000.0,2.73651e+32,0.29580752974601765,7.665492620649716e-14,0.01134530135237287,0.2090601673615011,5.4224070734458136e-14,0.25510821145403234,6.61680599497407e-14,300000000000000.0,50,52000000000000.0
45000.0,6219502600000.0,2.6815912e+32,0.2982198927812836,7.538197737468035e-14,0.011252981183157405,0.21076662075568386,5.33233374098299e-14,0.2571905469948717,6.506891740494139e-14,300000000000000.0,50,52000000000000.0
46000.0,6193233200000.0,2.6271517e+32,0.30059220119704794,7.415596629403016e-14,0.011163659748211529,0.21244473171166575,5.245582602250656e-14,0.2592382969617244,6.40103149022597e-14,300000000000000.0,50,52000000000000.0
47000.0,6167490700000.0,2.5732132e+32,0.3029247768457,7.297611198474308e-14,0.011077260075586919,0.21409472825574952,5.162098308574925e-14,0.26125173961373993,6.299157702210231e-14,300000000000000.0,50,52000000000000.0
48000.0,6142254700000.0,2.5197981e+32,0.30522271404220186,7.183378693283344e-14,0.01099336365981504,0.21572021529953878,5.081270266015403e-14,0.26323527393811386,6.20052528197715e-14,300000000000000.0,50,52000000000000.0
49000.0,6117506300000.0,2.4669268e+32,0.3074852078168041,7.073025490979312e-14,0.010911985856956064,0.21732062349555553,5.003187838384756e-14,0.2651882051779086,6.105243277064698e-14,300000000000000.0,50,52000000000000.0
50000.0,6093227600000.0,2.4146195e+32,0.3097106728973167,6.966772617303731e-14,0.010833194078450367,0.21889483139310623,4.928007368035927e-14,0.2671091648588523,6.013502467351697e-14,300000000000000.0,50,52000000000000.0
51000.0,6069401500000.0,2.3628975e+32,0.3119042752852771,6.863806457826835e-14,0.01075659084486447,0.22044649448723228,4.855153062787479e-14,0.2690026136917023,5.924600226614998e-14,300000000000000.0,50,52000000000000.0
52000.0,6046011900000.0,2.3117773e+32,0.31406673894796394,6.764014208447933e-14,0.010682093852473741,0.22197612520844942,4.7845450518415006e-14,0.27086917698499086,5.838439089722178e-14,300000000000000.0,50,52000000000000.0
53000.0,6023043600000.0,2.2612754e+32,0.31619878450211375,6.6672827654427e-14,0.010609623426062538,0.22348423360378714,4.7161032567509787e-14,0.27270947713854704,5.754921338219409e-14,300000000000000.0,50,52000000000000.0
54000.0,6000482300000.0,2.2114076e+32,0.3182990336691941,6.573784831812403e-14,0.010539237902881452,0.22496984465794506,4.6499498418152566e-14,0.2745223243690511,5.674196045584173e-14,300000000000000.0,50,52000000000000.0
55000.0,5978314200000.0,2.1622203e+32,0.3203693354852736,6.483240043689192e-14,0.01047078565396477,0.22643426681349055,4.585886379548989e-14,0.2763093153375728,5.596021075011573e-14,300000000000000.0,50,52000000000000.0
56000.0,5956526500000.0,2.1136655e+32,0.3224118048212384,6.395348124832317e-14,0.01040410367899389,0.2278789965698925,4.523700358052139e-14,0.27807227618565666,5.520137102920845e-14,300000000000000.0,50,52000000000000.0
57000.0,5935106800000.0,2.0657871e+32,0.32442712422628545,6.310007375845702e-14,0.010339124260031642,0.22930451698903861,4.4633197835387795e-14,0.2798117963830903,5.4464562766028394e-14,300000000000000.0,50,52000000000000.0
58000.0,5914043600000.0,2.0185973e+32,0.32641596934562456,6.227118311970514e-14,0.010275781987367828,0.23071130623790806,4.4046742320585264e-14,0.2815284594263799,5.374892659022488e-14,300000000000000.0,50,52000000000000.0
59000.0,5893325700000.0,1.9721072e+32,0.3283790084555953,6.146583527443109e-14,0.010214013705008134,0.2320998372600786,4.347694753399138e-14,0.2832228424379059,5.305362111551489e-14,300000000000000.0,50,52000000000000.0
60000.0,5872942300000.0,1.926327e+32,0.3303169019806503,6.068308004296202e-14,0.010153758457479924,0.23347057743440655,4.292314089365015e-14,0.2848955157494258,5.2377825603246333e-14,300000000000000.0,50,52000000000000.0
61000.0,5852883300000.0,1.8812671e+32,0.3322303021330532,5.992199568132938e-14,0.010094957433633001,0.23482398832050635,4.2384669960142566e-14,0.2865470425914958,5.1720743894536736e-14,300000000000000.0,50,52000000000000.0
62000.0,5833139000000.0,1.8369358e+32,0.3341198527182041,5.918168781688341e-14,0.01003755390646023,0.23616052552138028,4.18609016822475e-14,0.28817797892584773,5.108160348975236e-14,300000000000000.0,50,52000000000000.0
63000.0,5813699900000.0,1.7933417e+32,0.3359861889363157,5.84612889338532e-14,0.009981493174433696,0.2374806385434628,4.135122203165496e-14,0.2897888732746102,5.045965510273732e-14,300000000000000.0,50,52000000000000.0
64000.0,5794557100000.0,1.7504907e+32,0.33782993720490634,5.775996301207067e-14,0.009926722503642283,0.2387847706713837,4.0855039282694035e-14,0.2913802665674915,4.9854176662945644e-14,300000000000000.0,50,52000000000000.0
65000.0,5775702300000.0,1.7083881e+32,0.3396517151612801,5.707690532818589e-14,0.00987319106610099,0.24007335897003496,4.037178387037238e-14,0.2929526921443063,4.9264473142189905e-14,300000000000000.0,50,52000000000000.0
66000.0,5757127300000.0,1.6670378e+32,0.341452131695163,5.6411339049062366e-14,0.009820849878942068,0.2413468343079607,3.9900905979508183e-14,0.29450667578352263,4.868987361271126e-14,300000000000000.0,50,52000000000000.0
67000.0,5738824300000.0,1.6264431e+32,0.3432317869153906,5.576251623874661e-14,0.009769651747300547,0.24260562133409191,3.944187625575589e-14,0.2960427356738771,4.81297321148038e-14,300000000000000.0,50,52000000000000.0
68000.0,5720785900000.0,1.5866059e+32,0.3449912721819136,5.5129718613840723e-14,0.009719551207006058,0.24385013850067525,3.899418633871305e-14,0.2975613824423585,4.7583428307330495e-14,300000000000000.0,50,52000000000000.0
69000.0,5703005000000.0,1.5475274e+32,0.34673117020026,5.4512254279464493e-14,0.009670504467229309,0.2450807981303703,3.85573465520741e-14,0.29906311923608897,4.705036464907011e-14,300000000000000.0,50,52000000000000.0
70000.0,5685474300000.0,1.5092084e+32,0.3484520550711127,5.3909456683486555e-14,0.00962246935616459,0.24629800645159153,3.813088516286646e-14,0.3005484417654552,4.652996549476907e-14,300000000000000.0,50,52000000000000.0
71000.0,5668187300000.0,1.4716486e+32,0.35015449230897655,5.3320709960927434e-14,0.00957540526930244,0.24750216361197885,3.7714366306801424e-14,0.30201783832055024,4.602169896888836e-14,300000000000000.0,50,52000000000000.0
72000.0,5651137500000.0,1.4349401e+32,0.35183721891601494,5.274702187265234e-14,0.009529366613686335,0.24869237614747336,3.7308502931377235e-14,0.30347021863262635,4.552643506152777e-14,300000000000000.0,50,52000000000000.0
73000.0,5634316400000.0,1.4006317e+32,0.3535008913983152,5.218756891841415e-14,0.009484307022316512,0.24986910858543743,3.691271227963729e-14,0.3049061495526686,4.5043462648074766e-14,300000000000000.0,50,52000000000000.0
74000.0,5617717000000.0,1.3670534e+32,0.3551474669023812,5.1640502965312106e-14,0.009440116208146665,0.25103374559212355,3.6525686620877813e-14,0.30632732075158975,4.4571185937236536e-14,300000000000000.0,50,52000000000000.0
75000.0,5601334600000.0,1.3341123e+32,0.3567774826178334,5.110526166925427e-14,0.009396758587432509,0.2521866672561763,3.614702800094599e-14,0.3077341960417523,4.410911931484353e-14,300000000000000.0,50,52000000000000.0
76000.0,5585164300000.0,1.301808e+32,0.35839146723755483,5.058132721317279e-14,0.009354199937055696,0.25332824764980105,3.577636997323837e-14,0.30912723189374863,4.3656815614619996e-14,300000000000000.0,50,52000000000000.0
77000.0,5569201000000.0,1.2701388e+32,0.35998994194280853,5.006824455206405e-14,0.009312407325132395,0.2544588555257748,3.541339050233715e-14,0.310506878286945,4.3213881864082284e-14,300000000000000.0,50,52000000000000.0
78000.0,5553439900000.0,1.239102e+32,0.3615705854588884,4.956776726787335e-14,0.009271485823309788,0.25557684875024184,3.5059330255175574e-14,0.31187113137174677,4.278183201593808e-14,300000000000000.0,50,52000000000000.0
79000.0,5537876100000.0,1.2086948e+32,0.3631343223233779,4.9078972348549406e-14,0.009231380171147748,0.2566828814453704,3.471353609714425e-14,0.31322078935606545,4.235986906603352e-14,300000000000000.0,50,52000000000000.0
80000.0,5522505000000.0,1.1789136e+32,0.36468380152212565,4.859971862936078e-14,0.009191955762783567,0.2577788276633586,3.437449301699892e-14,0.31455813909410013,4.194614428480522e-14,300000000000000.0,50,52000000000000.0
81000.0,5507322000000.0,1.1497548e+32,0.3662195206170867,4.81295450324119e-14,0.009153183801644432,0.25886503943029204,3.404187475223149e-14,0.3158836101538581,4.154025954214527e-14,300000000000000.0,50,52000000000000.0
82000.0,5492322500000.0,1.1212142e+32,0.36774160757350005,4.766829115999863e-14,0.009115053414289797,0.2599416073023568,3.371556778174493e-14,0.31719731303891097,4.114207631073467e-14,300000000000000.0,50,52000000000000.0
83000.0,5477502300000.0,1.0932879e+32,0.3692449607468782,4.721973276246071e-14,0.009077793634408216,0.26100492224723,3.339824346676419e-14,0.3184948437491343,4.075485438132445e-14,300000000000000.0,50,52000000000000.0
84000.0,5462857400000.0,1.0659716e+32,0.3707357490788086,4.677910153545438e-14,0.009041111037435259,0.2620593484277905,3.308652808322693e-14,0.3197815277504658,4.037447688676037e-14,300000000000000.0,50,52000000000000.0
85000.0,5448383700000.0,1.0392605e+32,0.3722144447495229,4.634607330694676e-14,0.009004980596490084,0.26310521989907426,3.27801922348055e-14,0.32105777268113467,4.0000663900237047e-14,300000000000000.0,50,52000000000000.0
86000.0,5434077600000.0,1.0131497e+32,0.37367991647494614,4.5921346558171255e-14,0.008969449754995812,0.2641417363820806,3.247973009704215e-14,0.3223226019835707,3.9634018450902266e-14,300000000000000.0,50,52000000000000.0
87000.0,5419935100000.0,9.8763352e+31,0.3751285296546894,4.550739871956642e-14,0.008934673815603608,0.26516632671565277,3.2186894431279115e-14,0.3235728781431359,3.927667938612884e-14,300000000000000.0,50,52000000000000.0
88000.0,5405952700000.0,9.6270593e+31,0.37656618731590985,4.5100054135430184e-14,0.008900383431844008,0.2661831668761673,3.189873085878088e-14,0.32481369698611023,3.892504155533767e-14,300000000000000.0,50,52000000000000.0
89000.0,5392126700000.0,9.383603e+31,0.3779933411166181,4.469901194809335e-14,0.008866556855072476,0.26719257638672567,3.161502650007668e-14,0.3260454484176221,3.85788451871082e-14,300000000000000.0,50,52000000000000.0
90000.0,5378453700000.0,9.1458953e+31,0.37940408276125626,4.43081318807139e-14,0.008833447224219956,0.2681903756423725,3.133851212009972e-14,0.3272630321848783,3.8241422560779564e-14,300000000000000.0,50,52000000000000.0
91000.0,5364930000000.0,8.913864e+31,0.38080334055870446,4.392394948059981e-14,0.008800833259510678,0.2691800510535196,3.10667365658481e-14,0.3284707026559535,3.7909782599333615e-14,300000000000000.0,50,52000000000000.0
92000.0,5351552300000.0,8.6874353e+31,0.38219317771188455,4.3545284557433714e-14,0.008768624250462737,0.2701630621706346,3.0798864791793405e-14,0.3296702408788694,3.758290631830488e-14,300000000000000.0,50,52000000000000.0
93000.0,5338316900000.0,8.4678602e+31,0.3835684591286445,4.31752182288419e-14,0.00873703565483079,0.27113577639034664,3.0537076714271795e-14,0.3308572140916455,3.7263453811428916e-14,300000000000000.0,50,52000000000000.0
94000.0,5325220100000.0,8.2536743e+31,0.3849318700928894,4.2811893502842006e-14,0.00870594689005994,0.27210009335069424,3.028005847861252e-14,0.332033940368884,3.694982181663046e-14,300000000000000.0,50,52000000000000.0
95000.0,5312260200000.0,8.0468388e+31,0.3862869079351989,4.2453337409327697e-14,0.008675209226134248,0.2730584871020469,3.002641414581714e-14,0.33320343872364105,3.664030690618797e-14,300000000000000.0,50,52000000000000.0
96000.0,5299433600000.0,7.8433662e+31,0.38762751903021286,4.210304278804936e-14,0.008645071506235655,0.2740066752948667,2.97786149141815e-14,0.3343604835276945,3.6337924617216366e-14,300000000000000.0,50,52000000000000.0
97000.0,5286738200000.0,7.6442396e+31,0.38895755411969857,4.1758527498394296e-14,0.008615368286171836,0.2749473819967229,2.9534904653545577e-14,0.3355083988830908,3.6040531990981845e-14,300000000000000.0,50,52000000000000.0
98000.0,5274171700000.0,7.4532151e+31,0.39028023108010124,4.141804726071877e-14,0.00858596690723453,0.27588288354369483,2.9294049250370634e-14,0.3366499625374396,3.5746623071404825e-14,300000000000000.0,50,52000000000000.0
99000.0,5261730800000.0,7.2640623e+31,0.3915869450457817,4.108654279856456e-14,0.008557213185862429,0.27680709288064737,2.905954422279482e-14,0.3377777466327233,3.546046334480981e-14,300000000000000.0,50,52000000000000.0
100000.0,5249413800000.0,7.0799162e+31,0.3928859991130376,4.075419152813551e-14,0.008528766556117827,0.27772588363385126,2.8824441214999085e-14,0.3388989185864248,3.517357393359223e-14,300000000000000.0,50,52000000000000.0
101000.0,5236138400000.0,6.9254229e+31,0.3941760581249703,4.042084584670277e-14,0.008500680545538866,0.27863831131826583,2.858863599617357e-14,0.34001232587066965,3.4885827650235524e-14,300000000000000.0,50,52000000000000.0
102000.0,5223821700000.0,6.7428719e+31,0.39545180533062574,4.0104434649330285e-14,0.008473152927063595,0.27954061498188476,2.836480978209395e-14,0.3411133791053685,3.4612698997039295e-14,300000000000000.0,50,52000000000000.0
103000.0,5212179400000.0,6.5604871e+31,0.396721666839158,3.979531975449701e-14,0.008445855334134587,0.28043875516217714,2.814614473234116e-14,0.34220935176184086,3.4345868361563806e-14,300000000000000.0,50,52000000000000.0
104000.0,5201188300000.0,6.3840251e+31,0.3979784542730865,3.950304091644413e-14,0.008419069438489519,0.28132764686656836,2.7939388871104077e-14,0.34329403877073067,3.4093570159079675e-14,300000000000000.0,50,52000000000000.0
105000.0,5190516200000.0,6.2190429e+31,0.39922717477264524,3.9215063094499214e-14,0.008392601473656626,0.28221083208199765,2.773567591635384e-14,0.3443717623160505,3.384498513278537e-14,300000000000000.0,50,52000000000000.0
106000.0,5179757300000.0,6.0641338e+31,0.4004685497294283,3.8931001667104176e-14,0.00836642300843703,0.28308882111547634,2.7534733753919116e-14,0.3454431451106991,3.3599781229143815e-14,300000000000000.0,50,52000000000000.0
107000.0,5168596400000.0,5.9156751e+31,0.4016973798617079,3.864257948517113e-14,0.008340733419647183,0.28395793606778813,2.7330708770908868e-14,0.34650369912100004,3.335081547317326e-14,300000000000000.0,50,52000000000000.0
108000.0,5156850200000.0,5.7707411e+31,0.40292200153829105,3.8352106331175024e-14,0.0083152059130772,0.2848240740137814,2.7125233665825785e-14,0.34756062037682983,3.3100080184198514e-14,300000000000000.0,50,52000000000000.0
109000.0,5144451500000.0,5.6273645e+31,0.40413239511768273,3.805122047292064e-14,0.008290215005031071,0.28568014726396945,2.6912395528104284e-14,0.3486052599771909,3.2840360034773027e-14,300000000000000.0,50,52000000000000.0
110000.0,5131417800000.0,5.4847763e+31,0.4053370921201411,3.774720098526155e-14,0.008265430158974336,0.28653219091691123,2.6697341667273678e-14,0.3496449823779836,3.2577936114762006e-14,300000000000000.0,50,52000000000000.0
111000.0,5117819900000.0,5.3429941e+31,0.40653083249290417,3.7437154366328467e-14,0.008241041646529602,0.28737648416020073,2.6478026149329028e-14,0.3506752471807417,3.2310311841375014e-14,300000000000000.0,50,52000000000000.0
112000.0,5103757400000.0,5.2023428e+31,0.40771483343155457,3.7124379215304284e-14,0.008216992493490326,0.28821388808779874,2.6256781796025446e-14,0.3516971051542734,3.204033388231513e-14,300000000000000.0,50,52000000000000.0
113000.0,5089340500000.0,5.0635347e+31,0.40889113446205405,3.6809446911590814e-14,0.008193211634914769,0.2890458453849834,2.603401252300577e-14,0.3527123167649738,3.1768495120739635e-14,300000000000000.0,50,52000000000000.0
114000.0,5074679500000.0,4.9270545e+31,0.4100540081652381,3.649461782447254e-14,0.008169884221036157,0.28986830478084324,2.5811317518863102e-14,0.3537159383673275,3.149674700308512e-14,300000000000000.0,50,52000000000000.0
115000.0,5059877300000.0,4.793543e+31,0.4112123069237681,3.617982390520259e-14,0.008146711304351477,0.2906875280618851,2.5588647819533066e-14,0.35471561103438815,3.1225029769530767e-14,300000000000000.0,50,52000000000000.0
116000.0,5045026500000.0,4.6633645e+31,0.4123540782215598,3.5869328004392514e-14,0.008124082850359461,0.29149506063199515,2.5369019445784382e-14,0.3557010178734433,3.095702378958658e-14,300000000000000.0,50,52000000000000.0
117000.0,5030207300000.0,4.5368255e+31,0.4134935091686606,3.5559559112223396e-14,0.008101531133712828,0.29230093775572424,2.514990546786856e-14,0.35668440462038103,3.068964551347676e-14,300000000000000.0,50,52000000000000.0
118000.0,5015487500000.0,4.4141336e+31,0.4146152171602808,3.5258012049362275e-14,0.00807955225796638,0.2930942786052677,2.4936608018573018e-14,0.3576524937244349,3.042936498521389e-14,300000000000000.0,50,52000000000000.0
119000.0,5000923500000.0,4.2954771e+31,0.41573458712046873,3.49578721121466e-14,0.008057647888733388,0.2938859656627426,2.4724305970153702e-14,0.358618564755255,3.0170299116040375e-14,300000000000000.0,50,52000000000000.0
120000.0,4986560100000.0,4.1807778e+31,0.4168382031265387,3.4667213567075863e-14,0.00803624555389492,0.2946665092582391,2.4518711059849224e-14,0.3595710377511244,2.991941777479855e-14,300000000000000.0,50,52000000000000.0
121000.0,4972433400000.0,4.0701427e+31,0.4179383493357769,3.437897528834135e-14,0.008014952623015511,0.2954445985217351,2.4314828187487272e-14,0.3605205157988055,2.967062558352889e-14,300000000000000.0,50,52000000000000.0
122000.0,4958570600000.0,3.9634844e+31,0.4190242429950052,3.410067850435903e-14,0.007994109080233831,0.2962126063622329,2.411797768836728e-14,0.361457691786481,2.943041479223748e-14,300000000000000.0,50,52000000000000.0
123000.0,4944991800000.0,3.8607511e+31,0.4201061549569581,3.382540797108793e-14,0.007973390095545891,0.29697779778823685,2.392326784338143e-14,0.36239143098757376,2.9192816178222325e-14,300000000000000.0,50,52000000000000.0
124000.0,4931711500000.0,3.7618036e+31,0.4211748040080035,3.356021778566615e-14,0.007953086010029281,0.29773360782436425,2.373568845134096e-14,0.3633137223584821,2.896391864620654e-14,300000000000000.0,50,52000000000000.0
125000.0,4918737900000.0,3.6664912e+31,0.42223954457380314,3.3298140197645037e-14,0.007932903486701726,0.29848665323598245,2.3550310764535094e-14,0.36423264014063833,2.873770778998609e-14,300000000000000.0,50,52000000000000.0
126000.0,4906076700000.0,3.5748208e+31,0.4232914938891598,3.304624916793906e-14,0.007913118798419407,0.2992306508957855,2.337213857072366e-14,0.3651405172213707,2.852028958380671e-14,300000000000000.0,50,52000000000000.0
127000.0,4893729100000.0,3.4864783e+31,0.4243401431416997,3.2797042638923324e-14,0.007893436317258591,0.2999723142944897,2.319586525121465e-14,0.36604554587300764,2.8305188517595833e-14,300000000000000.0,50,52000000000000.0
128000.0,4881694800000.0,3.4015218e+31,0.42537597220384377,3.255826494471393e-14,0.007874150893617654,0.30070490948044104,2.302696873979884e-14,0.366939508855486,2.8099089151418968e-14,300000000000000.0,50,52000000000000.0
129000.0,4869969400000.0,3.3197378e+31,0.4264095901838036,3.232129077661925e-14,0.007854933741394727,0.30143594068417623,2.2859347940922577e-14,0.36783156335719835,2.7894546499315566e-14,300000000000000.0,50,52000000000000.0
130000.0,4858548700000.0,3.2408944e+31,0.42742988965849993,3.209518019026878e-14,0.007836127823655347,0.30215755120444376,2.269941142637264e-14,0.3687121220803695,2.7699380750851895e-14,300000000000000.0,50,52000000000000.0
131000.0,4847427400000.0,3.1650621e+31,0.42844949422427037,3.186963749238713e-14,0.007817343314842323,0.3028786701895146,2.2539876602056924e-14,0.36959208099783125,2.7504705173009763e-14,300000000000000.0,50,52000000000000.0
132000.0,4836597700000.0,3.0920325e+31,0.42945484876268464,3.1655740099255935e-14,0.007798997824402614,0.3035897095947463,2.2388578967699437e-14,0.37045974010527755,2.7320081192586786e-14,300000000000000.0,50,52000000000000.0
133000.0,4826051700000.0,3.0216901e+31,0.43046020330109885,3.144184270612474e-14,0.007780652333962906,0.304300748999978,2.223728133334195e-14,0.37132739921272384,2.7135457212163808e-14,300000000000000.0,50,52000000000000.0
134000.0,4815781300000.0,2.9539236e+31,0.4314523894947942,3.123847241462876e-14,0.007762711976613956,0.3050024739419747,2.209342992562483e-14,0.37218369215912445,2.6959919640018366e-14,300000000000000.0,50,52000000000000.0
135000.0,4805778000000.0,2.8886244e+31,0.43244337638551444,3.1036060875700413e-14,0.007744808516637565,0.3057033505720759,2.1950256680725728e-14,0.3730389499358778,2.678520960973282e-14,300000000000000.0,50,52000000000000.0
136000.0,4796033200000.0,2.8256966e+31,0.43342397388689236,3.084167661389582e-14,0.007727224350697509,0.30639687839888,2.1812761438648017e-14,0.3738852401876755,2.661742827691579e-14,300000000000000.0,50,52000000000000.0
137000.0,4786538100000.0,2.7650405e+31,0.43440114350098663,3.064994088130394e-14,0.007709745533005637,0.3070879815529201,2.167713960346911e-14,0.37472857168379003,2.6451933006653776e-14,300000000000000.0,50,52000000000000.0
138000.0,4777284100000.0,2.70656e+31,0.43537096953717386,3.046369787351323e-14,0.0076924921658830065,0.30777389032039987,2.1545402983214916e-14,0.37556556462530144,2.62911787482479e-14,300000000000000.0,50,52000000000000.0
139000.0,4768262400000.0,2.6501664e+31,0.43633483775445403,3.0281911094019726e-14,0.007675421706013632,0.30845558490034697,2.141681842415348e-14,0.37639741511977454,2.6134270856072904e-14,300000000000000.0,50,52000000000000.0
140000.0,4759464400000.0,2.5957733e+31,0.4372946497562435,3.010304869819571e-14,0.007658475647684665,0.30913441036801986,2.129030239448768e-14,0.37722576452233864,2.597988712860946e-14,300000000000000.0,50,52000000000000.0
141000.0,4750881800000.0,2.5432954e+31,0.4382457016490089,2.993050202199541e-14,0.007641798256308729,0.3098070394843446,2.116825371697973e-14,0.37804655270265086,2.5830954777710796e-14,300000000000000.0,50,52000000000000.0
142000.0,4742506300000.0,2.4926516e+31,0.43919620311053104,2.9758348989398964e-14,0.007625137728041333,0.3104792792601919,2.1046483477850952e-14,0.378866865782423,2.568236219684785e-14,300000000000000.0,50,52000000000000.0
143000.0,4734330600000.0,2.4438613e+31,0.44013489226134145,2.959464358875607e-14,0.007608839083805945,0.311143163749618,2.0930688554784577e-14,0.3796769831560674,2.554106111566253e-14,300000000000000.0,50,52000000000000.0
144000.0,4726347200000.0,2.3966458e+31,0.4410735814121518,2.9430938188113175e-14,0.007592540439570557,0.31180704823904404,2.0814893631718202e-14,0.38048710052971185,2.539976003447721e-14,300000000000000.0,50,52000000000000.0
145000.0,4718548400000.0,2.3510348e+31,0.4420035021131363,2.927309508182166e-14,0.007576510292339366,0.3124647304775425,2.070324534064524e-14,0.38128964948205896,2.526351896465778e-14,300000000000000.0,50,52000000000000.0
146000.0,4710926700000.0,2.3069577e+31,0.44293027121000755,2.911735903337481e-14,0.007560576649767452,0.31312018346914744,2.0593087454684504e-14,0.3820894781510988,2.51290965917518e-14,300000000000000.0,50,52000000000000.0
147000.0,4703474900000.0,2.2643449e+31,0.44385255587050954,2.896447585072356e-14,0.007544780146871369,0.3137724644525045,2.0484947517976364e-14,0.3828854361133632,2.499713666219725e-14,300000000000000.0,50,52000000000000.0
148000.0,4696187100000.0,2.2232292e+31,0.44476780075186245,2.8816071167372843e-14,0.007529198929230989,0.3144197659388445,2.0379975407925274e-14,0.38367531774437746,2.4869042337132063e-14,300000000000000.0,50,52000000000000.0
149000.0,4689057100000.0,2.1833415e+31,0.4456829954930599,2.8667698266958284e-14,0.0075136192423366525,0.3150670319592019,2.027502577916292e-14,0.38446515609731435,2.4740975445312607e-14,300000000000000.0,50,52000000000000.0
150000.0,4682078000000.0,2.1447252e+31,0.4465870800496096,2.852636791130706e-14,0.0074983787420887784,0.31570643933588854,2.0175057612198957e-14,0.38524540478251523,2.4618987282663487e-14,300000000000000.0,50,52000000000000.0
151000.0,4675243300000.0,2.1073221e+31,0.4474911646061594,2.838503755565583e-14,0.007483138241840905,0.31634584671257515,2.007508944523499e-14,0.3860256534677161,2.449699912001437e-14,300000000000000.0,50,52000000000000.0
152000.0,4668548300000.0,2.0711746e+31,0.4483889729414,2.8247340918002442e-14,0.007468089139900004,0.3169808146867226,1.9977691567878767e-14,0.3868004848828454,2.4378147405328113e-14,300000000000000.0,50,52000000000000.0
153000.0,4661987500000.0,2.0360207e+31,0.4492822563059405,2.8112264083995715e-14,0.007453178030500864,0.31761258198240033,1.9882146793622828e-14,0.3875714106058167,2.4261556977240198e-14,300000000000000.0,50,52000000000000.0
154000.0,4655554900000.0,2.0019164e+31,0.45017429935140507,2.7977894986126305e-14,0.007438304654677601,0.31824347195513086,1.9787102631246583e-14,0.3883412657578564,2.4145577430924106e-14,300000000000000.0,50,52000000000000.0
155000.0,4649245100000.0,1.9688889e+31,0.451057091541354,2.7848804501540365e-14,0.007423712712773485,0.31886781846014967,1.9695792256617892e-14,0.3891031361121127,2.4034154114628415e-14,300000000000000.0,50,52000000000000.0
156000.0,4643054100000.0,1.9367637e+31,0.4519398837313029,2.7719714016954428e-14,0.00740912077086937,0.3194921649651685,1.9604481881989205e-14,0.3898650064663691,2.3922730798332725e-14,300000000000000.0,50,52000000000000.0
157000.0,4636977000000.0,1.9055155e+31,0.4528164061968047,2.7593939816193907e-14,0.007394719167463426,0.3201120766670342,1.951551727192673e-14,0.3906214651631172,2.3814169948885365e-14,300000000000000.0,50,52000000000000.0
158000.0,4631008600000.0,1.8751348e+31,0.4536890090836918,2.747023882220222e-14,0.0073804365560025485,0.3207292159090021,1.9428019139172222e-14,0.39137454071006045,2.3707398598153414e-14,300000000000000.0,50,52000000000000.0
159000.0,4625144300000.0,1.8456717e+31,0.454560900378694,2.7346906536101904e-14,0.007366175480618091,0.32134585181660547,1.934078181056858e-14,0.39212700205315404,2.360094549897746e-14,300000000000000.0,50,52000000000000.0
160000.0,4619380800000.0,1.8169186e+31,0.4554235805522424,2.7228346948005492e-14,0.007352193176562774,0.32195597236890094,1.9256920432085192e-14,0.39287151290330774,2.3498611971423342e-14,300000000000000.0,50,52000000000000.0
161000.0,4613713700000.0,1.788902e+31,0.45628626072579076,2.7109787359909077e-14,0.007338210872507456,0.3225660929211965,1.9173059053601805e-14,0.3936160237534615,2.3396278443869222e-14,300000000000000.0,50,52000000000000.0
162000.0,4608138600000.0,1.7616065e+31,0.4571442366575094,2.699347005000758e-14,0.007324370519135116,0.32317288599731825,1.9090783755750442e-14,0.39435647418413644,2.3295880363543995e-14,300000000000000.0,50,52000000000000.0
163000.0,4602651400000.0,1.7350015e+31,0.4579972518513966,2.687951727719256e-14,0.007310679856222735,0.3237761701685971,1.901018101863889e-14,0.39509264280336354,2.319752325956238e-14,300000000000000.0,50,52000000000000.0
164000.0,4597249000000.0,1.7091581e+31,0.4588502670452838,2.676556450437754e-14,0.007296989193310354,0.324379454339876,1.8929578281527337e-14,0.39582881142259063,2.309916615558077e-14,300000000000000.0,50,52000000000000.0
165000.0,4591928100000.0,1.6838385e+31,0.45969516619220735,2.665535902761232e-14,0.007283542435338003,0.32497699775045524,1.8851626203708473e-14,0.39655797476361865,2.3004043572647883e-14,300000000000000.0,50,52000000000000.0
166000.0,4586685000000.0,1.6591247e+31,0.4605387408606525,2.65457650816813e-14,0.007270135480837132,0.32557360431160143,1.877410669376439e-14,0.3972859948953662,2.290944883948424e-14,300000000000000.0,50,52000000000000.0
167000.0,4581516100000.0,1.6349924e+31,0.4613805628773381,2.6436930001962846e-14,0.007256780976004531,0.32616897116279514,1.869712397290294e-14,0.3980125022462378,2.281550913418077e-14,300000000000000.0,50,52000000000000.0
168000.0,4576418000000.0,1.6114196e+31,0.4622149104539995,2.6331331218309253e-14,0.007243650150461132,0.3267590510893977,1.8622430467672658e-14,0.3987325581215864,2.272436289108598e-14,300000000000000.0,50,52000000000000.0
169000.0,4571387800000.0,1.5884731e+31,0.4630492580306608,2.6225732434655657e-14,0.007230519324917734,0.3273491310160002,1.8547736962442377e-14,0.39945261399693505,2.2633216647991185e-14,300000000000000.0,50,52000000000000.0
170000.0,4566423100000.0,1.5659683e+31,0.4638792978687943,2.6121886741287252e-14,0.007217516776498726,0.32793616393695424,1.8474283524465108e-14,0.4001689517027227,2.2543583622415372e-14,300000000000000.0,50,52000000000000.0
171000.0,4561521100000.0,1.5439439e+31,0.46470461011170267,2.6019965004353943e-14,0.007204655007822229,0.3285198528737595,1.840219101774822e-14,0.40088120884499695,2.2455611301144376e-14,300000000000000.0,50,52000000000000.0
172000.0,4556678700000.0,1.5223994e+31,0.465529922354611,2.5918043267420638e-14,0.007191793239145732,0.3291035418105647,1.8330098511031334e-14,0.4015934659872712,2.236763897987338e-14,300000000000000.0,50,52000000000000.0
173000.0,4551893400000.0,1.5013184e+31,0.4663488583830687,2.5818573965556577e-14,0.007179120277754758,0.3296827206468071,1.825974076924625e-14,0.40230021958925044,2.228178354121749e-14,300000000000000.0,50,52000000000000.0
174000.0,4547162500000.0,1.4806851e+31,0.4671653080676402,2.5720060967309375e-14,0.007166520939960306,0.3302601408124389,1.8190059482466842e-14,0.4030048271382901,2.2196753560705908e-14,300000000000000.0,50,52000000000000.0
175000.0,4542483700000.0,1.4604847e+31,0.46798175775221157,2.5621547969062173e-14,0.007153921602165854,0.33083756097807065,1.812037819568743e-14,0.4037094346873298,2.2111723580194327e-14,300000000000000.0,50,52000000000000.0
176000.0,4537854700000.0,1.4407031e+31,0.46879022192553577,2.5525944034928878e-14,0.007141557260905189,0.3314093327449205,1.8052754686678603e-14,0.4044071496650559,2.2029204645474818e-14,300000000000000.0,50,52000000000000.0
177000.0,4533273100000.0,1.4213265e+31,0.46959796612784976,2.5430602381038372e-14,0.007129214106853028,0.33198059525403467,1.798531670622196e-14,0.405104243210869,2.194691210579997e-14,300000000000000.0,50,52000000000000.0
178000.0,4528736900000.0,1.4023426e+31,0.4704051147299381,2.533546458175422e-14,0.007116888362081255,0.3325514364774385,1.7918022926855432e-14,0.40580082267439804,2.1864795530492184e-14,300000000000000.0,50,52000000000000.0
179000.0,4524244000000.0,1.3837404e+31,0.4712042966609229,2.5243053515153874e-14,0.007104795481578207,0.3331166426380103,1.7852657962503165e-14,0.40649052584020073,2.1785032631657192e-14,300000000000000.0,50,52000000000000.0
180000.0,4519792500000.0,1.3655079e+31,0.47200347859190767,2.5150642448553527e-14,0.007092702601075159,0.33368184879858204,1.77872929981509e-14,0.4071802290060034,2.1705269732822198e-14,300000000000000.0,50,52000000000000.0
181000.0,4515380400000.0,1.3476344e+31,0.4728011802883648,2.5058706002468263e-14,0.007080652667909128,0.3342460079473544,1.7722263769664217e-14,0.40786865453481713,2.1625916522660063e-14,300000000000000.0,50,52000000000000.0
182000.0,4511005900000.0,1.3301096e+31,0.47359192814753653,2.4968999225920297e-14,0.007068804492496955,0.33480524845009224,1.765881175920388e-14,0.4085510779879021,2.1548487945598708e-14,300000000000000.0,50,52000000000000.0
183000.0,4506667200000.0,1.312924e+31,0.4743826760067082,2.4879292449372332e-14,0.0070569563170847826,0.33536448895283005,1.7595359748743543e-14,0.40923350144098697,2.1471059368537356e-14,300000000000000.0,50,52000000000000.0
184000.0,4502362600000.0,1.2960684e+31,0.47517147372472274,2.4790174083200937e-14,0.007045164265993891,0.33592235006839266,1.7532323969341398e-14,0.4099142416694519,2.1394138706114013e-14,300000000000000.0,50,52000000000000.0
185000.0,4498090400000.0,1.2795341e+31,0.47595390115774827,2.470297780445151e-14,0.007033555549283722,0.3364757053104269,1.7470647840471316e-14,0.41058948351617625,2.1318877185636535e-14,300000000000000.0,50,52000000000000.0
186000.0,4493849100000.0,1.2632178e+31,0.47673632859077375,2.461578152570208e-14,0.007021946832573554,0.3370290605524611,1.7408971711601238e-14,0.4112647253629006,2.1243615665159054e-14,300000000000000.0,50,52000000000000.0
187000.0,4489638000000.0,1.2472874e+31,0.47751673892272123,2.4529159980332673e-14,0.007010395663311878,0.3375809890479895,1.7347702141444146e-14,0.41193822619388126,2.1168850256467047e-14,300000000000000.0,50,52000000000000.0
188000.0,4485455300000.0,1.2316572e+31,0.4782909472365882,2.4444305578342012e-14,0.006999021436256976,0.33812853069958515,1.7287682624899216e-14,0.41260637389147764,2.109561025187943e-14,300000000000000.0,50,52000000000000.0
189000.0,4481299300000.0,1.216316e+31,0.47906515555045515,2.435945117635135e-14,0.0069876472092020745,0.33867607235118075,1.722766310835429e-14,0.41327452158907396,2.102237024729181e-14,300000000000000.0,50,52000000000000.0
190000.0,4477168600000.0,1.2012574e+31,0.4798376744783177,2.427504740859611e-14,0.006976320735150607,0.3392224190602765,1.7167962367134248e-14,0.4139412111344023,2.0949519235002433e-14,300000000000000.0,50,52000000000000.0
191000.0,4473061600000.0,1.1864748e+31,0.480603754324007,2.4192361229872853e-14,0.006965176271316067,0.3397642112549338,1.7109476635690773e-14,0.4146023429432214,2.0878150863960577e-14,300000000000000.0,50,52000000000000.0
192000.0,4468977400000.0,1.1718663e+31,0.4813698341696963,2.4109675051149592e-14,0.006954031807481526,0.34030600344959105,1.7050990904247302e-14,0.4152634747520405,2.080678249291872e-14,300000000000000.0,50,52000000000000.0
193000.0,4464915700000.0,1.1576008e+31,0.48213494122776807,2.4027233659642405e-14,0.006942914569381699,0.3408471075704224,1.6992678334664892e-14,0.4159237669251587,2.0735625426295218e-14,300000000000000.0,50,52000000000000.0
194000.0,4460874700000.0,1.1435935e+31,0.48289297147416993,2.3946573040213532e-14,0.006931995392393746,0.34138320610854095,1.6935625478772473e-14,0.4165779509369269,2.0666005551908576e-14,300000000000000.0,50,52000000000000.0
195000.0,4456852900000.0,1.1298374e+31,0.4836510017205718,2.386591242078466e-14,0.006921076215405793,0.3419193046466594,1.687857262288005e-14,0.4172321349486951,2.0596385677521935e-14,300000000000000.0,50,52000000000000.0
196000.0,4452849000000.0,1.1162417e+31,0.4844090319669736,2.3785251801355782e-14,0.006910157038417839,0.34245540318477796,1.682151976698763e-14,0.4178863189604633,2.0526765803135293e-14,300000000000000.0,50,52000000000000.0
197000.0,4448863100000.0,1.1035137e+31,0.4851592125392131,2.3706443851151177e-14,0.006899455265574856,0.34298594949267613,1.6765777495883232e-14,0.41853372775363007,2.0458745197645188e-14,300000000000000.0,50,52000000000000.0
198000.0,4444892900000.0,1.0910385e+31,0.48590926265684076,2.362766669066338e-14,0.0068887571057956445,0.34351640352743995,1.671005700553384e-14,0.419181023948682,2.0390751170583534e-14,300000000000000.0,50,52000000000000.0
199000.0,4440937000000.0,1.0787485e+31,0.48665931277446844,2.3548889530175585e-14,0.006878058946016433,0.3440468575622038,1.6654336515184442e-14,0.4198283201437339,2.0322757143521883e-14,300000000000000.0,50,52000000000000.0
200000.0,4436994900000.0,1.0665413e+31,0.4874030626508236,2.3471493061650524e-14,0.006867533357741582,0.3445728553239712,1.6599592742532014e-14,0.42047017848379176,2.025595497708422e-14,300000000000000.0,50,52000000000000.0
201000.0,4433066700000.0,1.0545939e+31,0.48814519221231384,2.339445168360762e-14,0.006857052151921576,0.34509770700814146,1.6545100165053675e-14,0.4211106383000631,2.018945933692111e-14,300000000000000.0,50,52000000000000.0
202000.0,4429150200000.0,1.0428236e+31,0.48888732177380406,2.331741030556472e-14,0.006846570946101569,0.34562255869231173,1.649060758757534e-14,0.4217510981163345,2.0122963696757996e-14,300000000000000.0,50,52000000000000.0
203000.0,4425245200000.0,1.0311349e+31,0.4896250796146832,2.3241274002722992e-14,0.006836208088225013,0.34614431818978747,1.6436755275593582e-14,0.42238778463093296,2.005724935428979e-14,300000000000000.0,50,52000000000000.0
204000.0,4421351800000.0,1.0196931e+31,0.49035933715228786,2.3165862365973208e-14,0.0068259399879349635,0.34666360186774614,1.6383415604654925e-14,0.4230214499780379,1.9992160573041778e-14,300000000000000.0,50,52000000000000.0
205000.0,4417467900000.0,1.0084244e+31,0.4910935946898925,2.3090450729223425e-14,0.006815671887644915,0.3471828855457048,1.633007593371627e-14,0.4236551153251429,1.9927071791793767e-14,300000000000000.0,50,52000000000000.0
206000.0,4413593600000.0,9.9722903e+30,0.49182579609727334,2.301544167012916e-14,0.006805458772520508,0.3477007148949382,1.627702105506351e-14,0.4242870059990525,1.9862330534459208e-14,300000000000000.0,50,52000000000000.0
207000.0,4409728600000.0,9.8627877e+30,0.49255222280598304,2.2941563261528393e-14,0.006795400084756433,0.3482144597216739,1.6224766023432037e-14,0.4249139124541495,1.979856530765905e-14,300000000000000.0,50,52000000000000.0
208000.0,4405871000000.0,9.7542518e+30,0.49327864951469275,2.286768485292763e-14,0.006785341396992358,0.34872820454840964,1.617251099180056e-14,0.4255408189092465,1.9734800080858898e-14,300000000000000.0,50,52000000000000.0
209000.0,4402021700000.0,9.647761e+30,0.49400507622340245,2.2793806444326864e-14,0.006775282709228282,0.3492419493751454,1.6120255960169084e-14,0.4261677253643435,1.967103485405874e-14,300000000000000.0,50,52000000000000.0
210000.0,4398179200000.0,9.5430258e+30,0.49472435963256917,2.2721252005650038e-14,0.0067654126383174945,0.3497506416655496,1.6068937540609865e-14,0.4267884663629277,1.9608412548361635e-14,300000000000000.0,50,52000000000000.0
211000.0,4394342900000.0,9.4390066e+30,0.4954429899449811,2.2648818614740492e-14,0.006755559812246298,0.35025887201325323,1.601770475350959e-14,0.42740864366687537,1.9545894737521402e-14,300000000000000.0,50,52000000000000.0
212000.0,4390513100000.0,9.336506e+30,0.4961616202573931,2.2576385223830946e-14,0.006745706986175102,0.35076710236095693,1.5966471966409316e-14,0.428028820970823,1.9483376926681166e-14,300000000000000.0,50,52000000000000.0
213000.0,4386687800000.0,9.2362343e+30,0.4968762463199352,2.250465143307937e-14,0.0067359585115556305,0.3512725004668106,1.5915734099564443e-14,0.4286455421762396,1.9421463053014882e-14,300000000000000.0,50,52000000000000.0
214000.0,4382868300000.0,9.1369963e+30,0.49758710840014714,2.2433575264284078e-14,0.006726308126973793,0.3517752362742,1.586546145620881e-14,0.4292590146598669,1.9360116878399663e-14,300000000000000.0,50,52000000000000.0
215000.0,4379052500000.0,9.0400601e+30,0.49829797048035906,2.2362499095488785e-14,0.006716657742391956,0.35227797208158945,1.5815188812853177e-14,0.42987248714349413,1.9298770703784447e-14,300000000000000.0,50,52000000000000.0
216000.0,4375241100000.0,8.9433957e+30,0.4990083725268986,2.2291499339341816e-14,0.006707019184401897,0.35278038250412574,1.576497022665768e-14,0.4304855625699012,1.923749049359464e-14,300000000000000.0,50,52000000000000.0
217000.0,4371433000000.0,8.8486868e+30,0.49971148794883014,2.2221709908257998e-14,0.006697567951687896,0.3532776390489785,1.5715607869596875e-14,0.43109234887643694,1.9177255115629706e-14,300000000000000.0,50,52000000000000.0
218000.0,4367628000000.0,8.7555823e+30,0.5004146033707617,2.2151920477174184e-14,0.006688116718973895,0.35377489559383135,1.5666245512536068e-14,0.43169913518297265,1.9117019737664775e-14,300000000000000.0,50,52000000000000.0
219000.0,4363825700000.0,8.6636984e+30,0.5011177187926933,2.2082131046090366e-14,0.006678665486259894,0.3542721521386842,1.5616883155475264e-14,0.43230592148950836,1.905678435969984e-14,300000000000000.0,50,52000000000000.0
220000.0,4360025500000.0,8.5734307e+30,0.5018166051246438,2.2013007064559102e-14,0.0066693214658794745,0.3547664174304712,1.556799156571684e-14,0.4329090576612099,1.89971234458124e-14,300000000000000.0,50,52000000000000.0
221000.0,4356227500000.0,8.4843204e+30,0.502511990412016,2.1944433974249935e-14,0.006660066201037689,0.35525820641875683,1.551948969982785e-14,0.4335091720753162,1.8937938100984238e-14,300000000000000.0,50,52000000000000.0
222000.0,4352430600000.0,8.3968284e+30,0.5032073756993882,2.187586088394077e-14,0.006650810936195904,0.35574999540704244,1.547098783393886e-14,0.43410928648942254,1.8878752756156075e-14,300000000000000.0,50,52000000000000.0
223000.0,4348635400000.0,8.3104344e+30,0.5039027609867606,2.1807287793631608e-14,0.006641555671354119,0.35624178439532805,1.542248596804987e-14,0.4347094009035289,1.8819567411327914e-14,300000000000000.0,50,52000000000000.0
224000.0,4344840600000.0,8.2256435e+30,0.5045905996885094,2.1739846115788278e-14,0.006632488989281871,0.3567282356704936,1.537478451589599e-14,0.4353030018694243,1.8761358788879786e-14,300000000000000.0,50,52000000000000.0
225000.0,4341046900000.0,8.1419176e+30,0.5052782660277159,2.1672430279184806e-14,0.006623426614403264,0.35721456503333354,1.532710134503557e-14,0.43589645406943406,1.8703172474580155e-14,300000000000000.0,50,52000000000000.0
226000.0,4337252900000.0,8.0597672e+30,0.5059659323669223,2.1605014442581333e-14,0.006614364239524658,0.3577008943961734,1.5279418174175152e-14,0.4364899062694438,1.864498616028052e-14,300000000000000.0,50,52000000000000.0
227000.0,4333459500000.0,7.9786525e+30,0.5066508979855805,2.1537985281997107e-14,0.006605368366768651,0.3581853135413874,1.5232008557223443e-14,0.4370810274893371,1.8587133656139316e-14,300000000000000.0,50,52000000000000.0
228000.0,4329665300000.0,7.8990819e+30,0.5073308522126081,2.1471673628067842e-14,0.006596495893740477,0.35866618813304524,1.5185106540278515e-14,0.4376678233989889,1.8529900562042295e-14,300000000000000.0,50,52000000000000.0
229000.0,4325871200000.0,7.8205197e+30,0.5080108064396356,2.140536197413858e-14,0.006587623420712303,0.3591470627247031,1.5138204523333588e-14,0.4382546193086408,1.8472667467945276e-14,300000000000000.0,50,52000000000000.0
230000.0,4322075800000.0,7.7434671e+30,0.5086907606666632,2.1339050320209317e-14,0.006578750947684129,0.35962793731636095,1.509130250638866e-14,0.4388414152182926,1.8415434373848255e-14,300000000000000.0,50,52000000000000.0
231000.0,4318280000000.0,7.6673973e+30,0.5093655982120572,2.127344160298392e-14,0.006570002585680647,0.36010519289575676,1.504489778357442e-14,0.43942379495817563,1.835880811383955e-14,300000000000000.0,50,52000000000000.0
232000.0,4314482600000.0,7.5928019e+30,0.5100378432574716,2.1208189046942825e-14,0.0065613171077594686,0.36058061480835707,1.4998745027780192e-14,0.44000393713065566,1.830248932212262e-14,300000000000000.0,50,52000000000000.0
233000.0,4310684400000.0,7.5191313e+30,0.510710088302886,2.1142936490901727e-14,0.00655263162983829,0.3610560367209574,1.4952592271985967e-14,0.44058407930313565,1.8246170530405697e-14,300000000000000.0,50,52000000000000.0
234000.0,4306884100000.0,7.4469767e+30,0.5113823333483005,2.1077683934860632e-14,0.006543946151917112,0.3615314586335577,1.490643951619174e-14,0.4411642214756157,1.818985173868877e-14,300000000000000.0,50,52000000000000.0
235000.0,4303082700000.0,7.3756894e+30,0.5120475067353784,2.1013366658070553e-14,0.006535429597299924,0.3620018788030835,1.4860948427194486e-14,0.44173826017449835,1.8134340360429076e-14,300000000000000.0,50,52000000000000.0
236000.0,4299279000000.0,7.3057797e+30,0.512712042338675,2.0949133732914675e-14,0.006526928277658526,0.3624718478718266,1.481551701307568e-14,0.44231174840893783,1.8078901801751892e-14,300000000000000.0,50,52000000000000.0
237000.0,4295473900000.0,7.2367777e+30,0.5133765779419717,2.08849008077588e-14,0.006518426958017128,0.36294181694056976,1.477008559895688e-14,0.44288523664337726,1.8023463243074708e-14,300000000000000.0,50,52000000000000.0
238000.0,4291666200000.0,7.1691559e+30,0.5140402659830483,2.082077621531798e-14,0.00650994557167201,0.36341118653559884,1.472473082528063e-14,0.4434579933584634,1.7968118206582785e-14,300000000000000.0,50,52000000000000.0
239000.0,4287856800000.0,7.1024052e+30,0.514697089175956,2.0757529065999374e-14,0.006501625635482685,0.36387570068057223,1.4679996802493603e-14,0.4440248251170402,1.791353065501298e-14,300000000000000.0,50,52000000000000.0
240000.0,4284044500000.0,7.0370184e+30,0.5153539123688637,2.0694281916680767e-14,0.00649330569929336,0.3643402148255456,1.4635262779706574e-14,0.44459165687561697,1.785894310344318e-14,300000000000000.0,50,52000000000000.0
241000.0,4280230400000.0,6.9724306e+30,0.5160107355617713,2.063103476736216e-14,0.006484985763104034,0.364804728970519,1.4590528756919546e-14,0.4451584886341937,1.7804355551873375e-14,300000000000000.0,50,52000000000000.0
242000.0,4276413100000.0,6.9091894e+30,0.5166657019692221,2.0568018158958077e-14,0.006476708811737994,0.3652679298312758,1.454595783111573e-14,0.4457237178324499,1.7749967022980417e-14,300000000000000.0,50,52000000000000.0
243000.0,4272594000000.0,6.8467073e+30,0.5173148075953955,2.0505729232834374e-14,0.006468567538215921,0.3657269854249963,1.4501901706708063e-14,0.44628388868888885,1.7696206691800786e-14,300000000000000.0,50,52000000000000.0
244000.0,4268771400000.0,6.7856012e+30,0.5179639132215688,2.044344030671067e-14,0.0064604262646938485,0.36618604101871677,1.4457845582300396e-14,0.4468440595453278,1.7642446360621155e-14,300000000000000.0,50,52000000000000.0
245000.0,4264946800000.0,6.7251029e+30,0.5186130188477421,2.0381151380586965e-14,0.006452284991171776,0.36664509661243727,1.441378945789273e-14,0.44740423040176674,1.7588686029441523e-14,300000000000000.0,50,52000000000000.0
246000.0,4261118600000.0,6.666152e+30,0.5192597426675323,2.0319150555702583e-14,0.00644419798384779,0.3671024675863567,1.4369937151291498e-14,0.4479623455685681,1.7535174411411338e-14,300000000000000.0,50,52000000000000.0
247000.0,4257288300000.0,6.6074847e+30,0.5199011240265088,2.0257795950255784e-14,0.006436232697180372,0.36755605990919166,1.432654201394284e-14,0.44851584976387704,1.748222066419052e-14,300000000000000.0,50,52000000000000.0
248000.0,4253454500000.0,6.5508657e+30,0.5205425053854853,2.019644134480899e-14,0.006428267410512953,0.3680096522320266,1.4283146876594183e-14,0.44906935395918596,1.74292669169697e-14,300000000000000.0,50,52000000000000.0
249000.0,4249617900000.0,6.4937212e+30,0.5211838867444618,2.0135086739362194e-14,0.006420302123845535,0.36846324455486157,1.4239751739245522e-14,0.44962285815449493,1.7376313169748878e-14,300000000000000.0,50,52000000000000.0
250000.0,4245778400000.0,6.4381534e+30,0.5218228544558889,2.0074016832578623e-14,0.0064123909499239065,0.36891512974314394,1.4196558012037738e-14,0.45017427918618014,1.732360519766343e-14,300000000000000.0,50,52000000000000.0
251000.0,4241935300000.0,6.3836996e+30,0.5224565036586531,2.0013574263579748e-14,0.006404599014251179,0.36936325323477404,1.415380809510345e-14,0.4507211099355015,1.7271438794783848e-14,300000000000000.0,50,52000000000000.0
252000.0,4238089800000.0,6.3299031e+30,0.5230901528614175,1.9953131694580873e-14,0.006396807078578451,0.36981137672640413,1.411105817816916e-14,0.45126794068482295,1.7219272391904267e-14,300000000000000.0,50,52000000000000.0
253000.0,4234240200000.0,6.2773123e+30,0.5237238020641817,1.9892689125581998e-14,0.0063890151429057225,0.37025950021803417,1.4068308261234869e-14,0.45181477143414434,1.7167105989024687e-14,300000000000000.0,50,52000000000000.0
254000.0,4230388300000.0,6.2251983e+30,0.5243555085416879,1.9832471095124883e-14,0.006381266059801343,0.3707062496558346,1.4025717193480376e-14,0.45235992546802867,1.7115133425326726e-14,300000000000000.0,50,52000000000000.0
255000.0,4226532700000.0,6.1740763e+30,0.5249814166320456,1.9772923237348908e-14,0.006373644877325506,0.37114889800109274,1.3983600237563819e-14,0.4529000750653866,1.7063739406955712e-14,300000000000000.0,50,52000000000000.0
256000.0,4222673800000.0,6.1239258e+30,0.5256073247224031,1.9713375379572936e-14,0.006366023694849669,0.37159154634635083,1.3941483281647263e-14,0.45344022466274453,1.70123453885847e-14,300000000000000.0,50,52000000000000.0
257000.0,4218812200000.0,6.074413e+30,0.5262332328127607,1.965382752179696e-14,0.0063584025123738334,0.372034194691609,1.3899366325730705e-14,0.45398037426010246,1.6960951370213685e-14,300000000000000.0,50,52000000000000.0
258000.0,4214946400000.0,6.0260055e+30,0.5268581820705647,1.959438870118214e-14,0.006350802136434456,0.3724761648746309,1.3857326507424142e-14,0.45451969631706324,1.6909651480690746e-14,300000000000000.0,50,52000000000000.0
259000.0,4211078200000.0,5.9780021e+30,0.5274763395915418,1.9535722227835003e-14,0.006343349140263717,0.372913331404067,1.3815833081023642e-14,0.45505315662415946,1.6859018337787466e-14,300000000000000.0,50,52000000000000.0
260000.0,4207206500000.0,5.9309008e+30,0.5280944971125189,1.9477055754487862e-14,0.006335896144092979,0.37335049793350306,1.377433965462314e-14,0.4555866169312557,1.6808385194884187e-14,300000000000000.0,50,52000000000000.0
261000.0,4203331000000.0,5.8847436e+30,0.5287126546334959,1.9418389281140725e-14,0.006328443147922241,0.37378766446293915,1.373284622822264e-14,0.45612007723835185,1.6757752051980907e-14,300000000000000.0,50,52000000000000.0
262000.0,4199453100000.0,5.8390931e+30,0.529330812154473,1.9359722807793584e-14,0.006320990151751502,0.3742248309923752,1.369135280182214e-14,0.4566535375454481,1.6707118909077628e-14,300000000000000.0,50,52000000000000.0
263000.0,4195571300000.0,5.7942581e+30,0.5299417580265292,1.930186038535967e-14,0.006313691094159195,0.37465689689096277,1.3650428193331023e-14,0.4571807737107211,1.6657179878579632e-14,300000000000000.0,50,52000000000000.0
264000.0,4191686100000.0,5.7502798e+30,0.5305521554986621,1.9244059105871558e-14,0.006306403742614357,0.3750885749190929,1.3609546839815472e-14,0.4577075365696898,1.660729363090481e-14,300000000000000.0,50,52000000000000.0
265000.0,4187798300000.0,5.7068018e+30,0.531162552970795,1.9186257826383447e-14,0.006299116391069518,0.375520252947223,1.3568665486299922e-14,0.45823429942865856,1.6557407383229985e-14,300000000000000.0,50,52000000000000.0
266000.0,4183906700000.0,5.6640909e+30,0.5317729504429278,1.9128456546895332e-14,0.00629182903952468,0.3759519309753532,1.3527784132784371e-14,0.45876106228762725,1.6507521135555165e-14,300000000000000.0,50,52000000000000.0
267000.0,4180011800000.0,5.6221879e+30,0.532378167467415,1.9071227376198613e-14,0.006284650453448865,0.3763799450065363,1.3487307508851597e-14,0.45928335408476806,1.6458128767902956e-14,300000000000000.0,50,52000000000000.0
268000.0,4176114300000.0,5.5807525e+30,0.5329807949768842,1.9014284181619867e-14,0.006277526235225928,0.37680612754056547,1.3447033194333834e-14,0.45980341096273963,1.6408983272687837e-14,300000000000000.0,50,52000000000000.0
269000.0,4172213200000.0,5.540029e+30,0.5335834224863536,1.8957340987041118e-14,0.006270402017002991,0.3772323100745947,1.3406758879816072e-14,0.46032346784071115,1.635983777747272e-14,300000000000000.0,50,52000000000000.0
270000.0,4168308400000.0,5.5001295e+30,0.5341860499958229,1.8900397792462372e-14,0.006263277798780054,0.3776584926086239,1.3366484565298311e-14,0.46084352471868273,1.63106922822576e-14,300000000000000.0,50,52000000000000.0
271000.0,4164401400000.0,5.460588e+30,0.5347860731113322,1.8843738793969847e-14,0.006256207361190131,0.37808283312830443,1.3326411299545721e-14,0.4613613338437517,1.6261792121126983e-14,300000000000000.0,50,52000000000000.0
272000.0,4160491000000.0,5.4217235e+30,0.5353809215035984,1.878764447045186e-14,0.006249243781432003,0.3785035137122722,1.3286737501667104e-14,0.46187467686293626,1.6213379419270558e-14,300000000000000.0,50,52000000000000.0
273000.0,4156576800000.0,5.3839962e+30,0.5359757698958646,1.8731550146933874e-14,0.006242280201673876,0.37892419429623997,1.3247063703788486e-14,0.46238801988212075,1.6164966717414136e-14,300000000000000.0,50,52000000000000.0
274000.0,4152660000000.0,5.3459656e+30,0.5365706182881307,1.8675455823415884e-14,0.0062353166219157475,0.3793448748802078,1.320738990590987e-14,0.4629013629013053,1.611655401555771e-14,300000000000000.0,50,52000000000000.0
275000.0,4148740500000.0,5.3088435e+30,0.5371654666803969,1.8619361499897898e-14,0.006228353042157619,0.37976555546417556,1.3167716108031251e-14,0.4634147059204898,1.6068141313701288e-14,300000000000000.0,50,52000000000000.0
276000.0,4144817700000.0,5.2723338e+30,0.5377530537404719,1.8564049197135888e-14,0.006221536934415734,0.38018110033016667,1.312859553129488e-14,0.46392178198272743,1.602040369181017e-14,300000000000000.0,50,52000000000000.0
277000.0,4140891100000.0,5.2366734e+30,0.5383401143395701,1.8508793592428757e-14,0.006214731518687335,0.3805962728464247,1.3089515064187878e-14,0.46442840367816446,1.597271501455464e-14,300000000000000.0,50,52000000000000.0
278000.0,4136962300000.0,5.2010984e+30,0.5389271749386683,1.8453537987721626e-14,0.0062079261029589355,0.38101144536268283,1.3050434597080876e-14,0.4649350253736015,1.5925026337299108e-14,300000000000000.0,50,52000000000000.0
279000.0,4133030800000.0,5.1661807e+30,0.5395142355377666,1.8398282383014495e-14,0.006201120687230537,0.38142661787894094,1.3011354129973875e-14,0.4654416470690385,1.5877337660043577e-14,300000000000000.0,50,52000000000000.0
280000.0,4129096200000.0,5.1318236e+30,0.5400977223920826,1.8343409361146977e-14,0.0061943866499450965,0.38183926280336206,1.2972544309242785e-14,0.4659451844228525,1.5829979244805025e-14,300000000000000.0,50,52000000000000.0
281000.0,4125157900000.0,5.0986834e+30,0.5406769868654056,1.8288988361068593e-14,0.006187736946320633,0.38224892137694344,1.2934054257320944e-14,0.46644507762571563,1.578301103428122e-14,300000000000000.0,50,52000000000000.0
282000.0,4121217200000.0,5.064786e+30,0.5412562513387286,1.8234567360990206e-14,0.00618108724269617,0.3826585799505248,1.2895564205399104e-14,0.4669449708285787,1.573604282375741e-14,300000000000000.0,50,52000000000000.0
283000.0,4117274200000.0,5.0318818e+30,0.5418355158120515,1.8180146360911822e-14,0.006174437539071706,0.3830682385241062,1.2857074153477262e-14,0.46744486403144186,1.5689074613233605e-14,300000000000000.0,50,52000000000000.0
284000.0,4113328400000.0,4.9994848e+30,0.5424147802853745,1.8125725360833435e-14,0.006167787835447243,0.3834778970976876,1.2818584101555421e-14,0.46794475723430495,1.5642106402709797e-14,300000000000000.0,50,52000000000000.0
285000.0,4109379500000.0,4.9675913e+30,0.5429869310659634,1.807205895842567e-14,0.006161277860598286,0.3838825244075602,1.2780627862334576e-14,0.46843851094290206,1.559578958847879e-14,300000000000000.0,50,52000000000000.0
286000.0,4105427200000.0,4.9364236e+30,0.5435583922802079,1.8018465703000322e-14,0.006154781430368779,0.3842866640115038,1.2742723368288378e-14,0.468931669519157,1.5549535917396818e-14,300000000000000.0,50,52000000000000.0
287000.0,4101473000000.0,4.9052633e+30,0.5441298534944523,1.7964872447574974e-14,0.00614828500013927,0.3846908036154474,1.2704818874242179e-14,0.4694248280954119,1.5503282246314844e-14,300000000000000.0,50,52000000000000.0
288000.0,4097516600000.0,4.8746524e+30,0.5447013147086966,1.7911279192149625e-14,0.006141788569909762,0.3850949432193909,1.2666914380195981e-14,0.46991798667166684,1.5457028575232872e-14,300000000000000.0,50,52000000000000.0
289000.0,4093557600000.0,4.8444917e+30,0.5452705040569417,1.785792575159885e-14,0.006135336024047191,0.38549747601795264,1.2629179532989455e-14,0.47040918451346286,1.541098191929441e-14,300000000000000.0,50,52000000000000.0
290000.0,4089595800000.0,4.8147816e+30,0.5458341557096166,1.7805156862147894e-14,0.00612899044675779,0.38589609221269733,1.2591858201612116e-14,0.4708956030458584,1.5365439864790837e-14,300000000000000.0,50,52000000000000.0
291000.0,4085631000000.0,4.7855069e+30,0.5463978073622915,1.7752387972696936e-14,0.006122644869468387,0.386294708407442,1.2554536870234776e-14,0.47138202157825404,1.5319897810287264e-14,300000000000000.0,50,52000000000000.0
292000.0,4081663600000.0,4.7567409e+30,0.5469614590149664,1.769961908324598e-14,0.0061162992921789845,0.3866933246021867,1.2517215538857437e-14,0.47186844011064966,1.5274355755783692e-14,300000000000000.0,50,52000000000000.0
293000.0,4077694600000.0,4.7281697e+30,0.5475251106676413,1.7646850193795024e-14,0.006109953714889583,0.3870919407969314,1.2479894207480098e-14,0.4723548586430452,1.522881370128012e-14,300000000000000.0,50,52000000000000.0
294000.0,4073723500000.0,4.7000064e+30,0.5480841124625775,1.759457047580452e-14,0.006103696466990727,0.38748726833270797,1.2442918916550843e-14,0.4728372641276625,1.5183693909913406e-14,300000000000000.0,50,52000000000000.0
295000.0,4069750100000.0,4.672242e+30,0.5486399496102013,1.7542623683084955e-14,0.006097499335203821,0.3878803576396293,1.2406179137337311e-14,0.4733169383715455,1.5138861506672557e-14,300000000000000.0,50,52000000000000.0
296000.0,4065774100000.0,4.6448684e+30,0.5491957867578253,1.749067689036539e-14,0.006091302203416915,0.38827344694655064,1.236943935812378e-14,0.4737966126154284,1.5094029103431708e-14,300000000000000.0,50,52000000000000.0
297000.0,4061795500000.0,4.6178732e+30,0.5497516239054492,1.7438730097645825e-14,0.00608510507163001,0.388666536253472,1.2332699578910248e-14,0.47427628685931134,1.504919670019086e-14,300000000000000.0,50,52000000000000.0
298000.0,4057814400000.0,4.5914675e+30,0.5503074610530732,1.738678330492626e-14,0.006078907939843104,0.3890596255603933,1.2295959799696718e-14,0.47475596110319424,1.500436429695001e-14,300000000000000.0,50,52000000000000.0
299000.0,4053831700000.0,4.5649987e+30,0.5508568658718035,1.733551217631821e-14,0.006072830973536605,0.3894481655519285,1.2259697981590972e-14,0.47523008395982813,1.4960115135753156e-14,300000000000000.0,50,52000000000000.0
300000.0,4049847400000.0,4.5389802e+30,0.5514048851346103,1.7284386589150536e-14,0.006066779891477624,0.3898357255980993,1.2223539118706442e-14,0.47570301101978946,1.4915991607819518e-14,300000000000000.0,50,52000000000000.0
301000.0,4045861300000.0,4.5133042e+30,0.551952904397417,1.7233261001982864e-14,0.006060728809418644,0.39022328564427017,1.2187380255821913e-14,0.47617593807975084,1.4871868079885882e-14,300000000000000.0,50,52000000000000.0
302000.0,4041873100000.0,4.4879707e+30,0.5525009236602236,1.718213541481519e-14,0.006054677727359663,0.39061084569044097,1.2151221392937384e-14,0.47664886513971216,1.4827744551952244e-14,300000000000000.0,50,52000000000000.0
303000.0,4037882700000.0,4.4629681e+30,0.5530489429230304,1.7131009827647514e-14,0.0060486266453006815,0.39099840573661176,1.2115062530052854e-14,0.47712179219967354,1.4783621024018608e-14,300000000000000.0,50,52000000000000.0
304000.0,4033890200000.0,4.438285e+30,0.5535893547140741,1.708067535100194e-14,0.006042715332539051,0.39138058535502385,1.2079463290615543e-14,0.47758815369214835,1.474018038826121e-14,300000000000000.0,50,52000000000000.0
305000.0,4029895600000.0,4.413916e+30,0.5541295545334027,1.7030362917560664e-14,0.006036807914256244,0.3917626150552324,1.204387964431425e-14,0.47805433224413457,1.4696758780353062e-14,300000000000000.0,50,52000000000000.0
306000.0,4025899100000.0,4.38996e+30,0.5546697543527312,1.698005048411939e-14,0.006030900495973437,0.392144644755441,1.2008295998012959e-14,0.4785205107961208,1.4653337172444916e-14,300000000000000.0,50,52000000000000.0
307000.0,4021901400000.0,4.3660969e+30,0.5552099541720598,1.6929738050678116e-14,0.006024993077690631,0.39252667445564954,1.1972712351711666e-14,0.478986689348107,1.4609915564536767e-14,300000000000000.0,50,52000000000000.0
308000.0,4017902600000.0,4.342544e+30,0.5557498088944677,1.6879461803947563e-14,0.006019091894800514,0.3929084600848417,1.1937154303222328e-14,0.47945257006788444,1.456652519288875e-14,300000000000000.0,50,52000000000000.0
309000.0,4013902200000.0,4.3192796e+30,0.5562821884776763,1.6829969397012617e-14,0.0060133257766574605,0.39328495889542614,1.1902150728551958e-14,0.47991199944867535,1.4523811429400628e-14,300000000000000.0,50,52000000000000.0
310000.0,4009900300000.0,4.2962992e+30,0.5568145680608849,1.678047699007767e-14,0.006007559658514406,0.39366145770601063,1.186714715388159e-14,0.48037142882946626,1.448109766591251e-14,300000000000000.0,50,52000000000000.0
311000.0,4005896800000.0,4.2735933e+30,0.5573469476440936,1.6730984583142725e-14,0.006001793540371353,0.39403795651659507,1.183214357921122e-14,0.4808308582102572,1.4438383902424388e-14,300000000000000.0,50,52000000000000.0
312000.0,4001891700000.0,4.2511542e+30,0.5578793272273023,1.668149217620778e-14,0.0059960274222282985,0.39441445532717956,1.179714000454085e-14,0.48129028759104814,1.4395670138936266e-14,300000000000000.0,50,52000000000000.0
313000.0,3997885100000.0,4.2289764e+30,0.5584114316287644,1.6632028398949883e-14,0.005990266194411958,0.3947907595150853,1.1762156681832395e-14,0.48174947947989294,1.435298108832233e-14,300000000000000.0,50,52000000000000.0
314000.0,3993877000000.0,4.2070553e+30,0.5589359933117203,1.65833493597699e-14,0.005984639010216807,0.3951617291046799,1.1727728464430863e-14,0.48220216172585956,1.431096941640726e-14,300000000000000.0,50,52000000000000.0
315000.0,3989867300000.0,4.1853858e+30,0.5594605549946762,1.6534670320589915e-14,0.005979011826021656,0.3955326986942745,1.169330024702933e-14,0.4826548439718261,1.4268957744492188e-14,300000000000000.0,50,52000000000000.0
316000.0,3985856700000.0,4.1640242e+30,0.5599851166776321,1.648599128140993e-14,0.005973384641826505,0.3959036682838691,1.1658872029627799e-14,0.48310752621779274,1.4226946072577116e-14,300000000000000.0,50,52000000000000.0
317000.0,3981845400000.0,4.1427736e+30,0.560509678360588,1.6437312242229947e-14,0.0059677574576313544,0.3962746378734637,1.1624443812226267e-14,0.48356020846375936,1.4184934400662044e-14,300000000000000.0,50,52000000000000.0
318000.0,3977833400000.0,4.1217609e+30,0.5610342400435439,1.6388633203049963e-14,0.005962130273436204,0.39664560746305827,1.1590015594824735e-14,0.4840128907097259,1.4142922728746973e-14,300000000000000.0,50,52000000000000.0
319000.0,3973820600000.0,4.1009796e+30,0.5615514186097783,1.63407322046644e-14,0.005956632137996207,0.3970113553483656,1.1556137738613745e-14,0.4844592010740236,1.41015826463478e-14,300000000000000.0,50,52000000000000.0
320000.0,3969806900000.0,4.0804213e+30,0.5620681658042675,1.6292876664698098e-14,0.005951141542459592,0.3973767981462991,1.1522292038235616e-14,0.4849051391497853,1.4060281802762328e-14,300000000000000.0,50,52000000000000.0
321000.0,3965792300000.0,4.0600759e+30,0.5625849129987568,1.6245021124731796e-14,0.005945650946922977,0.3977422409442326,1.1488446337857488e-14,0.4853510772255469,1.4018980959176855e-14,300000000000000.0,50,52000000000000.0
322000.0,3961776900000.0,4.039935e+30,0.563101660193246,1.6197165584765495e-14,0.005940160351386361,0.3981076837421661,1.1454600637479359e-14,0.4857970153013085,1.3977680115591385e-14,300000000000000.0,50,52000000000000.0
323000.0,3957760700000.0,4.0199979e+30,0.5636184073877353,1.6149310044799194e-14,0.005934669755849746,0.3984731265400996,1.142075493710123e-14,0.48624295337707013,1.3936379272005913e-14,300000000000000.0,50,52000000000000.0
324000.0,3953743800000.0,4.0002654e+30,0.5641291304952731,1.6102085714012665e-14,0.005929282736954342,0.3988343088189343,1.1387355730687283e-14,0.4866836924753863,1.3895623271787403e-14,300000000000000.0,50,52000000000000.0
325000.0,3949726300000.0,3.9807299e+30,0.5646380704451835,1.6055048224065677e-14,0.005923926377224269,0.39919422996439075,1.1354088688553878e-14,0.48712289265230874,1.3855028547727988e-14,300000000000000.0,50,52000000000000.0
326000.0,3945708100000.0,3.9613863e+30,0.5651470103950939,1.6008010734118686e-14,0.005918570017494195,0.39955415110984716,1.1320821646420472e-14,0.4875620928292312,1.3814433823668574e-14,300000000000000.0,50,52000000000000.0
327000.0,3941689500000.0,3.9422288e+30,0.5656559503450043,1.59609732441717e-14,0.0059132136577641214,0.39991407225530357,1.1287554604287068e-14,0.48800129300615364,1.3773839099609161e-14,300000000000000.0,50,52000000000000.0
328000.0,3937670400000.0,3.923252e+30,0.5661648902949146,1.591393575422471e-14,0.005907857298034048,0.40027399340076,1.1254287562153663e-14,0.4884404931830761,1.3733244375549747e-14,300000000000000.0,50,52000000000000.0
329000.0,3933651000000.0,3.9044508e+30,0.5666698197097055,1.5867323053504527e-14,0.00590256877099749,0.4006310781142354,1.1221320996903646e-14,0.48887623215136083,1.3693016314498234e-14,300000000000000.0,50,52000000000000.0
330000.0,3929631300000.0,3.8858332e+30,0.5671709610584657,1.5821111578454357e-14,0.005897344313895354,0.4009854837359395,1.1188638240731758e-14,0.4893087019083118,1.3653134577227388e-14,300000000000000.0,50,52000000000000.0
331000.0,3925611600000.0,3.8674275e+30,0.5676721024072257,1.5774900103404184e-14,0.005892119856793217,0.4013398893576437,1.115595548455987e-14,0.4897411716652628,1.3613252839956543e-14,300000000000000.0,50,52000000000000.0
332000.0,3921592200000.0,3.8490811e+30,0.5681732437559857,1.5728688628354014e-14,0.00588689539969108,0.40169429497934783,1.1123272728387982e-14,0.4901736414222138,1.3573371102685697e-14,300000000000000.0,50,52000000000000.0
333000.0,3917573100000.0,3.8308964e+30,0.5686743851047457,1.568247715330384e-14,0.005881670942588944,0.402048700601052,1.1090589972216094e-14,0.4906061111791648,1.3533489365414852e-14,300000000000000.0,50,52000000000000.0
334000.0,3913554300000.0,3.8128658e+30,0.5691741917816586,1.563640926609269e-14,0.0058764686948658326,0.4024021622850329,1.1058008782487456e-14,0.4910374290786628,1.3493731566641754e-14,300000000000000.0,50,52000000000000.0
335000.0,3909535800000.0,3.7949825e+30,0.5696675468613193,1.5591035460284153e-14,0.005871373803845418,0.40275106112007447,1.1025918549234446e-14,0.49146317907741077,1.3454572867395057e-14,300000000000000.0,50,52000000000000.0
336000.0,3905517700000.0,3.7772388e+30,0.5701609019409798,1.5545661654475616e-14,0.005866278912825004,0.40309995995511605,1.0993828315981436e-14,0.4918889290761587,1.341541416814836e-14,300000000000000.0,50,52000000000000.0
337000.0,3901500100000.0,3.7596288e+30,0.5706542570206404,1.550028784866708e-14,0.0058611840218045904,0.4034488587901576,1.0961738082728426e-14,0.49231467907490667,1.3376255468901664e-14,300000000000000.0,50,52000000000000.0
338000.0,3897483000000.0,3.7421455e+30,0.5711476121003011,1.5454914042858543e-14,0.005856089130784176,0.4037977576251992,1.0929647849475418e-14,0.49274042907365456,1.3337096769654967e-14,300000000000000.0,50,52000000000000.0
339000.0,3893466600000.0,3.7247859e+30,0.5716409671799616,1.5409540237050006e-14,0.005850994239763763,0.4041466564602407,1.0897557616222408e-14,0.4931661790724025,1.3297938070408268e-14,300000000000000.0,50,52000000000000.0
340000.0,3889450900000.0,3.7075518e+30,0.5721285599358003,1.5364792389840512e-14,0.005845993702905461,0.4044914799414029,1.0865910148642596e-14,0.49358695604538183,1.3259319664840671e-14,300000000000000.0,50,52000000000000.0
341000.0,3885436100000.0,3.6904354e+30,0.5726141455383249,1.5320262578776724e-14,0.005841026031827533,0.40483488388067573,1.0834416906791104e-14,0.4940060007961778,1.3220889456306423e-14,300000000000000.0,50,52000000000000.0
342000.0,3881422200000.0,3.6734312e+30,0.5730997311408496,1.5275732767712933e-14,0.0058360583607496045,0.40517828781994863,1.0802923664939613e-14,0.4944250455469738,1.3182459247772176e-14,300000000000000.0,50,52000000000000.0
343000.0,3877409400000.0,3.6565345e+30,0.5735853167433742,1.5231202956649146e-14,0.005831090689671676,0.40552169175922154,1.0771430423088121e-14,0.49484409029776977,1.3144029039237929e-14,300000000000000.0,50,52000000000000.0
344000.0,3873397700000.0,3.6395842e+30,0.5740709023458989,1.5186673145585358e-14,0.005826123018593748,0.4058650956984944,1.073993718123663e-14,0.49526313504856573,1.310559883070368e-14,300000000000000.0,50,52000000000000.0
345000.0,3869387500000.0,3.622123e+30,0.5745547553192905,1.5142338634470916e-14,0.005821183268611587,0.40620727425398445,1.0708582080851925e-14,0.49568068450222685,1.3067337192037369e-14,300000000000000.0,50,52000000000000.0
346000.0,3865379400000.0,3.6046926e+30,0.57503259194352,1.5098682279266515e-14,0.005816340471322823,0.4065451978096285,1.0677706660326009e-14,0.4960930417139407,1.302966089224379e-14,300000000000000.0,50,52000000000000.0
347000.0,3861373400000.0,3.5873447e+30,0.5755104285677496,1.5055025924062117e-14,0.00581149767403406,0.40688312136527255,1.0646831239800093e-14,0.4965053989256546,1.2991984592450212e-14,300000000000000.0,50,52000000000000.0
348000.0,3857369600000.0,3.5700782e+30,0.5759882651919791,1.501136956885772e-14,0.005806654876745297,0.4072210449209166,1.0615955819274176e-14,0.49691775613736844,1.2954308292656634e-14,300000000000000.0,50,52000000000000.0
349000.0,3853368200000.0,3.5528659e+30,0.5764661018162087,1.4967713213653317e-14,0.005801812079456533,0.40755896847656065,1.058508039874826e-14,0.49733011334908234,1.2916631992863056e-14,300000000000000.0,50,52000000000000.0
350000.0,3849369300000.0,3.5356598e+30,0.5769439384404383,1.492405685844892e-14,0.00579696928216777,0.4078968920322047,1.0554204978222345e-14,0.49774247056079624,1.287895569306948e-14,300000000000000.0,50,52000000000000.0
351000.0,3845373400000.0,3.5183164e+30,0.577417020941179,1.4880968369606787e-14,0.005792201909177478,0.4082314532924563,1.0523731219435132e-14,0.49815072486971423,1.2841769528908783e-14,300000000000000.0,50,52000000000000.0
352000.0,3841381000000.0,3.5009777e+30,0.5778871370183692,1.483823421151655e-14,0.005787481598577504,0.40856391658611996,1.0493508084941487e-14,0.498556419096315,1.280488919396931e-14,300000000000000.0,50,52000000000000.0
353000.0,3837392400000.0,3.4834786e+30,0.5783572530955596,1.4795500053426318e-14,0.005782761287977529,0.40889637987978356,1.0463284950447842e-14,0.49896211332291573,1.2768008859029836e-14,300000000000000.0,50,52000000000000.0
354000.0,3833407900000.0,3.4658229e+30,0.57882736917275,1.4752765895336082e-14,0.005778040977377555,0.4092288431734472,1.0433061815954196e-14,0.4993678075495165,1.2731128524090364e-14,300000000000000.0,50,52000000000000.0
355000.0,3829427700000.0,3.4479684e+30,0.5792974852499404,1.4710031737245845e-14,0.0057733206667775795,0.40956130646711086,1.0402838681460551e-14,0.49977350177611723,1.269424818915089e-14,300000000000000.0,50,52000000000000.0
356000.0,3825452200000.0,3.4298566e+30,0.5797676013271307,1.4667297579155612e-14,0.005768600356177605,0.40989376976077446,1.0372615546966906e-14,0.500179196002718,1.2657367854211416e-14,300000000000000.0,50,52000000000000.0
357000.0,3821481600000.0,3.4114091e+30,0.5802306764555625,1.4625487494264736e-14,0.005763990077112134,0.4102212534420904,1.0343046011269563e-14,0.5005788137658966,1.2621285085892472e-14,300000000000000.0,50,52000000000000.0
358000.0,3817516200000.0,3.3925172e+30,0.580693112151864,1.4583761330179806e-14,0.00575938979069125,0.41054828489399237,1.0313535832923766e-14,0.5009778796878273,1.2585274749534148e-14,300000000000000.0,50,52000000000000.0
359000.0,3813557200000.0,3.3729196e+30,0.5811555478481655,1.4542035166094872e-14,0.005754789504270366,0.41087531634589425,1.0284025654577969e-14,0.501376945609758,1.2549264413175822e-14,300000000000000.0,50,52000000000000.0
360000.0,3809606300000.0,3.3524395e+30,0.5816179835444669,1.450030900200994e-14,0.005750189217849482,0.4112023477977962,1.0254515476232172e-14,0.5017760115316886,1.2513254076817498e-14,300000000000000.0,50,52000000000000.0
361000.0,3805664000000.0,3.3305653e+30,0.5820804192407685,1.4458582837925007e-14,0.005745588931428598,0.41152937924969807,1.0225005297886374e-14,0.5021750774536192,1.2477243740459174e-14,300000000000000.0,50,52000000000000.0
362000.0,3801731000000.0,3.3059503e+30,0.5825419021447285,1.4417030155838707e-14,0.005741003324633389,0.4118557368540863,1.0195617817862406e-14,0.5025733211007625,1.2441383129045307e-14,300000000000000.0,50,52000000000000.0
363000.0,3797811800000.0,3.2760892e+30,0.5829967166460178,1.437669163949717e-14,0.005736520457596665,0.41217737833475676,1.0167089078805691e-14,0.5029658098114431,1.2406570412514669e-14,300000000000000.0,50,52000000000000.0
364000.0,3793915500000.0,3.2050946e+30,0.5834515311473072,1.4336353123155635e-14,0.00573203759055994,0.41249901981542725,1.0138560339748974e-14,0.5033582985221238,1.2371757695984032e-14,300000000000000.0,50,52000000000000.0
365000.0,3790060200000.0,3.183991e+30,0.5839063456485967,1.42960146068141e-14,0.0057275547235232155,0.4128206612960978,1.0110031600692258e-14,0.5037507872328044,1.2336944979453394e-14,300000000000000.0,50,52000000000000.0
366000.0,3786216200000.0,3.1738634e+30,0.584361160149886,1.4255676090472564e-14,0.005723071856486491,0.4131423027767683,1.0081502861635541e-14,0.5041432759434851,1.2302132262922756e-14,300000000000000.0,50,52000000000000.0
367000.0,3782373900000.0,3.1654776e+30,0.5848159746511754,1.4215337574131028e-14,0.005718588989449767,0.41346394425743876,1.0052974122578826e-14,0.5045357646541657,1.2267319546392119e-14,300000000000000.0,50,52000000000000.0
368000.0,3778532000000.0,3.1560374e+30,0.5852689989478929,1.4175228781753908e-14,0.005714133411917476,0.413784319645954,1.0024607866468563e-14,0.5049267083926968,1.2232705102816594e-14,300000000000000.0,50,52000000000000.0
369000.0,3774691800000.0,3.1448715e+30,0.5857163258680589,1.4135851092373956e-14,0.005709764684002874,0.41410066566046944,9.996758716918974e-15,0.5053127352137795,1.2198721668513916e-14,300000000000000.0,50,52000000000000.0
370000.0,3770853200000.0,3.1331284e+30,0.5861636527882249,1.4096473402994003e-14,0.005705395956088271,0.4144170116749848,9.968909567369384e-15,0.5056987620348621,1.216473823421124e-14,300000000000000.0,50,52000000000000.0
371000.0,3767016700000.0,3.1219855e+30,0.586610979708391,1.4057095713614052e-14,0.005701027228173669,0.4147333576895002,9.941060417819793e-15,0.5060847888559447,1.2130754799908564e-14,300000000000000.0,50,52000000000000.0
372000.0,3763182000000.0,3.1127754e+30,0.5870583066285571,1.4017718024234101e-14,0.005696658500259067,0.41504970370401556,9.913211268270205e-15,0.5064708156770272,1.2096771365605886e-14,300000000000000.0,50,52000000000000.0
373000.0,3759347000000.0,3.1045999e+30,0.5875056335487231,1.397834033485415e-14,0.005692289772344464,0.4153660497185309,9.885362118720614e-15,0.5068568424981098,1.206278793130321e-14,300000000000000.0,50,52000000000000.0
374000.0,3755511800000.0,3.0978417e+30,0.5879510482796892,1.3939134065054574e-14,0.005687949786877445,0.4156810433722595,9.857634220492358e-15,0.5072412190761977,1.2028952456343634e-14,300000000000000.0,50,52000000000000.0
375000.0,3751675400000.0,3.0915673e+30,0.5883909470807999,1.3900422274766387e-14,0.005683692712308969,0.4159921359856306,9.830256085657507e-15,0.5076208353384108,1.1995543787140558e-14,300000000000000.0,50,52000000000000.0
376000.0,3747836100000.0,3.0857465e+30,0.5888308458819105,1.38617104844782e-14,0.005679435637740494,0.4163032285990017,9.802877950822655e-15,0.508000451600624,1.1962135117937483e-14,300000000000000.0,50,52000000000000.0
377000.0,3743995500000.0,3.0803976e+30,0.5892707446830211,1.3822998694190014e-14,0.005675178563172019,0.41661432121237285,9.775499815987803e-15,0.5083800678628372,1.1928726448734408e-14,300000000000000.0,50,52000000000000.0
378000.0,3740152400000.0,3.0787072e+30,0.5897106434841317,1.3784286903901826e-14,0.005670921488603544,0.416925413825744,9.748121681152952e-15,0.5087596841250503,1.1895317779531332e-14,300000000000000.0,50,52000000000000.0
379000.0,3736305000000.0,3.078139e+30,0.5901505422852423,1.3745575113613639e-14,0.0056666644140350685,0.4172365064391151,9.7207435463181e-15,0.5091393003872635,1.1861909110328257e-14,300000000000000.0,50,52000000000000.0
380000.0,3732452800000.0,3.0780368e+30,0.5905891166148834,1.3706955814184519e-14,0.005662426921372103,0.4175466623466865,9.69343083684207e-15,0.5095177736171119,1.1828580277759074e-14,300000000000000.0,50,52000000000000.0
381000.0,3728596100000.0,3.0783086e+30,0.5910215941347484,1.3668762268866912e-14,0.005658279568176601,0.4178525064082062,9.666419293511495e-15,0.5098909852380425,1.1795618949346207e-14,300000000000000.0,50,52000000000000.0
382000.0,3724734900000.0,3.0788755e+30,0.5914540716546134,1.3630568723549304e-14,0.005654132214981099,0.4181583504697259,9.639407750180919e-15,0.5102641968589733,1.1762657620933342e-14,300000000000000.0,50,52000000000000.0
383000.0,3720869400000.0,3.079666e+30,0.5918865491744784,1.3592375178231696e-14,0.005649984861785598,0.4184641945312455,9.612396206850344e-15,0.5106374084799039,1.1729696292520476e-14,300000000000000.0,50,52000000000000.0
384000.0,3716999500000.0,3.0806144e+30,0.5923190266943433,1.3554181632914088e-14,0.005645837508590096,0.4187700385927652,9.585384663519769e-15,0.5110106201008346,1.1696734964107609e-14,300000000000000.0,50,52000000000000.0
385000.0,3713125200000.0,3.0816619e+30,0.5927515042142083,1.351598808759648e-14,0.005641690155394595,0.41907588265428486,9.558373120189194e-15,0.5113838317217653,1.1663773635694744e-14,300000000000000.0,50,52000000000000.0
386000.0,3709246500000.0,3.0827566e+30,0.5931839769849744,1.347779486572936e-14,0.0056375428711742505,0.41938172335710905,9.531361805657399e-15,0.5117570392441866,1.1630812586478263e-14,300000000000000.0,50,52000000000000.0
387000.0,3705363300000.0,3.0838761e+30,0.5936090134823921,1.3440108111793647e-14,0.005633503590207108,0.4196823049194659,9.504708750730346e-15,0.512123829204531,1.1598288710866346e-14,300000000000000.0,50,52000000000000.0
388000.0,3701475400000.0,3.0850857e+30,0.5940340499798098,1.3402421357857935e-14,0.005629464309239965,0.4199828864818227,9.478055695803294e-15,0.5124906191648756,1.1565764835254428e-14,300000000000000.0,50,52000000000000.0
389000.0,3697584700000.0,3.0860877e+30,0.5944590864772274,1.3364734603922222e-14,0.005625425028272822,0.42028346804417954,9.451402640876241e-15,0.51285740912522,1.1533240959642511e-14,300000000000000.0,50,52000000000000.0
390000.0,3693690800000.0,3.0870537e+30,0.5948841229746451,1.3327047849986509e-14,0.0056213857473056805,0.4205840496065364,9.42474958594919e-15,0.5132241990855645,1.1500717084030593e-14,300000000000000.0,50,52000000000000.0
391000.0,3689793100000.0,3.0879197e+30,0.5953091594720628,1.3289361096050796e-14,0.005617346466338538,0.42088463116889324,9.398096531022138e-15,0.513590989045909,1.1468193208418676e-14,300000000000000.0,50,52000000000000.0
392000.0,3685891500000.0,3.0887383e+30,0.5957341959694805,1.3251674342115083e-14,0.005613307185371395,0.4211852127312501,9.371443476095086e-15,0.5139577790062535,1.1435669332806758e-14,300000000000000.0,50,52000000000000.0
393000.0,3681985800000.0,3.0895078e+30,0.5961538426937107,1.3216761035908253e-14,0.00560934479807887,0.4214819825054902,9.346751835758737e-15,0.5143199175627381,1.140553890865094e-14,300000000000000.0,50,52000000000000.0
394000.0,3678077200000.0,3.0902419e+30,0.5965714174808884,1.3182913898705706e-14,0.005605411970259073,0.42177728695182864,9.322814202580836e-15,0.5146802680261677,1.1376328575300932e-14,300000000000000.0,50,52000000000000.0
800000.0,2346224400000.0,1.2179344e+30,0.7033824370651922,4.553779406906794e-15,0.004751228121826965,0.49731173415020946,3.220290151361461e-15,0.6068524982360696,3.929614916829472e-15,300000000000000.0,50,52000000000000.0
801000.0,2343780100000.0,1.2136361e+30,0.7035267921374078,4.542940037879552e-15,0.004750252189239109,0.4974138175422099,3.2126247905962618e-15,0.606977067265981,3.920261126387849e-15,300000000000000.0,50,52000000000000.0
802000.0,2341338800000.0,1.2093171e+30,0.7036711472096234,4.532100668852309e-15,0.004749276256651253,0.49751590093421044,3.204959429831063e-15,0.6071016362958924,3.910907335946225e-15,300000000000000.0,50,52000000000000.0
803000.0,2338901600000.0,1.2050256e+30,0.703815502281839,4.5212612998250656e-15,0.004748300324063397,0.4976179843262109,3.197294069065864e-15,0.6072262053258038,3.901553545504602e-15,300000000000000.0,50,52000000000000.0
804000.0,2336468400000.0,1.2007345e+30,0.7039598573540545,4.510421930797823e-15,0.004747324391475541,0.4977200677182114,3.189628708300665e-15,0.6073507743557152,3.892199755062978e-15,300000000000000.0,50,52000000000000.0
805000.0,2334038100000.0,1.196411e+30,0.7041042124262702,4.49958256177058e-15,0.004746348458887685,0.4978221511102119,3.1819633475354663e-15,0.6074753433856266,3.882845964621355e-15,300000000000000.0,50,52000000000000.0
806000.0,2331611900000.0,1.1921376e+30,0.7042485674984857,4.488743192743337e-15,0.004745372526299829,0.49792423450221235,3.1742979867702673e-15,0.607599912415538,3.873492174179732e-15,300000000000000.0,50,52000000000000.0
807000.0,2329189700000.0,1.187853e+30,0.7043929225707014,4.477903823716094e-15,0.0047443965937119725,0.49802631789421287,3.1666326260050686e-15,0.6077244814454494,3.864138383738109e-15,300000000000000.0,50,52000000000000.0
808000.0,2326770300000.0,1.1835362e+30,0.704537277642917,4.467064454688852e-15,0.004743420661124116,0.49812840128621333,3.1589672652398696e-15,0.6078490504753609,3.8547845932964855e-15,300000000000000.0,50,52000000000000.0
809000.0,2324355100000.0,1.1792689e+30,0.7046816327151325,4.4562250856616085e-15,0.004742444728536261,0.49823048467821385,3.151301904474671e-15,0.6079736195052723,3.845430802854862e-15,300000000000000.0,50,52000000000000.0
810000.0,2321943800000.0,1.1749905e+30,0.7048259877873482,4.4453857166343654e-15,0.004741468795948405,0.4983325680702143,3.143636543709472e-15,0.6080981885351837,3.836077012413239e-15,300000000000000.0,50,52000000000000.0
811000.0,2319535300000.0,1.170691e+30,0.7049694156980194,4.434740804092695e-15,0.004740500182306036,0.4984339957941859,3.1361086984341228e-15,0.6082219574747236,3.82689102765353e-15,300000000000000.0,50,52000000000000.0
812000.0,2317130900000.0,1.1664183e+30,0.7051093350007854,4.4248317628419284e-15,0.004739559265358112,0.49853294230865997,3.1291012456812308e-15,0.6083426986750101,3.818340060972071e-15,300000000000000.0,50,52000000000000.0
813000.0,2314730500000.0,1.162146e+30,0.7052492543035515,4.4149227215911615e-15,0.004738618348410188,0.49863188882313403,3.1220937929283388e-15,0.6084634398752966,3.809789094290612e-15,300000000000000.0,50,52000000000000.0
814000.0,2312332800000.0,1.1578526e+30,0.7053891736063176,4.4050136803403946e-15,0.004737677431462264,0.4987308353376081,3.115086340175447e-15,0.608584181075583,3.801238127609153e-15,300000000000000.0,50,52000000000000.0
815000.0,2309939400000.0,1.1535863e+30,0.7055290929090836,4.3951046390896284e-15,0.004736736514514341,0.49882978185208215,3.108078887422555e-15,0.6087049222758695,3.792687160927694e-15,300000000000000.0,50,52000000000000.0
816000.0,2307549700000.0,1.1493205e+30,0.7056690122118496,4.3851955978388615e-15,0.004735795597566417,0.4989287283665562,3.101071434669663e-15,0.6088256634761559,3.7841361942462354e-15,300000000000000.0,50,52000000000000.0
817000.0,2305162800000.0,1.1450363e+30,0.7058089315146157,4.3752865565880945e-15,0.004734854680618493,0.4990276748810303,3.094063981916771e-15,0.6089464046764423,3.7755852275647765e-15,300000000000000.0,50,52000000000000.0
818000.0,2302780200000.0,1.1407742e+30,0.7059488508173817,4.365377515337328e-15,0.00473391376367057,0.4991266213955044,3.087056529163879e-15,0.6090671458767287,3.7670342608833176e-15,300000000000000.0,50,52000000000000.0
819000.0,2300401200000.0,1.1365152e+30,0.7060887701201477,4.3554684740865614e-15,0.004732972846722645,0.49922556790997846,3.080049076410987e-15,0.6091878870770152,3.758483294201859e-15,300000000000000.0,50,52000000000000.0
820000.0,2298025000000.0,1.1323505e+30,0.7062286894229137,4.3455594328357945e-15,0.004732031929774722,0.4993245144244525,3.073041623658095e-15,0.6093086282773016,3.7499323275204e-15,300000000000000.0,50,52000000000000.0
821000.0,2295653100000.0,1.1285496e+30,0.7063686087256799,4.335650391585028e-15,0.0047310910128267976,0.4994234609389266,3.066034170905203e-15,0.6094293694775881,3.741381360838941e-15,300000000000000.0,50,52000000000000.0
822000.0,2293284400000.0,1.1248123e+30,0.7065085280284459,4.325741350334261e-15,0.004730150095878874,0.49952240745340065,3.0590267181523116e-15,0.6095501106778745,3.732830394157482e-15,300000000000000.0,50,52000000000000.0
823000.0,2290918400000.0,1.1211112e+30,0.7066484473312119,4.3158323090834944e-15,0.004729209178930951,0.4996213539678747,3.0520192653994196e-15,0.609670851878161,3.724279427476023e-15,300000000000000.0,50,52000000000000.0
824000.0,2288556500000.0,1.1174808e+30,0.7067882783143703,4.305931092350341e-15,0.004728268958090839,0.49972023802469406,3.045017346083042e-15,0.6097915168634027,3.715735213068329e-15,300000000000000.0,50,52000000000000.0
825000.0,2286197800000.0,1.1139059e+30,0.7069240766077216,4.296387144555422e-15,0.004727360521663691,0.49981627025331166,3.038268084513276e-15,0.6099087018554438,3.707499308744161e-15,300000000000000.0,50,52000000000000.0
826000.0,2283841600000.0,1.1103598e+30,0.7070598749010728,4.2868431967605035e-15,0.004726452085236544,0.4999123024819292,3.0315188229435096e-15,0.6100258868474847,3.699263404419993e-15,300000000000000.0,50,52000000000000.0
827000.0,2281489600000.0,1.1068761e+30,0.707195673194424,4.2772992489655845e-15,0.004725543648809397,0.5000083347105468,3.0247695613737434e-15,0.6101430718395258,3.6910275000958245e-15,300000000000000.0,50,52000000000000.0
828000.0,2279140600000.0,1.103439e+30,0.7073314714877752,4.267755301170666e-15,0.004724635212382249,0.5001043669391644,3.018020299803977e-15,0.6102602568315668,3.682791595771656e-15,300000000000000.0,50,52000000000000.0
829000.0,2276794200000.0,1.1000228e+30,0.7074672697811265,4.258211353375748e-15,0.004723726775955102,0.5002003991677819,3.011271038234211e-15,0.6103774418236079,3.674555691447488e-15,300000000000000.0,50,52000000000000.0
830000.0,2274451900000.0,1.0966624e+30,0.7076030680744777,4.248667405580829e-15,0.0047228183395279545,0.5002964313963996,3.0045217766644443e-15,0.6104946268156489,3.66631978712332e-15,300000000000000.0,50,52000000000000.0
831000.0,2272112700000.0,1.0933428e+30,0.7077388663678289,4.239123457785911e-15,0.0047219099031008075,0.5003924636250171,2.997772515094678e-15,0.6106118118076899,3.658083882799152e-15,300000000000000.0,50,52000000000000.0
832000.0,2269776000000.0,1.0900395e+30,0.7078746646611801,4.229579509990992e-15,0.0047210014666736605,0.5004884958536346,2.9910232535249118e-15,0.6107289967997309,3.649847978474984e-15,300000000000000.0,50,52000000000000.0
833000.0,2267443300000.0,1.0867869e+30,0.7080104629545314,4.2200355621960734e-15,0.004720093030246513,0.5005845280822523,2.9842739919551456e-15,0.610846181791772,3.641612074150816e-15,300000000000000.0,50,52000000000000.0
834000.0,2265113800000.0,1.0835708e+30,0.7081462612478826,4.2104916144011544e-15,0.004719184593819366,0.5006805603108698,2.9775247303853793e-15,0.610963366783813,3.6333761698266476e-15,300000000000000.0,50,52000000000000.0
835000.0,2262786700000.0,1.0803665e+30,0.7082820595412338,4.200947666606236e-15,0.004718276157392218,0.5007765925394874,2.970775468815613e-15,0.6110805517758541,3.6251402655024795e-15,300000000000000.0,50,52000000000000.0
836000.0,2260463500000.0,1.0772156e+30,0.708417857834585,4.191403718811317e-15,0.004717367720965071,0.500872624768105,2.964026207245847e-15,0.6111977367678951,3.616904361178311e-15,300000000000000.0,50,52000000000000.0
837000.0,2258143600000.0,1.0740978e+30,0.7085536561279363,4.181859771016399e-15,0.004716459284537924,0.5009686569967226,2.9572769456760806e-15,0.6113149217599361,3.608668456854143e-15,300000000000000.0,50,52000000000000.0
838000.0,2255826100000.0,1.0709854e+30,0.7086869561436447,4.172531881242603e-15,0.004715570364737512,0.5010629225005374,2.9506804784831995e-15,0.6114299508751762,3.600619002569098e-15,300000000000000.0,50,52000000000000.0
839000.0,2253512300000.0,1.0679256e+30,0.7088187207050701,4.163336781839368e-15,0.004714693439956231,0.5011561021662058,2.9441779194998843e-15,0.6115436549774508,3.592684141436658e-15,300000000000000.0,50,52000000000000.0
840000.0,2251201900000.0,1.0648896e+30,0.7089504852664955,4.1541416824361324e-15,0.004713816515174949,0.501249281831874,2.937675360516569e-15,0.6116573590797254,3.5847492803042185e-15,300000000000000.0,50,52000000000000.0
841000.0,2248893900000.0,1.0618297e+30,0.7090822498279209,4.1449465830328975e-15,0.004712939590393667,0.5013424614975422,2.9311728015332543e-15,0.6117710631819999,3.576814419171779e-15,300000000000000.0,50,52000000000000.0
842000.0,2246589500000.0,1.0588743e+30,0.7092140143893462,4.135751483629662e-15,0.004712062665612386,0.5014356411632105,2.924670242549939e-15,0.6118847672842745,3.568879558039339e-15,300000000000000.0,50,52000000000000.0
843000.0,2244288600000.0,1.0559115e+30,0.7093457789507716,4.126556384226427e-15,0.004711185740831104,0.5015288208288787,2.918167683566624e-15,0.6119984713865492,3.560944696906899e-15,300000000000000.0,50,52000000000000.0
844000.0,2241990100000.0,1.05283e+30,0.7094775435121969,4.117361284823191e-15,0.004710308816049822,0.501622000494547,2.911665124583309e-15,0.6121121754888237,3.553009835774459e-15,300000000000000.0,50,52000000000000.0
845000.0,2239694900000.0,1.0500373e+30,0.7096093080736223,4.108166185419956e-15,0.004709431891268541,0.5017151801602152,2.9051625655999938e-15,0.6122258795910983,3.5450749746420198e-15,300000000000000.0,50,52000000000000.0
846000.0,2237403400000.0,1.0471398e+30,0.7097410726350476,4.098971086016721e-15,0.0047085549664872585,0.5018083598258836,2.8986600066166786e-15,0.6123395836933729,3.5371401135095796e-15,300000000000000.0,50,52000000000000.0
847000.0,2235114500000.0,1.0442712e+30,0.709872837196473,4.0897759866134855e-15,0.004707678041705977,0.5019015394915518,2.8921574476333637e-15,0.6124532877956476,3.5292052523771397e-15,300000000000000.0,50,52000000000000.0
848000.0,2232828300000.0,1.0414082e+30,0.7100046017578984,4.0805808872102506e-15,0.004706801116924696,0.50199471915722,2.8856548886500485e-15,0.6125669918979221,3.5212703912447e-15,300000000000000.0,50,52000000000000.0
849000.0,2230546100000.0,1.0385806e+30,0.7101363663193238,4.071385787807015e-15,0.004705924192143413,0.5020878988228883,2.8791523296667333e-15,0.6126806960001967,3.51333553011226e-15,300000000000000.0,50,52000000000000.0
850000.0,2228266800000.0,1.0357751e+30,0.710268130880749,4.06219068840378e-15,0.004705047267362132,0.5021810784885565,2.8726497706834185e-15,0.6127944001024713,3.5054006689798202e-15,300000000000000.0,50,52000000000000.0
851000.0,2225989800000.0,1.0329647e+30,0.7103998954421744,4.052995589000544e-15,0.0047041703425808505,0.5022742581542248,2.8661472117001033e-15,0.6129081042047458,3.4974658078473804e-15,300000000000000.0,50,52000000000000.0
852000.0,2223716600000.0,1.0301931e+30,0.7105277133631724,4.044124407976666e-15,0.004703323978131398,0.5023646468481983,2.859873725030879e-15,0.6130184025750802,3.489810476255314e-15,300000000000000.0,50,52000000000000.0
853000.0,2221446700000.0,1.0274374e+30,0.7106555284219175,4.035253461870645e-15,0.004702477635845453,0.5024550335180535,2.853600404493559e-15,0.613128698475449,3.4821553473886403e-15,300000000000000.0,50,52000000000000.0
854000.0,2219179100000.0,1.024604e+30,0.7107833434806626,4.026382515764624e-15,0.004701631293559508,0.5025454201879088,2.847327083956239e-15,0.6132389943758179,3.4745002185219665e-15,300000000000000.0,50,52000000000000.0
855000.0,2216914900000.0,1.0219538e+30,0.7109111585394077,4.017511569658603e-15,0.004700784951273563,0.5026358068577641,2.841053763418919e-15,0.6133492902761867,3.4668450896552926e-15,300000000000000.0,50,52000000000000.0
856000.0,2214654200000.0,1.0192439e+30,0.7110389735981528,4.008640623552582e-15,0.004699938608987618,0.5027261935276194,2.834780442881599e-15,0.6134595861765554,3.459189960788619e-15,300000000000000.0,50,52000000000000.0
857000.0,2212396200000.0,1.0167544e+30,0.7111667886568979,3.999769677446561e-15,0.004699092266701674,0.5028165801974747,2.828507122344279e-15,0.6135698820769242,3.451534831921945e-15,300000000000000.0,50,52000000000000.0
858000.0,2210140500000.0,1.0151757e+30,0.711294603715643,3.99089873134054e-15,0.004698245924415729,0.5029069668673299,2.8222338018069587e-15,0.613680177977293,3.4438797030552712e-15,300000000000000.0,50,52000000000000.0
859000.0,2207887800000.0,1.0141151e+30,0.711422418774388,3.982027785234519e-15,0.004697399582129784,0.5029973535371852,2.8159604812696385e-15,0.6137904738776618,3.436224574188597e-15,300000000000000.0,50,52000000000000.0
860000.0,2205637100000.0,1.0134218e+30,0.7115502338331332,3.973156839128498e-15,0.004696553239843839,0.5030877402070405,2.8096871607323187e-15,0.6139007697780305,3.4285694453219232e-15,300000000000000.0,50,52000000000000.0
861000.0,2203387300000.0,1.0133078e+30,0.7116780488918782,3.964285893022477e-15,0.004695706897557895,0.5031781268768958,2.8034138401949986e-15,0.6140110656783994,3.4209143164552494e-15,300000000000000.0,50,52000000000000.0
862000.0,2201137900000.0,1.0141413e+30,0.7118058639506234,3.9554149469164555e-15,0.00469486055527195,0.5032685135467511,2.7971405196576784e-15,0.6141213615787682,3.4132591875885756e-15,300000000000000.0,50,52000000000000.0
863000.0,2198889100000.0,1.0169749e+30,0.7119336790093684,3.946544000810434e-15,0.004694014212986005,0.5033589002166065,2.7908671991203586e-15,0.614231657479137,3.4056040587219018e-15,300000000000000.0,50,52000000000000.0
864000.0,2196638500000.0,1.0244355e+30,0.7120614940681136,3.937673054704414e-15,0.0046931678707000605,0.5034492868864617,2.7845938785830384e-15,0.6143419533795057,3.397948929855228e-15,300000000000000.0,50,52000000000000.0
865000.0,2194382000000.0,1.0325654e+30,0.7121886985804453,3.928846316205371e-15,0.004692326214101913,0.5035392417925222,2.7783518213726148e-15,0.614451722412569,3.390331950616667e-15,300000000000000.0,50,52000000000000.0
866000.0,2192120500000.0,1.0312171e+30,0.7123126413932589,3.9202557463697516e-15,0.004691509589680348,0.5036268901028341,2.772276781076966e-15,0.6145586767819156,3.382918776725127e-15,300000000000000.0,50,52000000000000.0
867000.0,2189859300000.0,1.0272815e+30,0.7124365842060724,3.911665176534131e-15,0.004690692965258782,0.5037145384131461,2.766201740781317e-15,0.614665631151262,3.375505602833588e-15,300000000000000.0,50,52000000000000.0
868000.0,2187601700000.0,1.0229157e+30,0.712560527018886,3.903074606698511e-15,0.004689876340837218,0.503802186723458,2.760126700485668e-15,0.6147725855206086,3.3680924289420486e-15,300000000000000.0,50,52000000000000.0
869000.0,2185348500000.0,1.017599e+30,0.7126844698316994,3.894484036862891e-15,0.004689059716415652,0.5038898350337698,2.754051660190019e-15,0.6148795398899553,3.3606792550505093e-15,300000000000000.0,50,52000000000000.0
870000.0,2183100100000.0,1.0113067e+30,0.7128084126445129,3.885893467027271e-15,0.004688243091994087,0.5039774833440818,2.7479766198943703e-15,0.6149864942593019,3.35326608115897e-15,300000000000000.0,50,52000000000000.0
871000.0,2180857200000.0,1.0042368e+30,0.7129323554573265,3.877302897191651e-15,0.004687426467572522,0.5040651316543937,2.7419015795987214e-15,0.6150934486286483,3.3458529072674304e-15,300000000000000.0,50,52000000000000.0
872000.0,2178620300000.0,9.9648132e+29,0.7130562982701399,3.868712327356031e-15,0.004686609843150957,0.5041527799647056,2.7358265393030725e-15,0.6152004029979949,3.338439733375891e-15,300000000000000.0,50,52000000000000.0
873000.0,2176390100000.0,9.8787461e+29,0.7131802410829534,3.86012175752041e-15,0.004685793218729392,0.5042404282750175,2.7297514990074236e-15,0.6153073573673415,3.331026559484352e-15,300000000000000.0,50,52000000000000.0
874000.0,2174167100000.0,9.7918374e+29,0.713304183895767,3.8515311876847905e-15,0.0046849765943078265,0.5043280765853294,2.7236764587117747e-15,0.6154143117366881,3.3236133855928126e-15,300000000000000.0,50,52000000000000.0
875000.0,2171952500000.0,9.7013516e+29,0.7134281267085805,3.84294061784917e-15,0.004684159969886261,0.5044157248956413,2.717601418416126e-15,0.6155212661060346,3.3162002117012733e-15,300000000000000.0,50,52000000000000.0
876000.0,2169745900000.0,9.608319e+29,0.713552069521394,3.83435004801355e-15,0.004683343345464696,0.5045033732059533,2.711526378120477e-15,0.6156282204753812,3.3087870378097336e-15,300000000000000.0,50,52000000000000.0
877000.0,2167546900000.0,9.4953114e+29,0.7136760123342075,3.82575947817793e-15,0.004682526721043131,0.5045910215162652,2.705451337824828e-15,0.6157351748447278,3.3013738639181944e-15,300000000000000.0,50,52000000000000.0
878000.0,2165358400000.0,9.3699363e+29,0.713799955147021,3.81716890834231e-15,0.004681710096621566,0.504678669826577,2.699376297529179e-15,0.6158421292140743,3.293960690026655e-15,300000000000000.0,50,52000000000000.0
879000.0,2163178900000.0,9.2866753e+29,0.7139235514214002,3.808615847852132e-15,0.004680896106976508,0.5047660730734075,2.6933277832325973e-15,0.6159487845404328,3.2865798849513753e-15,300000000000000.0,50,52000000000000.0
880000.0,2161007100000.0,9.2420761e+29,0.7140436833831926,3.8004377648094004e-15,0.004680108456947822,0.504851026443342,2.6875444468884394e-15,0.6160524503617744,3.2795226679300783e-15,300000000000000.0,50,52000000000000.0
881000.0,2158839700000.0,9.2148808e+29,0.714163815344985,3.792259681766669e-15,0.0046793208069191355,0.5049359798132765,2.681761110544281e-15,0.6161561161831159,3.2724654509087817e-15,300000000000000.0,50,52000000000000.0
882000.0,2156676000000.0,9.1960504e+29,0.7142839473067772,3.784081598723937e-15,0.00467853315689045,0.5050209331832112,2.6759777742001232e-15,0.6162597820044575,3.2654082338874847e-15,300000000000000.0,50,52000000000000.0
883000.0,2154515200000.0,9.1876341e+29,0.7144040792685696,3.7759035156812065e-15,0.004677745506861764,0.5051058865531457,2.670194437855965e-15,0.6163634478257991,3.258351016866188e-15,300000000000000.0,50,52000000000000.0
884000.0,2152356500000.0,9.1846539e+29,0.7145242112303619,3.767725432638475e-15,0.004676957856833078,0.5051908399230803,2.664411101511807e-15,0.6164671136471407,3.251293799844891e-15,300000000000000.0,50,52000000000000.0
885000.0,2150199800000.0,9.1909523e+29,0.7146443431921543,3.759547349595743e-15,0.004676170206804392,0.5052757932930149,2.6586277651676487e-15,0.6165707794684823,3.2442365828235946e-15,300000000000000.0,50,52000000000000.0
886000.0,2148044400000.0,9.2040964e+29,0.7147644751539466,3.751369266553012e-15,0.004675382556775706,0.5053607466629495,2.6528444288234904e-15,0.6166744452898238,3.2371793658022976e-15,300000000000000.0,50,52000000000000.0
887000.0,2145889100000.0,9.225935e+29,0.714884607115739,3.74319118351028e-15,0.00467459490674702,0.505445700032884,2.6470610924793325e-15,0.6167781111111654,3.230122148781001e-15,300000000000000.0,50,52000000000000.0
888000.0,2143734500000.0,9.2609978e+29,0.7150047390775314,3.7350131004675485e-15,0.0046738072567183335,0.5055306534028187,2.6412777561351742e-15,0.616881776932507,3.223064931759704e-15,300000000000000.0,50,52000000000000.0
889000.0,2141578500000.0,9.3190225e+29,0.7151248710393237,3.726835017424817e-15,0.004673019606689648,0.5056156067727532,2.6354944197910163e-15,0.6169854427538486,3.2160077147384074e-15,300000000000000.0,50,52000000000000.0
890000.0,2139418800000.0,9.4006103e+29,0.715245003001116,3.718656934382086e-15,0.004672231956660962,0.5057005601426877,2.629711083446858e-15,0.6170891085751902,3.2089504977171104e-15,300000000000000.0,50,52000000000000.0
891000.0,2137254800000.0,9.4414541e+29,0.7153651349629083,3.7104788513393546e-15,0.004671444306632275,0.5057855135126224,2.6239277471027e-15,0.6171927743965318,3.201893280695814e-15,300000000000000.0,50,52000000000000.0
892000.0,2135089100000.0,9.4452788e+29,0.7154852669247007,3.702300768296623e-15,0.00467065665660359,0.5058704668825569,2.6181444107585418e-15,0.6172964402178733,3.194836063674517e-15,300000000000000.0,50,52000000000000.0
893000.0,2132924100000.0,9.434585e+29,0.715605398886493,3.6941226852538914e-15,0.004669869006574904,0.5059554202524915,2.612361074414384e-15,0.6174001060392149,3.1877788466532202e-15,300000000000000.0,50,52000000000000.0
894000.0,2130761000000.0,9.4101462e+29,0.7157225983066574,3.6861472250879295e-15,0.004669103498334168,0.5060382998021323,2.606721031359544e-15,0.6175012412451807,3.180896485802175e-15,300000000000000.0,50,52000000000000.0
895000.0,2128600700000.0,9.3797994e+29,0.7158390433925323,3.678223885370092e-15,0.004668343685599925,0.5061206459053789,2.6011178474717023e-15,0.6176017255038817,3.1740591030014666e-15,300000000000000.0,50,52000000000000.0
896000.0,2126443800000.0,9.3439804e+29,0.7159554884784072,3.670300545652255e-15,0.004667583872865681,0.5062029920086253,2.5955146635838608e-15,0.6177022097625827,3.167221720200758e-15,300000000000000.0,50,52000000000000.0
897000.0,2124290700000.0,9.3030697e+29,0.716071933564282,3.6623772059344175e-15,0.004666824060131438,0.5062853381118717,2.5899114796960192e-15,0.6178026940212837,3.1603843374000496e-15,300000000000000.0,50,52000000000000.0
898000.0,2122141700000.0,9.2584452e+29,0.7161883786501569,3.65445386621658e-15,0.004666064247397195,0.5063676842151182,2.5843082958081776e-15,0.6179031782799848,3.1535469545993414e-15,300000000000000.0,50,52000000000000.0
899000.0,2119997100000.0,9.2117963e+29,0.7163048237360318,3.646530526498742e-15,0.004665304434662952,0.5064500303183647,2.578705111920336e-15,0.6180036625386858,3.146709571798633e-15,300000000000000.0,50,52000000000000.0
900000.0,2117856800000.0,9.1646122e+29,0.7164212688219067,3.638607186780905e-15,0.004664544621928709,0.5065323764216112,2.573101928032494e-15,0.6181041467973868,3.1398721889979245e-15,300000000000000.0,50,52000000000000.0
901000.0,2115720800000.0,9.1173843e+29,0.7165377139077815,3.630683847063067e-15,0.004663784809194466,0.5066147225248576,2.5674987441446526e-15,0.6182046310560878,3.1330348061972162e-15,300000000000000.0,50,52000000000000.0
902000.0,2113589700000.0,9.0725579e+29,0.7166541589936565,3.62276050734523e-15,0.0046630249964602225,0.506697068628104,2.561895560256811e-15,0.6183051153147888,3.126197423396508e-15,300000000000000.0,50,52000000000000.0
903000.0,2111463800000.0,9.0291507e+29,0.7167706040795313,3.614837167627393e-15,0.004662265183725979,0.5067794147313506,2.5562923763689694e-15,0.6184055995734898,3.1193600405957997e-15,300000000000000.0,50,52000000000000.0
904000.0,2109342300000.0,8.9878226e+29,0.7168870491654061,3.606913827909555e-15,0.004661505370991736,0.506861760834597,2.550689192481128e-15,0.6185060838321909,3.1125226577950914e-15,300000000000000.0,50,52000000000000.0
905000.0,2107224600000.0,8.9488261e+29,0.7170034942512811,3.5989904881917175e-15,0.004660745558257493,0.5069441069378434,2.5450860085932863e-15,0.6186065680908919,3.1056852749943828e-15,300000000000000.0,50,52000000000000.0
906000.0,2105110400000.0,8.9121508e+29,0.7171199393371559,3.59106714847388e-15,0.00465998574552325,0.50702645304109,2.5394828247054444e-15,0.6187070523495929,3.0988478921936745e-15,300000000000000.0,50,52000000000000.0
907000.0,2103000900000.0,8.8778052e+29,0.7172363844230308,3.583143808756042e-15,0.004659225932789007,0.5071087991443364,2.5338796408176028e-15,0.6188075366082939,3.0920105093929662e-15,300000000000000.0,50,52000000000000.0
908000.0,2100895400000.0,8.8455969e+29,0.7173518590025529,3.575311920569199e-15,0.004658473380896176,0.5071904589302278,2.5283411300159036e-15,0.6189071833762801,3.085252045062022e-15,300000000000000.0,50,52000000000000.0
909000.0,2098792900000.0,8.8155685e+29,0.7174646739574971,3.5677306507722885e-15,0.004657740726979518,0.5072702378974097,2.522979852602699e-15,0.619004535042454,3.0787098528876335e-15,300000000000000.0,50,52000000000000.0
910000.0,2096693700000.0,8.7875445e+29,0.7175774889124413,3.560149380975378e-15,0.004657008073062859,0.5073500168645915,2.517618575189494e-15,0.619101886708628,3.0721676607132447e-15,300000000000000.0,50,52000000000000.0
911000.0,2094598600000.0,8.7617041e+29,0.7176903038673854,3.552568111178468e-15,0.0046562754191462,0.5074297958317734,2.512257297776289e-15,0.6191992383748018,3.065625468538856e-15,300000000000000.0,50,52000000000000.0
912000.0,2092506500000.0,8.7376222e+29,0.7178031188223296,3.544986841381557e-15,0.0046555427652295416,0.5075095747989552,2.5068960203630844e-15,0.6192965900409757,3.0590832763644673e-15,300000000000000.0,50,52000000000000.0
913000.0,2090416700000.0,8.7146066e+29,0.7179159337772737,3.537405571584647e-15,0.004654810111312883,0.5075893537661371,2.5015347429498797e-15,0.6193939417071496,3.0525410841900788e-15,300000000000000.0,50,52000000000000.0
914000.0,2088330500000.0,8.6931869e+29,0.7180287487322179,3.5298243017877366e-15,0.004654077457396224,0.5076691327333189,2.4961734655366746e-15,0.6194912933733235,3.04599889201569e-15,300000000000000.0,50,52000000000000.0
915000.0,2086247600000.0,8.6722094e+29,0.7181415636871621,3.5222430319908262e-15,0.004653344803479565,0.5077489117005008,2.49081218812347e-15,0.6195886450394974,3.0394566998413014e-15,300000000000000.0,50,52000000000000.0
916000.0,2084167100000.0,8.6517604e+29,0.7182543786421062,3.5146617621939155e-15,0.004652612149562907,0.5078286906676827,2.485450910710265e-15,0.6196859967056713,3.0329145076669125e-15,300000000000000.0,50,52000000000000.0
917000.0,2082089100000.0,8.6312781e+29,0.7183671935970504,3.5070804923970052e-15,0.004651879495646247,0.5079084696348646,2.48008963329706e-15,0.6197833483718451,3.026372315492524e-15,300000000000000.0,50,52000000000000.0
918000.0,2080014700000.0,8.6113384e+29,0.7184800085519946,3.499499222600095e-15,0.004651146841729589,0.5079882486020464,2.4747283558838553e-15,0.619880700038019,3.019830123318135e-15,300000000000000.0,50,52000000000000.0
919000.0,2077943200000.0,8.5917143e+29,0.7185928235069386,3.4919179528031846e-15,0.00465041418781293,0.5080680275692283,2.4693670784706506e-15,0.619978051704193,3.0132879311437466e-15,300000000000000.0,50,52000000000000.0
920000.0,2075873700000.0,8.5713027e+29,0.7187056384618828,3.484336683006274e-15,0.004649681533896271,0.5081478065364101,2.4640058010574455e-15,0.6200754033703668,3.0067457389693577e-15,300000000000000.0,50,52000000000000.0
921000.0,2073807400000.0,8.5525145e+29,0.7188184534168269,3.4767554132093636e-15,0.004648948879979613,0.5082275855035919,2.4586445236442408e-15,0.6201727550365407,3.0002035467949692e-15,300000000000000.0,50,52000000000000.0
922000.0,2071744400000.0,8.5330443e+29,0.7189312683717711,3.4691741434124533e-15,0.004648216226062954,0.5083073644707738,2.453283246231036e-15,0.6202701067027145,2.9936613546205804e-15,300000000000000.0,50,52000000000000.0
923000.0,2069684200000.0,8.5136955e+29,0.7190423078032518,3.4617420316797564e-15,0.004647496756875824,0.5083858878338028,2.4480274512323425e-15,0.6203659261960441,2.9872478792177345e-15,300000000000000.0,50,52000000000000.0
924000.0,2067626000000.0,8.493988e+29,0.7191515928535677,3.454457301890364e-15,0.004646790315419178,0.5084631705439642,2.442875882601276e-15,0.6204602317610959,2.980961587873129e-15,300000000000000.0,50,52000000000000.0
925000.0,2065571200000.0,8.4748904e+29,0.7192608779038836,3.4471725721009724e-15,0.004646083873962532,0.5085404532541257,2.4377243139702093e-15,0.6205545373261476,2.9746752965285234e-15,300000000000000.0,50,52000000000000.0
926000.0,2063519700000.0,8.455618e+29,0.7193701629541994,3.4398878423115805e-15,0.004645377432505886,0.508617735964287,2.4325727453391426e-15,0.6206488428911995,2.968389005183918e-15,300000000000000.0,50,52000000000000.0
927000.0,2061470700000.0,8.4364377e+29,0.7194794480045154,3.4326031125221887e-15,0.00464467099104924,0.5086950186744486,2.4274211767080756e-15,0.6207431484562512,2.9621027138393123e-15,300000000000000.0,50,52000000000000.0
928000.0,2059423900000.0,8.4169843e+29,0.7195887330548312,3.4253183827327965e-15,0.004643964549592594,0.5087723013846099,2.422269608077009e-15,0.620837454021303,2.955816422494707e-15,300000000000000.0,50,52000000000000.0
929000.0,2057380600000.0,8.3979677e+29,0.7196980181051471,3.4180336529434047e-15,0.004643258108135948,0.5088495840947714,2.4171180394459424e-15,0.6209317595863547,2.9495301311501012e-15,300000000000000.0,50,52000000000000.0
930000.0,2055340500000.0,8.378903e+29,0.719807303155463,3.410748923154013e-15,0.004642551666679302,0.5089268668049328,2.411966470814876e-15,0.6210260651514066,2.943243839805496e-15,300000000000000.0,50,52000000000000.0
931000.0,2053302900000.0,8.3599501e+29,0.7199165882057789,3.4034641933646207e-15,0.004641845225222655,0.5090041495150942,2.4068149021838092e-15,0.6211203707164583,2.93695754846089e-15,300000000000000.0,50,52000000000000.0
932000.0,2051267600000.0,8.3407922e+29,0.7200258732560948,3.396179463575229e-15,0.004641138783766009,0.5090814322252557,2.4016633335527426e-15,0.6212146762815101,2.9306712571162848e-15,300000000000000.0,50,52000000000000.0
933000.0,2049235800000.0,8.3219878e+29,0.7201351583064106,3.388894733785837e-15,0.004640432342309363,0.5091587149354171,2.3965117649216756e-15,0.6213089818465618,2.924384965771679e-15,300000000000000.0,50,52000000000000.0
934000.0,2047207100000.0,8.3032143e+29,0.7202444433567265,3.381610003996445e-15,0.004639725900852717,0.5092359976455786,2.391360196290609e-15,0.6214032874116135,2.9180986744270737e-15,300000000000000.0,50,52000000000000.0
935000.0,2045180800000.0,8.284568e+29,0.7203537284070424,3.374325274207053e-15,0.004639019459396071,0.50931328035574,2.3862086276595424e-15,0.6214975929766654,2.911812383082468e-15,300000000000000.0,50,52000000000000.0
936000.0,2043156800000.0,8.2657552e+29,0.7204630134573583,3.367040544417661e-15,0.004638313017939425,0.5093905630659015,2.381057059028476e-15,0.6215918985417171,2.9055260917378626e-15,300000000000000.0,50,52000000000000.0
937000.0,2041136400000.0,8.2472403e+29,0.7205722985076742,3.359755814628269e-15,0.004637606576482779,0.5094678457760629,2.3759054903974092e-15,0.6216862041067689,2.899239800393257e-15,300000000000000.0,50,52000000000000.0
938000.0,2039119000000.0,8.2288043e+29,0.720679865232958,3.3526145851874742e-15,0.004636912794666048,0.5095439133321157,2.3708554030012415e-15,0.6217790268588559,2.8930773433091013e-15,300000000000000.0,50,52000000000000.0
939000.0,2037103900000.0,8.2105017e+29,0.720785703281764,3.345617720562731e-15,0.004636231748752788,0.5096187584137909,2.3659074081780333e-15,0.6218703578652922,2.887039466481408e-15,300000000000000.0,50,52000000000000.0
940000.0,2035091300000.0,8.1920451e+29,0.72089154133057,3.338620855937988e-15,0.0046355507028395275,0.509693603495466,2.3609594133548256e-15,0.6219616888717285,2.8810015896537147e-15,300000000000000.0,50,52000000000000.0
941000.0,2033082200000.0,8.1738499e+29,0.720997379379376,3.3316239913132447e-15,0.0046348696569262675,0.5097684485771412,2.3560114185316174e-15,0.6220530198781649,2.8749637128260214e-15,300000000000000.0,50,52000000000000.0
942000.0,2031076000000.0,8.1557633e+29,0.721103217428182,3.3246271266885014e-15,0.004634188611013007,0.5098432936588163,2.3510634237084096e-15,0.6221443508846012,2.868925835998328e-15,300000000000000.0,50,52000000000000.0
943000.0,2029072100000.0,8.1378116e+29,0.721209055476988,3.317630262063758e-15,0.004633507565099747,0.5099181387404915,2.3461154288852015e-15,0.6222356818910375,2.862887959170635e-15,300000000000000.0,50,52000000000000.0
944000.0,2027070700000.0,8.119699e+29,0.721314893525794,3.310633397439015e-15,0.004632826519186486,0.5099929838221666,2.3411674340619937e-15,0.6223270128974738,2.8568500823429416e-15,300000000000000.0,50,52000000000000.0
945000.0,2025072900000.0,8.101832e+29,0.7214207315746001,3.3036365328142715e-15,0.004632145473273226,0.5100678289038417,2.3362194392387855e-15,0.62241834390391,2.8508122055152483e-15,300000000000000.0,50,52000000000000.0
946000.0,2023077800000.0,8.0840924e+29,0.721526569623406,3.2966396681895283e-15,0.004631464427359965,0.5101426739855169,2.3312714444155774e-15,0.6225096749103464,2.844774328687555e-15,300000000000000.0,50,52000000000000.0
947000.0,2021084900000.0,8.0651423e+29,0.721632407672212,3.289642803564785e-15,0.004630783381446705,0.510217519067192,2.3263234495923696e-15,0.6226010059167827,2.8387364518598618e-15,300000000000000.0,50,52000000000000.0
948000.0,2019094800000.0,8.0489584e+29,0.7217382457210181,3.2826459389400417e-15,0.0046301023355334444,0.5102923641488673,2.3213754547691614e-15,0.622692336923219,2.832698575032168e-15,300000000000000.0,50,52000000000000.0
949000.0,2017108100000.0,8.031677e+29,0.721844083769824,3.2756490743152984e-15,0.0046294212896201845,0.5103672092305424,2.3164274599459537e-15,0.6227836679296553,2.826660698204475e-15,300000000000000.0,50,52000000000000.0
950000.0,2015124100000.0,8.0146056e+29,0.72194992181863,3.268652209690555e-15,0.004628740243706924,0.5104420543122175,2.3114794651227455e-15,0.6228749989360917,2.8206228213767815e-15,300000000000000.0,50,52000000000000.0
951000.0,2013142100000.0,7.997134e+29,0.7220557598674361,3.2616553450658118e-15,0.004628059197793664,0.5105168993938927,2.3065314702995377e-15,0.622966329942528,2.8145849445490883e-15,300000000000000.0,50,52000000000000.0
952000.0,2011163100000.0,7.9807067e+29,0.722161597916242,3.2546584804410685e-15,0.004627378151880403,0.5105917444755678,2.3015834754763296e-15,0.6230576609489643,2.808547067721395e-15,300000000000000.0,50,52000000000000.0
953000.0,2009187400000.0,7.9639881e+29,0.7222665949641945,3.2477311327898983e-15,0.004626703254177054,0.510665994824017,2.2966846419318454e-15,0.6231482662218273,2.802569180807534e-15,300000000000000.0,50,52000000000000.0
954000.0,2007214300000.0,7.9474678e+29,0.7223690683737674,3.2410123886161235e-15,0.004626046805751648,0.5107384605231543,2.291933329390764e-15,0.6232366937452968,2.796771308989137e-15,300000000000000.0,50,52000000000000.0
955000.0,2005243100000.0,7.9306957e+29,0.7224715417833402,3.234293644442349e-15,0.0046253903573262424,0.5108109262222916,2.2871820168496826e-15,0.6233251212687662,2.7909734371707403e-15,300000000000000.0,50,52000000000000.0
956000.0,2003275300000.0,7.9145824e+29,0.722574015192913,3.2275749002685744e-15,0.004624733908900836,0.510883391921429,2.282430704308601e-15,0.6234135487922355,2.785175565352343e-15,300000000000000.0,50,52000000000000.0
957000.0,2001310500000.0,7.8983684e+29,0.7226764886024858,3.2208561560948e-15,0.00462407746047543,0.5109558576205663,2.27767939176752e-15,0.623501976315705,2.7793776935339464e-15,300000000000000.0,50,52000000000000.0
958000.0,1999348100000.0,7.882336e+29,0.7227789620120586,3.2141374119210253e-15,0.004623421012050024,0.5110283233197036,2.2729280792264383e-15,0.6235904038391744,2.7735798217155493e-15,300000000000000.0,50,52000000000000.0
959000.0,1997387800000.0,7.8661568e+29,0.7228814354216315,3.207418667747251e-15,0.004622764563624619,0.5111007890188408,2.268176766685357e-15,0.6236788313626438,2.7677819498971525e-15,300000000000000.0,50,52000000000000.0
960000.0,1995430900000.0,7.85034e+29,0.7229839088312043,3.200699923573476e-15,0.004622108115199213,0.5111732547179781,2.2634254541442755e-15,0.6237672588861133,2.7619840780787553e-15,300000000000000.0,50,52000000000000.0
961000.0,1993476900000.0,7.8345689e+29,0.7230863822407771,3.1939811793997018e-15,0.004621451666773807,0.5112457204171155,2.2586741416031942e-15,0.6238556864095827,2.7561862062603585e-15,300000000000000.0,50,52000000000000.0
962000.0,1991525200000.0,7.8189624e+29,0.72318885565035,3.1872624352259274e-15,0.004620795218348401,0.5113181861162528,2.2539228290621127e-15,0.6239441139330522,2.7503883344419618e-15,300000000000000.0,50,52000000000000.0
963000.0,1989575700000.0,7.803226e+29,0.7232913290599228,3.1805436910521526e-15,0.004620138769922995,0.5113906518153901,2.2491715165210315e-15,0.6240325414565215,2.7445904626235646e-15,300000000000000.0,50,52000000000000.0
964000.0,1987629700000.0,7.7877333e+29,0.7233938024694956,3.1738249468783783e-15,0.004619482321497589,0.5114631175145274,2.24442020397995e-15,0.6241209689799909,2.738792590805168e-15,300000000000000.0,50,52000000000000.0
965000.0,1985686400000.0,7.7723468e+29,0.7234962758790685,3.1671062027046035e-15,0.004618825873072183,0.5115355832136648,2.2396688914388687e-15,0.6242093965034604,2.7329947189867707e-15,300000000000000.0,50,52000000000000.0
966000.0,1983745300000.0,7.7571089e+29,0.7235987492886413,3.160387458530829e-15,0.004618169424646777,0.511608048912802,2.234917578897787e-15,0.6242978240269298,2.727196847168374e-15,300000000000000.0,50,52000000000000.0
967000.0,1981806500000.0,7.7417238e+29,0.7237012226982141,3.1536687143570544e-15,0.004617512976221372,0.5116805146119393,2.230166266356706e-15,0.6243862515503992,2.7213989753499768e-15,300000000000000.0,50,52000000000000.0
968000.0,1979871200000.0,7.7265398e+29,0.7238036961077869,3.14694997018328e-15,0.004616856527795966,0.5117529803110766,2.2254149538156243e-15,0.6244746790738687,2.71560110353158e-15,300000000000000.0,50,52000000000000.0
969000.0,1977938600000.0,7.7114847e+29,0.7239036958067939,3.140433557764363e-15,0.004616218026409416,0.5118236966696035,2.2208067268660947e-15,0.6245609719340133,2.7099778344178683e-15,300000000000000.0,50,52000000000000.0
970000.0,1976008000000.0,7.6952041e+29,0.7240028857683466,3.1339833760526156e-15,0.004615585399756055,0.5118938404038985,2.216245337151388e-15,0.6246465660394732,2.704411719262087e-15,300000000000000.0,50,52000000000000.0
971000.0,1974080000000.0,7.6814637e+29,0.7241020757298994,3.1275331943408684e-15,0.004614952773102692,0.5119639841381934,2.2116839474366807e-15,0.6247321601449332,2.698845604106306e-15,300000000000000.0,50,52000000000000.0
972000.0,1972155300000.0,7.666567e+29,0.724201265691452,3.1210830126291212e-15,0.004614320146449331,0.5120341278724885,2.2071225577219734e-15,0.6248177542503931,2.6932794889505242e-15,300000000000000.0,50,52000000000000.0
973000.0,1970233200000.0,7.6517994e+29,0.7243004556530047,3.114632830917374e-15,0.004613687519795969,0.5121042716067834,2.202561168007266e-15,0.6249033483558529,2.687713373794743e-15,300000000000000.0,50,52000000000000.0
974000.0,1968313100000.0,7.6362766e+29,0.7243996456145574,3.1081826492056268e-15,0.004613054893142607,0.5121744153410784,2.197999778292559e-15,0.6249889424613129,2.682147258638962e-15,300000000000000.0,50,52000000000000.0
975000.0,1966395700000.0,7.6223036e+29,0.7244988355761101,3.1017324674938796e-15,0.004612422266489245,0.5122445590753735,2.193438388577852e-15,0.6250745365667728,2.6765811434831802e-15,300000000000000.0,50,52000000000000.0
976000.0,1964481600000.0,7.6076621e+29,0.7245980255376628,3.0952822857821324e-15,0.004611789639835884,0.5123147028096684,2.188876998863145e-15,0.6251601306722328,2.671015028327399e-15,300000000000000.0,50,52000000000000.0
977000.0,1962570000000.0,7.5932087e+29,0.7246972154992155,3.088832104070385e-15,0.004611157013182521,0.5123848465439634,2.1843156091484376e-15,0.6252457247776927,2.6654489131716178e-15,300000000000000.0,50,52000000000000.0
978000.0,1960660300000.0,7.5782542e+29,0.7247964054607682,3.082381922358638e-15,0.00461052438652916,0.5124549902782584,2.1797542194337304e-15,0.6253313188831526,2.659882798015836e-15,300000000000000.0,50,52000000000000.0
979000.0,1958753500000.0,7.5643147e+29,0.7248955954223208,3.0759317406468907e-15,0.004609891759875798,0.5125251340125534,2.175192829719023e-15,0.6254169129886126,2.654316682860055e-15,300000000000000.0,50,52000000000000.0
980000.0,1956849900000.0,7.5500201e+29,0.7249947853838735,3.0694815589351435e-15,0.004609259133222436,0.5125952777468483,2.1706314400043163e-15,0.6255025070940725,2.6487505677042738e-15,300000000000000.0,50,52000000000000.0
981000.0,1954948800000.0,7.535882e+29,0.7250939753454262,3.063031377223396e-15,0.004608626506569074,0.5126654214811434,2.166070050289609e-15,0.6255881011995323,2.643184452548492e-15,300000000000000.0,50,52000000000000.0
982000.0,1953049400000.0,7.5213473e+29,0.725193165306979,3.0565811955116487e-15,0.004607993879915713,0.5127355652154383,2.161508660574902e-15,0.6256736953049923,2.637618337392711e-15,300000000000000.0,50,52000000000000.0
983000.0,1951153000000.0,7.5077859e+29,0.7252923552685316,3.0501310137999015e-15,0.00460736125326235,0.5128057089497333,2.1569472708601946e-15,0.6257592894104522,2.6320522222369297e-15,300000000000000.0,50,52000000000000.0
984000.0,1949259700000.0,7.493935e+29,0.7253915299483283,3.0436820687328245e-15,0.00460672873665225,0.512875841877194,2.152386755678763e-15,0.6258448703286847,2.6264871742457195e-15,300000000000000.0,50,52000000000000.0
985000.0,1947368800000.0,7.4802414e+29,0.7254875164374045,3.0374911214422406e-15,0.004606119178065032,0.5129437202045503,2.1480086919694834e-15,0.6259277000319153,2.6211447658640517e-15,300000000000000.0,50,52000000000000.0
986000.0,1945479700000.0,7.4661079e+29,0.7255835029264806,3.0313001741516568e-15,0.004605509619477815,0.5130115985319065,2.1436306282602035e-15,0.626010529735146,2.6158023574823843e-15,300000000000000.0,50,52000000000000.0
987000.0,1943593500000.0,7.4528819e+29,0.7256794894155567,3.025109226861073e-15,0.0046049000608905976,0.5130794768592628,2.1392525645509233e-15,0.6260933594383767,2.6104599491007165e-15,300000000000000.0,50,52000000000000.0
988000.0,1941710400000.0,7.439311e+29,0.7257754759046328,3.018918279570489e-15,0.004604290502303381,0.513147355186619,2.1348745008416435e-15,0.6261761891416074,2.605117540719049e-15,300000000000000.0,50,52000000000000.0
989000.0,1939829800000.0,7.4258756e+29,0.7258714623937089,3.012727332279905e-15,0.004603680943716163,0.5132152335139752,2.1304964371323637e-15,0.6262590188448381,2.5997751323373814e-15,300000000000000.0,50,52000000000000.0
990000.0,1937951000000.0,7.4117388e+29,0.7259674488827851,3.006536384989321e-15,0.004603071385128946,0.5132831118413315,2.126118373423084e-15,0.6263418485480688,2.594432723955714e-15,300000000000000.0,50,52000000000000.0
991000.0,1936075000000.0,7.3990747e+29,0.7260634353718611,3.0003454376987373e-15,0.004602461826541729,0.5133509901686877,2.1217403097138036e-15,0.6264246782512994,2.5890903155740466e-15,300000000000000.0,50,52000000000000.0
992000.0,1934202100000.0,7.3858106e+29,0.7261594218609373,2.9941544904081534e-15,0.004601852267954512,0.5134188684960439,2.1173622460045238e-15,0.6265075079545301,2.5837479071923788e-15,300000000000000.0,50,52000000000000.0
993000.0,1932331700000.0,7.3726905e+29,0.7262554083500135,2.987963543117569e-15,0.004601242709367294,0.5134867468234001,2.112984182295244e-15,0.6265903376577608,2.5784054988107114e-15,300000000000000.0,50,52000000000000.0
994000.0,1930463200000.0,7.3584261e+29,0.7263513948390895,2.9817725958269852e-15,0.0046006331507800775,0.5135546251507563,2.108606118585964e-15,0.6266731673609915,2.5730630904290436e-15,300000000000000.0,50,52000000000000.0
995000.0,1928597300000.0,7.34654e+29,0.7264473813281657,2.9755816485364013e-15,0.00460002359219286,0.5136225034781126,2.104228054876684e-15,0.6267559970642222,2.567720682047376e-15,300000000000000.0,50,52000000000000.0
996000.0,1926734500000.0,7.3335831e+29,0.7265433678172417,2.9693907012458174e-15,0.004599414033605643,0.5136903818054689,2.099849991167404e-15,0.626838826767453,2.5623782736657088e-15,300000000000000.0,50,52000000000000.0
997000.0,1924874300000.0,7.3207521e+29,0.7266393543063179,2.9631997539552336e-15,0.004598804475018425,0.5137582601328251,2.0954719274581243e-15,0.6269216564706835,2.557035865284041e-15,300000000000000.0,50,52000000000000.0
998000.0,1923016000000.0,7.3080398e+29,0.726735340795394,2.9570088066646497e-15,0.004598194916431209,0.5138261384601813,2.0910938637488444e-15,0.6270044861739142,2.5516934569023736e-15,300000000000000.0,50,52000000000000.0
999000.0,1921160100000.0,7.2951628e+29,0.7268313272844701,2.9508178593740658e-15,0.004597585357843991,0.5138940167875375,2.0867158000395642e-15,0.627087315877145,2.546351048520706e-15,300000000000000.0,50,52000000000000.0
1000000.0,1919307300000.0,7.2824573e+29,0.7269273137735462,2.944626912083482e-15,0.004596975799256774,0.5139618951148938,2.0823377363302844e-15,0.6271701455803756,2.5410086401390384e-15,300000000000000.0,50,52000000000000.0
