t[yr],B[G],L[erg/s],P_fill[s],Pdot_fill[s/s],chi[rad],P_vac[s],Pdot_vac[s/s],P_vacObs[s],Pdot_vacObs[s/s],bpol,etor,btorAvg
0.0,100000000000000.0,1.3567296e+36,0.001,1.0167068496852627e-08,1.0471975511965976,0.001,2.9048767133864642e-09,0.001,4.325508129060289e-09,300000000000000.0,50,52000000000000.0
1.0,99924759000000.0,8.192685e+34,0.01894214205039236,3.1414229791272085e-10,0.16069027550483492,0.012915569783012108,2.246126262662029e-10,0.0157467032723367,2.743263622515891e-10,300000000000000.0,50,52000000000000.0
2.0,99898775000000.0,6.9959952e+34,0.02706904947981527,2.1696917624911763e-10,0.11335370271062944,0.01872224967687375,1.5486811982782463e-10,0.022836693280934652,1.89058530683955e-10,300000000000000.0,50,52000000000000.0
3.0,99870110000000.0,6.3523588e+34,0.03322222523890032,1.7593918712947868e-10,0.09253878239446792,0.023110905714707978,1.2538677933892012e-10,0.028193830739194813,1.530467309376371e-10,300000000000000.0,50,52000000000000.0
4.0,99839380000000.0,5.9631076e+34,0.038384220248391755,1.5186418187328444e-10,0.08014491715232483,0.026787740557304388,1.0811038827892319e-10,0.032681605649649205,1.3195004992941534e-10,300000000000000.0,50,52000000000000.0
5.0,99807245000000.0,5.6974557e+34,0.04292014754294345,1.3555495690146557e-10,0.07168767285309692,0.030015571570796158,9.642235993961832e-11,0.03662113304192756,1.176798292358041e-10,300000000000000.0,50,52000000000000.0
6.0,99774280000000.0,5.5001011e+34,0.0470139867871534,1.2356392714483543e-10,0.06544391907327816,0.03292674314845086,8.78388564183983e-11,0.04017406117677029,1.0720107552449807e-10,300000000000000.0,50,52000000000000.0
7.0,99740901000000.0,5.3443691e+34,0.050773662221856294,1.1426860684548779e-10,0.06059155921058118,0.035598814641052384,8.119147091611403e-11,0.04343510493281308,9.908650311443989e-11,300000000000000.0,50,52000000000000.0
8.0,99707360000000.0,5.2165318e+34,0.05426946999242331,1.0678746939712007e-10,0.05667994484060475,0.03808225386994699,7.584585305427483e-11,0.046465887439237186,9.256134961573345e-11,300000000000000.0,50,52000000000000.0
9.0,99673767000000.0,5.1083813e+34,0.0575502143897928,1.0059531725679168e-10,0.05343897786022478,0.04041206687105337,7.142436810185154e-11,0.04930914854034043,8.716445014385728e-11,300000000000000.0,50,52000000000000.0
10.0,99640138000000.0,5.0149351e+34,0.06065022237125602,9.536301080403525e-11,0.05069872911352595,0.0426128589979075,6.769052222914315e-11,0.05199492780487412,8.260702614579358e-11,300000000000000.0,50,52000000000000.0
20.0,99296413000000.0,4.7344739e+34,0.08559113041022605,6.702333333009649e-11,0.03586427628831488,0.0603020626629866,4.750449058779332e-11,0.07358168839924484,5.797042876942275e-11,300000000000000.0,50,52000000000000.0
30.0,98949441000000.0,4.3951326e+34,0.1046202918244968,5.4426915673703876e-11,0.029304193048438325,0.07378520041217457,3.85529628629139e-11,0.09003524498125548,4.7046129399925253e-11,300000000000000.0,50,52000000000000.0
40.0,98602637000000.0,4.1653916e+34,0.12057681802760281,4.688384832606677e-11,0.025401812752462484,0.08508597520098081,3.3198544810988564e-11,0.10382551960826311,4.051187492886456e-11,300000000000000.0,50,52000000000000.0
50.0,98257918000000.0,4.018613e+34,0.13456098032431932,4.171269669134177e-11,0.022744318029258272,0.09498712486326875,2.953031802294009e-11,0.11590777702645058,3.6035430722783257e-11,300000000000000.0,50,52000000000000.0
60.0,97916484000000.0,3.9205771e+34,0.14713689462030163,3.787991070549353e-11,0.020787161616658018,0.10388952958051799,2.6812739523481422e-11,0.12677124242213852,3.271912267707478e-11,300000000000000.0,50,52000000000000.0
70.0,97579307000000.0,3.8514719e+34,0.1586435646944519,3.488819022539647e-11,0.0192686360517463,0.1120339195902447,2.4692222601311635e-11,0.13670969219070822,3.013143642556848e-11,300000000000000.0,50,52000000000000.0
80.0,97246909000000.0,3.7996104e+34,0.1692971250262579,3.246939231299596e-11,0.018047702767016734,0.1195736997799696,2.2978235642609295e-11,0.14591033266640555,2.803985258133655e-11,300000000000000.0,50,52000000000000.0
90.0,96919666000000.0,3.7452369e+34,0.1792536664084128,3.0458867053272825e-11,0.017038102185661045,0.12661960914936268,2.1553847347012038e-11,0.15450830195963278,2.6301673318160242e-11,300000000000000.0,50,52000000000000.0
100.0,96598095000000.0,3.7152213e+34,0.18862507249536486,2.8753010980089395e-11,0.01618538511549029,0.13325099993452755,2.0345508096175092e-11,0.16260043537280364,2.4827142689282348e-11,300000000000000.0,50,52000000000000.0
200.0,93674610000000.0,3.6591623e+34,0.26250950265431405,1.942656292491515e-11,0.011601392803007825,0.18552283426523303,1.3742165982236585e-11,0.22638637754754395,1.6769175017596567e-11,300000000000000.0,50,52000000000000.0
300.0,91211299000000.0,3.4623375e+34,0.31683757777335597,1.5260122904260217e-11,0.009598864548591,0.2239518242872059,1.0793694178168349e-11,0.2732801509532104,1.3171221458438172e-11,300000000000000.0,50,52000000000000.0
400.0,89094193000000.0,3.1180537e+34,0.361006928745476,1.2777603452567345e-11,0.008416431654322582,0.2551925042429253,9.037249515828541e-12,0.31140220368899857,1.1027877488017504e-11,300000000000000.0,50,52000000000000.0
500.0,87246946000000.0,2.7809652e+34,0.39870476427798296,1.109472257357619e-11,0.007615272884133004,0.28185467908445616,7.84670715985033e-12,0.34393722893069445,9.575091515802745e-12,300000000000000.0,50,52000000000000.0
600.0,85613298000000.0,2.4988936e+34,0.431841536247758,9.863554438872521e-12,0.0070270040257218586,0.30529027436542017,6.975790862612916e-12,0.3725349498272893,8.512337327570436e-12,300000000000000.0,50,52000000000000.0
700.0,84145838000000.0,2.2589407e+34,0.46155429915713597,8.914981790029625e-12,0.006571612794034376,0.3263038177534109,6.304815152855599e-12,0.39817711105205,7.693565392924239e-12,300000000000000.0,50,52000000000000.0
800.0,82814816000000.0,2.0408412e+34,0.48858423741574564,8.15682847295451e-12,0.006205581354978886,0.3454196904242231,5.768554123979975e-12,0.42150360093422173,7.039182105230245e-12,300000000000000.0,50,52000000000000.0
900.0,81599308000000.0,1.8398957e+34,0.5134337149778339,7.536471065419439e-12,0.0059033062528713485,0.3629932885460693,5.329772810481257e-12,0.44294809960202786,6.5037505707830716e-12,300000000000000.0,50,52000000000000.0
1000.0,80483455000000.0,1.6502581e+34,0.5364878943219844,7.017219518266621e-12,0.005647935285893519,0.3792970782343412,4.96251285227453e-12,0.4628430897065739,6.055594491083394e-12,300000000000000.0,50,52000000000000.0
2000.0,72640390000000.0,9.2842952e+33,0.7099769825980665,4.320509215692746e-12,0.004260017248608051,0.5019838544436713,3.0552839599964774e-12,0.612553773157545,3.7282629675583345e-12,300000000000000.0,50,52000000000000.0
3000.0,68044031000000.0,3.8191959e+33,0.8285627267549129,3.247292214771982e-12,0.003646828595486654,0.585841999339654,2.296309853293757e-12,0.7148831134154435,2.802111300228019e-12,300000000000000.0,50,52000000000000.0
4000.0,64657284000000.0,2.5437248e+33,0.9213228780548065,2.637295319858577e-12,0.003277598091050001,0.6514366646990861,1.864935263646533e-12,0.7949261204822836,2.2757189136340942e-12,300000000000000.0,50,52000000000000.0
5000.0,61954174000000.0,2.2522122e+33,0.9983047456198836,2.234868235905204e-12,0.0030234474150388608,0.7058734112446496,1.5803536014171243e-12,0.8613534829556799,1.928453214153367e-12,300000000000000.0,50,52000000000000.0
6000.0,59766062000000.0,2.1225657e+33,1.0645220526484376,1.949981393288371e-12,0.0028343246543722027,0.7526978934326598,1.3788942012099251e-12,0.9184918484710612,1.6826189157958484e-12,300000000000000.0,50,52000000000000.0
7000.0,57982007000000.0,2.0488591e+33,1.1229402565008457,1.7401746496253782e-12,0.002686084294924475,0.7940072120340033,1.2305291700924973e-12,0.9689002409388824,1.5015739452202215e-12,300000000000000.0,50,52000000000000.0
8000.0,56503598000000.0,2.0031997e+33,1.1755024608128517,1.5785091787881443e-12,0.0025653212425778885,0.8311754651514728,1.1162078843803143e-12,1.0142554274181586,1.3620714441812266e-12,300000000000000.0,50,52000000000000.0
9000.0,55251426000000.0,1.9725897e+33,1.2234878260437279,1.4498705622357688e-12,0.0024641551238595866,0.8651072251303834,1.0252418196815756e-12,1.0556612279370807,1.2510685541295508e-12,300000000000000.0,50,52000000000000.0
10000.0,54165938000000.0,1.9481685e+33,1.2677661195674275,1.3450021881390502e-12,0.0023776440291301297,0.8964175542886164,9.510849933294696e-13,1.093868182878882,1.1605774259588966e-12,300000000000000.0,50,52000000000000.0
11000.0,53201004000000.0,1.9258353e+33,1.3089927909892118,1.2566006654809486e-12,0.002302359692404983,0.9255699562586829,8.885727565158755e-13,1.1294418905076662,1.0842958079898829e-12,300000000000000.0,50,52000000000000.0
12000.0,52321464000000.0,1.9063061e+33,1.3476253223607093,1.1804338041650511e-12,0.0022359965241685285,0.9528879405282327,8.347122812534816e-13,1.1627771188220917,1.0185716502988934e-12,300000000000000.0,50,52000000000000.0
13000.0,51503664000000.0,1.8938155e+33,1.3839937848716297,1.1138244890127265e-12,0.0021769284763503718,0.978604917437441,7.876104229185458e-13,1.1941586907884072,9.610948105353912e-13,300000000000000.0,50,52000000000000.0
14000.0,50777267000000.0,1.8980736e+33,1.4183905602145415,1.0564184265537331e-12,0.0021238631940728404,1.002927643913704,7.470165845251489e-13,1.2238389050773797,9.115594928869038e-13,300000000000000.0,50,52000000000000.0
15000.0,50115064000000.0,1.8897502e+33,1.4510821621153507,1.0058116689498214e-12,0.0020757592592387996,1.0260445832672325,7.112308312056087e-13,1.2520477372500605,8.678913228977761e-13,300000000000000.0,50,52000000000000.0
16000.0,49499223000000.0,1.881966e+33,1.4822555926944518,9.605965413013899e-13,0.002031873317713191,1.048087972861016,6.792577317826714e-13,1.2789465521997188,8.288756086973584e-13,300000000000000.0,50,52000000000000.0
17000.0,48921386000000.0,1.8629819e+33,1.5120654711428057,9.198486008042439e-13,0.001991606674963977,1.0691671505523344,6.504435679041072e-13,1.304668771306679,7.93714639293798e-13,300000000000000.0,50,52000000000000.0
18000.0,48390738000000.0,1.8236929e+33,1.5406623176996357,8.831659891572159e-13,0.001954431725952323,1.0893885551832496,6.245041568846228e-13,1.3293442783741793,7.620616358244172e-13,300000000000000.0,50,52000000000000.0
19000.0,47900554000000.0,1.7797436e+33,1.5681337408610905,8.503280470436947e-13,0.0019200252744566437,1.1088141383405232,6.012834525112043e-13,1.3530486708785519,7.337261801641108e-13,300000000000000.0,50,52000000000000.0
20000.0,47455373000000.0,1.750755e+33,1.5946214958113454,8.207500948303939e-13,0.00188796610907913,1.1275441400941397,5.803680021184291e-13,1.3759042684601213,7.082037496585736e-13,300000000000000.0,50,52000000000000.0
21000.0,47055075000000.0,1.7315671e+33,1.620217732349612,7.942834278758912e-13,0.0018579834103480623,1.145643722774738,5.616526443057464e-13,1.397990586554418,6.85366019265648e-13,300000000000000.0,50,52000000000000.0
22000.0,46722580000000.0,1.7149117e+33,1.6450218911105718,7.712809449397088e-13,0.0018298210347747284,1.1631832039964958,5.453869119133592e-13,1.4193934314159509,6.655174855247249e-13,300000000000000.0,50,52000000000000.0
23000.0,46451631000000.0,1.6962007e+33,1.6691419484783097,7.510979199458272e-13,0.0018032353420530357,1.1802389369637292,5.311148998127048e-13,1.4402059743270992,6.481018225234647e-13,300000000000000.0,50,52000000000000.0
24000.0,46143428000000.0,1.6833245e+33,1.6926301980840726,7.309363023921909e-13,0.0017780792482731036,1.1968479002686971,5.16858051453605e-13,1.4604733390396571,6.307046635622967e-13,300000000000000.0,50,52000000000000.0
25000.0,45829011000000.0,1.6889217e+33,1.715487939124546,7.114092281944095e-13,0.0017542667240429389,1.213011013367804,5.030499237986393e-13,1.4801966475424682,6.138550637391839e-13,300000000000000.0,50,52000000000000.0
26000.0,45511902000000.0,1.6680278e+33,1.737749456293471,6.926486156490919e-13,0.0017316714214143487,1.2287525204079337,4.897837955077109e-13,1.4994054841676763,5.976668478676407e-13,300000000000000.0,50,52000000000000.0
27000.0,45210849000000.0,1.6342869e+33,1.7594340274328841,6.751828812905448e-13,0.001710213683874891,1.2440860536376699,4.774333167681927e-13,1.5181164838989205,5.825959688022859e-13,300000000000000.0,50,52000000000000.0
28000.0,44994613000000.0,1.6037352e+33,1.7805910438752612,6.609088011759312e-13,0.0016897911688245355,1.259046539008586,4.673397273437926e-13,1.5363722657155814,5.702790967123268e-13,300000000000000.0,50,52000000000000.0
29000.0,44853435000000.0,1.5769405e+33,1.8013278625794944,6.490423900093225e-13,0.0016702354987449877,1.2737098910491798,4.589486539903496e-13,1.554265465592539,5.600397483652879e-13,300000000000000.0,50,52000000000000.0
30000.0,44732579000000.0,1.5568092e+33,1.8217058929186238,6.382774059498305e-13,0.001651450998811448,1.2881195337041471,4.513364290478671e-13,1.571849072325557,5.507508028756295e-13,300000000000000.0,50,52000000000000.0
31000.0,44617115000000.0,1.5501847e+33,1.8417518347436626,6.280306729157395e-13,0.0016333791943306747,1.3022943471926949,4.440906777879048e-13,1.5891461248196819,5.419090530933813e-13,300000000000000.0,50,52000000000000.0
32000.0,44492246000000.0,1.549864e+33,1.8614776180430386,6.178665658417894e-13,0.0016159775496172252,1.3162427676990942,4.369033617874394e-13,1.606166917471986,5.331386099897011e-13,300000000000000.0,50,52000000000000.0
33000.0,44347365000000.0,1.5378181e+33,1.880883750028989,6.075783872436134e-13,0.0015992150967612335,1.3299651541650495,4.296283213657505e-13,1.6229118882895266,5.242611197726322e-13,300000000000000.0,50,52000000000000.0
34000.0,44202077000000.0,1.5132643e+33,1.8999704105035566,5.976855150086028e-13,0.0015830621173732074,1.343461634007501,4.226328162990406e-13,1.63938119275733,5.157247373000582e-13,300000000000000.0,50,52000000000000.0
35000.0,44096718000000.0,1.4860067e+33,1.9187584327151688,5.889165747698992e-13,0.0015674728783410612,1.3567469390097187,4.164320683180577e-13,1.6555928075817243,5.081581704672839e-13,300000000000000.0,50,52000000000000.0
36000.0,44009387000000.0,1.461619e+33,1.9372812429557278,5.809344131376394e-13,0.0015523971383219854,1.369844705637387,4.1078767001104783e-13,1.671575575555668,5.01270498648809e-13,300000000000000.0,50,52000000000000.0
37000.0,43932939000000.0,1.4449688e+33,1.9555451646109347,5.735452094114633e-13,0.0015378272913362638,1.382759405272006,4.0556256736506843e-13,1.6873349529571402,4.948944793982506e-13,300000000000000.0,50,52000000000000.0
38000.0,43866621000000.0,1.4373335e+33,1.9735882092997767,5.665590239856672e-13,0.001523689636622457,1.3955179169277903,4.0062245009588723e-13,1.702903739354564,4.888662183442813e-13,300000000000000.0,50,52000000000000.0
39000.0,43802345000000.0,1.4292981e+33,1.9914203179218242,5.598392238644532e-13,0.001509962745953503,1.408127270093991,3.9587070255734363e-13,1.7182905126004036,4.830678186318495e-13,300000000000000.0,50,52000000000000.0
40000.0,43745214000000.0,1.4151579e+33,2.0090311096207527,5.535729627929682e-13,0.001496660987600485,1.4205801242432547,3.914396639623528e-13,1.7334863152933644,4.776607693897301e-13,300000000000000.0,50,52000000000000.0
41000.0,43710594000000.0,1.3965794e+33,2.0264647781958085,5.478536828037916e-13,0.0014837018311842282,1.4329077299464723,3.873954074897087e-13,1.748529281467052,4.727256975056339e-13,300000000000000.0,50,52000000000000.0
42000.0,43694659000000.0,1.3783714e+33,2.043707322384261,5.428693633169339e-13,0.001471123753923328,1.4451001864247857,3.838708563655673e-13,1.7634073295289079,4.684248047617182e-13,300000000000000.0,50,52000000000000.0
43000.0,43687521000000.0,1.3632843e+33,2.0608110650006783,5.381482958277987e-13,0.0014588335597531317,1.457194492443882,3.805324574828355e-13,1.7781656078433443,4.643510674150175e-13,300000000000000.0,50,52000000000000.0
44000.0,43683595000000.0,1.3520176e+33,2.0777531607525113,5.33666986216225e-13,0.00144688023424107,1.4691744934411737,3.773635982084577e-13,1.7927844035337341,4.604842136268107e-13,300000000000000.0,50,52000000000000.0
45000.0,43679679000000.0,1.3412616e+33,2.0945656680813602,5.292974569691536e-13,0.0014351956921463981,1.481062858847236,3.742737830554158e-13,1.8072913793538579,4.567138147659673e-13,300000000000000.0,50,52000000000000.0
46000.0,43679374000000.0,1.3291959e+33,2.1112406836612503,5.251106947617235e-13,0.0014237926838679314,1.4928540000323285,3.713132077800642e-13,1.8216797156846425,4.5310112304037364e-13,300000000000000.0,50,52000000000000.0
47000.0,43684182000000.0,1.3153901e+33,2.127780353010236,5.211392239654637e-13,0.0014126662338727089,1.5045494341542036,3.6850487071095733e-13,1.8359512638633766,4.496742025422994e-13,300000000000000.0,50,52000000000000.0
48000.0,43690209000000.0,1.3006357e+33,2.1442034306833095,5.172954910460841e-13,0.0014017782787498195,1.5161624230721618,3.6578686109532893e-13,1.8501222068966887,4.46357505641567e-13,300000000000000.0,50,52000000000000.0
49000.0,43700268000000.0,1.2867416e+33,2.1605073078383774,5.136199603518628e-13,0.0013911325291140046,1.5276911220151677,3.631877918233429e-13,1.864190293671856,4.431859476935003e-13,300000000000000.0,50,52000000000000.0
50000.0,43714689000000.0,1.2739839e+33,2.1766881806031835,5.101425704080863e-13,0.0013807370975776902,1.539132841153527,3.607288328565097e-13,1.878152241878969,4.401853616960853e-13,300000000000000.0,50,52000000000000.0
51000.0,43730828000000.0,1.2621028e+33,2.192764795141757,5.067913136667505e-13,0.0013705547399283369,1.5505008364066282,3.5835906628158785e-13,1.8920242272763146,4.372936142150293e-13,300000000000000.0,50,52000000000000.0
52000.0,43751540000000.0,1.2512067e+33,2.2087401474490624,5.035847506520552e-13,0.0013605789344827176,1.5617972263274984,3.560916164029736e-13,1.9058088350638547,4.34526720400354e-13,300000000000000.0,50,52000000000000.0
53000.0,43773579000000.0,1.2408186e+33,2.2246178247138984,5.004851511600783e-13,0.0013508029293445448,1.5730245475091462,3.5389980358633e-13,1.9195091605617836,4.318521239834913e-13,300000000000000.0,50,52000000000000.0
54000.0,43793467000000.0,1.2306906e+33,2.2403934403371952,4.974097615915852e-13,0.0013412344880819015,1.5841796980751097,3.5172511168232557e-13,1.9331214186533245,4.291984196598435e-13,300000000000000.0,50,52000000000000.0
55000.0,43809880000000.0,1.2207132e+33,2.256070231223597,4.943214591797285e-13,0.0013318620816949,1.5952649669775147,3.495412905708825e-13,1.9466484024711663,4.2653357528264424e-13,300000000000000.0,50,52000000000000.0
56000.0,43823572000000.0,1.2110028e+33,2.271651890761245,4.912331573258702e-13,0.001322672756541541,1.6062829659660114,3.4735747137076804e-13,1.9600932990471398,4.2386873325046075e-13,300000000000000.0,50,52000000000000.0
57000.0,43833972000000.0,1.2013912e+33,2.287137981024198,4.881246108340298e-13,0.0013136625476078674,1.6172333854178076,3.451593383932813e-13,1.973455730559222,4.2118642460561423e-13,300000000000000.0,50,52000000000000.0
58000.0,43838525000000.0,1.1914939e+33,2.302527454764869,4.849419285830396e-13,0.0013048278652810867,1.6281154848506199,3.4290878448402836e-13,1.9867347934219257,4.1844014845871823e-13,300000000000000.0,50,52000000000000.0
59000.0,43833278000000.0,1.1805979e+33,2.3178176350500745,4.816622291571536e-13,0.001296166053498154,1.6389273714101689,3.405896298732302e-13,1.9999281778486662,4.1561016117634823e-13,300000000000000.0,50,52000000000000.0
60000.0,43824943000000.0,1.1706605e+33,2.333005280211912,4.783509680900316e-13,0.0012876747444698358,1.6496667529113054,3.3824815899892973e-13,2.013033086762723,4.127529421137089e-13,300000000000000.0,50,52000000000000.0
61000.0,43814741000000.0,1.1611042e+33,2.3480892682550554,4.750513864765584e-13,0.0012793503629975928,1.6603328360172827,3.359149481618056e-13,2.026048552082074,4.099058025099509e-13,300000000000000.0,50,52000000000000.0
62000.0,43801540000000.0,1.151807e+33,2.363069835262043,4.71748913011333e-13,0.001271188616361435,1.6709257877055832,3.335796937588583e-13,2.0389747775641047,4.0705616922174704e-13,300000000000000.0,50,52000000000000.0
63000.0,43784000000000.0,1.1427257e+33,2.3779468301213265,4.684169047900577e-13,0.0012631854864159759,1.6814455011632472,3.312235562112775e-13,2.051811632868854,4.041810529393733e-13,300000000000000.0,50,52000000000000.0
64000.0,43761131000000.0,1.1338792e+33,2.392719355629797,4.650378348818781e-13,0.0012553374108593425,1.6918913420059944,3.288341419698845e-13,2.0645583438786796,4.012653302280365e-13,300000000000000.0,50,52000000000000.0
65000.0,43732918000000.0,1.1253061e+33,2.4073860597694576,4.615984228989989e-13,0.0012476411095524893,1.702262354243854,3.264020602758058e-13,2.077213744031243,3.982975418577987e-13,300000000000000.0,50,52000000000000.0
66000.0,43697597000000.0,1.1165907e+33,2.421945280253779,4.580973461044819e-13,0.0012400934987526705,1.7125573624918236,3.239263757788272e-13,2.0897763990437666,3.952765464517707e-13,300000000000000.0,50,52000000000000.0
67000.0,43658011000000.0,1.1081981e+33,2.436395417891445,4.545508231607197e-13,0.0012326914968152306,1.7227752359800852,3.21418556871269e-13,2.102244929075892,3.9221633850614124e-13,300000000000000.0,50,52000000000000.0
68000.0,43613311000000.0,1.0998309e+33,2.450735471793281,4.5096393573596543e-13,0.0012254317610611166,1.7329152670054166,3.1888219683491966e-13,2.1146184705413047,3.891213027825045e-13,300000000000000.0,50,52000000000000.0
69000.0,43562893000000.0,1.0913929e+33,2.4649647800428545,4.473335589160416e-13,0.0012183108369483767,1.7429769875559566,3.163150859730927e-13,2.126896452341054,3.859887428614677e-13,300000000000000.0,50,52000000000000.0
70000.0,43508011000000.0,1.0829869e+33,2.47908267129187,4.436714339498291e-13,0.0012113253492231821,1.7529599229498067,3.137255266377427e-13,2.1390782952369594,3.828287898257805e-13,300000000000000.0,50,52000000000000.0
71000.0,43449006000000.0,1.0746547e+33,2.4930889505483353,4.39989535689887e-13,0.0012044717658829,1.7628639353417987,3.1112198636224485e-13,2.151163831021455,3.7965177632354827e-13,300000000000000.0,50,52000000000000.0
72000.0,43386528000000.0,1.0663877e+33,2.506972222231796,4.362933497239874e-13,0.0011977594587348297,1.7726809667370158,3.085083441362936e-13,2.163143226791967,3.764624357569342e-13,300000000000000.0,50,52000000000000.0
73000.0,43319718000000.0,1.0582097e+33,2.520732731058768,4.325701128920729e-13,0.0011911840070444942,1.7824111902203865,3.058755749331722e-13,2.1750166937586024,3.7324975518670356e-13,300000000000000.0,50,52000000000000.0
74000.0,43248790000000.0,1.0501814e+33,2.534379525012357,4.288284943349688e-13,0.001184731734847281,1.7920610038258578,3.032298086996717e-13,2.186792039229404,3.7002121478144624e-13,300000000000000.0,50,52000000000000.0
75000.0,43173685000000.0,1.0423019e+33,2.547913275550334,4.250673864405806e-13,0.0011783989662366163,1.8016308823830538,3.0057026219752503e-13,2.1984698426233846,3.6677585878137413e-13,300000000000000.0,50,52000000000000.0
76000.0,43094044000000.0,1.0345397e+33,2.5613348200636326,4.2128311283142516e-13,0.0011721820662885186,1.8111214180538202,2.9789433578465893e-13,2.210050826536141,3.6351051492977093e-13,300000000000000.0,50,52000000000000.0
77000.0,43009464000000.0,1.0268046e+33,2.574645129654699,4.1747020508665277e-13,0.001166077462990909,1.8205332975478306,2.951981626450978e-13,2.22153582893682,3.602204646799152e-13,300000000000000.0,50,52000000000000.0
78000.0,42919614000000.0,1.0191159e+33,2.58782351637794,4.1360975520840604e-13,0.0011601023244099513,1.829851892090992,2.924683728272141e-13,2.2329069988200496,3.5688939312704713e-13,300000000000000.0,50,52000000000000.0
79000.0,42825058000000.0,1.011556e+33,2.60087149302437,4.0971955273503547e-13,0.0011542507025642317,1.8390782714491214,2.8971754547640565e-13,2.2441656415857736,3.5353265018201444e-13,300000000000000.0,50,52000000000000.0
80000.0,42726604000000.0,1.0041724e+33,2.6138062083798386,4.0582421094078286e-13,0.0011485035483374277,1.848224561848902,2.8696308478847664e-13,2.25532655446457,3.5017147360287196e-13,300000000000000.0,50,52000000000000.0
81000.0,42625305000000.0,9.9705291e+32,2.6266295856686477,4.019383849043715e-13,0.0011428572291405134,1.8572921232532251,2.842153535112715e-13,2.266391396973985,3.4681850870465264e-13,300000000000000.0,50,52000000000000.0
82000.0,42522500000000.0,9.9027906e+32,2.639340903300387,3.980756943331788e-13,0.0011373107230145693,1.8662804454304087,2.8148398228732387e-13,2.2773595464954357,3.434855074388608e-13,300000000000000.0,50,52000000000000.0
83000.0,42418443000000.0,9.8377015e+32,2.6518953381146138,3.9425112231240154e-13,0.0011319006053409793,1.875157833219919,2.7877956607146624e-13,2.2881923264811403,3.4018539847711355e-13,300000000000000.0,50,52000000000000.0
84000.0,42312211000000.0,9.7754144e+32,2.664342658609372,3.9044324089935305e-13,0.0011265815064671692,1.8839594787559937,2.7608695259490374e-13,2.2989326807196973,3.368996920090388e-13,300000000000000.0,50,52000000000000.0
85000.0,42203479000000.0,9.714133e+32,2.6766858820432913,3.866488798582928e-13,0.001121349796325042,1.8926875156013696,2.7340390011852473e-13,2.3095832127266815,3.3362565251500017e-13,300000000000000.0,50,52000000000000.0
86000.0,42092205000000.0,9.6535159e+32,2.688913992197826,3.828662367871656e-13,0.0011162133869585503,1.9013341540258375,2.7072913419114094e-13,2.320134416954091,3.303617248251347e-13,300000000000000.0,50,52000000000000.0
87000.0,41978224000000.0,9.5927716e+32,2.700991959086862,3.7909001677635465e-13,0.0011111980316759328,1.909874623804935,2.6805891088233047e-13,2.330556067123004,3.2710334034739987e-13,300000000000000.0,50,52000000000000.0
88000.0,41861791000000.0,9.5336605e+32,2.7129701328959968,3.7532810700637286e-13,0.0011062612479139163,1.9183445283595597,2.6539880702118974e-13,2.3408916089011482,3.2385730429789006e-13,300000000000000.0,50,52000000000000.0
89000.0,41743363000000.0,9.4760699e+32,2.7248519694728897,3.7158208099788016e-13,0.0011013997140832874,1.9267463113789405,2.6274993523829805e-13,2.351144024241064,3.206249743823666e-13,300000000000000.0,50,52000000000000.0
90000.0,41623334000000.0,9.4207093e+32,2.7365807712982826,3.6786518134173043e-13,0.0010966551894663204,1.9350398812028256,2.601216597819852e-13,2.3612643906266406,3.1741777748250847e-13,300000000000000.0,50,52000000000000.0
91000.0,41501820000000.0,9.3674167e+32,2.7482003726009743,3.6417565639373645e-13,0.0010919921223275955,1.943256233700395,2.575127418073748e-13,2.3712905312837154,3.1423420187538967e-13,300000000000000.0,50,52000000000000.0
92000.0,41378938000000.0,9.3145641e+32,2.7597299364181644,3.605071990760031e-13,0.0010873957051216647,1.9514089193476862,2.5491872141214863e-13,2.3812389814063994,3.1106880529034495e-13,300000000000000.0,50,52000000000000.0
93000.0,41254263000000.0,9.2624132e+32,2.7711189325096575,3.5686687194938707e-13,0.0010829017179871266,1.959462207473947,2.52344592830601e-13,2.391066140048762,3.0792768202646067e-13,300000000000000.0,50,52000000000000.0
94000.0,41128313000000.0,9.2110587e+32,2.782391159452062,3.532606131192623e-13,0.001078490765373555,1.9674329264261592,2.497945548336103e-13,2.400792542281618,3.048159557026289e-13,300000000000000.0,50,52000000000000.0
95000.0,41001805000000.0,9.1597765e+32,2.7935806504685408,3.496670900281089e-13,0.0010741382033742394,1.9753451415989565,2.472535227772538e-13,2.410447554303522,3.0171521903028217e-13,300000000000000.0,50,52000000000000.0
96000.0,40868624000000.0,9.1046716e+32,2.804626329406832,3.460570483721887e-13,0.0010698856349219332,1.983155665169958,2.4470081086304074e-13,2.4199784754552347,2.986002298220813e-13,300000000000000.0,50,52000000000000.0
97000.0,40737901000000.0,9.0560892e+32,2.8155630148916373,3.425119753652449e-13,0.0010657065403783565,1.9908891179163537,2.42194039441424e-13,2.4294153496502267,2.9554130026660824e-13,300000000000000.0,50,52000000000000.0
98000.0,40608113000000.0,9.0091125e+32,2.826423892333974,3.3901114085471e-13,0.0010615784510745966,1.9985689657163066,2.3971854985600624e-13,2.438786811516971,2.925205428938143e-13,300000000000000.0,50,52000000000000.0
99000.0,40478732000000.0,8.9637058e+32,2.8371206674159346,3.355911780169433e-13,0.001057559236301191,2.006132774415753,2.37300246163042e-13,2.448016674739765,2.8956956756126215e-13,300000000000000.0,50,52000000000000.0
100000.0,40349198000000.0,8.91981e+32,2.8477384192238726,3.3222688828144027e-13,0.001053591518790609,2.013640704649711,2.3492130983054364e-13,2.457178351334984,2.8666663090659494e-13,300000000000000.0,50,52000000000000.0
101000.0,40223943000000.0,8.8783826e+32,2.858263373623506,3.289279757359643e-13,0.0010496842747618447,2.021083016534627,2.3258860277756094e-13,2.466259956047606,2.8382010630092503e-13,300000000000000.0,50,52000000000000.0
102000.0,40099121000000.0,8.8352998e+32,2.868646693078077,3.2568850521246923e-13,0.0010458681363634946,2.028425176375274,2.3029792834376656e-13,2.475219348561334,2.810248727010376e-13,300000000000000.0,50,52000000000000.0
103000.0,39971248000000.0,8.7931969e+32,2.8789704606601276,3.2245275483535306e-13,0.0010420899072737134,2.0357252262606766,2.2800988467775774e-13,2.484127355701353,2.7823284934088876e-13,300000000000000.0,50,52000000000000.0
104000.0,39838136000000.0,8.7550355e+32,2.8891594737712247,3.191860340182325e-13,0.0010383967246176582,2.042929989397692,2.2569994194428586e-13,2.492919087600885,2.7541410328356037e-13,300000000000000.0,50,52000000000000.0
105000.0,39703480000000.0,8.7184196e+32,2.8992583249581414,3.1594836695958114e-13,0.0010347585975528425,2.0500709978114684,2.234105437401907e-13,2.501633021738523,2.726204270317911e-13,300000000000000.0,50,52000000000000.0
106000.0,39569764000000.0,8.6820091e+32,2.909275077017875,3.127371555054813e-13,0.0010311706026921524,2.0571539528154554,2.211398528556826e-13,2.510276115236873,2.6984957869960953e-13,300000000000000.0,50,52000000000000.0
107000.0,39438147000000.0,8.6448565e+32,2.9191500143845515,3.096250402688408e-13,0.0010276673901653628,2.064136628739284,2.1893923443620736e-13,2.51879684151919,2.671642374603116e-13,300000000000000.0,50,52000000000000.0
108000.0,39308802000000.0,8.6073113e+32,2.928978329140652,3.0654613214312477e-13,0.0010241919275030145,2.0710863371882664,2.1676209727231016e-13,2.527277338691814,2.6450754961429685e-13,300000000000000.0,50,52000000000000.0
109000.0,39181560000000.0,8.5695136e+32,2.938654654870179,3.0357927268777744e-13,0.0010208061868460742,2.0779285721603866,2.1466419140497892e-13,2.5356266895662167,2.619475450775576e-13,300000000000000.0,50,52000000000000.0
110000.0,39056364000000.0,8.5319694e+32,2.9482748099865845,3.006507531545899e-13,0.0010174532306239242,2.084731088143248,2.1259339627765932e-13,2.543927572683185,2.5942062287290397e-13,300000000000000.0,50,52000000000000.0
111000.0,38932967000000.0,8.4948779e+32,2.957786928186271,2.97795975507901e-13,0.0010141633310261243,2.09145720978223,2.1057474515586233e-13,2.5521352343310886,2.5695733025955736e-13,300000000000000.0,50,52000000000000.0
112000.0,38811363000000.0,8.4585674e+32,2.9672093698112154,2.9499971251436877e-13,0.0010109251397774468,2.0981199199263054,2.085974706326876e-13,2.5602655170474287,2.545445281298962e-13,300000000000000.0,50,52000000000000.0
113000.0,38691373000000.0,8.422895e+32,2.976560913950658,2.9224971067416195e-13,0.0010077278286799438,2.104732497518444,2.0665290807258e-13,2.56833462468327,2.5217164331805613e-13,300000000000000.0,50,52000000000000.0
114000.0,38572912000000.0,8.3879625e+32,2.985795210115246,2.895721772099456e-13,0.0010045972881642868,2.1112621675216436,2.0475958900390224e-13,2.5763025629545377,2.498612892302309e-13,300000000000000.0,50,52000000000000.0
115000.0,38455868000000.0,8.3534117e+32,2.9949895576747876,2.8691933509357097e-13,0.0010014894976501224,2.11776358933949,2.0288372956301701e-13,2.584236030907719,2.475722405440564e-13,300000000000000.0,50,52000000000000.0
116000.0,38339989000000.0,8.3194514e+32,3.0040446244501737,2.8434407136153395e-13,0.000998460011124287,2.1241665238888037,2.0106272700075412e-13,2.592049318133215,2.453501318779799e-13,300000000000000.0,50,52000000000000.0
117000.0,38224991000000.0,8.2858743e+32,3.013080054262555,2.8177934824297843e-13,0.0009954415270204667,2.130555572884509,1.9924917787114533e-13,2.5998456612809484,2.4313711838729035e-13,300000000000000.0,50,52000000000000.0
118000.0,38110721000000.0,8.2526173e+32,3.0219687444537584,2.7928424207000847e-13,0.0009925043951465838,2.1368408603819944,1.9748485600611751e-13,2.607515387734581,2.409841752866975e-13,300000000000000.0,50,52000000000000.0
119000.0,37996878000000.0,8.2195188e+32,3.0308380889527706,2.767971426647926e-13,0.000989577821589819,2.1431124682901714,1.9572619586004781e-13,2.6151684214418367,2.3883814099306297e-13,300000000000000.0,50,52000000000000.0
120000.0,37883456000000.0,8.1864252e+32,3.039577079709334,2.743639938823483e-13,0.0009867223913210099,2.149291901380105,1.9400568509873998e-13,2.622708977294049,2.367386591222613e-13,300000000000000.0,50,52000000000000.0
121000.0,37770360000000.0,8.1535724e+32,3.0482870242462714,2.7194286504942597e-13,0.0009838825474927134,2.1554507955150015,1.9229367384108024e-13,2.6302244701447868,2.346495489124771e-13,300000000000000.0,50,52000000000000.0
122000.0,37657748000000.0,8.1207702e+32,3.056877658426463,2.6957110940461383e-13,0.0009811067265838133,2.1615253237639327,1.9061657517533222e-13,2.6376370141200622,2.326030413749835e-13,300000000000000.0,50,52000000000000.0
123000.0,37545594000000.0,8.0880055e+32,3.0654343590022,2.6721396543297656e-13,0.0009783488124361901,2.167575857128366,1.8894980865676205e-13,2.645020277938487,2.3056914181227257e-13,300000000000000.0,50,52000000000000.0
124000.0,37433992000000.0,8.0553517e+32,3.073878027787338,2.649054924943498e-13,0.0009756505451584908,2.173546464272062,1.8731745820200226e-13,2.6523060104568628,2.2857723902498217e-13,300000000000000.0,50,52000000000000.0
125000.0,37323054000000.0,8.0227446e+32,3.0822876733207982,2.626123372117117e-13,0.000972969944735811,2.1794930131435475,1.8569593909912524e-13,2.6595623854685013,2.2659855337528064e-13,300000000000000.0,50,52000000000000.0
126000.0,37212770000000.0,7.99014e+32,3.090585971386962,2.603693118289274e-13,0.0009703471624070682,2.185360826810545,1.8410986762515196e-13,2.66672268253755,2.2466312328531811e-13,300000000000000.0,50,52000000000000.0
127000.0,37103210000000.0,7.9577034e+32,3.098854883235317,2.5813970134332423e-13,0.0009677394056623049,2.19120786111314,1.8253328202910198e-13,2.673857623241659,2.2273926849590028e-13,300000000000000.0,50,52000000000000.0
128000.0,36994357000000.0,7.9253127e+32,3.1070096345575773,2.5596220548266953e-13,0.0009651900207904784,2.1969741710711577,1.8099354747735053e-13,2.680894058721981,2.2086038180712528e-13,300000000000000.0,50,52000000000000.0
129000.0,36886245000000.0,7.893027e+32,3.115144222261457,2.5379388493742904e-13,0.0009626507921680664,2.2027262230824816,1.7946030092903843e-13,2.6879130957057744,2.189894122126061e-13,300000000000000.0,50,52000000000000.0
130000.0,36778849000000.0,7.8608813e+32,3.1231573539383097,2.516808321192358e-13,0.0009601727399516012,2.2083923920183373,1.7796613502122555e-13,2.6948273324387038,2.1716613142055181e-13,300000000000000.0,50,52000000000000.0
131000.0,36672185000000.0,7.8287884e+32,3.131163991539463,2.495706844986941e-13,0.0009576979106701491,2.2140539689125602,1.764740234219977e-13,2.70173596565648,2.1534535743276054e-13,300000000000000.0,50,52000000000000.0
132000.0,36566185000000.0,7.7969304e+32,3.1390374595223753,2.4752011180152317e-13,0.0009552891719372434,2.219621379914754,1.750240381395331e-13,2.7085296913788395,2.13575988784566e-13,300000000000000.0,50,52000000000000.0
133000.0,36460884000000.0,7.7651943e+32,3.1469109275052882,2.454695391043523e-13,0.0009528804332043377,2.2251887909169477,1.7357405285706853e-13,2.7153234171011986,2.1180662013637144e-13,300000000000000.0,50,52000000000000.0
134000.0,36356281000000.0,7.7334745e+32,3.154658154360377,2.434739803686809e-13,0.0009505334289633535,2.2306669352583497,1.7216296876314406e-13,2.7220082136965913,2.100847213113152e-13,300000000000000.0,50,52000000000000.0
135000.0,36252224000000.0,7.7019589e+32,3.162393883843289,2.41483432012758e-13,0.0009481920471723741,2.2361369496658723,1.707554275830898e-13,2.7286830896050005,2.0836714578590928e-13,300000000000000.0,50,52000000000000.0
136000.0,36148794000000.0,7.6705726e+32,3.170027442363104,2.3953561224451544e-13,0.0009458998947964125,2.241534717731055,1.6937810042120078e-13,2.7352698057130707,2.066864394193207e-13,300000000000000.0,50,52000000000000.0
137000.0,36045957000000.0,7.6392755e+32,3.1776272904757312,2.376018903965196e-13,0.0009436239852312806,2.2469086487534593,1.6801074210784038e-13,2.741827434273398,2.0501789770615947e-13,300000000000000.0,50,52000000000000.0
138000.0,35943665000000.0,7.6080444e+32,3.1851530760396134,2.356978332282248e-13,0.0009413832293320418,2.252230209243959,1.6666436012963427e-13,2.7483211568215484,2.0337495271528683e-13,300000000000000.0,50,52000000000000.0
139000.0,35841885000000.0,7.5768273e+32,3.1926187749183934,2.3381784291015417e-13,0.0009391709934782041,2.257509281706265,1.6533499617830367e-13,2.754763032646965,2.017527742551084e-13,300000000000000.0,50,52000000000000.0
140000.0,35740550000000.0,7.5457686e+32,3.2000425254999882,2.3195360310216806e-13,0.0009369783667251049,2.2627586920189517,1.640167696479795e-13,2.761168712741222,2.0014418641839507e-13,300000000000000.0,50,52000000000000.0
141000.0,35639630000000.0,7.514707e+32,3.207375681373891,2.3012337928417066e-13,0.0009348280892655097,2.267944041715246,1.6272259633240342e-13,2.7674962218034205,1.9856494991755913e-13,300000000000000.0,50,52000000000000.0
142000.0,35539089000000.0,7.4836973e+32,3.214702998755893,2.282952642526445e-13,0.0009326804985065921,2.2731252629435645,1.6142991417121205e-13,2.7738186930339457,1.9698753302269436e-13,300000000000000.0,50,52000000000000.0
143000.0,35438910000000.0,7.4527787e+32,3.2219050215052403,2.2651240399422433e-13,0.0009305905646186908,2.278217886827355,1.601692323354532e-13,2.7800330518820933,1.9544916505786267e-13,300000000000000.0,50,52000000000000.0
144000.0,35339076000000.0,7.4218284e+32,3.2291070442545875,2.2472954373580417e-13,0.0009285006307307895,2.283310510711145,1.5890855049969433e-13,2.786247410730241,1.93910797093031e-13,300000000000000.0,50,52000000000000.0
145000.0,35239539000000.0,7.3908118e+32,3.236213572776737,2.2297949877493702e-13,0.0009264539473245039,2.2883356094834864,1.576710728517173e-13,2.792379370938757,1.924007444247833e-13,300000000000000.0,50,52000000000000.0
146000.0,35140305000000.0,7.3598982e+32,3.2432857782423365,2.212412484674922e-13,0.000924422809242474,2.2933364380115746,1.564419353796107e-13,2.798481714978309,1.9090086899503905e-13,300000000000000.0,50,52000000000000.0
147000.0,35041415000000.0,7.3290067e+32,3.2503079306022142,2.195203646481663e-13,0.0009224139769176389,2.298301873393133,1.5522507800677186e-13,2.8045408699425414,1.8941597856090638e-13,300000000000000.0,50,52000000000000.0
148000.0,34942868000000.0,7.2981275e+32,3.2572515083585096,2.1782674317150425e-13,0.0009204401607222514,2.303211747737707,1.5402749823755036e-13,2.8105322256279175,1.8795461194358572e-13,300000000000000.0,50,52000000000000.0
149000.0,34844728000000.0,7.2671821e+32,3.2641945139061503,2.161333293634069e-13,0.0009184665955015836,2.308121217466777,1.52830065313746e-13,2.8165230875744998,1.864934245168299e-13,300000000000000.0,50,52000000000000.0
150000.0,34747003000000.0,7.2363831e+32,3.2710107279880227,2.1448593129017284e-13,0.000916548641905001,2.3129410314513916,1.516651707752747e-13,2.822404545608821,1.8507194259644781e-13,300000000000000.0,50,52000000000000.0
151000.0,34649667000000.0,7.2056725e+32,3.2778269420698947,2.1283853321693878e-13,0.0009146306883084183,2.317760845436007,1.5050027623680339e-13,2.8282860036431425,1.8365046067606573e-13,300000000000000.0,50,52000000000000.0
152000.0,34552823000000.0,7.1750182e+32,3.284569998231487,2.1121878466746705e-13,0.0009127443354983479,2.3225289285954105,1.4935493306326203e-13,2.834104336278266,1.822528366341417e-13,300000000000000.0,50,52000000000000.0
153000.0,34456546000000.0,7.1444838e+32,3.2912603096873965,2.096189706102218e-13,0.0009108807659245636,2.3272597153535486,1.482236858479572e-13,2.839877157359903,1.8087241341986119e-13,300000000000000.0,50,52000000000000.0
154000.0,34360888000000.0,7.1141352e+32,3.297935931134411,2.080256574997605e-13,0.0009090234493680829,2.33198011463473,1.470970355383677e-13,2.845637302950157,1.7949759965625276e-13,300000000000000.0,50,52000000000000.0
155000.0,34266026000000.0,7.0841501e+32,3.304501987911774,2.0648083136380766e-13,0.0009072127706169381,2.3366230394576277,1.4600467101170264e-13,2.85130290904517,1.781646236896275e-13,300000000000000.0,50,52000000000000.0
156000.0,34172152000000.0,7.0544013e+32,3.311068044689137,2.0493600522785485e-13,0.0009054020918657933,2.3412659642805256,1.449123064850376e-13,2.8569685151401822,1.7683164772300226e-13,300000000000000.0,50,52000000000000.0
157000.0,34078959000000.0,7.0248474e+32,3.3175590716591348,2.0341922328488966e-13,0.0009036229499200435,2.345855834654058,1.43839772391537e-13,2.862569380661696,1.7552287017243166e-13,300000000000000.0,50,52000000000000.0
158000.0,33986124000000.0,6.994831e+32,3.324003193022532,2.019199734392325e-13,0.0009018635235118816,2.3504125375276628,1.4277963548429364e-13,2.868129772990244,1.7422922049468518e-13,300000000000000.0,50,52000000000000.0
159000.0,33893138000000.0,6.9640973e+32,3.3304386899279588,2.0042155470226864e-13,0.0009001076707884104,2.3549631419472807,1.4172008627381102e-13,2.8736827235789737,1.7293628796375378e-13,300000000000000.0,50,52000000000000.0
160000.0,33799448000000.0,6.9325795e+32,3.3367625485031476,1.9893389415869903e-13,0.000898398077226161,2.3594348056122993,1.4066814443822443e-13,2.8791393454001164,1.7165263845944814e-13,300000000000000.0,50,52000000000000.0
161000.0,33704648000000.0,6.9003619e+32,3.343086407078336,1.9744623361512945e-13,0.0008966884836639115,2.363906469277318,1.3961620260263786e-13,2.8845959672212595,1.703689889551425e-13,300000000000000.0,50,52000000000000.0
162000.0,33608866000000.0,6.8678707e+32,3.349351237825663,1.9596927649745248e-13,0.0008950028216217105,2.368336393688137,1.3857182934169986e-13,2.890001656023911,1.6909457513026194e-13,300000000000000.0,50,52000000000000.0
163000.0,33513355000000.0,6.8351614e+32,3.3555538222877486,1.9450360640363046e-13,0.0008933423959515256,2.3727223030366225,1.375354373274639e-13,2.8953536347153808,1.6782990055476126e-13,300000000000000.0,50,52000000000000.0
164000.0,33418629000000.0,6.802999e+32,3.3617564067498336,1.9303793630980847e-13,0.0008916819702813407,2.377108212385108,1.3649904531322795e-13,2.9007056134068505,1.6656522597926059e-13,300000000000000.0,50,52000000000000.0
165000.0,33324799000000.0,6.771382e+32,3.3678546019371267,1.9161833649732027e-13,0.0008900630529409258,2.381420306888614,1.3549523018076728e-13,2.905967518307266,1.6534030388549168e-13,300000000000000.0,50,52000000000000.0
166000.0,33231765000000.0,6.7403065e+32,3.3739357615714645,1.9020625501196757e-13,0.0008884509094510937,2.3857203553586266,1.3449673135302946e-13,2.911214723835161,1.641218691009697e-13,300000000000000.0,50,52000000000000.0
167000.0,33139550000000.0,6.7096975e+32,3.379994338871725,1.8880406558078611e-13,0.0008868476378468829,2.390004435604186,1.3350522732157746e-13,2.9164424438718566,1.6291196983292943e-13,300000000000000.0,50,52000000000000.0
168000.0,33048067000000.0,6.6795254e+32,3.38595661050216,1.874440622628583e-13,0.0008852822016977873,2.3942204170187487,1.3254355362295512e-13,2.9215870651785716,1.617384715245626e-13,300000000000000.0,50,52000000000000.0
169000.0,32957414000000.0,6.6496657e+32,3.3919188821325954,1.860840589449305e-13,0.0008837167655486917,2.398436398433311,1.3158187992433279e-13,2.9267316864852866,1.6056497321619576e-13,300000000000000.0,50,52000000000000.0
170000.0,32867576000000.0,6.6202185e+32,3.397825674537911,1.8475015124629247e-13,0.0008821728694326262,2.4026131498615095,1.3063865875947483e-13,2.931828436749359,1.594139919189365e-13,300000000000000.0,50,52000000000000.0
171000.0,32778665000000.0,6.591171e+32,3.403671580397288,1.8344488259441928e-13,0.0008806526127637192,2.406746847725752,1.2971568861727088e-13,2.936872650186704,1.582877222687531e-13,300000000000000.0,50,52000000000000.0
172000.0,32690898000000.0,6.5627321e+32,3.4095174862566653,1.821396139425461e-13,0.0008791323560948122,2.4108805455899938,1.2879271847506696e-13,2.9419168636240496,1.571614526185697e-13,300000000000000.0,50,52000000000000.0
173000.0,32604410000000.0,6.5346842e+32,3.4152817346297155,1.808721459277417e-13,0.0008776434709559872,2.414956502527371,1.2789647762624172e-13,2.946890617736085,1.5606779983299807e-13,300000000000000.0,50,52000000000000.0
174000.0,32518672000000.0,6.5065681e+32,3.4210141414463893,1.7961941791009428e-13,0.000876166818845494,2.4190099439421586,1.2701065960991256e-13,2.9518368969076088,1.5498686568205621e-13,300000000000000.0,50,52000000000000.0
175000.0,32432929000000.0,6.4777839e+32,3.426746548263063,1.7836668989244688e-13,0.0008746901667350008,2.4230633853569463,1.2612484159358343e-13,2.9567831760791323,1.5390593153111433e-13,300000000000000.0,50,52000000000000.0
176000.0,32346140000000.0,6.4476674e+32,3.432377408341208,1.771033338571861e-13,0.0008732521246907133,2.427045021935232,1.2523150851113279e-13,2.961641834205987,1.5281582699681338e-13,300000000000000.0,50,52000000000000.0
177000.0,32256944000000.0,6.4165553e+32,3.437999112999537,1.758390196034293e-13,0.0008718175637170183,2.431020184613592,1.2433749787284641e-13,2.9664925924489034,1.517248956638309e-13,300000000000000.0,50,52000000000000.0
178000.0,32165114000000.0,6.3854567e+32,3.443612919474605,1.7457546430872003e-13,0.0008703859274114055,2.434989762398926,1.2344402391008627e-13,2.9713365356333266,1.5063461921812831e-13,300000000000000.0,50,52000000000000.0
179000.0,32073457000000.0,6.3526747e+32,3.4491210808782875,1.7332206075145509e-13,0.0008689934110854273,2.438884637381994,1.225577284493192e-13,2.9760893214822954,1.4955310245945065e-13,300000000000000.0,50,52000000000000.0
180000.0,31982985000000.0,6.320503e+32,3.4546292422819698,1.7206865719419017e-13,0.000867600894759449,2.4427795123650617,1.2167143298855211e-13,2.9808421073312643,1.48471585700773e-13,300000000000000.0,50,52000000000000.0
181000.0,31893599000000.0,6.2893312e+32,3.4601173267480005,1.7082535718967673e-13,0.0008662156597930455,2.4466601907243817,1.2079228186849046e-13,2.985577569514278,1.4739878694257447e-13,300000000000000.0,50,52000000000000.0
182000.0,31805266000000.0,6.2588696e+32,3.465511093891324,1.6962952159740947e-13,0.0008648646311559473,2.450474176265971,1.1994669339127445e-13,2.9902316486785896,1.4636694355709298e-13,300000000000000.0,50,52000000000000.0
183000.0,31717953000000.0,6.2290958e+32,3.470904861034647,1.6843368600514224e-13,0.0008635136025188489,2.4542881618075607,1.1910110491405843e-13,2.9948857278429015,1.4533510017161152e-13,300000000000000.0,50,52000000000000.0
184000.0,31631583000000.0,6.1998788e+32,3.476272631834155,1.6725022801617463e-13,0.000862171917070347,2.458083765049006,1.182642687856075e-13,2.9995173757001123,1.4431393698516937e-13,300000000000000.0,50,52000000000000.0
185000.0,31546129000000.0,6.1711788e+32,3.481555483591692,1.6610720241345255e-13,0.0008608607518607751,2.461819321103488,1.174560228726658e-13,3.0040757499799806,1.4332766148435448e-13,300000000000000.0,50,52000000000000.0
186000.0,31461578000000.0,6.1429288e+32,3.48683833534923,1.6496417681073044e-13,0.0008595495866512032,2.4655548771579694,1.1664777695972412e-13,3.008634124259849,1.4234138598353956e-13,300000000000000.0,50,52000000000000.0
187000.0,31377978000000.0,6.1150351e+32,3.492094745632331,1.6383507254901065e-13,0.0008582478357055875,2.4692717361565024,1.1584937498676516e-13,3.0131696831466237,1.4136712271406006e-13,300000000000000.0,50,52000000000000.0
188000.0,31295433000000.0,6.0875938e+32,3.497269855823774,1.6274877249256367e-13,0.0008569750309718926,2.472931106970477,1.150812403585716e-13,3.0176350911212713,1.4042979367496683e-13,300000000000000.0,50,52000000000000.0
189000.0,31214206000000.0,6.0608791e+32,3.5024449660152173,1.616624724361167e-13,0.0008557022262381977,2.476590477784451,1.1431310573037802e-13,3.022100499095919,1.3949246463587357e-13,300000000000000.0,50,52000000000000.0
190000.0,31134566000000.0,6.0348431e+32,3.5075984488064442,1.6058685190534009e-13,0.0008544370648207254,2.4802345556276433,1.135525227177016e-13,3.0265472455689464,1.3856435058109885e-13,300000000000000.0,50,52000000000000.0
191000.0,31056144000000.0,6.0092971e+32,3.512669498922828,1.595519363071146e-13,0.000853201035846108,2.483820344426602,1.1282072263132417e-13,3.0309228638675423,1.3767135937042073e-13,300000000000000.0,50,52000000000000.0
192000.0,30978131000000.0,5.9831627e+32,3.5177405490392126,1.585170207088891e-13,0.0008519650068714907,2.487406133225561,1.1208892254494673e-13,3.0352984821661386,1.367783681597426e-13,300000000000000.0,50,52000000000000.0
193000.0,30899358000000.0,5.9551934e+32,3.522799423564771,1.5747498590836292e-13,0.0008507332469852021,2.490983312531694,1.1135208841239115e-13,3.0396635945881094,1.3587923407074204e-13,300000000000000.0,50,52000000000000.0
194000.0,30816473000000.0,5.9255311e+32,3.5277697233986935,1.5638116050830895e-13,0.0008495325437587259,2.49449785970908,1.1057863272329002e-13,3.043952279114651,1.3493541192011494e-13,300000000000000.0,50,52000000000000.0
195000.0,30727799000000.0,5.8986656e+32,3.5327400232326163,1.55287335108255e-13,0.0008483318405322496,2.4980124068864664,1.0980517703418888e-13,3.048240963641193,1.3399158976948785e-13,300000000000000.0,50,52000000000000.0
196000.0,30639546000000.0,5.864361e+32,3.537710323066539,1.5419350970820104e-13,0.0008471311373057733,2.501526954063853,1.0903172134508774e-13,3.0525296481677344,1.3304776761886075e-13,300000000000000.0,50,52000000000000.0
197000.0,30553128000000.0,5.8320272e+32,3.542574174759576,1.5313314906521952e-13,0.0008459663338245595,2.5049662306174643,1.0828192899649547e-13,3.0567264824654767,1.3213282105288756e-13,300000000000000.0,50,52000000000000.0
198000.0,30467932000000.0,5.8014286e+32,3.5474362573790668,1.520733445767743e-13,0.0008448021269652228,2.5084042562401705,1.0753252991160268e-13,3.060921790294006,1.312183543734816e-13,300000000000000.0,50,52000000000000.0
199000.0,30383835000000.0,5.7715882e+32,3.5522983399985577,1.5101354008832912e-13,0.0008436379201058861,2.5118422818628767,1.0678313082670989e-13,3.065117098122535,1.3030388769407564e-13,300000000000000.0,50,52000000000000.0
200000.0,30300825000000.0,5.7426673e+32,3.5570756642447146,1.4999762690692284e-13,0.0008425019110410521,2.515220373933587,1.060647677748858e-13,3.0692392710388607,1.2942729324962615e-13,300000000000000.0,50,52000000000000.0
201000.0,30218879000000.0,5.7145267e+32,3.561831190079302,1.4899300182293418e-13,0.0008413731539692159,2.5185830521144146,1.0535438666272975e-13,3.073342634900062,1.2856043889966125e-13,300000000000000.0,50,52000000000000.0
202000.0,30137940000000.0,5.6870277e+32,3.566586715913889,1.4798837673894555e-13,0.0008402443968973798,2.521945730295242,1.0464400555057371e-13,3.0774459987612635,1.2769358454969637e-13,300000000000000.0,50,52000000000000.0
203000.0,30057956000000.0,5.6601378e+32,3.571285234198798,1.470142049611775e-13,0.0008391344671411392,2.525268097829653,1.0395515830753168e-13,3.0815001728867046,1.268530072612351e-13,300000000000000.0,50,52000000000000.0
204000.0,29979064000000.0,5.6337411e+32,3.5759381082784705,1.460644162163079e-13,0.0008380396118419125,2.5285581898597025,1.0328355257630555e-13,3.0855149622919242,1.2603346921398045e-13,300000000000000.0,50,52000000000000.0
205000.0,29901486000000.0,5.6078897e+32,3.5805909823581428,1.4511462747143828e-13,0.0008369447565426858,2.5318482818897525,1.0261194684507943e-13,3.0895297516971443,1.252139311667258e-13,300000000000000.0,50,52000000000000.0
206000.0,29825546000000.0,5.5828463e+32,3.5852179600453113,1.4418131287358912e-13,0.000835858400531978,2.5351200623050167,1.0195199016032715e-13,3.0935221960503108,1.2440860806190738e-13,300000000000000.0,50,52000000000000.0
207000.0,29751554000000.0,5.5586888e+32,3.5897722069970226,1.43294266373841e-13,0.0008347959150084337,2.5383404140430796,1.0132475014517641e-13,3.0974518837060185,1.2364320801655433e-13,300000000000000.0,50,52000000000000.0
208000.0,29678866000000.0,5.5353369e+32,3.5943264539487343,1.424072198740929e-13,0.0008337334294848893,2.541560765781143,1.0069751013002569e-13,3.1013815713617263,1.2287780797120132e-13,300000000000000.0,50,52000000000000.0
209000.0,29606011000000.0,5.5112815e+32,3.598880700900446,1.4152017337434477e-13,0.000832670943961345,2.5447811175192063,1.0007027011487497e-13,3.105311259017434,1.2211240792584828e-13,300000000000000.0,50,52000000000000.0
210000.0,29533020000000.0,5.4865854e+32,3.603349179371538,1.4059917681203908e-13,0.0008316365422441624,2.5479408214523365,9.94190237482161e-14,3.1091669401819666,1.213177137321104e-13,300000000000000.0,50,52000000000000.0
211000.0,29457918000000.0,5.4584264e+32,3.6078098162120202,1.396750762673865e-13,0.0008306047081699417,2.551094980485054,9.876558253166064e-14,3.1130158550896834,1.2052034123640183e-13,300000000000000.0,50,52000000000000.0
212000.0,29372589000000.0,5.4429551e+32,3.6122704530525027,1.3875097572273394e-13,0.0008295728740957209,2.5542491395177715,9.811214131510517e-14,3.1168647699974,1.1972296874069325e-13,300000000000000.0,50,52000000000000.0
213000.0,29286423000000.0,5.4053562e+32,3.6166800039305698,1.3782104511364562e-13,0.0008285572225174374,2.557367175129047,9.74545776397132e-14,3.1206696047002276,1.1892056574643335e-13,300000000000000.0,50,52000000000000.0
214000.0,29203409000000.0,5.3702495e+32,3.6210415341640454,1.3688563426225627e-13,0.0008275567824346268,2.56045125483736,9.67931388659327e-14,3.1244330041485853,1.181134340992984e-13,300000000000000.0,50,52000000000000.0
215000.0,29122018000000.0,5.3409014e+32,3.6254030643975206,1.359502234108669e-13,0.000826556342351816,2.563535334545673,9.613170009215221e-14,3.128196403596943,1.173063024521634e-13,300000000000000.0,50,52000000000000.0
216000.0,29041610000000.0,5.3125632e+32,3.6297585402741497,1.3501827554555306e-13,0.0008255577729528381,2.566615133155084,9.547271003278062e-14,3.131954578963276,1.1650215888945396e-13,300000000000000.0,50,52000000000000.0
217000.0,28962294000000.0,5.2848849e+32,3.6340181192018597,1.3414117905540557e-13,0.0008245888339302137,2.5696271220312554,9.485250596613014e-14,3.135630008376619,1.1574534457851688e-13,300000000000000.0,50,52000000000000.0
218000.0,28884066000000.0,5.2580878e+32,3.6382776981295697,1.3326408256525806e-13,0.0008236198949075895,2.5726391109074274,9.423230189947965e-14,3.1393054377899614,1.1498853026757982e-13,300000000000000.0,50,52000000000000.0
219000.0,28806871000000.0,5.2318421e+32,3.64253727705728,1.3238698607511054e-13,0.0008226509558849651,2.575651099783599,9.361209783282917e-14,3.1429808672033044,1.1423171595664277e-13,300000000000000.0,50,52000000000000.0
220000.0,28730659000000.0,5.2061299e+32,3.6467437058171024,1.315373750029842e-13,0.0008216983600276711,2.578625505622285,9.301132900024636e-14,3.146610435291082,1.1349861781286773e-13,300000000000000.0,50,52000000000000.0
221000.0,28655436000000.0,5.1809069e+32,3.6509061343054836,1.307105176850163e-13,0.0008207592938305705,2.581568798410597,9.242664959143172e-14,3.150202037162502,1.1278515305566773e-13,300000000000000.0,50,52000000000000.0
222000.0,28581322000000.0,5.1561479e+32,3.6550685627938644,1.298836603670484e-13,0.0008198202276334697,2.5845120911989086,9.184197018261709e-14,3.1537936390339225,1.1207168829846773e-13,300000000000000.0,50,52000000000000.0
223000.0,28508376000000.0,5.1319814e+32,3.6592309912822456,1.2905680304908049e-13,0.000818881161436369,2.5874553839872205,9.125729077380245e-14,3.1573852409053424,1.1135822354126771e-13,300000000000000.0,50,52000000000000.0
224000.0,28436823000000.0,5.1085107e+32,3.663302422711573,1.2828972817022515e-13,0.0008179699131976212,2.59033433180871,9.071488415046655e-14,3.1608983247625506,1.1069634285249872e-13,300000000000000.0,50,52000000000000.0
225000.0,28367243000000.0,5.085955e+32,3.6673717757858357,1.2752401871060892e-13,0.0008170593003156119,2.5932118100037185,9.017344302929885e-14,3.164409615283642,1.1003564033378291e-13,300000000000000.0,50,52000000000000.0
226000.0,28299125000000.0,5.0644003e+32,3.6714411288600983,1.2675830925099272e-13,0.0008161486874336026,2.5960892881987268,8.963200190813116e-14,3.1679209058047326,1.0937493781506709e-13,300000000000000.0,50,52000000000000.0
227000.0,28231402000000.0,5.0427715e+32,3.675479807134851,1.25995131307933e-13,0.0008152474460180125,2.598945075924028,8.909235086471062e-14,3.1714057281699946,1.0871641966856471e-13,300000000000000.0,50,52000000000000.0
228000.0,28162612000000.0,5.0203847e+32,3.679461565994661,1.2523665078567534e-13,0.0008143635940685075,2.6017606153391433,8.855602144619715e-14,3.1748414368664295,1.0806195479023019e-13,300000000000000.0,50,52000000000000.0
229000.0,28093670000000.0,4.9974417e+32,3.6834433248544705,1.2447817026341765e-13,0.0008134797421190025,2.6045761547542585,8.801969202768368e-14,3.178277145562865,1.0740748991189566e-13,300000000000000.0,50,52000000000000.0
230000.0,28023416000000.0,4.9710755e+32,3.6874250837142797,1.2371968974116e-13,0.0008125958901694975,2.6073916941693738,8.748336260917021e-14,3.1817128542593003,1.0675302503356113e-13,300000000000000.0,50,52000000000000.0
231000.0,27942667000000.0,4.9612966e+32,3.6913483173658075,1.2291882911130282e-13,0.0008117295946646608,2.610165849804675,8.69170658505493e-14,3.1850980637112674,1.0606199201139972e-13,300000000000000.0,50,52000000000000.0
232000.0,27860724000000.0,4.9246411e+32,3.6952418976966612,1.2209649549642384e-13,0.0008108721945896554,2.6129190372703697,8.633558535876395e-14,3.1884576864061094,1.0535243078699561e-13,300000000000000.0,50,52000000000000.0
233000.0,27782220000000.0,4.8901195e+32,3.6991354780275145,1.2127416188154484e-13,0.00081001479451465,2.615672224736064,8.575410486697859e-14,3.1918173091009514,1.046428695625915e-13,300000000000000.0,50,52000000000000.0
234000.0,27705634000000.0,4.8629397e+32,3.7030290583583683,1.2045182826666586e-13,0.0008091573944396447,2.6184254122017587,8.517262437519324e-14,3.1951769317957934,1.039333083381874e-13,300000000000000.0,50,52000000000000.0
235000.0,27629844000000.0,4.8368444e+32,3.706833519385459,1.1968327248636614e-13,0.0008083256602182212,2.6211155824982146,8.462917074556217e-14,3.1984596567436,1.0327015002373592e-13,300000000000000.0,50,52000000000000.0
236000.0,27555015000000.0,4.811139e+32,3.7106299428570253,1.189195668598847e-13,0.0008074962407671621,2.623800069357128,8.40891467097799e-14,3.2017354463823833,1.0261117672812439e-13,300000000000000.0,50,52000000000000.0
237000.0,27481133000000.0,4.7862084e+32,3.714426366328592,1.1815586123340325e-13,0.000806666821316103,2.6264845562160413,8.354912267399762e-14,3.2050112360211664,1.0195220343251284e-13,300000000000000.0,50,52000000000000.0
238000.0,27408122000000.0,4.7618298e+32,3.718212712600114,1.1739700147653233e-13,0.000805840295110385,2.629161917384049,8.30125252035102e-14,3.208278330417315,1.0129741146010426e-13,300000000000000.0,50,52000000000000.0
239000.0,27335985000000.0,4.7378845e+32,3.7219174383762463,1.1667739094330214e-13,0.0008050372028066421,2.6317815638675053,8.250368127126984e-14,3.2114749975114103,1.0067648620361986e-13,300000000000000.0,50,52000000000000.0
240000.0,27264667000000.0,4.7143895e+32,3.725622164152379,1.1595778041007192e-13,0.0008042341105028992,2.634401210350961,8.19948373390295e-14,3.2146716646055054,1.0005556094713548e-13,300000000000000.0,50,52000000000000.0
241000.0,27194267000000.0,4.6912329e+32,3.7293268899285117,1.152381698768417e-13,0.0008034310181991563,2.6370208568344173,8.148599340678915e-14,3.2178683316996004,9.943463569065108e-14,300000000000000.0,50,52000000000000.0
242000.0,27124737000000.0,4.6684804e+32,3.7330104896556886,1.1452899531583502e-13,0.0008026339545673446,2.639625564873636,8.098452885924039e-14,3.2210467699090968,9.882271525087303e-14,300000000000000.0,50,52000000000000.0
243000.0,27056049000000.0,4.6460732e+32,3.736627406852734,1.138527609905399e-13,0.0008018559199124396,2.642183121017104,8.050635669556739e-14,3.2241676702349564,9.82392177292949e-14,300000000000000.0,50,52000000000000.0
244000.0,26988302000000.0,4.6239596e+32,3.7402443240497796,1.1317652666524478e-13,0.0008010778852575347,2.644740677160572,8.00281845318944e-14,3.2272885705608156,9.765572020771677e-14,300000000000000.0,50,52000000000000.0
245000.0,26921646000000.0,4.6023943e+32,3.743861241246825,1.1250029233994965e-13,0.0008002998506026296,2.64729823330404,7.95500123682214e-14,3.2304094708866753,9.707222268613864e-14,300000000000000.0,50,52000000000000.0
246000.0,26855720000000.0,4.5821694e+32,3.7474523005694014,1.1183747262781202e-13,0.000799529157569745,2.649837505081689,7.908132581594435e-14,3.233508059411578,9.650030013936743e-14,300000000000000.0,50,52000000000000.0
247000.0,26792012000000.0,4.5629842e+32,3.7509853599294076,1.1120474228214361e-13,0.000798774932008032,2.6523357644963785,7.863391576520535e-14,3.2365566019196708,9.595434059687731e-14,300000000000000.0,50,52000000000000.0
248000.0,26728932000000.0,4.5435836e+32,3.754518419289414,1.1057201193647521e-13,0.000798020706446319,2.654834023911068,7.818650571446633e-14,3.2396051444277636,9.54083810543872e-14,300000000000000.0,50,52000000000000.0
249000.0,26665278000000.0,4.5235939e+32,3.75805147864942,1.099392815908068e-13,0.0007972664808846059,2.657332283325757,7.773909566372733e-14,3.242653686935856,9.486242151189709e-14,300000000000000.0,50,52000000000000.0
250000.0,26600979000000.0,4.5031791e+32,3.7615596468372456,1.0930422389277429e-13,0.000796519297007146,2.6598129419399084,7.729003993235781e-14,3.245680751774877,9.431445380039654e-14,300000000000000.0,50,52000000000000.0
251000.0,26536085000000.0,4.4817358e+32,3.765012966952947,1.0866403783881709e-13,0.0007957876295868048,2.6622548169254574,7.683735791897713e-14,3.2486604902471954,9.376206105828989e-14,300000000000000.0,50,52000000000000.0
252000.0,26471471000000.0,4.4600338e+32,3.7684662870686485,1.080238517848599e-13,0.0007950559621664638,2.664696691911006,7.638467590559645e-14,3.251640228719513,9.320966831618324e-14,300000000000000.0,50,52000000000000.0
253000.0,26406923000000.0,4.4358475e+32,3.77191960718435,1.0738366573090271e-13,0.0007943242947461227,2.667138566896555,7.593199389221578e-14,3.2546199671918314,9.265727557407658e-14,300000000000000.0,50,52000000000000.0
254000.0,26333768000000.0,4.4248894e+32,3.775352350649564,1.0673312278098461e-13,0.0007935983191028874,2.6695658919250813,7.547198843058526e-14,3.257581950837539,9.20959462727875e-14,300000000000000.0,50,52000000000000.0
255000.0,26257480000000.0,4.3967517e+32,3.778723679673772,1.0605166794983653e-13,0.000792889331516551,2.6719497901831666,7.499012491772513e-14,3.2604909422456587,9.150794432198112e-14,300000000000000.0,50,52000000000000.0
256000.0,26184277000000.0,4.3642394e+32,3.7820950086979805,1.0537021311868844e-13,0.0007921803439302147,2.674333688441252,7.4508261404865e-14,3.2633999336537785,9.091994237117475e-14,300000000000000.0,50,52000000000000.0
257000.0,26112992000000.0,4.3392019e+32,3.785466337722189,1.0468875828754036e-13,0.0007914713563438783,2.6767175866993367,7.402639789200487e-14,3.2663089250618977,9.033194042036837e-14,300000000000000.0,50,52000000000000.0
258000.0,26042309000000.0,4.315728e+32,3.7888266940414117,1.0401285738883493e-13,0.0007907653036466642,2.6790937260482055,7.354846162130173e-14,3.2692084485322437,8.974873075200692e-14,300000000000000.0,50,52000000000000.0
259000.0,25972241000000.0,4.2925619e+32,3.7921093269622546,1.0337629688107118e-13,0.0007900800397664956,2.681414906406305,7.309834334143182e-14,3.272040907381749,8.919946644881379e-14,300000000000000.0,50,52000000000000.0
260000.0,25902933000000.0,4.2698071e+32,3.795391959883097,1.0273973637330744e-13,0.0007893947758863271,2.6837360867644042,7.264822506156193e-14,3.274873366231254,8.865020214562065e-14,300000000000000.0,50,52000000000000.0
261000.0,25834269000000.0,4.2476146e+32,3.79867459280394,1.021031758655437e-13,0.0007887095120061586,2.6860572671225036,7.219810678169204e-14,3.2777058250807594,8.810093784242751e-14,300000000000000.0,50,52000000000000.0
262000.0,25766231000000.0,4.2257774e+32,3.8019572257247827,1.0146661535777996e-13,0.00078802424812599,2.688378447480603,7.174798850182213e-14,3.2805382839302646,8.755167353923438e-14,300000000000000.0,50,52000000000000.0
263000.0,25698736000000.0,4.2043393e+32,3.805161608656543,1.0085815744551034e-13,0.0007873598132248354,2.690644296491476,7.131774186157392e-14,3.28330322378479,8.702665793427326e-14,300000000000000.0,50,52000000000000.0
264000.0,25631696000000.0,4.1832805e+32,3.808360041175509,1.0025183655646268e-13,0.0007866969622347418,2.6929059379061524,7.088900633282922e-14,3.2860630292502075,8.650348628821746e-14,300000000000000.0,50,52000000000000.0
265000.0,25565059000000.0,4.1625315e+32,3.811558473694475,9.964551566741504e-14,0.0007860341112446481,2.6951675793208283,7.046027080408452e-14,3.2888228347156256,8.598031464216167e-14,300000000000000.0,50,52000000000000.0
266000.0,25498704000000.0,4.142077e+32,3.814756906213441,9.903919477836738e-14,0.0007853712602545543,2.6974292207355046,7.003153527533982e-14,3.2915826401810433,8.545714299610588e-14,300000000000000.0,50,52000000000000.0
267000.0,25432560000000.0,4.1219608e+32,3.817900997139105,9.844699479197189e-14,0.000784722748712484,2.699652436669288,6.961278479006939e-14,3.2942955563155296,8.494615576519735e-14,300000000000000.0,50,52000000000000.0
268000.0,25366583000000.0,4.1020823e+32,3.8210179247033054,9.786185332483613e-14,0.000784081404932457,2.7018564451201197,6.919902546035102e-14,3.2969850342000964,8.444125907475243e-14,300000000000000.0,50,52000000000000.0
269000.0,25300839000000.0,4.0823265e+32,3.824134852267506,9.727671185770037e-14,0.00078344006115243,2.7040604535709516,6.878526613063265e-14,3.2996745120846627,8.393636238430752e-14,300000000000000.0,50,52000000000000.0
270000.0,25235465000000.0,4.0626591e+32,3.8272517798317067,9.669157039056463e-14,0.0007827987173724029,2.706264462021783,6.837150680091428e-14,3.3023639899692294,8.34314656938626e-14,300000000000000.0,50,52000000000000.0
271000.0,25170579000000.0,4.0431005e+32,3.8303419449546006,9.611531186230391e-14,0.0007821643556386791,2.7084495464851717,6.796402869007239e-14,3.3050303755439825,8.293423376505423e-14,300000000000000.0,50,52000000000000.0
272000.0,25106230000000.0,4.0236679e+32,3.8333789352394314,9.555670302566892e-14,0.000781543866674531,2.7105970304936435,6.756903086056111e-14,3.30765087853946,8.245223110678039e-14,300000000000000.0,50,52000000000000.0
273000.0,25042410000000.0,4.0043579e+32,3.836415925524262,9.499809418903393e-14,0.0007809233777103828,2.712744514502115,6.717403303104985e-14,3.3102713815349376,8.197022844850655e-14,300000000000000.0,50,52000000000000.0
274000.0,24979079000000.0,3.9851561e+32,3.839452915809092,9.443948535239894e-14,0.0007803028887462347,2.714891998510587,6.677903520153857e-14,3.312891884530415,8.148822579023271e-14,300000000000000.0,50,52000000000000.0
275000.0,24916168000000.0,3.966046e+32,3.8424899060939226,9.388087651576394e-14,0.0007796823997820865,2.7170394825190582,6.63840373720273e-14,3.3155123875258927,8.100622313195889e-14,300000000000000.0,50,52000000000000.0
276000.0,24853595000000.0,3.9470187e+32,3.845454585241488,9.334260561064695e-14,0.0007790806078224516,2.719135834607667,6.600342070935578e-14,3.3180704959473872,8.054176933134886e-14,300000000000000.0,50,52000000000000.0
277000.0,24791274000000.0,3.9280621e+32,3.8484140216882707,9.280580924587753e-14,0.0007784801714327039,2.721228479530736,6.562384670978556e-14,3.320624080638594,8.007858785770365e-14,300000000000000.0,50,52000000000000.0
278000.0,24729113000000.0,3.9091557e+32,3.8513734581350536,9.22690128811081e-14,0.0007778797350429561,2.7233211244538045,6.524427271021532e-14,3.3231776653298004,7.961540638405843e-14,300000000000000.0,50,52000000000000.0
279000.0,24667035000000.0,3.8903146e+32,3.8543328945818365,9.173221651633868e-14,0.0007772792986532084,2.725413769376873,6.486469871064508e-14,3.3257312500210072,7.915222491041323e-14,300000000000000.0,50,52000000000000.0
280000.0,24604986000000.0,3.8715154e+32,3.8572576128635063,9.12015161172698e-14,0.0007766877480507039,2.727481864743248,6.448943523737184e-14,3.328254877708153,7.869430342809838e-14,300000000000000.0,50,52000000000000.0
281000.0,24542958000000.0,3.8527724e+32,3.8601413116182015,9.067801810429128e-14,0.0007761066960096396,2.7295209547978585,6.411926465276767e-14,3.3307431111821493,7.82425966277969e-14,300000000000000.0,50,52000000000000.0
282000.0,24480993000000.0,3.8340614e+32,3.8630250103728963,9.015452009131276e-14,0.0007755256439685753,2.731560044852469,6.374909406816352e-14,3.3332313446561455,7.779088982749542e-14,300000000000000.0,50,52000000000000.0
283000.0,24419153000000.0,3.8153874e+32,3.865908709127591,8.963102207833425e-14,0.0007749445919275109,2.733599134907079,6.337892348355937e-14,3.3357195781301416,7.733918302719396e-14,300000000000000.0,50,52000000000000.0
284000.0,24357451000000.0,3.7968116e+32,3.868792407882286,8.910752406535573e-14,0.0007743635398864466,2.73563822496169,6.300875289895522e-14,3.3382078116041383,7.688747622689248e-14,300000000000000.0,50,52000000000000.0
285000.0,24295860000000.0,3.7783581e+32,3.8716076770968066,8.859665736259813e-14,0.0007737997727783029,2.737628927816612,6.264751405425091e-14,3.3406369997945387,7.644666853058083e-14,300000000000000.0,50,52000000000000.0
286000.0,24234363000000.0,3.7600039e+32,3.874416313088662,8.808701507685455e-14,0.0007732376811864425,2.739614940254663,6.228714100843101e-14,3.3430604644258968,7.600691733974082e-14,300000000000000.0,50,52000000000000.0
287000.0,24172948000000.0,3.741777e+32,3.8772249490805177,8.757737279111095e-14,0.000772675589594582,2.7416009526927145,6.192676796261113e-14,3.345483929057255,7.556716614890082e-14,300000000000000.0,50,52000000000000.0
288000.0,24111610000000.0,3.7236866e+32,3.8800335850723733,8.706773050536736e-14,0.0007721134980027216,2.743586965130766,6.156639491679124e-14,3.3479073936886126,7.512741495806082e-14,300000000000000.0,50,52000000000000.0
289000.0,24050340000000.0,3.7057451e+32,3.8828206168722152,8.656194894142601e-14,0.0007715567944440838,2.745557701033302,6.120875183017731e-14,3.3503122168739394,7.469099504529209e-14,300000000000000.0,50,52000000000000.0
290000.0,23989144000000.0,3.6879951e+32,3.885554988242947,8.606557792459774e-14,0.0007710132242690683,2.7474912002312637,6.085776304580024e-14,3.3526716013524336,7.426269515536935e-14,300000000000000.0,50,52000000000000.0
291000.0,23928039000000.0,3.6704235e+32,3.888289359613679,8.556920690776947e-14,0.0007704696540940529,2.749424699429226,6.050677426142316e-14,3.3550309858309277,7.383439526544663e-14,300000000000000.0,50,52000000000000.0
292000.0,23867052000000.0,3.6529796e+32,3.891023730984411,8.50728358909412e-14,0.0007699260839190373,2.751358198627188,6.015578547704609e-14,3.357390370309422,7.340609537552391e-14,300000000000000.0,50,52000000000000.0
293000.0,23806229000000.0,3.635608e+32,3.8937581023551426,8.457646487411292e-14,0.0007693825137440218,2.7532916978251496,5.980479669266901e-14,3.359749754787916,7.297779548560117e-14,300000000000000.0,50,52000000000000.0
294000.0,23745622000000.0,3.6183045e+32,3.8964487347986787,8.409036513320616e-14,0.0007688497137516838,2.755194268801346,5.946107083605765e-14,3.3620713985904476,7.255835830389762e-14,300000000000000.0,50,52000000000000.0
295000.0,23685268000000.0,3.6010839e+32,3.8991095989597926,8.361125592137867e-14,0.000768324243839442,2.7570757903348757,5.912228805644419e-14,3.3643673564611816,7.214495299398886e-14,300000000000000.0,50,52000000000000.0
296000.0,23625189000000.0,3.583975e+32,3.901770463120907,8.313214670955119e-14,0.0007677987739272004,2.7589573118684054,5.878350527683074e-14,3.3666633143319156,7.173154768408009e-14,300000000000000.0,50,52000000000000.0
297000.0,23565409000000.0,3.5669724e+32,3.9044313272820212,8.26530374977237e-14,0.0007672733040149587,2.7608388334019347,5.844472249721728e-14,3.36895927220265,7.131814237417132e-14,300000000000000.0,50,52000000000000.0
298000.0,23505941000000.0,3.5500881e+32,3.907092191443135,8.217392828589622e-14,0.0007667478341027169,2.7627203549354644,5.810593971760384e-14,3.371255230073384,7.090473706426255e-14,300000000000000.0,50,52000000000000.0
299000.0,23446789000000.0,3.5333223e+32,3.9096937297466736,8.171106500609996e-14,0.0007662368137090176,2.76455992657858,5.777864460408047e-14,3.37349999789406,7.050534976964191e-14,300000000000000.0,50,52000000000000.0
300000.0,23387952000000.0,3.5166704e+32,3.912282488962769,8.125170118159174e-14,0.0007657289058141257,2.7663904620047792,5.745382399148259e-14,3.3757337391210616,7.010898202586229e-14,300000000000000.0,50,52000000000000.0
301000.0,23329416000000.0,3.5001352e+32,3.9148712481788652,8.079233735708353e-14,0.0007652209979192337,2.7682209974309786,5.71290033788847e-14,3.377967480348063,6.971261428208267e-14,300000000000000.0,50,52000000000000.0
302000.0,23271169000000.0,3.4837135e+32,3.917460007394961,8.033297353257532e-14,0.0007647130900243418,2.7700515328571775,5.6804182766286804e-14,3.3802012215750645,6.931624653830305e-14,300000000000000.0,50,52000000000000.0
303000.0,23213201000000.0,3.4673843e+32,3.9200487666110564,7.98736097080671e-14,0.0007642051821294499,2.771882068283377,5.6479362153688915e-14,3.382434962802066,6.891987879452343e-14,300000000000000.0,50,52000000000000.0
304000.0,23155499000000.0,3.4511297e+32,3.9225691726302996,7.943181000966329e-14,0.0007637137642609159,2.773664270501582,5.6166961316080554e-14,3.384609724629796,6.853866648739515e-14,300000000000000.0,50,52000000000000.0
305000.0,23098050000000.0,3.4349599e+32,3.9250876740819245,7.899049971142444e-14,0.000763222805864238,2.7754451259815656,5.5854906538383895e-14,3.3867828430778575,6.815787646562018e-14,300000000000000.0,50,52000000000000.0
306000.0,23040839000000.0,3.4188911e+32,3.92760617553355,7.854918941318559e-14,0.00076273184746756,2.7772259814615485,5.554285176068724e-14,3.388955961525919,6.77770864438452e-14,300000000000000.0,50,52000000000000.0
307000.0,22983851000000.0,3.4029034e+32,3.9301246769851748,7.810787911494674e-14,0.0007622408890708821,2.779006836941532,5.5230796982990585e-14,3.3911290799739806,6.739629642207023e-14,300000000000000.0,50,52000000000000.0
308000.0,22927068000000.0,3.3870385e+32,3.932640151454907,7.766723529563222e-14,0.0007617506538047996,2.7807855520133593,5.4919213479512494e-14,3.3932995865534643,6.701608148048621e-14,300000000000000.0,50,52000000000000.0
309000.0,22870470000000.0,3.3712663e+32,3.9350900585154776,7.724102806625293e-14,0.0007612760822596477,2.782517903736378,5.461783823978011e-14,3.3954135174870546,6.664832334225145e-14,300000000000000.0,50,52000000000000.0
310000.0,22814039000000.0,3.3555828e+32,3.937539965576048,7.681482083687364e-14,0.0007608015107144958,2.7842502554593964,5.4316463000047725e-14,3.3975274484206452,6.628056520401669e-14,300000000000000.0,50,52000000000000.0
311000.0,22757758000000.0,3.3399824e+32,3.9399898726366187,7.638861360749434e-14,0.000760326939169344,2.785982607182415,5.401508776031534e-14,3.3996413793542355,6.591280706578194e-14,300000000000000.0,50,52000000000000.0
312000.0,22701617000000.0,3.3244686e+32,3.9424397796971893,7.596240637811505e-14,0.0007598523676241921,2.787714958905434,5.371371252058296e-14,3.4017553102878257,6.554504892754717e-14,300000000000000.0,50,52000000000000.0
313000.0,22645604000000.0,3.309043e+32,3.944887317011428,7.553664904451676e-14,0.0007593783561940102,2.7894456349579815,5.341265540692547e-14,3.403867196456712,6.51776789879384e-14,300000000000000.0,50,52000000000000.0
314000.0,22589709000000.0,3.2937047e+32,3.9472698996921056,7.512322333274672e-14,0.0007589196974883495,2.7911303809630974,5.3120318113757344e-14,3.4059230357229153,6.482094955409122e-14,300000000000000.0,50,52000000000000.0
315000.0,22533928000000.0,3.2784646e+32,3.9496524823727834,7.470979762097667e-14,0.0007584610387826889,2.792815126968213,5.282798082058921e-14,3.4079788749891184,6.446422012024406e-14,300000000000000.0,50,52000000000000.0
316000.0,22478261000000.0,3.2633255e+32,3.9520350650534617,7.429637190920663e-14,0.0007580023800770281,2.794499872973329,5.2535643527421084e-14,3.410034714255321,6.410749068639689e-14,300000000000000.0,50,52000000000000.0
317000.0,22422709000000.0,3.2482823e+32,3.9544176477341395,7.38829461974366e-14,0.0007575437213713674,2.7961846189784447,5.224330623425295e-14,3.4120905535215242,6.37507612525497e-14,300000000000000.0,50,52000000000000.0
318000.0,22367274000000.0,3.2333358e+32,3.9568002304148173,7.346952048566656e-14,0.0007570850626657067,2.79786936498356,5.1950968941084824e-14,3.4141463927877274,6.339403181870254e-14,300000000000000.0,50,52000000000000.0
319000.0,22311960000000.0,3.2184881e+32,3.959120109099339,7.306797609951631e-14,0.0007566410572243677,2.7995097723905067,5.166703305839005e-14,3.416148127143636,6.304755434550129e-14,300000000000000.0,50,52000000000000.0
320000.0,22256773000000.0,3.203741e+32,3.961436324191197,7.266712590097841e-14,0.0007561979079260969,2.801147589235879,5.138358804306678e-14,3.418146700323789,6.270167586136159e-14,300000000000000.0,50,52000000000000.0
321000.0,22201722000000.0,3.189087e+32,3.963752539283055,7.226627570244051e-14,0.0007557547586278263,2.8027854060812514,5.1100143027743504e-14,3.420145273503942,6.235579737722187e-14,300000000000000.0,50,52000000000000.0
322000.0,22146818000000.0,3.1745214e+32,3.966068754374913,7.186542550390261e-14,0.0007553116093295556,2.8044232229266237,5.081669801242023e-14,3.422143846684095,6.200991889308215e-14,300000000000000.0,50,52000000000000.0
323000.0,22092069000000.0,3.1600195e+32,3.968384969466771,7.146457530536471e-14,0.0007548684600312849,2.806061039771996,5.053325299709695e-14,3.424142419864248,6.166404040894244e-14,300000000000000.0,50,52000000000000.0
324000.0,22037483000000.0,3.1455878e+32,3.970650725271111,7.107420331755637e-14,0.0007544369711671195,2.8076631763717907,5.025721723297947e-14,3.4260974536325683,6.132720318661221e-14,300000000000000.0,50,52000000000000.0
325000.0,21983066000000.0,3.1312092e+32,3.9729015448927334,7.068693292863523e-14,0.0007540089338454338,2.8092547514537047,4.99833746415217e-14,3.42803959953341,6.099304221963616e-14,300000000000000.0,50,52000000000000.0
326000.0,21928824000000.0,3.1168937e+32,3.9751523645143556,7.029966253971409e-14,0.0007535808965237481,2.8108463265356187,4.9709532050063933e-14,3.4299817454342523,6.065888125266012e-14,300000000000000.0,50,52000000000000.0
327000.0,21874763000000.0,3.10265e+32,3.977403184135978,6.991239215079296e-14,0.0007531528592020626,2.8124379016175327,4.943568945860617e-14,3.4319238913350945,6.032472028568407e-14,300000000000000.0,50,52000000000000.0
328000.0,21820890000000.0,3.0884947e+32,3.9796540037576,6.952512176187181e-14,0.0007527248218803769,2.8140294766994467,4.91618468671484e-14,3.4338660372359366,5.999055931870803e-14,300000000000000.0,50,52000000000000.0
329000.0,21767211000000.0,3.0744459e+32,3.9818718037283607,6.914519698929766e-14,0.0007523043352537517,2.8155977032708117,4.889319843597593e-14,3.4357796917292847,5.966273661205821e-14,300000000000000.0,50,52000000000000.0
330000.0,21713731000000.0,3.0604712e+32,3.984058415687033,6.877221036311347e-14,0.0007518909804762732,2.817143876500902,4.862945603892368e-14,3.4376664352669395,5.934090057499797e-14,300000000000000.0,50,52000000000000.0
331000.0,21660448000000.0,3.0465911e+32,3.9862450276457055,6.839922373692928e-14,0.0007514776256987945,2.8186900497309915,4.8365713641871426e-14,3.4395531788045948,5.901906453793772e-14,300000000000000.0,50,52000000000000.0
332000.0,21607363000000.0,3.0327771e+32,3.9884316396043777,6.80262371107451e-14,0.0007510642709213159,2.820236222961081,4.810197124481918e-14,3.4414399223422496,5.869722850087747e-14,300000000000000.0,50,52000000000000.0
333000.0,21554480000000.0,3.0190145e+32,3.99061825156305,6.76532504845609e-14,0.0007506509161438373,2.821782396191171,4.783822884776693e-14,3.4433266658799044,5.837539246381723e-14,300000000000000.0,50,52000000000000.0
334000.0,21501796000000.0,3.0053243e+32,3.9927940909863557,6.728266810062691e-14,0.0007502400005489042,2.8233209520588667,4.7576186514805884e-14,3.4452041142046803,5.805563095818924e-14,300000000000000.0,50,52000000000000.0
335000.0,21449306000000.0,2.9917035e+32,3.994917857640073,6.692370745182463e-14,0.0007498408755850854,2.824822686775056,4.7322362028683467e-14,3.447036630908249,5.774589741660117e-14,300000000000000.0,50,52000000000000.0
336000.0,21397005000000.0,2.9781515e+32,3.99704162429379,6.656474680302236e-14,0.0007494417506212667,2.8263244214912455,4.706853754256104e-14,3.448869147611817,5.743616387501311e-14,300000000000000.0,50,52000000000000.0
337000.0,21344888000000.0,2.9646703e+32,3.9991653909475073,6.620578615422008e-14,0.000749042625657448,2.827826156207435,4.681471305643862e-14,3.450701664315386,5.712643033342504e-14,300000000000000.0,50,52000000000000.0
338000.0,21292949000000.0,2.9512472e+32,4.001289157601224,6.58468255054178e-14,0.0007486435006936293,2.8293278909236244,4.65608885703162e-14,3.452534181018954,5.6816696791836974e-14,300000000000000.0,50,52000000000000.0
339000.0,21241181000000.0,2.9379137e+32,4.003412924254942,6.548786485661551e-14,0.0007482443757298106,2.8308296256398138,4.630706408419378e-14,3.4543666977225227,5.650696325024891e-14,300000000000000.0,50,52000000000000.0
340000.0,21189578000000.0,2.9246665e+32,4.005491104089107,6.513841497760131e-14,0.000747855473732508,2.8322991254826677,4.605996476007013e-14,3.456159879286943,5.620543619924416e-14,300000000000000.0,50,52000000000000.0
341000.0,21138133000000.0,2.9115091e+32,4.007553404958681,6.47922779240527e-14,0.0007474701326355915,2.8337573971587546,4.5815207968509675e-14,3.457939359494526,5.590676766249149e-14,300000000000000.0,50,52000000000000.0
342000.0,21086843000000.0,2.8984194e+32,4.0096157058282555,6.444614087050408e-14,0.0007470847915386748,2.835215668834841,4.557045117694922e-14,3.459718839702109,5.560809912573882e-14,300000000000000.0,50,52000000000000.0
343000.0,21035704000000.0,2.8854055e+32,4.01167800669783,6.410000381695545e-14,0.0007466994504417583,2.8366739405109276,4.532569438538876e-14,3.461498319909692,5.530943058898615e-14,300000000000000.0,50,52000000000000.0
344000.0,20984717000000.0,2.8724694e+32,4.013740307567405,6.375386676340683e-14,0.0007463141093448418,2.8381322121870145,4.508093759382831e-14,3.463277800117275,5.5010762052233484e-14,300000000000000.0,50,52000000000000.0
345000.0,20933886000000.0,2.8596166e+32,4.015789140444891,6.341035684967763e-14,0.0007459317588532545,2.839580960518235,4.4838038479590147e-14,3.4650456593052406,5.471436037707572e-14,300000000000000.0,50,52000000000000.0
346000.0,20883192000000.0,2.8469214e+32,4.017791207317263,6.307596936737263e-14,0.0007455597928839649,2.8409966401639473,4.460158992951897e-14,3.4667731658809253,5.442583010993924e-14,300000000000000.0,50,52000000000000.0
347000.0,20832620000000.0,2.8342919e+32,4.019793274189634,6.274158188506762e-14,0.0007451878269146753,2.84241231980966,4.436514137944779e-14,3.46850067245661,5.4137299842802763e-14,300000000000000.0,50,52000000000000.0
348000.0,20782170000000.0,2.8216806e+32,4.021795341062004,6.240719440276263e-14,0.0007448158609453856,2.843827999455373,4.412869282937662e-14,3.470228179032295,5.3848769575666285e-14,300000000000000.0,50,52000000000000.0
349000.0,20731848000000.0,2.8091279e+32,4.023797407934375,6.207280692045763e-14,0.0007444438949760961,2.8452436791010856,4.389224427930544e-14,3.4719556856079796,5.3560239308529807e-14,300000000000000.0,50,52000000000000.0
350000.0,20681659000000.0,2.7966662e+32,4.025799474806746,6.173841943815262e-14,0.0007440719290068064,2.846659358746798,4.3655795729234267e-14,3.4736831921836644,5.3271709041393335e-14,300000000000000.0,50,52000000000000.0
351000.0,20631601000000.0,2.7842925e+32,4.02776512729279,6.141098740544697e-14,0.0007437079680726545,2.8480492894356737,4.342426544818589e-14,3.47537927816746,5.298918037368661e-14,300000000000000.0,50,52000000000000.0
352000.0,20581678000000.0,2.7720011e+32,4.02970805834692,6.108789535455759e-14,0.0007433490020286876,2.849423153585232,4.3195804012338926e-14,3.4770557586900255,5.2710396515286854e-14,300000000000000.0,50,52000000000000.0
353000.0,20531893000000.0,2.7597834e+32,4.031650989401049,6.076480330366822e-14,0.0007429900359847205,2.8507970177347897,4.296734257649196e-14,3.478732239212591,5.24316126568871e-14,300000000000000.0,50,52000000000000.0
354000.0,20482248000000.0,2.7476404e+32,4.0335939204551785,6.044171125277883e-14,0.0007426310699407536,2.8521708818843474,4.2738881140645e-14,3.480408719735156,5.215282879848734e-14,300000000000000.0,50,52000000000000.0
355000.0,20432744000000.0,2.7355701e+32,4.035536851509308,6.011861920188946e-14,0.0007422721038967867,2.8535447460339056,4.2510419704798026e-14,3.4820852002577216,5.187404494008759e-14,300000000000000.0,50,52000000000000.0
356000.0,20383380000000.0,2.7235893e+32,4.037479782563437,5.979552715100008e-14,0.0007419131378528197,2.8549186101834634,4.228195826895106e-14,3.483761680780287,5.159526108168783e-14,300000000000000.0,50,52000000000000.0
357000.0,20334156000000.0,2.7116683e+32,4.039369480450557,5.948288463089854e-14,0.0007415657578902634,2.856254832658656,4.20608858015369e-14,3.485392228425046,5.132549373468593e-14,300000000000000.0,50,52000000000000.0
358000.0,20285075000000.0,2.6998067e+32,4.041254343904344,5.917119109735568e-14,0.0007412194301314613,2.857587636660451,4.18404843720734e-14,3.4870186046209124,5.105654523288354e-14,300000000000000.0,50,52000000000000.0
359000.0,20236137000000.0,2.6880244e+32,4.043139207358129,5.885949756381282e-14,0.0007408731023726591,2.8589204406622457,4.16200829426099e-14,3.4886449808167783,5.0787596731081136e-14,300000000000000.0,50,52000000000000.0
360000.0,20187346000000.0,2.6763298e+32,4.045024070811915,5.854780403026995e-14,0.000740526774613857,2.8602532446640403,4.1399681513146395e-14,3.4902713570126442,5.051864822927874e-14,300000000000000.0,50,52000000000000.0
361000.0,20138701000000.0,2.664694e+32,4.046908934265701,5.823611049672709e-14,0.0007401804468550549,2.8615860486658353,4.1179280083682887e-14,3.49189773320851,5.024969972747635e-14,300000000000000.0,50,52000000000000.0
362000.0,20090205000000.0,2.6531218e+32,4.048786680381525,5.792583179599777e-14,0.0007398356532905577,2.8629138199310087,4.095987909665664e-14,3.493517968123997,4.9981972032166167e-14,300000000000000.0,50,52000000000000.0
363000.0,20041856000000.0,2.6416172e+32,4.050614613675177,5.762545522661546e-14,0.0007395015972445669,2.864206368081068,4.07474800057724e-14,3.4950952214487487,4.972278851686042e-14,300000000000000.0,50,52000000000000.0
364000.0,19993654000000.0,2.6301909e+32,4.0524425469688286,5.732507865723315e-14,0.000739167541198576,2.8654989162311275,4.0535080914888155e-14,3.4966724747735003,4.946360500155468e-14,300000000000000.0,50,52000000000000.0
365000.0,19945597000000.0,2.6188606e+32,4.05427048026248,5.702470208785084e-14,0.000738833485152585,2.866791464381187,4.0322681824003916e-14,3.498249728098252,4.9204421486248934e-14,300000000000000.0,50,52000000000000.0
366000.0,19897685000000.0,2.6076015e+32,4.056098413556132,5.6724325518468525e-14,0.0007384994291065941,2.8680840125312463,4.011028273311967e-14,3.499826981423003,4.894523797094319e-14,300000000000000.0,50,52000000000000.0
367000.0,19849919000000.0,2.5964124e+32,4.057926346849784,5.6423948949086213e-14,0.0007381653730606032,2.8693765606813058,3.989788364223543e-14,3.5014042347477545,4.868605445563745e-14,300000000000000.0,50,52000000000000.0
368000.0,19802296000000.0,2.585289e+32,4.059740949571154,5.612620270522247e-14,0.0007378341636535887,2.8706596826586135,3.968734448072908e-14,3.5029699856287833,4.84291405500306e-14,300000000000000.0,50,52000000000000.0
369000.0,19754817000000.0,2.5742132e+32,4.061513127370187,5.583682754652202e-14,0.0007375120137554193,2.8719128055752297,3.948272459693577e-14,3.5044991296581838,4.817944974131532e-14,300000000000000.0,50,52000000000000.0
370000.0,19707480000000.0,2.5632206e+32,4.06328530516922,5.5547452387821577e-14,0.0007371898638572499,2.873165928491846,3.927810471314245e-14,3.5060282736875843,4.792975893260003e-14,300000000000000.0,50,52000000000000.0
371000.0,19660286000000.0,2.5523041e+32,4.065057482968253,5.525807722912113e-14,0.0007368677139590804,2.8744190514084615,3.907348482934913e-14,3.507557417716985,4.768006812388475e-14,300000000000000.0,50,52000000000000.0
372000.0,19613236000000.0,2.5414795e+32,4.0668296607672865,5.4968702070420684e-14,0.0007365455640609111,2.8756721743250777,3.886886494555581e-14,3.509086561746386,4.743037731516946e-14,300000000000000.0,50,52000000000000.0
373000.0,19566329000000.0,2.5307561e+32,4.06860183856632,5.467932691172024e-14,0.0007362234141627417,2.876925297241694,3.86642450617625e-14,3.5106157057757863,4.7180686506454176e-14,300000000000000.0,50,52000000000000.0
374000.0,19519554000000.0,2.5201211e+32,4.070359964244421,5.439267946381872e-14,0.0007359042373789993,2.878168483772046,3.84615539693588e-14,3.512132724764961,4.693334933745008e-14,300000000000000.0,50,52000000000000.0
375000.0,19472909000000.0,2.509574e+32,4.072077554962181,5.4113900411698524e-14,0.0007355936368860512,2.8793830076524602,3.826442669773812e-14,3.513614767679914,4.669280151311607e-14,300000000000000.0,50,52000000000000.0
376000.0,19426403000000.0,2.4990927e+32,4.073795145679942,5.383512135957833e-14,0.000735283036393103,2.8805975315328745,3.8067299426117445e-14,3.5150968105948666,4.6452253688782065e-14,300000000000000.0,50,52000000000000.0
377000.0,19380036000000.0,2.4886676e+32,4.075512736397703,5.355634230745813e-14,0.0007349724359001549,2.8818120554132887,3.787017215449677e-14,3.516578853509819,4.621170586444806e-14,300000000000000.0,50,52000000000000.0
378000.0,19333808000000.0,2.4783012e+32,4.077230327115463,5.327756325533793e-14,0.0007346618354072068,2.883026579293703,3.767304488287609e-14,3.5180608964247715,4.5971158040114055e-14,300000000000000.0,50,52000000000000.0
379000.0,19287721000000.0,2.4680101e+32,4.078947917833223,5.299878420321773e-14,0.0007343512349142587,2.884241103174117,3.7475917611255415e-14,3.519542939339724,4.573061021578005e-14,300000000000000.0,50,52000000000000.0
380000.0,19241771000000.0,2.4578035e+32,4.080655970503322,5.2721855326517546e-14,0.0007340426340978808,2.8854488826119415,3.728009861695881e-14,3.5210167522366893,4.549165883856757e-14,300000000000000.0,50,52000000000000.0
381000.0,19195956000000.0,2.447673e+32,4.082320117612927,5.2453443181092536e-14,0.0007337432381967787,2.886625616017852,3.709030188751452e-14,3.5224526806980316,4.526005623000805e-14,300000000000000.0,50,52000000000000.0
382000.0,19150275000000.0,2.4376125e+32,4.083984264722531,5.2185031035667527e-14,0.0007334438422956767,2.887802349423762,3.690050515807023e-14,3.5238886091593744,4.502845362144854e-14,300000000000000.0,50,52000000000000.0
383000.0,19104731000000.0,2.42763e+32,4.0856484118321355,5.191661889024252e-14,0.0007331444463945747,2.8889790828296724,3.671070842862593e-14,3.5253245376207167,4.479685101288902e-14,300000000000000.0,50,52000000000000.0
384000.0,19059326000000.0,2.4177337e+32,4.087312558941741,5.164820674481751e-14,0.0007328450504934727,2.8901558162355827,3.652091169918164e-14,3.526760466082059,4.456524840432951e-14,300000000000000.0,50,52000000000000.0
385000.0,19014060000000.0,2.4078988e+32,4.088976706051345,5.13797945993925e-14,0.0007325456545923706,2.8913325496414934,3.633111496973734e-14,3.528196394543402,4.433364579577e-14,300000000000000.0,50,52000000000000.0
386000.0,18968931000000.0,2.398151e+32,4.090640819785786,5.111138890511236e-14,0.0007322462656260808,2.892509259447515,3.6141322801961064e-14,3.5296322942065883,4.4102048753661603e-14,300000000000000.0,50,52000000000000.0
387000.0,18923938000000.0,2.388488e+32,4.0922526737452625,5.0853084596079903e-14,0.0007319577353851087,2.8936490158796335,3.595867342309222e-14,3.531023100902072,4.3879167818281526e-14,300000000000000.0,50,52000000000000.0
388000.0,18879075000000.0,2.3788904e+32,4.0938645277047385,5.059478028704745e-14,0.0007316692051441366,2.8947887723117525,3.5776024044223375e-14,3.5324139075975554,4.365628688290145e-14,300000000000000.0,50,52000000000000.0
389000.0,18834346000000.0,2.3693502e+32,4.095476381664215,5.0336475978014996e-14,0.0007313806749031645,2.895928528743871,3.5593374665354533e-14,3.533804714293039,4.343340594752137e-14,300000000000000.0,50,52000000000000.0
390000.0,18789750000000.0,2.3598798e+32,4.097088235623691,5.007817166898255e-14,0.0007310921446621925,2.89706828517599,3.5410725286485686e-14,3.5351955209885224,4.3210525012141295e-14,300000000000000.0,50,52000000000000.0
391000.0,18745286000000.0,2.3505483e+32,4.098700089583167,4.9819867359950095e-14,0.0007308036144212204,2.8982080416081084,3.5228075907616844e-14,3.536586327684006,4.298764407676122e-14,300000000000000.0,50,52000000000000.0
392000.0,18700951000000.0,2.3413234e+32,4.100311943542643,4.956156305091764e-14,0.0007305150841802483,2.8993477980402274,3.5045426528747997e-14,3.53797713437949,4.276476314138114e-14,300000000000000.0,50,52000000000000.0
393000.0,18656743000000.0,2.3321572e+32,4.101886856097152,4.9310313919715234e-14,0.0007302341626311889,2.9004614328613783,3.486776593530529e-14,3.539336065745738,4.254796985422501e-14,300000000000000.0,50,52000000000000.0
394000.0,18612666000000.0,2.3230312e+32,4.103447567633722,4.9061776940555125e-14,0.0007299561660161009,2.9015650260106907,3.4692023131166834e-14,3.540682743595297,4.233351678130035e-14,300000000000000.0,50,52000000000000.0
395000.0,18568727000000.0,2.3139354e+32,4.105008279170293,4.8813239961395015e-14,0.0007296781694010128,2.9026686191600035,3.451628032702838e-14,3.5420294214448567,4.2119063708375686e-14,300000000000000.0,50,52000000000000.0
396000.0,18524924000000.0,2.3049166e+32,4.1065689907068625,4.856470298223491e-14,0.0007294001727859248,2.903772212309316,3.4340537522889925e-14,3.5433760992944157,4.190461063545102e-14,300000000000000.0,50,52000000000000.0
397000.0,18481251000000.0,2.2960001e+32,4.108129702243433,4.83161660030748e-14,0.0007291221761708368,2.9048758054586283,3.4164794718751465e-14,3.544722777143975,4.1690157562526356e-14,300000000000000.0,50,52000000000000.0
398000.0,18437707000000.0,2.287224e+32,4.109690413780003,4.806762902391469e-14,0.0007288441795557489,2.9059793986079407,3.398905191461301e-14,3.546069454993534,4.1475704489601694e-14,300000000000000.0,50,52000000000000.0
399000.0,18394290000000.0,2.2785634e+32,4.111234027627121,4.782233024312033e-14,0.0007285696741385794,2.907070901822392,3.381559887217474e-14,3.5474013798994655,4.126404553639805e-14,300000000000000.0,50,52000000000000.0
400000.0,18351002000000.0,2.2699412e+32,4.11274473022125,4.7583264653421014e-14,0.0007283018889100203,2.9081391331844717,3.364655338005528e-14,3.5487049069413814,4.105776496962923e-14,300000000000000.0,50,52000000000000.0
401000.0,18307840000000.0,2.2613616e+32,4.11425543281538,4.73441990637217e-14,0.0007280341036814614,2.9092073645465515,3.347750788793583e-14,3.550008433983297,4.0851484402860405e-14,300000000000000.0,50,52000000000000.0
402000.0,18264803000000.0,2.2528638e+32,4.115766135409509,4.7105133474022384e-14,0.0007277663184529025,2.9102755959086317,3.330846239581637e-14,3.5513119610252124,4.064520383609158e-14,300000000000000.0,50,52000000000000.0
403000.0,18221889000000.0,2.24445e+32,4.117276838003639,4.686606788432307e-14,0.0007274985332243435,2.9113438272707115,3.3139416903696917e-14,3.552615488067128,4.0438923269322756e-14,300000000000000.0,50,52000000000000.0
404000.0,18179102000000.0,2.2360766e+32,4.1187875405977685,4.6627002294623755e-14,0.0007272307479957846,2.9124120586327913,3.297037141157746e-14,3.5539190151090434,4.023264270255394e-14,300000000000000.0,50,52000000000000.0
405000.0,18136446000000.0,2.2278779e+32,4.120298243191899,4.638793670492444e-14,0.0007269629627672256,2.913480289994871,3.2801325919458006e-14,3.555222542150959,4.002636213578511e-14,300000000000000.0,50,52000000000000.0
406000.0,18093914000000.0,2.2198121e+32,4.121767017464471,4.6156764569979883e-14,0.0007267036663751007,2.9145188734525402,3.263786196601724e-14,3.5564898908455627,3.9826892534231445e-14,300000000000000.0,50,52000000000000.0
407000.0,18051508000000.0,2.2117871e+32,4.123228834483153,4.592690221245445e-14,0.0007264457785533194,2.9155525373715623,3.2475324168936715e-14,3.5577512363915016,3.962855309034872e-14,300000000000000.0,50,52000000000000.0
408000.0,18009226000000.0,2.2037955e+32,4.124690651501836,4.5697039854929016e-14,0.0007261878907315381,2.9165862012905843,3.231278637185619e-14,3.5590125819374405,3.9430213646465985e-14,300000000000000.0,50,52000000000000.0
409000.0,17967070000000.0,2.1958673e+32,4.126152468520518,4.546717749740358e-14,0.0007259300029097568,2.9176198652096064,3.2150248574775655e-14,3.5602739274833795,3.923187420258326e-14,300000000000000.0,50,52000000000000.0
410000.0,17925038000000.0,2.1880165e+32,4.127614285539201,4.5237315139878155e-14,0.0007256721150879755,2.9186535291286284,3.198771077769513e-14,3.5615352730293184,3.9033534758700525e-14,300000000000000.0,50,52000000000000.0
411000.0,17883126000000.0,2.1803135e+32,4.1290761025578835,4.500745278235272e-14,0.0007254142272661941,2.9196871930476505,3.18251729806146e-14,3.5627966185752573,3.883519531481779e-14,300000000000000.0,50,52000000000000.0
412000.0,17841339000000.0,2.1727187e+32,4.13052511738048,4.4780000131238e-14,0.0007251589098227412,2.92071180441552,3.166433911029146e-14,3.5640469175954426,3.863893511584187e-14,300000000000000.0,50,52000000000000.0
413000.0,17799678000000.0,2.1652401e+32,4.131939166237752,4.455912898459587e-14,0.0007249106127185251,2.9217116910262004,3.1508159085567483e-14,3.5652670458204097,3.844835384920101e-14,300000000000000.0,50,52000000000000.0
414000.0,17758140000000.0,2.1578823e+32,4.133353215095024,4.4338257837953747e-14,0.0007246623156143089,2.922711577636881,3.13519790608435e-14,3.566487174045377,3.825777258256015e-14,300000000000000.0,50,52000000000000.0
415000.0,17716733000000.0,2.1507748e+32,4.134767263952296,4.411738669131162e-14,0.0007244140185100929,2.9237114642475617,3.119579903611952e-14,3.5677073022703443,3.806719131591929e-14,300000000000000.0,50,52000000000000.0
416000.0,17675460000000.0,2.1436713e+32,4.136181312809568,4.3896515544669495e-14,0.0007241657214058768,2.9247113508582423,3.1039619011395536e-14,3.5689274304953114,3.787661004927843e-14,300000000000000.0,50,52000000000000.0
417000.0,17634312000000.0,2.1367084e+32,4.13759536166684,4.3675644398027366e-14,0.0007239174243016607,2.925711237468923,3.0883438986671554e-14,3.570147558720279,3.7686028782637566e-14,300000000000000.0,50,52000000000000.0
418000.0,17593276000000.0,2.1299727e+32,4.139009410524112,4.3454773251385244e-14,0.0007236691271974446,2.9267111240796035,3.072725896194757e-14,3.571367686945246,3.74954475159967e-14,300000000000000.0,50,52000000000000.0
419000.0,17552353000000.0,2.1233205e+32,4.140396817417075,4.323885565313997e-14,0.0007234261356557279,2.927692171911622,3.057458163915295e-14,3.5725648268379615,3.7309140479520516e-14,300000000000000.0,50,52000000000000.0
420000.0,17511550000000.0,2.1167334e+32,4.141764220032262,4.30266574562481e-14,0.0007231871278272527,2.9286590745343397,3.042453434098974e-14,3.5737447058043186,3.71260427742521e-14,300000000000000.0,50,52000000000000.0
421000.0,17470873000000.0,2.1101803e+32,4.143131622647449,4.281445925935624e-14,0.0007229481199987776,2.9296259771570576,3.027448704282653e-14,3.574924584770676,3.694294506898368e-14,300000000000000.0,50,52000000000000.0
422000.0,17430323000000.0,2.1036312e+32,4.144499025262635,4.2602261062464366e-14,0.0007227091121703024,2.9305928797797756,3.0124439744663324e-14,3.576104463737033,3.6759847363715265e-14,300000000000000.0,50,52000000000000.0
423000.0,17389893000000.0,2.0972423e+32,4.145866427877822,4.23900628655725e-14,0.0007224701043418272,2.931559782402493,2.9974392446500115e-14,3.5772843427033902,3.657674965844685e-14,300000000000000.0,50,52000000000000.0
424000.0,17349576000000.0,2.0910949e+32,4.1472338304930085,4.217786466868063e-14,0.000722231096513352,2.932526685025211,2.9824345148336906e-14,3.5784642216697478,3.639365195317844e-14,300000000000000.0,50,52000000000000.0
425000.0,17309372000000.0,2.0850117e+32,4.148601233108195,4.196566647178876e-14,0.0007219920886848769,2.933493587647929,2.9674297850173697e-14,3.579644100636105,3.621055424791002e-14,300000000000000.0,50,52000000000000.0
426000.0,17269289000000.0,2.0789223e+32,4.149933778254498,4.1759712503733686e-14,0.0007217599668841128,2.93443584223356,2.95286659064738e-14,3.58079390242623,3.603284445220784e-14,300000000000000.0,50,52000000000000.0
427000.0,17229319000000.0,2.0729194e+32,4.151255637372894,4.155567278836964e-14,0.0007215299560881534,2.9353705406304993,2.938438754932305e-14,3.5819344836517275,3.585678639295796e-14,300000000000000.0,50,52000000000000.0
428000.0,17189451000000.0,2.0671579e+32,4.152577496491289,4.13516330730056e-14,0.0007212999452921939,2.9363052390274387,2.924010919217229e-14,3.583075064877225,3.568072833370808e-14,300000000000000.0,50,52000000000000.0
429000.0,17149681000000.0,2.0617511e+32,4.153899355609684,4.114759335764155e-14,0.0007210699344962345,2.9372399374243785,2.9095830835021533e-14,3.584215646102723,3.55046702744582e-14,300000000000000.0,50,52000000000000.0
430000.0,17110009000000.0,2.0565706e+32,4.15522121472808,4.09435536422775e-14,0.0007208399237002752,2.938174635821318,2.895155247787078e-14,3.5853562273282202,3.532861221520832e-14,300000000000000.0,50,52000000000000.0
431000.0,17070425000000.0,2.0515159e+32,4.156543073846475,4.073951392691346e-14,0.0007206099129043157,2.9391093342182577,2.8807274120720026e-14,3.5864968085537177,3.515255415595844e-14,300000000000000.0,50,52000000000000.0
432000.0,17030927000000.0,2.0464637e+32,4.157864932964871,4.0535474211549414e-14,0.0007203799021083563,2.940044032615197,2.866299576356927e-14,3.587637389779215,3.497649609670856e-14,300000000000000.0,50,52000000000000.0
433000.0,16991511000000.0,2.0415932e+32,4.159149012566819,4.033742324550489e-14,0.0007201572948797011,2.9409520167689944,2.852295210915945e-14,3.588745372506262,3.4805605503764575e-14,300000000000000.0,50,52000000000000.0
434000.0,16952157000000.0,2.0370178e+32,4.160426366931801,4.014043835340971e-14,0.000719936005580686,2.941855245445951,2.838366228598124e-14,3.5898475522837896,3.463563478589281e-14,300000000000000.0,50,52000000000000.0
435000.0,16912871000000.0,2.0326534e+32,4.161703721296783,3.9943453461314524e-14,0.0007197147162816708,2.942758474122908,2.8244372462803028e-14,3.5909497320613175,3.446566406802105e-14,300000000000000.0,50,52000000000000.0
436000.0,16873670000000.0,2.0284979e+32,4.162981075661765,3.974646856921934e-14,0.0007194934269826557,2.943661702799865,2.810508263962482e-14,3.592051911838845,3.429569335014929e-14,300000000000000.0,50,52000000000000.0
437000.0,16834537000000.0,2.0247548e+32,4.164258430026748,3.954948367712416e-14,0.0007192721376836405,2.944564931476822,2.7965792816446607e-14,3.593154091616373,3.412572263227753e-14,300000000000000.0,50,52000000000000.0
438000.0,16795484000000.0,2.0212582e+32,4.16553578439173,3.9352498785028975e-14,0.0007190508483846254,2.9454681601537787,2.7826502993268396e-14,3.5942562713939004,3.395575191440576e-14,300000000000000.0,50,52000000000000.0
439000.0,16756509000000.0,2.0179799e+32,4.166813138756712,3.915551389293379e-14,0.0007188295590856103,2.9463713888307357,2.7687213170090184e-14,3.5953584511714283,3.3785781196534e-14,300000000000000.0,50,52000000000000.0
440000.0,16717622000000.0,2.0150143e+32,4.168054691871599,3.8961040239063364e-14,0.0007186152271453072,2.947249302115521,2.7549699070086117e-14,3.5964297394216174,3.361797733435452e-14,300000000000000.0,50,52000000000000.0
441000.0,16678804000000.0,2.012417e+32,4.169288381422435,3.876711816600572e-14,0.0007184024233537617,2.9481216550020717,2.7412574998722907e-14,3.597494242503602,3.345064941110116e-14,300000000000000.0,50,52000000000000.0
494000.0,14576722000000.0,1.7153364e+32,4.227006872121951,2.93295303238884e-14,0.0007085735862609298,2.9889349132106884,2.073917090829595e-14,3.6472972979067086,2.530731734831875e-14,300000000000000.0,50,52000000000000.0
495000.0,14555700000000.0,1.6994586e+32,4.227940082569486,2.9215928814406356e-14,0.0007084169925344287,2.9895947945931423,2.065884224947384e-14,3.648102529110603,2.5209294969625673e-14,300000000000000.0,50,52000000000000.0
496000.0,14534734000000.0,1.6837539e+32,4.2288732930170205,2.9102327304924314e-14,0.0007082603988079275,2.990254675975596,2.0578513590651732e-14,3.648907760314498,2.511127259093259e-14,300000000000000.0,50,52000000000000.0
497000.0,14513174000000.0,1.6683865e+32,4.2298065034645544,2.898872579544227e-14,0.0007081038050814263,2.9909145573580496,2.0498184931829625e-14,3.649712991518393,2.501325021223951e-14,300000000000000.0,50,52000000000000.0
498000.0,14491504000000.0,1.6535648e+32,4.230739713912089,2.8875124285960235e-14,0.0007079472113549251,2.9915744387405034,2.0417856273007516e-14,3.6505182227222877,2.491522783354643e-14,300000000000000.0,50,52000000000000.0
499000.0,14469974000000.0,1.6390734e+32,4.231672924359624,2.876152277647819e-14,0.0007077906176284239,2.9922343201229573,2.0337527614185406e-14,3.651323453926182,2.481720545485335e-14,300000000000000.0,50,52000000000000.0
500000.0,14446968000000.0,1.6237834e+32,4.232597188419344,2.864141702932874e-14,0.0007076356922707582,2.992887875433357,2.0252599752060738e-14,3.6521209656356945,2.471357082203873e-14,300000000000000.0,50,52000000000000.0
501000.0,14418325000000.0,1.6068085e+32,4.233501747928194,2.850698560296119e-14,0.0007074844415200143,2.9935274974769244,2.0157542076952523e-14,3.6529014750451823,2.4597575116897595e-14,300000000000000.0,50,52000000000000.0
502000.0,14386567000000.0,1.5897625e+32,4.234406307437043,2.8372554176593636e-14,0.0007073331907692704,2.994167119520492,2.006248440184431e-14,3.65368198445467,2.448157941175646e-14,300000000000000.0,50,52000000000000.0
503000.0,14354524000000.0,1.5739622e+32,4.235310866945892,2.823812275022608e-14,0.0007071819400185265,2.9948067415640596,1.9967426726736094e-14,3.654462493864158,2.4365583706615322e-14,300000000000000.0,50,52000000000000.0
504000.0,14322266000000.0,1.5589774e+32,4.236215426454741,2.8103691323858526e-14,0.0007070306892677827,2.9954463636076274,1.9872369051627877e-14,3.655243003273646,2.4249588001474188e-14,300000000000000.0,50,52000000000000.0
505000.0,14288960000000.0,1.5442021e+32,4.237119985963591,2.7969259897490975e-14,0.0007068794385170389,2.9960859856511948,1.9777311376519662e-14,3.656023512683134,2.4133592296333053e-14,300000000000000.0,50,52000000000000.0
506000.0,14254228000000.0,1.5293481e+32,4.23802454547244,2.783482847112342e-14,0.0007067281877662949,2.9967256076947626,1.9682253701411448e-14,3.6568040220926217,2.401759659119192e-14,300000000000000.0,50,52000000000000.0
507000.0,14218323000000.0,1.5142494e+32,4.238929104981289,2.7700397044755868e-14,0.0007065769370155511,2.99736522973833,1.9587196026303234e-14,3.65758453150211,2.3901600886050784e-14,300000000000000.0,50,52000000000000.0
508000.0,14181737000000.0,1.4989893e+32,4.239827297441976,2.7566826029340053e-14,0.0007064268441332679,2.9980003495846663,1.9492746755891576e-14,3.6583595470307304,2.3786347596837047e-14,300000000000000.0,50,52000000000000.0
509000.0,14145234000000.0,1.4837542e+32,4.240697401132661,2.743705078940971e-14,0.0007062818592853598,2.9986156076081745,1.940098151411504e-14,3.6591103258405204,2.3674369538106545e-14,300000000000000.0,50,52000000000000.0
510000.0,14109484000000.0,1.4687148e+32,4.2415675048233465,2.7307275549479367e-14,0.0007061368744374517,2.999230865631683,1.9309216272338502e-14,3.659861104650311,2.356239147937604e-14,300000000000000.0,50,52000000000000.0
511000.0,14074895000000.0,1.4542267e+32,4.242437608514032,2.7177500309549025e-14,0.0007059918895895436,2.999846123655191,1.9217451030561965e-14,3.660611883460101,2.345041342064554e-14,300000000000000.0,50,52000000000000.0
512000.0,14041692000000.0,1.4407586e+32,4.243307712204718,2.7047725069618683e-14,0.0007058469047416356,3.0004613816787,1.9125685788785427e-14,3.6613626622698914,2.3338435361915035e-14,300000000000000.0,50,52000000000000.0
513000.0,14010188000000.0,1.4282457e+32,4.244177815895403,2.6917949829688342e-14,0.0007057019198937276,3.0010766397022084,1.903392054700889e-14,3.6621134410796814,2.3226457303184533e-14,300000000000000.0,50,52000000000000.0
514000.0,13980211000000.0,1.4161558e+32,4.245047919586089,2.6788174589758e-14,0.0007055569350458195,3.0016918977257165,1.8942155305232353e-14,3.6628642198894714,2.311447924445403e-14,300000000000000.0,50,52000000000000.0
515000.0,13951600000000.0,1.4046798e+32,4.245918023276775,2.6658399349827656e-14,0.0007054119501979114,3.002307155749225,1.8850390063455816e-14,3.663614998699262,2.3002501185723527e-14,300000000000000.0,50,52000000000000.0
516000.0,13923976000000.0,1.3936866e+32,4.24678812696746,2.6528624109897314e-14,0.0007052669653500034,3.0029224137727337,1.8758624821679275e-14,3.664365777509052,2.2890523126993023e-14,300000000000000.0,50,52000000000000.0
517000.0,13896804000000.0,1.3829701e+32,4.247626958137745,2.641968469681341e-14,0.0007051276277495188,3.003515558715218,1.8681592779626998e-14,3.6650895724648502,2.2796523499652004e-14,300000000000000.0,50,52000000000000.0
518000.0,13869725000000.0,1.3723083e+32,4.248463258411063,2.6312431535118195e-14,0.0007049887471829153,3.0041069140376466,1.8605753101030126e-14,3.6658111836070852,2.270397887359893e-14,300000000000000.0,50,52000000000000.0
519000.0,13842586000000.0,1.3617451e+32,4.249299558684382,2.6205178373422976e-14,0.0007048498666163119,3.004698269360076,1.8529913422433252e-14,3.66653279474932,2.2611434247545854e-14,300000000000000.0,50,52000000000000.0
520000.0,13815452000000.0,1.3513235e+32,4.250135858957701,2.609792521172776e-14,0.0007047109860497085,3.005289624682505,1.8454073743836377e-14,3.667254405891555,2.2518889621492777e-14,300000000000000.0,50,52000000000000.0
521000.0,13788293000000.0,1.3410795e+32,4.2509721592310195,2.599067205003254e-14,0.000704572105483105,3.0058809800049344,1.8378234065239503e-14,3.66797601703379,2.2426344995439703e-14,300000000000000.0,50,52000000000000.0
522000.0,13761133000000.0,1.331057e+32,4.251808459504338,2.5883418888337325e-14,0.0007044332249165016,3.0064723353273637,1.8302394386642628e-14,3.668697628176025,2.2333800369386626e-14,300000000000000.0,50,52000000000000.0
523000.0,13734124000000.0,1.3212709e+32,4.252644759777657,2.5776165726642106e-14,0.0007042943443498982,3.007063690649793,1.8226554708045754e-14,3.66941923931826,2.224125574333355e-14,300000000000000.0,50,52000000000000.0
524000.0,13707364000000.0,1.3117954e+32,4.253481060050976,2.566891256494689e-14,0.0007041554637832947,3.0076550459722218,1.8150715029448882e-14,3.670140850460495,2.2148711117280475e-14,300000000000000.0,50,52000000000000.0
525000.0,13680759000000.0,1.3024686e+32,4.254302280972852,2.5564305640183014e-14,0.0007040193225634952,3.008235738549155,1.807674652945703e-14,3.670849450210634,2.205844982796882e-14,300000000000000.0,50,52000000000000.0
526000.0,13654426000000.0,1.2932917e+32,4.2551101899070165,2.5462034802196516e-14,0.0007038855996274751,3.0088070180994357,1.8004429898028245e-14,3.6715465635588305,2.197020425868086e-14,300000000000000.0,50,52000000000000.0
527000.0,13628450000000.0,1.2841331e+32,4.255918098841181,2.5359763964210015e-14,0.0007037518766914549,3.0093782976497163,1.7932113266599462e-14,3.672243676907027,2.1881958689392896e-14,300000000000000.0,50,52000000000000.0
528000.0,13602757000000.0,1.2747771e+32,4.256726007775345,2.5257493126223517e-14,0.0007036181537554346,3.009949577199997,1.785979663517068e-14,3.672940790255223,2.1793713120104936e-14,300000000000000.0,50,52000000000000.0
529000.0,13576850000000.0,1.2653865e+32,4.257533916709509,2.515522228823702e-14,0.0007034844308194145,3.0105208567502775,1.7787480003741894e-14,3.6736379036034195,2.1705467550816973e-14,300000000000000.0,50,52000000000000.0
530000.0,13550598000000.0,1.2562e+32,4.258341825643673,2.5052951450250522e-14,0.0007033507078833943,3.011092136300558,1.771516337231311e-14,3.674335016951616,2.161722198152901e-14,300000000000000.0,50,52000000000000.0
531000.0,13523871000000.0,1.2472214e+32,4.2591497345778375,2.495068061226402e-14,0.0007032169849473742,3.0116634158508386,1.7642846740884325e-14,3.675032130299812,2.1528976412241047e-14,300000000000000.0,50,52000000000000.0
532000.0,13497031000000.0,1.2385378e+32,4.259957643512002,2.4848409774277523e-14,0.000703083262011354,3.012234695401119,1.7570530109455543e-14,3.6757292436480085,2.1440730842953087e-14,300000000000000.0,50,52000000000000.0
533000.0,13470568000000.0,1.2299671e+32,4.2607655361609185,2.4746142896690702e-14,0.0007029495420181672,3.012805963435954,1.749821627846147e-14,3.6764263429442914,2.1352488690942045e-14,300000000000000.0,50,52000000000000.0
534000.0,13444501000000.0,1.2214606e+32,4.261545932307467,2.4650562877023464e-14,0.0007028207907934608,3.0133577884461062,1.743063078565298e-14,3.677099716567131,2.127001637205343e-14,300000000000000.0,50,52000000000000.0
535000.0,13418652000000.0,1.2127863e+32,4.262326328454016,2.455498285735623e-14,0.0007026920395687545,3.0139096134562586,1.7363045292844485e-14,3.6777730901899703,2.1187544053164813e-14,300000000000000.0,50,52000000000000.0
536000.0,13393027000000.0,1.2038838e+32,4.263106724600565,2.4459402837688992e-14,0.0007025632883440481,3.014461438466411,1.7295459800035994e-14,3.67844646381281,2.1105071734276197e-14,300000000000000.0,50,52000000000000.0
537000.0,13367633000000.0,1.1949505e+32,4.263887120747113,2.4363822818021754e-14,0.0007024345371193418,3.0150132634765634,1.7227874307227503e-14,3.6791198374356493,2.102259941538758e-14,300000000000000.0,50,52000000000000.0
538000.0,13342532000000.0,1.1860895e+32,4.264667516893662,2.4268242798354516e-14,0.0007023057858946354,3.0155650884867153,1.7160288814419012e-14,3.679793211058489,2.0940127096498965e-14,300000000000000.0,50,52000000000000.0
539000.0,13317774000000.0,1.1773651e+32,4.265447913040211,2.417266277868728e-14,0.0007021770346699289,3.0161169134968677,1.709270332161052e-14,3.6804665846813283,2.0857654777610353e-14,300000000000000.0,50,52000000000000.0
540000.0,13293395000000.0,1.168726e+32,4.26622830918676,2.4077082759020044e-14,0.0007020482834452226,3.01666873850702,1.702511782880203e-14,3.681139958304168,2.0775182458721737e-14,300000000000000.0,50,52000000000000.0
541000.0,13269421000000.0,1.1602331e+32,4.267008705333309,2.3981502739352806e-14,0.0007019195322205162,3.0172205635171725,1.695753233599354e-14,3.681813331927007,2.069271013983312e-14,300000000000000.0,50,52000000000000.0
542000.0,13245831000000.0,1.1518325e+32,4.26778044402966,2.3885933078716173e-14,0.0007017923400389684,3.017766266766311,1.6889954168725758e-14,3.682479235369406,2.0610246760061184e-14,300000000000000.0,50,52000000000000.0
543000.0,13222591000000.0,1.1434601e+32,4.268534709123634,2.379038432603484e-14,0.0007016682945229652,3.0182996142738223,1.68223907868258e-14,3.683130061513093,2.0527801422387885e-14,300000000000000.0,50,52000000000000.0
544000.0,13199473000000.0,1.1350345e+32,4.269288974217609,2.36948355733535e-14,0.000701544249006962,3.0188329617813334,1.675482740492584e-14,3.6837808876567806,2.0445356084714587e-14,300000000000000.0,50,52000000000000.0
545000.0,13175440000000.0,1.1259335e+32,4.270043239311583,2.3599286820672167e-14,0.0007014202034909587,3.019366309288845,1.6687264023025878e-14,3.684431713800468,2.0362910747041288e-14,300000000000000.0,50,52000000000000.0
546000.0,13150196000000.0,1.1167224e+32,4.270797504405558,2.3503738067990833e-14,0.0007012961579749555,3.019899656796356,1.661970064112592e-14,3.685082539944155,2.028046540936799e-14,300000000000000.0,50,52000000000000.0
547000.0,13123870000000.0,1.1085534e+32,4.271551769499533,2.34081893153095e-14,0.0007011721124589522,3.020433004303867,1.655213725922596e-14,3.6857333660878426,2.019802007169469e-14,300000000000000.0,50,52000000000000.0
548000.0,13096869000000.0,1.1002591e+32,4.272306034593507,2.3312640562628164e-14,0.000701048066942949,3.0209663518113783,1.6484573877325998e-14,3.68638419223153,2.0115574734021392e-14,300000000000000.0,50,52000000000000.0
549000.0,13069474000000.0,1.0921639e+32,4.273060299687482,2.321709180994683e-14,0.0007009240214269458,3.0214996993188894,1.641701049542604e-14,3.6870350183752176,2.0033129396348094e-14,300000000000000.0,50,52000000000000.0
550000.0,13041808000000.0,1.0844067e+32,4.273814564781456,2.3121543057265496e-14,0.0007007999759109425,3.0220330468264005,1.634944711352608e-14,3.6876858445189047,1.9950684058674798e-14,300000000000000.0,50,52000000000000.0
551000.0,13013918000000.0,1.0765998e+32,4.274554998175552,2.3018961277115792e-14,0.0007006783990336937,3.022556613814596,1.627691061677442e-14,3.688324735821633,1.9862170195112076e-14,300000000000000.0,50,52000000000000.0
552000.0,12985798000000.0,1.0691055e+32,4.275282715880306,2.2909913929233753e-14,0.0007005590916131113,3.023071189424557,1.6199802260882585e-14,3.6889526552459,1.9768077444597755e-14,300000000000000.0,50,52000000000000.0
553000.0,12957362000000.0,1.0618332e+32,4.276010433585061,2.2800866581351713e-14,0.0007004397841925289,3.0235857650345186,1.6122693904990747e-14,3.6895805746701673,1.9673984694083438e-14,300000000000000.0,50,52000000000000.0
554000.0,12928499000000.0,1.055224e+32,4.276738151289814,2.2691819233469677e-14,0.0007003204767719465,3.0241003406444795,1.6045585549098912e-14,3.6902084940944344,1.957989194356912e-14,300000000000000.0,50,52000000000000.0
555000.0,12899102000000.0,1.0493659e+32,4.277465868994568,2.2582771885587637e-14,0.0007002011693513641,3.024614916254441,1.5968477193207078e-14,3.6908364135187015,1.94857991930548e-14,300000000000000.0,50,52000000000000.0
556000.0,12868984000000.0,1.0429631e+32,4.278193586699323,2.2473724537705598e-14,0.0007000818619307817,3.0251294918644023,1.5891368837315243e-14,3.6914643329429686,1.939170644254048e-14,300000000000000.0,50,52000000000000.0
557000.0,12838033000000.0,1.0374267e+32,4.278921304404077,2.2364677189823558e-14,0.0006999625545101993,3.0256440674743637,1.581426048142341e-14,3.6920922523672357,1.9297613692026163e-14,300000000000000.0,50,52000000000000.0
558000.0,12806224000000.0,1.0323532e+32,4.27964902210883,2.2255629841941518e-14,0.0006998432470896169,3.026158643084325,1.573715212553157e-14,3.692720171791503,1.9203520941511842e-14,300000000000000.0,50,52000000000000.0
559000.0,12773758000000.0,1.0268865e+32,4.280376739813584,2.214658249405948e-14,0.0006997239396690345,3.0266732186942864,1.5660043769639736e-14,3.69334809121577,1.9109428190997525e-14,300000000000000.0,50,52000000000000.0
560000.0,12740935000000.0,1.020338e+32,4.281086985996683,2.2036847974623057e-14,0.0006996076940280548,3.0271754400348776,1.5582449509748644e-14,3.6939609351378797,1.9014742508075106e-14,300000000000000.0,50,52000000000000.0
561000.0,12708128000000.0,1.0133934e+32,4.281783913047697,2.1926589601061175e-14,0.0006994937824852578,3.027668243297938,1.5504484828798993e-14,3.6945622864946346,1.8919604812716903e-14,300000000000000.0,50,52000000000000.0
562000.0,12675657000000.0,1.0064195e+32,4.282480840098711,2.1816331227499297e-14,0.0006993798709424608,3.028161046560998,1.5426520147849338e-14,3.69516363785139,1.8824467117358697e-14,300000000000000.0,50,52000000000000.0
563000.0,12643717000000.0,9.9976382e+31,4.283177767149724,2.1706072853937418e-14,0.0006992659593996637,3.0286538498240585,1.5348555466899687e-14,3.695764989208145,1.8729329422000495e-14,300000000000000.0,50,52000000000000.0
564000.0,12612401000000.0,9.9320504e+31,4.283874694200739,2.159581448037554e-14,0.0006991520478568667,3.0291466530871185,1.5270590785950036e-14,3.6963663405649,1.8634191726642292e-14,300000000000000.0,50,52000000000000.0
565000.0,12581644000000.0,9.8739809e+31,4.284571621251753,2.1485556106813657e-14,0.0006990381363140696,3.029639456350179,1.5192626105000384e-14,3.696967691921655,1.853905403128409e-14,300000000000000.0,50,52000000000000.0
566000.0,12551349000000.0,9.8195092e+31,4.285268548302767,2.1375297733251778e-14,0.0006989242247712725,3.030132259613239,1.5114661424050733e-14,3.69756904327841,1.8443916335925884e-14,300000000000000.0,50,52000000000000.0
567000.0,12521392000000.0,9.7682487e+31,4.28596547535378,2.12650393596899e-14,0.0006988103132284755,3.0306250628762994,1.5036696743101078e-14,3.698170394635165,1.834877864056768e-14,300000000000000.0,50,52000000000000.0
568000.0,12491625000000.0,9.7193476e+31,4.286662402404795,2.1154780986128017e-14,0.0006986964016856785,3.0311178661393594,1.4958732062151427e-14,3.69877174599192,1.825364094520948e-14,300000000000000.0,50,52000000000000.0
569000.0,12461864000000.0,9.6728738e+31,4.287344515815707,2.104636544022735e-14,0.0006985850620310344,3.0316001945451645,1.4882070461725117e-14,3.699360315230332,1.816009335548231e-14,300000000000000.0,50,52000000000000.0
570000.0,12431906000000.0,9.6290331e+31,4.288009803892761,2.0940042978162016e-14,0.0006984766435272027,3.032070625607088,1.4806888900282895e-14,3.6999343665374966,1.806835180788423e-14,300000000000000.0,50,52000000000000.0
571000.0,12401534000000.0,9.5881121e+31,4.288675091969815,2.0833720516096682e-14,0.000698368225023371,3.032541056669012,1.4731707338840674e-14,3.7005084178446617,1.7976610260286152e-14,300000000000000.0,50,52000000000000.0
572000.0,12370556000000.0,9.549267e+31,4.289340380046871,2.0727398054031348e-14,0.0006982598065195392,3.0330114877309353,1.4656525777398455e-14,3.7010824691518263,1.7884868712688073e-14,300000000000000.0,50,52000000000000.0
573000.0,12338967000000.0,9.5093998e+31,4.290005668123925,2.0621075591966014e-14,0.0006981513880157075,3.0334819187928592,1.4581344215956233e-14,3.701656520458991,1.7793127165089997e-14,300000000000000.0,50,52000000000000.0
574000.0,12307086000000.0,9.4622915e+31,4.290670956200979,2.051475312990068e-14,0.0006980429695118758,3.033952349854783,1.450616265451401e-14,3.702230571766156,1.7701385617491917e-14,300000000000000.0,50,52000000000000.0
575000.0,12275397000000.0,9.4062043e+31,4.2913362442780345,2.0408430667835345e-14,0.000697934551008044,3.0344227809167066,1.443098109307179e-14,3.7028046230733205,1.7609644069893838e-14,300000000000000.0,50,52000000000000.0
576000.0,12244242000000.0,9.3427053e+31,4.292001532355089,2.0302108205770014e-14,0.0006978261325042123,3.0348932119786305,1.4355799531629568e-14,3.7033786743804855,1.751790252229576e-14,300000000000000.0,50,52000000000000.0
577000.0,12213843000000.0,9.24003e+31,4.292666820432143,2.019578574370468e-14,0.0006977177140003806,3.0353636430405544,1.4280617970187346e-14,3.70395272568765,1.742616097469768e-14,300000000000000.0,50,52000000000000.0
578000.0,12183685000000.0,9.2092307e+31,4.293325256594757,2.0090699539265602e-14,0.0006976104775831101,3.0358292290526503,1.4206310577768726e-14,3.7045208647423844,1.7335486146354562e-14,300000000000000.0,50,52000000000000.0
579000.0,12153101000000.0,9.1837903e+31,4.2939595388789735,1.9989971301732424e-14,0.0006975074081727843,3.036277735641851,1.4135084743428379e-14,3.705068162347986,1.724857164038461e-14,300000000000000.0,50,52000000000000.0
580000.0,12121978000000.0,9.1607233e+31,4.294593821163189,1.988924306419925e-14,0.0006974043387624585,3.036726242231052,1.4063858909088031e-14,3.7056154599535875,1.716165713441466e-14,300000000000000.0,50,52000000000000.0
581000.0,12090584000000.0,9.1425222e+31,4.295228103447404,1.9788514826666076e-14,0.0006973012693521327,3.0371747488202527,1.3992633074747685e-14,3.706162757559189,1.707474262844471e-14,300000000000000.0,50,52000000000000.0
582000.0,12059216000000.0,9.1192851e+31,4.29586238573162,1.96877865891329e-14,0.000697198199941807,3.037623255409453,1.3921407240407337e-14,3.7067100551647907,1.698782812247476e-14,300000000000000.0,50,52000000000000.0
583000.0,12028383000000.0,9.091496e+31,4.296496668015836,1.9587058351599724e-14,0.0006970951305314812,3.038071761998654,1.385018140606699e-14,3.7072573527703923,1.690091361650481e-14,300000000000000.0,50,52000000000000.0
584000.0,11998485000000.0,9.0391534e+31,4.297130950300051,1.9486330114066547e-14,0.0006969920611211555,3.0385202685878547,1.3778955571726644e-14,3.707804650375994,1.6813999110534858e-14,300000000000000.0,50,52000000000000.0
585000.0,11969456000000.0,8.9950659e+31,4.297765232584267,1.9385601876533373e-14,0.0006968889917108297,3.0389687751770555,1.3707729737386296e-14,3.7083519479815954,1.6727084604564907e-14,300000000000000.0,50,52000000000000.0
586000.0,11941049000000.0,8.9477438e+31,4.298399514868483,1.9284873639000195e-14,0.0006967859223005039,3.0394172817662564,1.363650390304595e-14,3.708899245587197,1.6640170098594957e-14,300000000000000.0,50,52000000000000.0
587000.0,11913144000000.0,8.925638e+31,4.299033797152698,1.918414540146702e-14,0.0006966828528901781,3.0398657883554567,1.3565278068705603e-14,3.7094465431927985,1.6553255592625006e-14,300000000000000.0,50,52000000000000.0
588000.0,11885632000000.0,8.8756214e+31,4.299643500317949,1.9094794887432167e-14,0.0006965840017796538,3.040296914830616,1.3502097524013248e-14,3.7099726324259095,1.647615848481691e-14,300000000000000.0,50,52000000000000.0
589000.0,11858353000000.0,8.8373903e+31,4.300247930421709,1.9007885284145172e-14,0.0006964860556386803,3.0407243126770056,1.3440642969056393e-14,3.710494171737908,1.6401167544617202e-14,300000000000000.0,50,52000000000000.0
590000.0,11831407000000.0,8.812764e+31,4.300852360525468,1.892097568085818e-14,0.0006963881094977066,3.0411517105233954,1.3379188414099538e-14,3.7110157110499067,1.6326176604417494e-14,300000000000000.0,50,52000000000000.0
591000.0,11804655000000.0,8.7550829e+31,4.301456790629228,1.8834066077571186e-14,0.0006962901633567331,3.041579108369785,1.3317733859142683e-14,3.7115372503619053,1.6251185664217785e-14,300000000000000.0,50,52000000000000.0
592000.0,11778120000000.0,8.7207693e+31,4.302061220732987,1.8747156474284194e-14,0.0006961922172157596,3.0420065062161754,1.3256279304185828e-14,3.712058789673904,1.6176194724018076e-14,300000000000000.0,50,52000000000000.0
593000.0,11751725000000.0,8.6968256e+31,4.3026656508367465,1.86602468709972e-14,0.000696094271074786,3.042433904062565,1.3194824749228973e-14,3.712580328985903,1.6101203783818368e-14,300000000000000.0,50,52000000000000.0
594000.0,11725518000000.0,8.6435113e+31,4.303270080940505,1.857333726771021e-14,0.0006959963249338124,3.042861301908955,1.3133370194272116e-14,3.7131018682979016,1.602621284361866e-14,300000000000000.0,50,52000000000000.0
595000.0,11699561000000.0,8.6151895e+31,4.303874511044265,1.8486427664423214e-14,0.0006958983787928389,3.0432886997553448,1.3071915639315261e-14,3.7136234076099,1.5951221903418947e-14,300000000000000.0,50,52000000000000.0
596000.0,11673861000000.0,8.5951054e+31,4.304478941148024,1.8399518061136222e-14,0.0006958004326518653,3.0437160976017346,1.3010461084358406e-14,3.714144946921899,1.5876230963219238e-14,300000000000000.0,50,52000000000000.0
597000.0,11648464000000.0,8.5420913e+31,4.305076228394959,1.8315558844944125e-14,0.0006957037125654702,3.044138444670412,1.2951092774409256e-14,3.7146603229386024,1.5803785798100407e-14,300000000000000.0,50,52000000000000.0
598000.0,11623410000000.0,8.5144922e+31,4.305654482720776,1.8239461256979738e-14,0.0006956102594352312,3.0445473333909603,1.2897283491840227e-14,3.715159276182732,1.573812412836489e-14,300000000000000.0,50,52000000000000.0
599000.0,11598675000000.0,8.4937534e+31,4.306232737046594,1.816336366901535e-14,0.0006955168063049921,3.044956222111509,1.28434742092712e-14,3.715658229426862,1.567246245862937e-14,300000000000000.0,50,52000000000000.0
600000.0,11574288000000.0,8.4352125e+31,4.306810991372411,1.8087266081050963e-14,0.0006954233531747531,3.0453651108320576,1.278966492670217e-14,3.7161571826709916,1.5606800788893852e-14,300000000000000.0,50,52000000000000.0
601000.0,11550277000000.0,8.4059538e+31,4.3073892456982295,1.8011168493086576e-14,0.0006953299000445141,3.045773999552606,1.2735855644133143e-14,3.7166561359151213,1.5541139119158335e-14,300000000000000.0,50,52000000000000.0
602000.0,11526559000000.0,8.3735298e+31,4.307967500024047,1.7935070905122192e-14,0.0006952364469142751,3.046182888273155,1.2682046361564114e-14,3.717155089159251,1.5475477449422818e-14,300000000000000.0,50,52000000000000.0
603000.0,11503143000000.0,8.3731402e+31,4.308545754349865,1.7858973317157805e-14,0.0006951429937840361,3.0465917769937034,1.2628237078995087e-14,3.717654042403381,1.5409815779687298e-14,300000000000000.0,50,52000000000000.0
604000.0,11480165000000.0,8.2996063e+31,4.309124008675682,1.7782875729193417e-14,0.000695049540653797,3.0470006657142523,1.2574427796426058e-14,3.7181529956475106,1.534415410995178e-14,300000000000000.0,50,52000000000000.0
605000.0,11457664000000.0,8.2531766e+31,4.3097022630015,1.770677814122903e-14,0.000694956087523558,3.0474095544348008,1.252061851385703e-14,3.7186519488916403,1.5278492440216264e-14,300000000000000.0,50,52000000000000.0
606000.0,11435411000000.0,8.2083128e+31,4.3102805173273175,1.7630680553264643e-14,0.000694862634393319,3.047818443155349,1.2466809231288001e-14,3.71915090213577,1.5212830770480747e-14,300000000000000.0,50,52000000000000.0
607000.0,11412939000000.0,8.1624155e+31,4.310845563591291,1.755600231622961e-14,0.0006947714482905452,3.048217992337668,1.2414003584858054e-14,3.7196384586534346,1.5148393804397154e-14,300000000000000.0,50,52000000000000.0
608000.0,11390117000000.0,8.1177136e+31,4.311400525759049,1.748240772579634e-14,0.0006946819930187856,3.048610410965692,1.2361964194939462e-14,3.7201173139939274,1.5084891875535947e-14,300000000000000.0,50,52000000000000.0
609000.0,11366985000000.0,8.1038066e+31,4.311955487926807,1.740881313536307e-14,0.0006945925377470261,3.0490028295937166,1.230992480502087e-14,3.72059616933442,1.502138994667474e-14,300000000000000.0,50,52000000000000.0
610000.0,11343683000000.0,8.0582486e+31,4.312510450094566,1.7335218544929798e-14,0.0006945030824752666,3.0493952482217406,1.2257885415102278e-14,3.7210750246749127,1.4957888017813532e-14,300000000000000.0,50,52000000000000.0
611000.0,11320289000000.0,8.0174983e+31,4.313065412262324,1.7261623954496526e-14,0.0006944136272035071,3.049787666849765,1.2205846025183686e-14,3.721553880015405,1.4894386088952324e-14,300000000000000.0,50,52000000000000.0
612000.0,11296815000000.0,7.9797787e+31,4.313620374430082,1.7188029364063254e-14,0.0006943241719317476,3.050180085477789,1.2153806635265093e-14,3.722032735355898,1.4830884160091117e-14,300000000000000.0,50,52000000000000.0
613000.0,11273262000000.0,7.9458741e+31,4.31417533659784,1.7114434773629985e-14,0.000694234716659988,3.0505725041058134,1.21017672453465e-14,3.7225115906963904,1.476738223122991e-14,300000000000000.0,50,52000000000000.0
614000.0,11249589000000.0,7.9154012e+31,4.314730298765599,1.7040840183196713e-14,0.0006941452613882285,3.0509649227338373,1.2049727855427909e-14,3.7229904460368832,1.4703880302368702e-14,300000000000000.0,50,52000000000000.0
615000.0,11225758000000.0,7.8884289e+31,4.315285260933357,1.696724559276344e-14,0.000694055806116469,3.0513573413618618,1.1997688465509317e-14,3.7234693013773756,1.4640378373507494e-14,300000000000000.0,50,52000000000000.0
616000.0,11201776000000.0,7.8638685e+31,4.315840223101115,1.6893651002330172e-14,0.0006939663508447095,3.0517497599898857,1.1945649075590725e-14,3.7239481567178685,1.4576876444646287e-14,300000000000000.0,50,52000000000000.0
617000.0,11177734000000.0,7.8397203e+31,4.316379083323529,1.6824498866604365e-14,0.0006938796440921077,3.0521307927890424,1.1896750985139542e-14,3.724413118311799,1.451720773857456e-14,300000000000000.0,50,52000000000000.0
618000.0,11153761000000.0,7.8139171e+31,4.316911153069612,1.6757220192928712e-14,0.0006937940964388496,3.0525070239819483,1.1849177636464669e-14,3.7248722206660454,1.445915557063293e-14,300000000000000.0,50,52000000000000.0
619000.0,11130021000000.0,7.7796801e+31,4.317443222815696,1.668994151925306e-14,0.0006937085487855915,3.0528832551748537,1.1801604287789797e-14,3.7253313230202916,1.44011034026913e-14,300000000000000.0,50,52000000000000.0
620000.0,11106681000000.0,7.7446084e+31,4.31797529256178,1.6622662845577404e-14,0.0006936230011323335,3.0532594863677596,1.1754030939114925e-14,3.7257904253745378,1.434305123474967e-14,300000000000000.0,50,52000000000000.0
621000.0,11083886000000.0,7.7138225e+31,4.318507362307863,1.6555384171901752e-14,0.0006935374534790754,3.0536357175606654,1.1706457590440054e-14,3.726249527728784,1.4284999066808043e-14,300000000000000.0,50,52000000000000.0
622000.0,11061771000000.0,7.6881111e+31,4.319039432053947,1.64881054982261e-14,0.0006934519058258172,3.0540119487535713,1.1658884241765182e-14,3.72670863008303,1.4226946898866417e-14,300000000000000.0,50,52000000000000.0
623000.0,11040475000000.0,7.6570583e+31,4.319571501800031,1.6420826824550444e-14,0.0006933663581725592,3.0543881799464767,1.1611310893090309e-14,3.7271677324372763,1.4168894730924788e-14,300000000000000.0,50,52000000000000.0
624000.0,11020101000000.0,7.6397485e+31,4.320103571546114,1.635354815087479e-14,0.0006932808105193011,3.0547644111393826,1.1563737544415437e-14,3.7276268347915225,1.4110842562983159e-14,300000000000000.0,50,52000000000000.0
625000.0,11000519000000.0,7.6119178e+31,4.320635641292198,1.6286269477199136e-14,0.000693195262866043,3.0551406423322884,1.1516164195740565e-14,3.7280859371457686,1.4052790395041531e-14,300000000000000.0,50,52000000000000.0
626000.0,10981451000000.0,7.5902299e+31,4.321167711038282,1.6218990803523483e-14,0.000693109715212785,3.055516873525194,1.1468590847065693e-14,3.728545039500015,1.3994738227099902e-14,300000000000000.0,50,52000000000000.0
627000.0,10962582000000.0,7.5668243e+31,4.3216853342732575,1.615936632791075e-14,0.0006930266280149942,3.0558828894615777,1.1426429849655961e-14,3.728991676518023,1.3943290570576157e-14,300000000000000.0,50,52000000000000.0
628000.0,10943580000000.0,7.5433133e+31,4.322196135842024,1.6103356177161714e-14,0.0006929447026483056,3.056244081737098,1.1386824573379633e-14,3.7294324273838404,1.3894961575162826e-14,300000000000000.0,50,52000000000000.0
629000.0,10924559000000.0,7.5203305e+31,4.322706937410789,1.604734602641268e-14,0.000692862777281617,3.0566052740126177,1.1347219297103307e-14,3.7298731782496577,1.3846632579749497e-14,300000000000000.0,50,52000000000000.0
630000.0,10905720000000.0,7.4958522e+31,4.3232177389795545,1.5991335875663643e-14,0.0006927808519149284,3.056966466288138,1.1307614020826979e-14,3.7303139291154745,1.3798303584336166e-14,300000000000000.0,50,52000000000000.0
631000.0,10887382000000.0,7.4703695e+31,4.323728540548321,1.5935325724914608e-14,0.0006926989265482398,3.057327658563658,1.126800874455065e-14,3.730754679981292,1.3749974588922835e-14,300000000000000.0,50,52000000000000.0
632000.0,10869209000000.0,7.4434296e+31,4.324239342117086,1.5879315574165573e-14,0.0006926170011815512,3.0576888508391784,1.1228403468274324e-14,3.731195430847109,1.3701645593509505e-14,300000000000000.0,50,52000000000000.0
633000.0,10850843000000.0,7.410099e+31,4.324750143685852,1.5823305423416538e-14,0.0006925350758148626,3.058050043114698,1.1188798191997996e-14,3.7316361817129264,1.3653316598096174e-14,300000000000000.0,50,52000000000000.0
634000.0,10832333000000.0,7.3744944e+31,4.325260945254618,1.5767295272667503e-14,0.000692453150448174,3.0584112353902184,1.114919291572167e-14,3.7320769325787437,1.3604987602682843e-14,300000000000000.0,50,52000000000000.0
635000.0,10813955000000.0,7.3378863e+31,4.325771746823384,1.5711285121918468e-14,0.0006923712250814855,3.0587724276657386,1.1109587639445342e-14,3.732517683444561,1.3556658607269514e-14,300000000000000.0,50,52000000000000.0
636000.0,10795938000000.0,7.3033493e+31,4.326282548392149,1.5655274971169433e-14,0.0006922892997147968,3.059133619941259,1.1069982363169014e-14,3.7329584343103783,1.3508329611856183e-14,300000000000000.0,50,52000000000000.0
637000.0,10778025000000.0,7.2709546e+31,4.32678449528256,1.5601911896863733e-14,0.0006922088880722377,3.0594885509948764,1.1032248858239342e-14,3.7333915448162975,1.34622846764808e-14,300000000000000.0,50,52000000000000.0
638000.0,10760526000000.0,7.2411464e+31,4.327277302897579,1.555128097833194e-14,0.0006921300388062132,3.0598370195854945,1.0996447285009295e-14,3.733816769394532,1.341859721281212e-14,300000000000000.0,50,52000000000000.0
639000.0,10743392000000.0,7.2092733e+31,4.327770110512597,1.5500650059800153e-14,0.0006920511895401887,3.0601854881761126,1.0960645711779246e-14,3.7342419939727662,1.337490974914344e-14,300000000000000.0,50,52000000000000.0
640000.0,10726389000000.0,7.1761844e+31,4.328262918127616,1.5450019141268362e-14,0.0006919723402741643,3.0605339567667307,1.0924844138549198e-14,3.7346672185510004,1.3331222285474757e-14,300000000000000.0,50,52000000000000.0
641000.0,10709441000000.0,7.1439341e+31,4.328755725742635,1.539938822273657e-14,0.0006918934910081398,3.060882425357349,1.0889042565319149e-14,3.7350924431292345,1.3287534821806076e-14,300000000000000.0,50,52000000000000.0
642000.0,10692576000000.0,7.1114461e+31,4.329248533357654,1.5348757304204782e-14,0.0006918146417421153,3.061230893947967,1.08532409920891e-14,3.735517667707469,1.3243847358137396e-14,300000000000000.0,50,52000000000000.0
643000.0,10675677000000.0,7.0780373e+31,4.3297413409726735,1.529812638567299e-14,0.0006917357924760909,3.061579362538585,1.0817439418859052e-14,3.735942892285703,1.3200159894468715e-14,300000000000000.0,50,52000000000000.0
644000.0,10658685000000.0,7.0439083e+31,4.330234148587692,1.5247495467141202e-14,0.0006916569432100664,3.061927831129203,1.0781637845629003e-14,3.7363681168639373,1.3156472430800034e-14,300000000000000.0,50,52000000000000.0
645000.0,10642061000000.0,7.0059472e+31,4.330726956202711,1.519686454860941e-14,0.0006915780939440419,3.062276299719821,1.0745836272398955e-14,3.7367933414421715,1.3112784967131354e-14,300000000000000.0,50,52000000000000.0
646000.0,10625209000000.0,6.9669386e+31,4.33121976381773,1.514623363007762e-14,0.0006914992446780174,3.062624768310439,1.0710034699168908e-14,3.737218566020406,1.3069097503462673e-14,300000000000000.0,50,52000000000000.0
647000.0,10608277000000.0,6.929929e+31,4.331710269845254,1.5095224302110236e-14,0.000691420788660417,3.06297160942805,1.0673965549400531e-14,3.737641804647704,1.3025083525085109e-14,300000000000000.0,50,52000000000000.0
648000.0,10591407000000.0,6.8886064e+31,4.33218654708658,1.504187558580023e-14,0.0006913447637681864,3.0633083892442694,1.0636242198188849e-14,3.7380527658050657,1.2979050979959977e-14,300000000000000.0,50,52000000000000.0
649000.0,10574346000000.0,6.8478555e+31,4.332662824327905,1.4988526869490222e-14,0.0006912687388759558,3.063645169060489,1.0598518846977166e-14,3.738463726962428,1.2933018434834846e-14,300000000000000.0,50,52000000000000.0
650000.0,10557095000000.0,6.8088557e+31,4.33313910156923,1.4935178153180213e-14,0.0006911927139837252,3.0639819488767084,1.0560795495765481e-14,3.73887468811979,1.2886985889709714e-14,300000000000000.0,50,52000000000000.0
651000.0,10539586000000.0,6.7700711e+31,4.333615378810555,1.4881829436870205e-14,0.0006911166890914947,3.064318728692928,1.0523072144553799e-14,3.739285649277152,1.2840953344584583e-14,300000000000000.0,50,52000000000000.0
652000.0,10521632000000.0,6.7311713e+31,4.334091656051881,1.48284807205602e-14,0.000691040664199264,3.0646555085091474,1.0485348793342116e-14,3.739696610434514,1.2794920799459451e-14,300000000000000.0,50,52000000000000.0
653000.0,10503137000000.0,6.6927417e+31,4.334567933293206,1.477513200425019e-14,0.0006909646393070335,3.064992288325367,1.0447625442130431e-14,3.7401075715918757,1.274888825433432e-14,300000000000000.0,50,52000000000000.0
654000.0,10484154000000.0,6.6519327e+31,4.335044210534532,1.4721783287940182e-14,0.0006908886144148029,3.0653290681415863,1.0409902090918749e-14,3.740518532749238,1.2702855709209188e-14,300000000000000.0,50,52000000000000.0
655000.0,10464795000000.0,6.6089895e+31,4.335520487775857,1.4668434571630173e-14,0.0006908125895225722,3.065665847957806,1.0372178739707066e-14,3.7409294939065996,1.2656823164084057e-14,300000000000000.0,50,52000000000000.0
656000.0,10445149000000.0,6.5669618e+31,4.335996765017182,1.4615085855320168e-14,0.0006907365646303417,3.066002627774025,1.0334455388495381e-14,3.7413404550639617,1.2610790618958925e-14,300000000000000.0,50,52000000000000.0
657000.0,10425276000000.0,6.52481e+31,4.336473042258508,1.456173713901016e-14,0.000690660539738111,3.0663394075902444,1.0296732037283699e-14,3.7417514162213235,1.2564758073833794e-14,300000000000000.0,50,52000000000000.0
658000.0,10405220000000.0,6.4814515e+31,4.336938380534575,1.450458816220556e-14,0.0006905863654996378,3.0666684523669567,1.0256321488983679e-14,3.742152938568407,1.2515446431888649e-14,300000000000000.0,50,52000000000000.0
659000.0,10385025000000.0,6.4343595e+31,4.337396956774109,1.4445090014369122e-14,0.0006905133352622673,3.0669927156475674,1.021424982151413e-14,3.74254862621555,1.2464107781723639e-14,300000000000000.0,50,52000000000000.0
660000.0,10364818000000.0,6.3454637e+31,4.337855533013642,1.4385591866532684e-14,0.0006904403050248967,3.0673169789281776,1.0172178154044583e-14,3.7429443138626928,1.2412769131558628e-14,300000000000000.0,50,52000000000000.0
661000.0,10345607000000.0,6.3416459e+31,4.338314109253176,1.4326093718696243e-14,0.0006903672747875262,3.067641242208788,1.0130106486575036e-14,3.7433400015098353,1.2361430481393618e-14,300000000000000.0,50,52000000000000.0
662000.0,10325115000000.0,6.283942e+31,4.338772685492709,1.4266595570859806e-14,0.0006902942445501557,3.067965505489399,1.0088034819105488e-14,3.743735689156978,1.2310091831228608e-14,300000000000000.0,50,52000000000000.0
663000.0,10305737000000.0,6.4250191e+31,4.339231261732243,1.4207097423023368e-14,0.0006902212143127852,3.0682897687700095,1.0045963151635941e-14,3.744131376804121,1.2258753181063596e-14,300000000000000.0,50,52000000000000.0
664000.0,10285388000000.0,6.2713064e+31,4.339689837971776,1.4147599275186929e-14,0.0006901481840754147,3.0686140320506197,1.0003891484166392e-14,3.744527064451264,1.2207414530898586e-14,300000000000000.0,50,52000000000000.0
665000.0,10263874000000.0,6.3327464e+31,4.340148414211311,1.4088101127350492e-14,0.0006900751538380441,3.0689382953312303,9.961819816696845e-15,3.744922752098407,1.2156075880733574e-14,300000000000000.0,50,52000000000000.0
666000.0,10241216000000.0,6.2827679e+31,4.340606990450844,1.4028602979514052e-14,0.0006900021236006736,3.069262558611841,9.919748149227298e-15,3.74531843974555,1.2104737230568564e-14,300000000000000.0,50,52000000000000.0
667000.0,10218035000000.0,6.2626787e+31,4.341065566690378,1.3969104831677615e-14,0.0006899290933633031,3.069586821892451,9.87767648175775e-15,3.7457141273926924,1.2053398580403554e-14,300000000000000.0,50,52000000000000.0
668000.0,10194670000000.0,6.2318546e+31,4.341524142929911,1.3909606683841176e-14,0.0006898560631259326,3.0699110851730618,9.835604814288204e-15,3.7461098150398353,1.2002059930238543e-14,300000000000000.0,50,52000000000000.0
669000.0,10171425000000.0,6.2006493e+31,4.341964149181268,1.3850703827318853e-14,0.0006897861362452278,3.0702222174505085,9.793954083199662e-15,3.746489479362535,1.1951234934679822e-14,300000000000000.0,50,52000000000000.0
670000.0,10148713000000.0,6.1732836e+31,4.342402662954249,1.3791848814629565e-14,0.0006897164587827065,3.0705322943832725,9.75233718295907e-15,3.746867855883378,1.1900451221774886e-14,300000000000000.0,50,52000000000000.0
671000.0,10126683000000.0,6.1529421e+31,4.34284117672723,1.3732993801940277e-14,0.0006896467813201852,3.0708423713160364,9.710720282718475e-15,3.747246232404221,1.184966750886995e-14,300000000000000.0,50,52000000000000.0
672000.0,10105792000000.0,6.1297217e+31,4.343279690500211,1.367413878925099e-14,0.0006895771038576639,3.0711524482488004,9.669103382477882e-15,3.7476246089250638,1.1798883795965014e-14,300000000000000.0,50,52000000000000.0
673000.0,10085652000000.0,6.0986631e+31,4.343718204273191,1.3615283776561702e-14,0.0006895074263951426,3.071462525181565,9.627486482237287e-15,3.748002985445907,1.1748100083060078e-14,300000000000000.0,50,52000000000000.0
674000.0,10064871000000.0,6.0663996e+31,4.344156718046173,1.3556428763872416e-14,0.0006894377489326213,3.071772602114329,9.585869581996694e-15,3.74838136196675,1.1697316370155143e-14,300000000000000.0,50,52000000000000.0
675000.0,10043112000000.0,6.0335754e+31,4.344595231819153,1.3497573751183128e-14,0.0006893680714701,3.0720826790470928,9.5442526817561e-15,3.748759738487593,1.1646532657250205e-14,300000000000000.0,50,52000000000000.0
676000.0,10021245000000.0,6.0016634e+31,4.345033745592134,1.3438718738493841e-14,0.0006892983940075787,3.0723927559798567,9.502635781515507e-15,3.749138115008436,1.159574894434527e-14,300000000000000.0,50,52000000000000.0
677000.0,10000168000000.0,5.9694908e+31,4.345472259365115,1.3379863725804553e-14,0.0006892287165450574,3.0727028329126207,9.461018881274912e-15,3.749516491529279,1.1544965231440333e-14,300000000000000.0,50,52000000000000.0
678000.0,9980243300000.0,5.9181405e+31,4.345910773138096,1.3321008713115267e-14,0.0006891590390825361,3.0730129098453847,9.41940198103432e-15,3.7498948680501223,1.1494181518535398e-14,300000000000000.0,50,52000000000000.0
679000.0,9960045600000.0,5.7987135e+31,4.346348090547476,1.3262583723801781e-14,0.0006890895603615623,3.073322140818861,9.378089154130293e-15,3.7502722122751107,1.1443768856163725e-14,300000000000000.0,50,52000000000000.0
680000.0,9939714600000.0,5.7713272e+31,4.346766435925201,1.321097808029123e-14,0.0006890232333002757,3.073617956500884,9.341598347023773e-15,3.7506331862681557,1.1399240343443154e-14,300000000000000.0,50,52000000000000.0
681000.0,9919376100000.0,5.8479709e+31,4.347184781302928,1.3159372436780681e-14,0.000688956906238989,3.0739137721829066,9.305107539917254e-15,3.7509941602612007,1.1354711830722583e-14,300000000000000.0,50,52000000000000.0
682000.0,9900101700000.0,5.8284363e+31,4.347603126680653,1.310776679327013e-14,0.0006888905791777024,3.0742095878649294,9.268616732810733e-15,3.7513551342542457,1.131018331800201e-14,300000000000000.0,50,52000000000000.0
683000.0,9880912300000.0,5.4769621e+31,4.348021472058379,1.3056161149759579e-14,0.0006888242521164157,3.074505403546952,9.232125925704213e-15,3.7517161082472903,1.126565480528144e-14,300000000000000.0,50,52000000000000.0
684000.0,9861737800000.0,5.6557307e+31,4.3484398174361045,1.300455550624903e-14,0.0006887579250551291,3.074801219228975,9.195635118597694e-15,3.7520770822403353,1.1221126292560869e-14,300000000000000.0,50,52000000000000.0
685000.0,9843377100000.0,5.7501612e+31,4.348858162813831,1.2952949862738479e-14,0.0006886915979938424,3.0750970349109976,9.159144311491174e-15,3.7524380562333803,1.1176597779840297e-14,300000000000000.0,50,52000000000000.0
686000.0,9824319600000.0,5.6900743e+31,4.349276508191556,1.2901344219227928e-14,0.0006886252709325558,3.075392850593021,9.122653504384655e-15,3.7527990302264254,1.1132069267119726e-14,300000000000000.0,50,52000000000000.0
687000.0,9805596000000.0,5.7095953e+31,4.349694853569282,1.2849738575717378e-14,0.0006885589438712692,3.0756886662750436,9.086162697278134e-15,3.7531600042194704,1.1087540754399155e-14,300000000000000.0,50,52000000000000.0
688000.0,9786952100000.0,5.6470708e+31,4.350113198947008,1.2798132932206827e-14,0.0006884926168099825,3.0759844819570663,9.049671890171614e-15,3.7535209782125154,1.1043012241678582e-14,300000000000000.0,50,52000000000000.0
689000.0,9768579500000.0,5.647784e+31,4.350531544324734,1.2746527288696276e-14,0.0006884262897486959,3.076280297639089,9.013181083065095e-15,3.7538819522055604,1.0998483728958011e-14,300000000000000.0,50,52000000000000.0
690000.0,9749802900000.0,5.6429118e+31,4.350949596980005,1.2694971253621498e-14,0.0006883600112930423,3.0765759063344738,8.976725354527462e-15,3.7542426736197267,1.095399802144308e-14,300000000000000.0,50,52000000000000.0
691000.0,9731113200000.0,5.6457542e+31,4.351349970536445,1.264641134140479e-14,0.0006882966683955473,3.0768590139826606,8.942388211275481e-15,3.7545881404236683,1.0912097552770496e-14,300000000000000.0,50,52000000000000.0
692000.0,9712383800000.0,5.5899363e+31,4.351750344092886,1.2597851429188084e-14,0.0006882333254980522,3.077142121630847,8.908051068023502e-15,3.75493360722761,1.0870197084097911e-14,300000000000000.0,50,52000000000000.0
693000.0,9693842200000.0,5.56471e+31,4.352150717649326,1.2549291516971376e-14,0.0006881699826005571,3.0774252292790334,8.873713924771521e-15,3.7552790740315514,1.0828296615425328e-14,300000000000000.0,50,52000000000000.0
694000.0,9675481100000.0,5.5640609e+31,4.3525510912057666,1.250073160475467e-14,0.0006881066397030621,3.07770833692722,8.839376781519542e-15,3.755624540835493,1.0786396146752743e-14,300000000000000.0,50,52000000000000.0
695000.0,9657113400000.0,5.5542948e+31,4.352951464762207,1.2452171692537961e-14,0.000688043296805567,3.0779914445754066,8.805039638267561e-15,3.755970007639435,1.0744495678080159e-14,300000000000000.0,50,52000000000000.0
696000.0,9638835300000.0,5.5355526e+31,4.353351838318647,1.2403611780321255e-14,0.000687979953908072,3.078274552223593,8.770702495015582e-15,3.7563154744433764,1.0702595209407574e-14,300000000000000.0,50,52000000000000.0
697000.0,9620369600000.0,5.4907982e+31,4.353752211875088,1.2355051868104547e-14,0.000687916611010577,3.0785576598717794,8.736365351763602e-15,3.756660941247318,1.066069474073499e-14,300000000000000.0,50,52000000000000.0
698000.0,9601916100000.0,5.461179e+31,4.354152585431528,1.230649195588784e-14,0.0006878532681130819,3.078840767519966,8.702028208511622e-15,3.7570064080512595,1.0618794272062407e-14,300000000000000.0,50,52000000000000.0
699000.0,9583737700000.0,5.4499135e+31,4.354552958987969,1.2257932043671133e-14,0.0006877899252155868,3.0791238751681527,8.667691065259642e-15,3.7573518748552015,1.0576893803389822e-14,300000000000000.0,50,52000000000000.0
700000.0,9565722200000.0,5.4378034e+31,4.354953332544409,1.2209372131454426e-14,0.0006877265823180918,3.079406982816339,8.633353922007663e-15,3.757697341659143,1.0534993334717237e-14,300000000000000.0,50,52000000000000.0
701000.0,9547330100000.0,5.4030037e+31,4.35535370610085,1.2160812219237718e-14,0.0006876632394205968,3.0796900904645255,8.599016778755682e-15,3.7580428084630846,1.0493092866044653e-14,300000000000000.0,50,52000000000000.0
702000.0,9528642900000.0,5.3661023e+31,4.355740439984772,1.2112958683984161e-14,0.0006876021537206845,3.0799635533796845,8.565179121265363e-15,3.758376506121553,1.0451801903161293e-14,300000000000000.0,50,52000000000000.0
703000.0,9510270500000.0,5.3500566e+31,4.356123627343912,1.2065288817612847e-14,0.0006875416549268841,3.0802345085158147,8.531471337760644e-15,3.7587071436210597,1.0410669421164014e-14,300000000000000.0,50,52000000000000.0
704000.0,9492221200000.0,5.344554e+31,4.356506814703052,1.2017618951241533e-14,0.0006874811561330837,3.080505463651945,8.497763554255925e-15,3.759037781120566,1.0369536939166736e-14,300000000000000.0,50,52000000000000.0
705000.0,9473809700000.0,5.3191271e+31,4.356890002062192,1.1969949084870219e-14,0.0006874206573392833,3.080776418788075,8.464055770751207e-15,3.759368418620073,1.0328404457169459e-14,300000000000000.0,50,52000000000000.0
706000.0,9455038000000.0,5.286208e+31,4.357273189421332,1.1922279218498904e-14,0.0006873601585454829,3.0810473739242052,8.43034798724649e-15,3.7596990561195796,1.0287271975172179e-14,300000000000000.0,50,52000000000000.0
707000.0,9436500500000.0,5.2678593e+31,4.357656376780471,1.187460935212759e-14,0.0006872996597516825,3.0813183290603354,8.39664020374177e-15,3.7600296936190865,1.0246139493174901e-14,300000000000000.0,50,52000000000000.0
708000.0,9418004300000.0,5.2671346e+31,4.358039564139611,1.1826939485756276e-14,0.0006872391609578822,3.0815892841964656,8.362932420237052e-15,3.7603603311185934,1.0205007011177624e-14,300000000000000.0,50,52000000000000.0
709000.0,9399388800000.0,5.2783544e+31,4.358422751498751,1.1779269619384962e-14,0.0006871786621640818,3.081860239332596,8.329224636732333e-15,3.7606909686181,1.0163874529180344e-14,300000000000000.0,50,52000000000000.0
710000.0,9380807400000.0,5.2437548e+31,4.358805938857891,1.1731599753013647e-14,0.0006871181633702814,3.082131194468726,8.295516853227614e-15,3.7610216061176067,1.0122742047183067e-14,300000000000000.0,50,52000000000000.0
711000.0,9361936700000.0,5.178465e+31,4.359189126217031,1.1683929886642333e-14,0.000687057664576481,3.082402149604856,8.261809069722897e-15,3.761352243617113,1.0081609565185789e-14,300000000000000.0,50,52000000000000.0
712000.0,9343251900000.0,5.1449212e+31,4.359572313576171,1.163626002027102e-14,0.0006869971657826806,3.0826731047409863,8.228101286218178e-15,3.76168288111662,1.004047708318851e-14,300000000000000.0,50,52000000000000.0
713000.0,9325178200000.0,5.1664186e+31,4.359948840604798,1.1588630294137099e-14,0.0006869377635497537,3.0829393502985907,8.1944218864262e-15,3.762007771674804,9.999379236888942e-15,300000000000000.0,50,52000000000000.0
714000.0,9306341800000.0,5.2801139e+31,4.360314882357851,1.1541063760280188e-14,0.0006868800876189857,3.0831981816252356,8.160787170760536e-15,3.7623236148946653,9.958335917137955e-15,300000000000000.0,50,52000000000000.0
715000.0,9286849500000.0,5.260105e+31,4.360680924110902,1.1493497226423278e-14,0.0006868224116882176,3.0834570129518806,8.127152455094875e-15,3.762639458114527,9.917292597386968e-15,300000000000000.0,50,52000000000000.0
716000.0,9267781500000.0,5.2359178e+31,4.361046965863954,1.1445930692566367e-14,0.0006867647357574496,3.0837158442785255,8.093517739429213e-15,3.7629553013343884,9.87624927763598e-15,300000000000000.0,50,52000000000000.0
717000.0,9248596000000.0,5.2342746e+31,4.361413007617006,1.1398364158709455e-14,0.0006867070598266816,3.0839746756051705,8.059883023763551e-15,3.76327114455425,9.835205957884992e-15,300000000000000.0,50,52000000000000.0
718000.0,9228476600000.0,5.1853931e+31,4.361779049370058,1.1350797624852546e-14,0.0006866493838959137,3.0842335069318154,8.02624830809789e-15,3.7635869877741115,9.794162638134005e-15,300000000000000.0,50,52000000000000.0
719000.0,9208461800000.0,5.0587728e+31,4.36214509112311,1.1303231090995634e-14,0.0006865917079651456,3.0844923382584604,7.992613592432227e-15,3.763902830993973,9.753119318383018e-15,300000000000000.0,50,52000000000000.0
720000.0,9189935200000.0,4.9082536e+31,4.362511132876162,1.1255664557138725e-14,0.0006865340320343776,3.0847511695851053,7.958978876766566e-15,3.7642186742138346,9.712075998632029e-15,300000000000000.0,50,52000000000000.0
721000.0,9171319100000.0,4.8525859e+31,4.362877174629213,1.1208098023281813e-14,0.0006864763561036096,3.0850100009117503,7.925344161100902e-15,3.764534517433696,9.671032678881042e-15,300000000000000.0,50,52000000000000.0
722000.0,9152712400000.0,4.8266511e+31,4.363243216382266,1.1160531489424902e-14,0.0006864186801728416,3.085268832238395,7.89170944543524e-15,3.7648503606535577,9.629989359130055e-15,300000000000000.0,50,52000000000000.0
723000.0,9134392500000.0,4.8177509e+31,4.363609258135318,1.1112964955567992e-14,0.0006863610042420735,3.08552766356504,7.858074729769579e-15,3.7651662038734193,9.588946039379066e-15,300000000000000.0,50,52000000000000.0
724000.0,9116331300000.0,4.8406677e+31,4.363975299888369,1.1065398421711081e-14,0.0006863033283113055,3.085786494891685,7.824440014103917e-15,3.765482047093281,9.547902719628079e-15,300000000000000.0,50,52000000000000.0
725000.0,9096382600000.0,4.7839723e+31,4.3643274711056455,1.1019923440801897e-14,0.0006862479231276974,3.086035518240134,7.792284254210284e-15,3.7657859219650454,9.508664120193677e-15,300000000000000.0,50,52000000000000.0
726000.0,9076067100000.0,4.8377028e+31,4.364676126148309,1.0974978667629064e-14,0.0006861930935774783,3.086282055270498,7.760503408943082e-15,3.766086762865923,9.469883016551979e-15,300000000000000.0,50,52000000000000.0
727000.0,9055361500000.0,4.9018158e+31,4.365024781190972,1.0930033894456232e-14,0.0006861382640272591,3.086528592300863,7.728722563675877e-15,3.7663876037668005,9.431101912910282e-15,300000000000000.0,50,52000000000000.0
728000.0,9035792300000.0,4.8971515e+31,4.365373436233637,1.0885089121283398e-14,0.0006860834344770399,3.0867751293312273,7.696941718408673e-15,3.766688444667678,9.392320809268586e-15,300000000000000.0,50,52000000000000.0
729000.0,9017729900000.0,4.8510932e+31,4.3657220912763,1.0840144348110566e-14,0.0006860286049268209,3.0870216663615917,7.665160873141469e-15,3.7669892855685556,9.353539705626887e-15,300000000000000.0,50,52000000000000.0
730000.0,9000722600000.0,4.8192699e+31,4.366070746318964,1.0795199574937733e-14,0.0006859737753766017,3.0872682033919565,7.633380027874266e-15,3.7672901264694327,9.31475860198519e-15,300000000000000.0,50,52000000000000.0
731000.0,8983994500000.0,4.7983413e+31,4.366419401361627,1.07502548017649e-14,0.0006859189458263826,3.087514740422321,7.601599182607062e-15,3.7675909673703103,9.275977498343492e-15,300000000000000.0,50,52000000000000.0
732000.0,8966348500000.0,4.7883067e+31,4.3667680564042906,1.0705310028592067e-14,0.0006858641162761634,3.0877612774526857,7.569818337339858e-15,3.767891808271188,9.237196394701796e-15,300000000000000.0,50,52000000000000.0
733000.0,8948012600000.0,4.7784357e+31,4.367116711446954,1.0660365255419234e-14,0.0006858092867259443,3.08800781448305,7.538037492072655e-15,3.7681926491720654,9.198415291060097e-15,300000000000000.0,50,52000000000000.0
734000.0,8929443100000.0,4.771016e+31,4.367465366489618,1.0615420482246402e-14,0.0006857544571757251,3.0882543515134144,7.50625664680545e-15,3.768493490072943,9.1596341874184e-15,300000000000000.0,50,52000000000000.0
735000.0,8911981300000.0,4.7662379e+31,4.367814021532282,1.0570475709073569e-14,0.0006856996276255059,3.0885008885437792,7.474475801538246e-15,3.7687943309738205,9.120853083776702e-15,300000000000000.0,50,52000000000000.0
736000.0,8895319800000.0,4.7416617e+31,4.3681623668302105,1.0525554510988402e-14,0.0006856448486069599,3.0887472065509116,7.442711626429955e-15,3.769094904607966,9.082092322173002e-15,300000000000000.0,50,52000000000000.0
737000.0,8878066700000.0,4.6915198e+31,4.36849432626968,1.0481880462593262e-14,0.0006855927427729785,3.0889819379730974,7.411829322210767e-15,3.7693813395196227,9.044407678153334e-15,300000000000000.0,50,52000000000000.0
738000.0,8859773100000.0,4.6490485e+31,4.368826285709149,1.0438206414198124e-14,0.0006855406369389971,3.0892166693952827,7.380947017991578e-15,3.7696677744312796,9.006723034133663e-15,300000000000000.0,50,52000000000000.0
739000.0,8840923800000.0,4.6044425e+31,4.3691582451486175,1.0394532365802986e-14,0.0006854885311050156,3.0894514008174685,7.350064713772389e-15,3.7699542093429366,8.969038390113995e-15,300000000000000.0,50,52000000000000.0
740000.0,8822256800000.0,4.570168e+31,4.369490204588087,1.0350858317407846e-14,0.0006854364252710342,3.089686132239654,7.3191824095532e-15,3.7702406442545935,8.931353746094325e-15,300000000000000.0,50,52000000000000.0
741000.0,8803804300000.0,4.5529233e+31,4.369822164027556,1.0307184269012707e-14,0.0006853843194370528,3.0899208636618396,7.288300105334012e-15,3.7705270791662504,8.893669102074656e-15,300000000000000.0,50,52000000000000.0
742000.0,8785476800000.0,4.5443706e+31,4.370154123467025,1.0263510220617569e-14,0.0006853322136030713,3.0901555950840254,7.257417801114823e-15,3.7708135140779073,8.855984458054986e-15,300000000000000.0,50,52000000000000.0
743000.0,8767228700000.0,4.5373635e+31,4.370486082906494,1.0219836172222429e-14,0.0006852801077690899,3.0903903265062107,7.226535496895634e-15,3.7710999489895647,8.818299814035318e-15,300000000000000.0,50,52000000000000.0
744000.0,8748949100000.0,4.5262775e+31,4.370818042345963,1.017616212382729e-14,0.0006852280019351085,3.0906250579283965,7.195653192676444e-15,3.7713863839012216,8.780615170015647e-15,300000000000000.0,50,52000000000000.0
745000.0,8730576500000.0,4.5093761e+31,4.371150001785432,1.0132488075432152e-14,0.000685175896101127,3.090859789350582,7.164770888457255e-15,3.7716728188128785,8.742930525995979e-15,300000000000000.0,50,52000000000000.0
746000.0,8712096100000.0,4.4882365e+31,4.371481961224902,1.0088814027037013e-14,0.0006851237902671456,3.0910945207727676,7.133888584238068e-15,3.7719592537245354,8.705245881976309e-15,300000000000000.0,50,52000000000000.0
747000.0,8693539600000.0,4.4676994e+31,4.37181392066437,1.0045139978641873e-14,0.0006850716844331642,3.0913292521949534,7.103006280018878e-15,3.7722456886361924,8.667561237956639e-15,300000000000000.0,50,52000000000000.0
748000.0,8674962400000.0,4.4482944e+31,4.372145092854062,1.0001543800099532e-14,0.0006850197064674152,3.0915634269458883,7.07217903827312e-15,3.7725314442605216,8.629943784833692e-15,300000000000000.0,50,52000000000000.0
749000.0,8656365000000.0,4.4287674e+31,4.37246056484779,9.959500587316093e-15,0.0006849702785897871,3.0917864999500004,7.042449912585979e-15,3.7728036527941264,8.59366632604963e-15,300000000000000.0,50,52000000000000.0
750000.0,8637774800000.0,4.4085026e+31,4.372776036841518,9.917457374532653e-15,0.000684920850712159,3.092009572954112,7.012720786898839e-15,3.7730758613277313,8.557388867265567e-15,300000000000000.0,50,52000000000000.0
751000.0,8619179000000.0,4.3890245e+31,4.373091508835247,9.875414161749212e-15,0.0006848714228345309,3.092232645958224,6.9829916612116974e-15,3.773348069861336,8.521111408481506e-15,300000000000000.0,50,52000000000000.0
752000.0,8600549100000.0,4.3699554e+31,4.3734069808289755,9.833370948965773e-15,0.0006848219949569028,3.092455718962336,6.953262535524556e-15,3.773620278394941,8.484833949697443e-15,300000000000000.0,50,52000000000000.0
753000.0,8581797700000.0,4.3511003e+31,4.373722452822704,9.791327736182334e-15,0.0006847725670792748,3.092678791966448,6.923533409837415e-15,3.7738924869285464,8.44855649091338e-15,300000000000000.0,50,52000000000000.0
754000.0,8562842800000.0,4.332553e+31,4.374037924816432,9.749284523398893e-15,0.0006847231392016467,3.09290186497056,6.893804284150274e-15,3.7741646954621513,8.412279032129319e-15,300000000000000.0,50,52000000000000.0
755000.0,8543775000000.0,4.31386e+31,4.374353396810161,9.707241310615454e-15,0.0006846737113240187,3.0931249379746717,6.8640751584631335e-15,3.774436903995756,8.376001573345256e-15,300000000000000.0,50,52000000000000.0
756000.0,8524937400000.0,4.2957877e+31,4.374668868803889,9.665198097832014e-15,0.0006846242834463906,3.0933480109787834,6.834346032775992e-15,3.774709112529361,8.339724114561194e-15,300000000000000.0,50,52000000000000.0
757000.0,8506594300000.0,4.2804313e+31,4.374984340797617,9.623154885048573e-15,0.0006845748555687625,3.0935710839828956,6.804616907088851e-15,3.774981321062966,8.303446655777132e-15,300000000000000.0,50,52000000000000.0
758000.0,8489056800000.0,4.2676815e+31,4.375299812791345,9.581111672265134e-15,0.0006845254276911344,3.0937941569870073,6.77488778140171e-15,3.7752535295965712,8.26716919699307e-15,300000000000000.0,50,52000000000000.0
759000.0,8472600500000.0,4.2573074e+31,4.375615284785074,9.539068459481695e-15,0.0006844759998135063,3.0940172299911195,6.745158655714569e-15,3.775525738130176,8.230891738209007e-15,300000000000000.0,50,52000000000000.0
760000.0,8456708400000.0,4.2476374e+31,4.375930756778803,9.497025246698254e-15,0.0006844265719358782,3.0942403029952312,6.715429530027428e-15,3.775797946663781,8.194614279424946e-15,300000000000000.0,50,52000000000000.0
761000.0,8440942000000.0,4.2381085e+31,4.376231998320633,9.459282935827194e-15,0.0006843794462521215,3.094453313521596,6.68874160999212e-15,3.776057876291992,8.162047902287325e-15,300000000000000.0,50,52000000000000.0
762000.0,8425245800000.0,4.229768e+31,4.376531340371421,9.422114712463389e-15,0.0006843326278668728,3.094664980901131,6.662459632293392e-15,3.7763161669230043,8.129976883019992e-15,300000000000000.0,50,52000000000000.0
763000.0,8409563500000.0,4.2249748e+31,4.3768306824222085,9.384946489099584e-15,0.0006842858094816241,3.0948766482806658,6.636177654594665e-15,3.776574457554016,8.097905863752658e-15,300000000000000.0,50,52000000000000.0
764000.0,8393815900000.0,4.2227898e+31,4.377130024472996,9.347778265735781e-15,0.0006842389910963753,3.095088315660201,6.609895676895938e-15,3.776832748185028,8.065834844485325e-15,300000000000000.0,50,52000000000000.0
814000.0,7552704200000.0,4.170445e+31,4.390792338458999,7.562664039675033e-15,0.0006821081967540153,3.1047490571813463,5.347625728121158e-15,3.7886214282779,6.525529000404164e-15,300000000000000.0,50,52000000000000.0
815000.0,7537911200000.0,4.118987e+31,4.391033859368685,7.532775230531064e-15,0.0006820706633359307,3.1049198387240464,5.3264910889502384e-15,3.7888298272882808,6.4997391063672975e-15,300000000000000.0,50,52000000000000.0
816000.0,7523025900000.0,4.0689968e+31,4.391275380278371,7.502886421387094e-15,0.0006820331299178461,3.1050906202667465,5.305356449779318e-15,3.7890382262986617,6.473949212330431e-15,300000000000000.0,50,52000000000000.0
817000.0,7508068900000.0,4.0208133e+31,4.391516901188057,7.472997612243125e-15,0.0006819955964997614,3.1052614018094467,5.284221810608398e-15,3.789246625309043,6.448159318293565e-15,300000000000000.0,50,52000000000000.0
818000.0,7493115800000.0,3.9742416e+31,4.391758422097743,7.443108803099155e-15,0.0006819580630816768,3.1054321833521468,5.263087171437478e-15,3.789455024319424,6.422369424256699e-15,300000000000000.0,50,52000000000000.0
819000.0,7478309800000.0,3.9300462e+31,4.391999943007429,7.413219993955185e-15,0.0006819205296635922,3.105602964894847,5.2419525322665586e-15,3.789663423329805,6.396579530219833e-15,300000000000000.0,50,52000000000000.0
820000.0,7463954200000.0,3.888941e+31,4.392241463917115,7.383331184811216e-15,0.0006818829962455076,3.105773746437547,5.220817893095638e-15,3.789871822340186,6.370789636182967e-15,300000000000000.0,50,52000000000000.0
821000.0,7450754400000.0,3.8543376e+31,4.392482984826801,7.353442375667246e-15,0.000681845462827423,3.105944527980247,5.199683253924718e-15,3.7900802213505673,6.3449997421461004e-15,300000000000000.0,50,52000000000000.0
822000.0,7438314100000.0,3.8269434e+31,4.392724505736488,7.323553566523277e-15,0.0006818079294093383,3.1061153095229472,5.178548614753798e-15,3.7902886203609483,6.319209848109235e-15,300000000000000.0,50,52000000000000.0
823000.0,7424398000000.0,3.8079918e+31,4.392966026646174,7.293664757379307e-15,0.0006817703959912537,3.1062860910656473,5.157413975582879e-15,3.790497019371329,6.293419954072369e-15,300000000000000.0,50,52000000000000.0
824000.0,7410750700000.0,3.7697138e+31,4.393207281155929,7.263808772592962e-15,0.0006817329050792472,3.1064566842346197,5.136302546806356e-15,3.7907051885155445,6.2676583829043106e-15,300000000000000.0,50,52000000000000.0
825000.0,7396828400000.0,3.8369176e+31,4.393436371795041,7.23545155411747e-15,0.0006816973550027219,3.1066186762239414,5.116250908980935e-15,3.7909028619276115,6.243190039225515e-15,300000000000000.0,50,52000000000000.0
826000.0,7379501500000.0,3.7693593e+31,4.393665462434153,7.207094335641977e-15,0.0006816618049261965,3.1067806682132635,5.0961992711555136e-15,3.7911005353396785,6.218721695546718e-15,300000000000000.0,50,52000000000000.0
827000.0,7361973900000.0,3.6287823e+31,4.393894553073264,7.178737117166485e-15,0.0006816262548496712,3.106942660202585,5.0761476333300926e-15,3.7912982087517455,6.194253351867923e-15,300000000000000.0,50,52000000000000.0
828000.0,7346711400000.0,3.5686566e+31,4.394123643712376,7.150379898690992e-15,0.0006815907047731457,3.107104652191907,5.056095995504671e-15,3.7914958821638125,6.169785008189127e-15,300000000000000.0,50,52000000000000.0
829000.0,7333215500000.0,3.575734e+31,4.394352734351488,7.1220226802155e-15,0.0006815551546966203,3.1072666441812284,5.036044357679249e-15,3.7916935555758795,6.1453166645103304e-15,300000000000000.0,50,52000000000000.0
830000.0,7319899100000.0,3.5793589e+31,4.394581824990599,7.093665461740007e-15,0.000681519604620095,3.10742863617055,5.015992719853828e-15,3.7918912289879465,6.120848320831535e-15,300000000000000.0,50,52000000000000.0
831000.0,7306730000000.0,3.553453e+31,4.394810915629711,7.065308243264515e-15,0.0006814840545435696,3.107590628159872,4.995941082028406e-15,3.7920889024000135,6.096379977152738e-15,300000000000000.0,50,52000000000000.0
832000.0,7293512400000.0,3.4492242e+31,4.395040006268823,7.036951024789022e-15,0.0006814485044670442,3.107752620149194,4.9758894442029844e-15,3.7922865758120805,6.0719116334739425e-15,300000000000000.0,50,52000000000000.0
833000.0,7279769000000.0,3.4125678e+31,4.395269096907934,7.00859380631353e-15,0.0006814129543905188,3.1079146121385155,4.9558378063775634e-15,3.7924842492241475,6.047443289795146e-15,300000000000000.0,50,52000000000000.0
834000.0,7265381600000.0,3.3491888e+31,4.395498187547045,6.980236587838037e-15,0.0006813774043139935,3.108076604127837,4.935786168552142e-15,3.7926819226362145,6.02297494611635e-15,300000000000000.0,50,52000000000000.0
835000.0,7251264300000.0,3.3815746e+31,4.395727278186158,6.951879369362544e-15,0.000681341854237468,3.108238596117159,4.91573453072672e-15,3.7928795960482815,5.998506602437554e-15,300000000000000.0,50,52000000000000.0
836000.0,7237544400000.0,3.4586409e+31,4.395956368825269,6.923522150887052e-15,0.0006813063041609426,3.1084005881064805,4.895682892901299e-15,3.7930772694603485,5.974038258758758e-15,300000000000000.0,50,52000000000000.0
837000.0,7222716700000.0,3.4662448e+31,4.39618545946438,6.895164932411559e-15,0.0006812707540844173,3.1085625800958026,4.875631255075877e-15,3.7932749428724155,5.949569915079962e-15,300000000000000.0,50,52000000000000.0
838000.0,7207964800000.0,3.508545e+31,4.39640712715793,6.8673778375011075e-15,0.000681236385038699,3.1087193232552317,4.855982756722127e-15,3.7934662113127366,5.925593509029568e-15,300000000000000.0,50,52000000000000.0
839000.0,7192643300000.0,3.4935316e+31,4.396624232670976,6.8399411434647965e-15,0.0006812027418605869,3.108872840456824,4.836582029960248e-15,3.7936535432244947,5.901919450374696e-15,300000000000000.0,50,52000000000000.0
840000.0,7178021000000.0,3.506672e+31,4.396841338184021,6.812504449428486e-15,0.0006811690986824745,3.1090263576584163,4.81718130319837e-15,3.7938408751362527,5.878245391719823e-15,300000000000000.0,50,52000000000000.0
841000.0,7163641900000.0,3.5120821e+31,4.397058443697066,6.785067755392175e-15,0.0006811354555043622,3.1091798748600086,4.7977805764364916e-15,3.7940282070480107,5.85457133306495e-15,300000000000000.0,50,52000000000000.0
842000.0,7148770100000.0,3.4959269e+31,4.397275549210112,6.757631061355864e-15,0.0006811018123262499,3.109333392061601,4.778379849674614e-15,3.7942155389597687,5.830897274410078e-15,300000000000000.0,50,52000000000000.0
843000.0,7133889000000.0,3.4968392e+31,4.397492654723156,6.730194367319553e-15,0.0006810681691481376,3.109486909263193,4.758979122912736e-15,3.7944028708715267,5.807223215755205e-15,300000000000000.0,50,52000000000000.0
844000.0,7118866100000.0,3.5054072e+31,4.397709760236202,6.702757673283243e-15,0.0006810345259700253,3.1096404264647854,4.739578396150857e-15,3.7945902027832847,5.783549157100332e-15,300000000000000.0,50,52000000000000.0
845000.0,7103778300000.0,3.500424e+31,4.397926865749247,6.675320979246932e-15,0.0006810008827919131,3.1097939436663777,4.72017766938898e-15,3.7947775346950428,5.75987509844546e-15,300000000000000.0,50,52000000000000.0
846000.0,7089022500000.0,3.4816567e+31,4.398143971262292,6.647884285210621e-15,0.0006809672396138008,3.10994746086797,4.700776942627101e-15,3.7949648666068008,5.736201039790587e-15,300000000000000.0,50,52000000000000.0
847000.0,7075179800000.0,3.4368382e+31,4.398361076775338,6.6204475911743096e-15,0.0006809335964356885,3.1101009780695623,4.681376215865223e-15,3.795152198518559,5.712526981135714e-15,300000000000000.0,50,52000000000000.0
848000.0,7061599300000.0,3.4412321e+31,4.398578182288383,6.593010897137999e-15,0.0006808999532575762,3.1102544952711546,4.6619754891033445e-15,3.795339530430317,5.688852922480842e-15,300000000000000.0,50,52000000000000.0
849000.0,7048046800000.0,3.4418493e+31,4.398795287801428,6.565574203101688e-15,0.0006808663100794639,3.1104080124727473,4.642574762341467e-15,3.795526862342075,5.665178863825969e-15,300000000000000.0,50,52000000000000.0
850000.0,7034564100000.0,3.4621353e+31,4.399012393314473,6.538137509065377e-15,0.0006808326669013517,3.1105615296743396,4.6231740355795885e-15,3.795714194253833,5.641504805171096e-15,300000000000000.0,50,52000000000000.0
851000.0,7020863300000.0,3.4703791e+31,4.399229498827519,6.510700815029066e-15,0.0006807990237232394,3.110715046875932,4.60377330881771e-15,3.7959015261655913,5.617830746516224e-15,300000000000000.0,50,52000000000000.0
852000.0,7006970600000.0,3.4693522e+31,4.39943482820187,6.488847339877797e-15,0.0006807672481443929,3.1108602370666674,4.588320524985164e-15,3.7960786969042206,5.5989742307097835e-15,300000000000000.0,50,52000000000000.0
853000.0,6993148100000.0,3.4644024e+31,4.39964014903572,6.466997913887983e-15,0.0006807354739200002,3.11100542121834,4.572870604350115e-15,3.7962558602735834,5.580121208767585e-15,300000000000000.0,50,52000000000000.0
854000.0,6979740100000.0,3.4540916e+31,4.39984546986957,6.445148487898169e-15,0.0006807036996956074,3.1111506053700126,4.557420683715066e-15,3.796433023642946,5.561268186825386e-15,300000000000000.0,50,52000000000000.0
855000.0,6966951300000.0,3.4458611e+31,4.40005079070342,6.423299061908355e-15,0.0006806719254712145,3.111295789521685,4.5419707630800165e-15,3.796610187012309,5.542415164883188e-15,300000000000000.0,50,52000000000000.0
856000.0,6954420500000.0,3.505864e+31,4.400256111537271,6.401449635918541e-15,0.0006806401512468218,3.1114409736733575,4.526520842444968e-15,3.796787350381672,5.523562142940989e-15,300000000000000.0,50,52000000000000.0
857000.0,6942353900000.0,3.4716192e+31,4.40046143237112,6.379600209928727e-15,0.000680608377022429,3.11158615782503,4.511070921809919e-15,3.7969645137510346,5.50470912099879e-15,300000000000000.0,50,52000000000000.0
858000.0,6930710600000.0,3.4765456e+31,4.400666753204971,6.357750783938913e-15,0.0006805766027980362,3.1117313419767023,4.4956210011748696e-15,3.7971416771203974,5.485856099056591e-15,300000000000000.0,50,52000000000000.0
859000.0,6919566500000.0,3.4479158e+31,4.400872074038821,6.3359013579491e-15,0.0006805448285736434,3.1118765261283747,4.480171080539821e-15,3.79731884048976,5.467003077114393e-15,300000000000000.0,50,52000000000000.0
860000.0,6908918900000.0,3.4005339e+31,4.401077394872671,6.314051931959286e-15,0.0006805130543492507,3.1120217102800476,4.464721159904772e-15,3.797496003859123,5.448150055172194e-15,300000000000000.0,50,52000000000000.0
861000.0,6897859200000.0,3.3880095e+31,4.401282715706521,6.292202505969472e-15,0.0006804812801248578,3.11216689443172,4.449271239269723e-15,3.797673167228486,5.4292970332299955e-15,300000000000000.0,50,52000000000000.0
862000.0,6886971800000.0,3.3657711e+31,4.401488036540371,6.270353079979658e-15,0.000680449505900465,3.1123120785833924,4.433821318634674e-15,3.7978503305978486,5.410444011287797e-15,300000000000000.0,50,52000000000000.0
863000.0,6877582100000.0,3.3538777e+31,4.401693357374222,6.248503653989844e-15,0.0006804177316760723,3.112457262735065,4.4183713979996245e-15,3.7980274939672114,5.3915909893455984e-15,300000000000000.0,50,52000000000000.0
864000.0,6867341300000.0,3.3237354e+31,4.401898678208071,6.22665422800003e-15,0.0006803859574516795,3.1126024468867373,4.402921477364576e-15,3.7982046573365738,5.3727379674034e-15,300000000000000.0,50,52000000000000.0
865000.0,6856327100000.0,3.2969081e+31,4.4021024952464405,6.205542365321629e-15,0.0006803544221139795,3.1127465676914436,4.387993094197349e-15,3.798380523139162,5.354521360207606e-15,300000000000000.0,50,52000000000000.0
866000.0,6847450200000.0,3.275647e+31,4.402298278613837,6.188370759837618e-15,0.0006803241629718212,3.112885007816988,4.375850901351592e-15,3.79854945699877,5.339704647969082e-15,300000000000000.0,50,52000000000000.0
867000.0,6839456200000.0,3.2519349e+31,4.402494061981233,6.171199154353609e-15,0.000680293903829663,3.113023447942532,4.363708708505835e-15,3.798718390858378,5.324887935730558e-15,300000000000000.0,50,52000000000000.0
868000.0,6830872200000.0,3.2250148e+31,4.402689845348631,6.1540275488695986e-15,0.0006802636446875047,3.113161888068076,4.3515665156600775e-15,3.798887324717986,5.310071223492033e-15,300000000000000.0,50,52000000000000.0
869000.0,6820275000000.0,3.190785e+31,4.402885628716027,6.136855943385588e-15,0.0006802333855453465,3.11330032819362,4.33942432281432e-15,3.799056258577594,5.295254511253509e-15,300000000000000.0,50,52000000000000.0
870000.0,6809601400000.0,3.1709629e+31,4.403081412083424,6.119684337901578e-15,0.0006802031264031884,3.113438768319164,4.327282129968563e-15,3.799225192437202,5.280437799014985e-15,300000000000000.0,50,52000000000000.0
871000.0,6800572500000.0,3.1419257e+31,4.403277195450821,6.1025127324175685e-15,0.0006801728672610301,3.1135772084447084,4.315139937122806e-15,3.79939412629681,5.26562108677646e-15,300000000000000.0,50,52000000000000.0
872000.0,6791911200000.0,3.1161938e+31,4.403472978818217,6.085341126933558e-15,0.0006801426081188719,3.1137156485702526,4.3029977442770495e-15,3.799563060156418,5.250804374537936e-15,300000000000000.0,50,52000000000000.0
873000.0,6782744000000.0,3.0846583e+31,4.403668762185614,6.068169521449548e-15,0.0006801123489767136,3.113854088695797,4.290855551431292e-15,3.799731994016026,5.235987662299412e-15,300000000000000.0,50,52000000000000.0
874000.0,6773018600000.0,3.0586031e+31,4.403864545553011,6.050997915965538e-15,0.0006800820898345554,3.1139925288213406,4.278713358585535e-15,3.7999009278756337,5.221170950060887e-15,300000000000000.0,50,52000000000000.0
875000.0,6763707700000.0,3.0308389e+31,4.404060328920408,6.033826310481527e-15,0.0006800518306923972,3.114130968946885,4.266571165739778e-15,3.800069861735242,5.206354237822363e-15,300000000000000.0,50,52000000000000.0
876000.0,6754238900000.0,3.0029218e+31,4.404256112287804,6.016654704997518e-15,0.0006800215715502389,3.114269409072429,4.254428972894021e-15,3.80023879559485,5.191537525583839e-15,300000000000000.0,50,52000000000000.0
877000.0,6744410300000.0,2.9772056e+31,4.4044518956552015,5.9994830995135076e-15,0.0006799913124080808,3.114407849197973,4.242286780048264e-15,3.800407729454458,5.176720813345315e-15,300000000000000.0,50,52000000000000.0
878000.0,6734450900000.0,2.9516976e+31,4.404647679022598,5.982311494029497e-15,0.0006799610532659225,3.1145462893235174,4.2301445872025065e-15,3.800576663314066,5.16190410110679e-15,300000000000000.0,50,52000000000000.0
879000.0,6724524700000.0,2.9242475e+31,4.404842769697729,5.965052086059462e-15,0.0006799309044891651,3.1146842396402854,4.217940308464271e-15,3.8007449994763896,5.1470116275281774e-15,300000000000000.0,50,52000000000000.0
880000.0,6714552400000.0,2.8973716e+31,4.4050309355925314,5.94691492478019e-15,0.0006799018590250843,3.1148172933841467,4.205115362817309e-15,3.8009073605143984,5.131361774859463e-15,300000000000000.0,50,52000000000000.0
881000.0,6704568900000.0,2.8706791e+31,4.405219101487334,5.928777763500919e-15,0.0006798728135610034,3.1149503471280084,4.192290417170346e-15,3.801069721552407,5.115711922190748e-15,300000000000000.0,50,52000000000000.0
882000.0,6694605700000.0,2.8434788e+31,4.405407267382136,5.910640602221647e-15,0.0006798437680969225,3.1150834008718697,4.1794654715233836e-15,3.801232082590416,5.100062069522034e-15,300000000000000.0,50,52000000000000.0
883000.0,6684694400000.0,2.8163453e+31,4.405595433276939,5.892503440942375e-15,0.0006798147226328416,3.1152164546157315,4.166640525876421e-15,3.801394443628425,5.0844122168533196e-15,300000000000000.0,50,52000000000000.0
884000.0,6674745300000.0,2.7899201e+31,4.40578359917174,5.8743662796631035e-15,0.0006797856771687608,3.115349508359593,4.1538155802294585e-15,3.8015568046664336,5.0687623641846045e-15,300000000000000.0,50,52000000000000.0
885000.0,6664613400000.0,2.7646753e+31,4.405971765066543,5.856229118383832e-15,0.0006797566317046798,3.1154825621034545,4.140990634582496e-15,3.8017191657044425,5.05311251151589e-15,300000000000000.0,50,52000000000000.0
886000.0,6654328400000.0,2.742888e+31,4.406159930961345,5.83809195710456e-15,0.0006797275862405989,3.1156156158473163,4.128165688935533e-15,3.8018815267424513,5.037462658847176e-15,300000000000000.0,50,52000000000000.0
887000.0,6643946500000.0,2.7225346e+31,4.4063480968561475,5.819954795825288e-15,0.000679698540776518,3.1157486695911776,4.115340743288571e-15,3.80204388778046,5.021812806178462e-15,300000000000000.0,50,52000000000000.0
888000.0,6633784900000.0,2.6956821e+31,4.40653626275095,5.8018176345460166e-15,0.0006796694953124372,3.1158817233350393,4.102515797641608e-15,3.802206248818469,5.006162953509747e-15,300000000000000.0,50,52000000000000.0
889000.0,6623611300000.0,2.6656657e+31,4.406724428645751,5.783680473266745e-15,0.0006796404498483563,3.1160147770789006,4.089690851994646e-15,3.8023686098564777,4.990513100841032e-15,300000000000000.0,50,52000000000000.0
890000.0,6613092500000.0,2.6413444e+31,4.406912594540554,5.765543311987473e-15,0.0006796114043842754,3.1161478308227624,4.076865906347683e-15,3.8025309708944866,4.974863248172318e-15,300000000000000.0,50,52000000000000.0
891000.0,6602559800000.0,2.615755e+31,4.407100760435356,5.7474061507082014e-15,0.0006795823589201944,3.1162808845666237,4.064040960700721e-15,3.8026933319324954,4.959213395503603e-15,300000000000000.0,50,52000000000000.0
892000.0,6592130000000.0,2.5879423e+31,4.407288926330159,5.72926898942893e-15,0.0006795533134561136,3.1164139383104854,4.051216015053759e-15,3.802855692970504,4.943563542834889e-15,300000000000000.0,50,52000000000000.0
893000.0,6581782100000.0,2.5606715e+31,4.407477092224961,5.711131828149658e-15,0.0006795242679920327,3.1165469920543467,4.038391069406796e-15,3.8030180540085134,4.9279136901661745e-15,300000000000000.0,50,52000000000000.0
894000.0,6571543500000.0,2.5341449e+31,4.407658754397535,5.692813987856827e-15,0.0006794962534226906,3.1166754469592397,4.025438364148003e-15,3.803174803236984,4.912107936712535e-15,300000000000000.0,50,52000000000000.0
895000.0,6561475200000.0,2.5083421e+31,4.407838743625168,5.674449671710413e-15,0.0006794685040292093,3.1168027189101064,4.012452795432097e-15,3.8033301089461813,4.896262081080391e-15,300000000000000.0,50,52000000000000.0
896000.0,6551607000000.0,2.4831039e+31,4.408018732852799,5.6560853555639985e-15,0.0006794407546357282,3.116929990860973,3.999467226716192e-15,3.8034854146553783,4.880416225448247e-15,300000000000000.0,50,52000000000000.0
897000.0,6541915800000.0,2.458816e+31,4.408198722080431,5.637721039417584e-15,0.0006794130052422469,3.1170572628118394,3.986481658000286e-15,3.8036407203645752,4.864570369816102e-15,300000000000000.0,50,52000000000000.0
898000.0,6532381300000.0,2.4354727e+31,4.408378711308063,5.619356723271171e-15,0.0006793852558487656,3.117184534762706,3.973496089284381e-15,3.803796026073772,4.8487245141839585e-15,300000000000000.0,50,52000000000000.0
899000.0,6522633100000.0,2.4105552e+31,4.4085587005356945,5.6009924071247565e-15,0.0006793575064552843,3.1173118067135728,3.960510520568475e-15,3.8039513317829696,4.832878658551815e-15,300000000000000.0,50,52000000000000.0
900000.0,6512632900000.0,2.3764763e+31,4.408738689763327,5.582628090978342e-15,0.0006793297570618031,3.1174390786644395,3.94752495185257e-15,3.8041066374921666,4.817032802919671e-15,300000000000000.0,50,52000000000000.0
901000.0,6502296300000.0,2.3327839e+31,4.4089186789909585,5.564263774831928e-15,0.0006793020076683218,3.1175663506153057,3.934539383136664e-15,3.8042619432013636,4.801186947287527e-15,300000000000000.0,50,52000000000000.0
902000.0,6491796100000.0,2.2965427e+31,4.40909866821859,5.545899458685514e-15,0.0006792742582748405,3.1176936225661724,3.921553814420759e-15,3.804417248910561,4.785341091655382e-15,300000000000000.0,50,52000000000000.0
903000.0,6481213000000.0,2.26594e+31,4.409278657446222,5.5275351425391e-15,0.0006792465088813592,3.117820894517039,3.908568245704853e-15,3.804572554619758,4.7694952360232385e-15,300000000000000.0,50,52000000000000.0
904000.0,6469879400000.0,2.3019598e+31,4.409458646673854,5.509170826392686e-15,0.0006792187594878781,3.117948166467906,3.895582676988948e-15,3.804727860328955,4.753649380391095e-15,300000000000000.0,50,52000000000000.0
905000.0,6458102600000.0,2.2309342e+31,4.409638635901486,5.490806510246272e-15,0.0006791910100943968,3.118075438418772,3.8825971082730424e-15,3.804883166038152,4.737803524758951e-15,300000000000000.0,50,52000000000000.0
906000.0,6446356800000.0,2.2135028e+31,4.409818625129118,5.4724421940998575e-15,0.0006791632607009155,3.118202710369639,3.869611539557137e-15,3.8050384717473493,4.721957669126807e-15,300000000000000.0,50,52000000000000.0
907000.0,6434441000000.0,2.2726185e+31,4.409998614356749,5.454077877953444e-15,0.0006791355113074342,3.1183299823205055,3.8566259708412315e-15,3.8051937774565463,4.7061118134946624e-15,300000000000000.0,50,52000000000000.0
908000.0,6422873300000.0,2.1701163e+31,4.4101763541938315,5.435029754468856e-15,0.0006791081170944693,3.118455663707622,3.84315687603259e-15,3.805347142253943,4.689675927127494e-15,300000000000000.0,50,52000000000000.0
909000.0,6411175800000.0,2.2060056e+31,4.410347929687553,5.414107690851667e-15,0.0006790816962361129,3.1185769862335837,3.828362701921996e-15,3.80549518807871,4.671623090762704e-15,300000000000000.0,50,52000000000000.0
910000.0,6399641800000.0,2.1448143e+31,4.410519505181275,5.393185627234478e-15,0.0006790552753777564,3.1186983087595452,3.8135685278114005e-15,3.805643233903477,4.653570254397914e-15,300000000000000.0,50,52000000000000.0
911000.0,6388369700000.0,2.1119973e+31,4.410691080674997,5.37226356361729e-15,0.0006790288545194,3.1188196312855068,3.798774353700805e-15,3.8057912797282434,4.635517418033124e-15,300000000000000.0,50,52000000000000.0
912000.0,6377095600000.0,2.0776859e+31,4.410862656168719,5.3513415000001006e-15,0.0006790024336610437,3.1189409538114683,3.783980179590211e-15,3.8059393255530103,4.617464581668335e-15,300000000000000.0,50,52000000000000.0
913000.0,6365142400000.0,2.0921691e+31,4.411034231662441,5.3304194363829115e-15,0.0006789760128026872,3.11906227633743,3.7691860054796155e-15,3.8060873713777768,4.599411745303545e-15,300000000000000.0,50,52000000000000.0
914000.0,6353599100000.0,2.0520607e+31,4.411205807156163,5.309497372765722e-15,0.0006789495919443308,3.1191835988633914,3.754391831369021e-15,3.8062354172025437,4.581358908938755e-15,300000000000000.0,50,52000000000000.0
915000.0,6342283500000.0,2.0257884e+31,4.411377382649885,5.288575309148533e-15,0.0006789231710859744,3.119304921389353,3.739597657258426e-15,3.80638346302731,4.563306072573965e-15,300000000000000.0,50,52000000000000.0
916000.0,6330218800000.0,2.0165027e+31,4.411548958143607,5.267653245531344e-15,0.0006788967502276179,3.1194262439153144,3.724803483147831e-15,3.806531508852077,4.545253236209176e-15,300000000000000.0,50,52000000000000.0
917000.0,6316955100000.0,2.0093515e+31,4.411720533637329,5.246731181914155e-15,0.0006788703293692615,3.119547566441276,3.710009309037236e-15,3.806679554676844,4.527200399844386e-15,300000000000000.0,50,52000000000000.0
918000.0,6302923100000.0,2.0138003e+31,4.411892109131051,5.225809118296966e-15,0.0006788439085109051,3.1196688889672375,3.695215134926641e-15,3.8068276005016104,4.509147563479596e-15,300000000000000.0,50,52000000000000.0
919000.0,6288636100000.0,2.0235509e+31,4.412063684624773,5.204887054679777e-15,0.0006788174876525486,3.119790211493199,3.6804209608160464e-15,3.8069756463263773,4.491094727114806e-15,300000000000000.0,50,52000000000000.0
920000.0,6274637100000.0,2.0100521e+31,4.412235260118494,5.183964991062588e-15,0.0006787910667941922,3.1199115340191605,3.665626786705451e-15,3.8071236921511438,4.473041890750017e-15,300000000000000.0,50,52000000000000.0
921000.0,6261270200000.0,1.9975201e+31,4.412406835612216,5.163042927445399e-15,0.0006787646459358358,3.120032856545122,3.650832612594857e-15,3.8072717379759107,4.454989054385227e-15,300000000000000.0,50,52000000000000.0
922000.0,6248677100000.0,1.9822488e+31,4.412578411105938,5.14212086382821e-15,0.0006787382250774794,3.1201541790710836,3.6360384384842615e-15,3.8074197838006776,4.436936218020437e-15,300000000000000.0,50,52000000000000.0
923000.0,6236590200000.0,1.9668761e+31,4.412745086679745,5.121583231470407e-15,0.0006787125731483762,3.120272036820832,3.62151609912628e-15,3.8075636016747962,4.4192150925220666e-15,300000000000000.0,50,52000000000000.0
924000.0,6225025500000.0,1.9513407e+31,4.412906920680132,5.101425452701978e-15,0.0006786876809923918,3.1203864710516847,3.607262357609853e-15,3.8077032419431927,4.401821727995697e-15,300000000000000.0,50,52000000000000.0
925000.0,6214061800000.0,1.9358807e+31,4.413068754680519,5.081267673933549e-15,0.0006786627888364073,3.1205009052825368,3.593008616093426e-15,3.807842882211589,4.384428363469327e-15,300000000000000.0,50,52000000000000.0
926000.0,6202338100000.0,1.9239704e+31,4.413230588680906,5.061109895165119e-15,0.0006786378966804228,3.120615339513389,3.578754874576999e-15,3.8079825224799855,4.367034998942957e-15,300000000000000.0,50,52000000000000.0
927000.0,6190243200000.0,1.9133402e+31,4.4133924226812935,5.04095211639669e-15,0.0006786130045244383,3.120729773744241,3.564501133060572e-15,3.8081221627483814,4.3496416344165876e-15,300000000000000.0,50,52000000000000.0
928000.0,6177959500000.0,1.9030954e+31,4.413554256681681,5.0207943376282606e-15,0.0006785881123684539,3.120844207975093,3.5502473915441445e-15,3.808261803016778,4.332248269890218e-15,300000000000000.0,50,52000000000000.0
929000.0,6165548000000.0,1.8931892e+31,4.413716090682068,5.0006365588598315e-15,0.0006785632202124694,3.1209586422059457,3.5359936500277176e-15,3.8084014432851743,4.314854905363848e-15,300000000000000.0,50,52000000000000.0
930000.0,6153038000000.0,1.8836177e+31,4.413877924682455,4.9804787800914024e-15,0.0006785383280564849,3.1210730764367978,3.5217399085112904e-15,3.8085410835535702,4.297461540837478e-15,300000000000000.0,50,52000000000000.0
931000.0,6140447900000.0,1.874376e+31,4.414039758682842,4.960321001322973e-15,0.0006785134359005004,3.12118751066765,3.5074861669948632e-15,3.8086807238219667,4.2800681763111086e-15,300000000000000.0,50,52000000000000.0
932000.0,6127794800000.0,1.8654314e+31,4.414201592683229,4.9401632225545434e-15,0.000678488543744516,3.121301944898502,3.493232425478436e-15,3.808820364090363,4.262674811784739e-15,300000000000000.0,50,52000000000000.0
933000.0,6115093800000.0,1.8567751e+31,4.414363426683616,4.920005443786114e-15,0.0006784636515885315,3.121416379129354,3.4789786839620088e-15,3.808960004358759,4.245281447258369e-15,300000000000000.0,50,52000000000000.0
934000.0,6102355100000.0,1.8484354e+31,4.4145252606840035,4.899847665017685e-15,0.000678438759432547,3.121530813360206,3.464724942445582e-15,3.8090996446271554,4.227888082731999e-15,300000000000000.0,50,52000000000000.0
935000.0,6089586000000.0,1.8403016e+31,4.414687094684391,4.879689886249256e-15,0.0006784138672765625,3.1216452475910588,3.4504712009291547e-15,3.809239284895552,4.210494718205629e-15,300000000000000.0,50,52000000000000.0
936000.0,6076795700000.0,1.832381e+31,4.414848928684778,4.859532107480827e-15,0.0006783889751205781,3.121759681821911,3.4362174594127275e-15,3.809378925163948,4.193101353679259e-15,300000000000000.0,50,52000000000000.0
937000.0,6063995000000.0,1.824792e+31,4.4150107626851645,4.839374328712397e-15,0.0006783640829645935,3.121874116052763,3.4219637178963003e-15,3.8095185654323442,4.175707989152889e-15,300000000000000.0,50,52000000000000.0
938000.0,6051192700000.0,1.8173882e+31,4.415167841860479,4.819464415231905e-15,0.000678339935006751,3.1219851881052563,3.4078852441392264e-15,3.8096541029468263,4.15852849801755e-15,300000000000000.0,50,52000000000000.0
939000.0,6038396500000.0,1.8102069e+31,4.4153201375669475,4.79980386021673e-15,0.0006783165357302108,3.122092877725128,3.3939830939805695e-15,3.809785512991794,4.141564168678375e-15,300000000000000.0,50,52000000000000.0
940000.0,6025614900000.0,1.8031632e+31,4.4154724332734165,4.780143305201554e-15,0.0006782931364536706,3.1222005673449993,3.3800809438219125e-15,3.8099169230367615,4.1245998393392e-15,300000000000000.0,50,52000000000000.0
941000.0,6012859800000.0,1.7963382e+31,4.415624728979885,4.7604827501863785e-15,0.0006782697371771303,3.122308256964871,3.3661787936632555e-15,3.8100483330817294,4.107635510000024e-15,300000000000000.0,50,52000000000000.0
942000.0,6000142800000.0,1.7896954e+31,4.415777024686353,4.7408221951712025e-15,0.0006782463379005901,3.1224159465847428,3.3522766435045985e-15,3.810179743126697,4.090671180660849e-15,300000000000000.0,50,52000000000000.0
943000.0,5987474200000.0,1.7831586e+31,4.415929320392821,4.721161640156027e-15,0.0006782229386240498,3.122523636204614,3.3383744933459415e-15,3.8103111531716642,4.0737068513216736e-15,300000000000000.0,50,52000000000000.0
944000.0,5974863700000.0,1.7768116e+31,4.41608161609929,4.701501085140851e-15,0.0006781995393475097,3.1226313258244858,3.3244723431872845e-15,3.810442563216632,4.056742521982499e-15,300000000000000.0,50,52000000000000.0
945000.0,5962320400000.0,1.7705853e+31,4.416233911805758,4.681840530125675e-15,0.0006781761400709694,3.1227390154443575,3.3105701930286276e-15,3.8105739732615995,4.039778192643324e-15,300000000000000.0,50,52000000000000.0
946000.0,5949853400000.0,1.7644216e+31,4.416386207512226,4.6621799751105e-15,0.0006781527407944292,3.122846705064229,3.2966680428699706e-15,3.8107053833065674,4.022813863304148e-15,300000000000000.0,50,52000000000000.0
947000.0,5937470100000.0,1.7584604e+31,4.416538503218694,4.642519420095324e-15,0.0006781293415178889,3.1229543946841005,3.2827658927113136e-15,3.810836793351535,4.005849533964973e-15,300000000000000.0,50,52000000000000.0
948000.0,5925175300000.0,1.7525937e+31,4.4166907989251625,4.622858865080149e-15,0.0006781059422413487,3.1230620843039723,3.2688637425526566e-15,3.8109682033965027,3.988885204625798e-15,300000000000000.0,50,52000000000000.0
949000.0,5912973500000.0,1.7468415e+31,4.4168430946316315,4.603198310064973e-15,0.0006780825429648084,3.1231697739238435,3.2549615923939996e-15,3.81109961344147,3.971920875286623e-15,300000000000000.0,50,52000000000000.0
950000.0,5900866800000.0,1.7412188e+31,4.4169953903381,4.583537755049797e-15,0.0006780591436882683,3.1232774635437153,3.2410594422353426e-15,3.811231023486438,3.954956545947448e-15,300000000000000.0,50,52000000000000.0
951000.0,5888856100000.0,1.7356592e+31,4.417147686044568,4.5638772000346216e-15,0.000678035744411728,3.123385153163587,3.2271572920766857e-15,3.8113624335314054,3.937992216608272e-15,300000000000000.0,50,52000000000000.0
952000.0,5876943300000.0,1.730127e+31,4.417299981751036,4.5442166450194455e-15,0.0006780123451351878,3.1234928427834583,3.213255141918029e-15,3.811493843576373,3.921027887269097e-15,300000000000000.0,50,52000000000000.0
953000.0,5865128400000.0,1.7246492e+31,4.417449914321381,4.525215780784865e-15,0.0006779893147073564,3.123598861409138,3.19981946487745e-15,3.81162321456296,3.904632779490126e-15,300000000000000.0,50,52000000000000.0
954000.0,5853409800000.0,1.7193752e+31,4.417592755696759,4.508194487635811e-15,0.0006779673911045108,3.123699865788926,3.1877835598571673e-15,3.8117464668328207,3.889945766738379e-15,300000000000000.0,50,52000000000000.0
955000.0,5841786600000.0,1.7141015e+31,4.417735597072139,4.491173194486758e-15,0.0006779454675016652,3.1238008701687137,3.1757476548368845e-15,3.811869719102682,3.875258753986631e-15,300000000000000.0,50,52000000000000.0
956000.0,5830259300000.0,1.7087682e+31,4.417878438447517,4.4741519013377046e-15,0.0006779235438988196,3.1239018745485017,3.1637117498166016e-15,3.811992971372543,3.860571741234884e-15,300000000000000.0,50,52000000000000.0
957000.0,5818824400000.0,1.7035801e+31,4.418021279822896,4.4571306081886505e-15,0.0006779016202959742,3.1240028789282897,3.151675844796319e-15,3.812116223642404,3.8458847284831365e-15,300000000000000.0,50,52000000000000.0
958000.0,5807484400000.0,1.6983422e+31,4.418164121198275,4.440109315039597e-15,0.0006778796966931286,3.1241038833080776,3.139639939776036e-15,3.8122394759122655,3.831197715731389e-15,300000000000000.0,50,52000000000000.0
959000.0,5796233300000.0,1.6931767e+31,4.418306962573654,4.423088021890544e-15,0.000677857773090283,3.1242048876878656,3.127604034755753e-15,3.8123627281821264,3.816510702979641e-15,300000000000000.0,50,52000000000000.0
960000.0,5785070600000.0,1.6880711e+31,4.418449803949033,4.40606672874149e-15,0.0006778358494874374,3.124305892067653,3.1155681297354703e-15,3.8124859804519877,3.801823690227894e-15,300000000000000.0,50,52000000000000.0
961000.0,5773995000000.0,1.6828929e+31,4.418592645324412,4.389045435592437e-15,0.0006778139258845919,3.124406896447441,3.1035322247151874e-15,3.812609232721849,3.787136677476147e-15,300000000000000.0,50,52000000000000.0
962000.0,5763002600000.0,1.6776638e+31,4.4187354866997905,4.372024142443383e-15,0.0006777920022817463,3.124507900827229,3.0914963196949046e-15,3.81273248499171,3.7724496647244e-15,300000000000000.0,50,52000000000000.0
963000.0,5752089600000.0,1.6725269e+31,4.41887832807517,4.3550028492943295e-15,0.0006777700786789008,3.124608905207017,3.0794604146746218e-15,3.8128557372615712,3.7577626519726525e-15,300000000000000.0,50,52000000000000.0
964000.0,5741254500000.0,1.6672875e+31,4.419021169450549,4.337981556145276e-15,0.0006777481550760552,3.1247099095868047,3.067424509654339e-15,3.812978989531432,3.7430756392209045e-15,300000000000000.0,50,52000000000000.0
965000.0,5730496600000.0,1.6620717e+31,4.419164010825927,4.320960262996222e-15,0.0006777262314732097,3.1248109139665927,3.055388604634056e-15,3.8131022418012934,3.728388626469157e-15,300000000000000.0,50,52000000000000.0
966000.0,5719815900000.0,1.6567992e+31,4.419306852201307,4.303938969847169e-15,0.0006777043078703641,3.1249119183463807,3.0433526996137733e-15,3.8132254940711547,3.71370161371741e-15,300000000000000.0,50,52000000000000.0
967000.0,5709206600000.0,1.651561e+31,4.419449693576685,4.286917676698116e-15,0.0006776823842675185,3.1250129227261687,3.0313167945934904e-15,3.8133487463410156,3.699014600965663e-15,300000000000000.0,50,52000000000000.0
968000.0,5698666200000.0,1.6463279e+31,4.419592534952065,4.269896383549062e-15,0.000677660460664673,3.1251139271059567,3.0192808895732076e-15,3.813471998610877,3.684327588213915e-15,300000000000000.0,50,52000000000000.0
969000.0,5688191400000.0,1.6409589e+31,4.41972910941928,4.2543444221158e-15,0.000677639514501837,3.125210500100258,3.008283961858793e-15,3.813589843409091,3.6709084047542704e-15,300000000000000.0,50,52000000000000.0
970000.0,5677776800000.0,1.6355376e+31,4.419863632494416,4.2392734275909325e-15,0.0006776188882914628,3.125305622537307,2.9976271300514664e-15,3.813705918140755,3.65790422896678e-15,300000000000000.0,50,52000000000000.0
971000.0,5667419100000.0,1.6300989e+31,4.419998155569553,4.224202433066065e-15,0.0006775982620810887,3.1254007449743555,2.9869702982441396e-15,3.8138219928724197,3.64490005317929e-15,300000000000000.0,50,52000000000000.0
972000.0,5657115700000.0,1.6246354e+31,4.4201326786446895,4.209131438541198e-15,0.0006775776358707144,3.1254958674114044,2.976313466436813e-15,3.813938067604084,3.6318958773918e-15,300000000000000.0,50,52000000000000.0
973000.0,5646861200000.0,1.6191238e+31,4.420267201719826,4.19406044401633e-15,0.0006775570096603402,3.125590989848453,2.9656566346294862e-15,3.814054142335748,3.618891701604309e-15,300000000000000.0,50,52000000000000.0
974000.0,5636654700000.0,1.6135818e+31,4.420401724794962,4.178989449491462e-15,0.000677536383449966,3.1256861122855017,2.9549998028221595e-15,3.8141702170674128,3.605887525816819e-15,300000000000000.0,50,52000000000000.0
975000.0,5626490900000.0,1.6079206e+31,4.420536247870098,4.1639184549665944e-15,0.0006775157572395918,3.12578123472255,2.944342971014833e-15,3.814286291799077,3.5928833500293286e-15,300000000000000.0,50,52000000000000.0
976000.0,5616369400000.0,1.6022951e+31,4.420670770945234,4.1488474604417274e-15,0.0006774951310292176,3.125876357159599,2.9336861392075064e-15,3.8144023665307416,3.579879174241839e-15,300000000000000.0,50,52000000000000.0
977000.0,5606286200000.0,1.5966474e+31,4.42080529402037,4.13377646591686e-15,0.0006774745048188434,3.125971479596648,2.9230293074001797e-15,3.814518441262406,3.566874998454349e-15,300000000000000.0,50,52000000000000.0
978000.0,5596239600000.0,1.5908793e+31,4.420939817095507,4.118705471391992e-15,0.0006774538786084691,3.1260666020336965,2.912372475592853e-15,3.81463451599407,3.553870822666858e-15,300000000000000.0,50,52000000000000.0
979000.0,5586227900000.0,1.5850795e+31,4.421074340170644,4.103634476867125e-15,0.0006774332523980949,3.1261617244707454,2.9017156437855263e-15,3.8147505907257346,3.540866646879368e-15,300000000000000.0,50,52000000000000.0
980000.0,5576248400000.0,1.5793283e+31,4.42120886324578,4.088563482342257e-15,0.0006774126261877208,3.126256846907794,2.8910588119781996e-15,3.814866665457399,3.527862471091878e-15,300000000000000.0,50,52000000000000.0
981000.0,5566299500000.0,1.5734513e+31,4.421343386320916,4.073492487817389e-15,0.0006773919999773465,3.1263519693448427,2.880401980170873e-15,3.8149827401890635,3.514858295304388e-15,300000000000000.0,50,52000000000000.0
982000.0,5556380700000.0,1.5675231e+31,4.421477909396052,4.0584214932925215e-15,0.0006773713737669723,3.126447091781891,2.869745148363546e-15,3.8150988149207277,3.5018541195168976e-15,300000000000000.0,50,52000000000000.0
983000.0,5546490400000.0,1.5616558e+31,4.421612432471188,4.0433504987676545e-15,0.0006773507475565981,3.12654221421894,2.85908831655622e-15,3.815214889652392,3.4888499437294073e-15,300000000000000.0,50,52000000000000.0
984000.0,5536627000000.0,1.5556836e+31,4.421746919840158,4.028284715122739e-15,0.0006773301269100337,3.1266373114078467,2.848435169407789e-15,3.815330933574592,3.4758502642080572e-15,300000000000000.0,50,52000000000000.0
985000.0,5526789900000.0,1.5497138e+31,4.421873957929861,4.014306063031146e-15,0.0006773106670257903,3.1267271411463473,2.8385507425112446e-15,3.8154405498030584,3.4637886283258116e-15,300000000000000.0,50,52000000000000.0
986000.0,5516978100000.0,1.5436378e+31,4.422000996019564,4.0003274109395536e-15,0.000677291207141547,3.1268169708848474,2.8286663156147003e-15,3.8155501660315245,3.451726992443566e-15,300000000000000.0,50,52000000000000.0
987000.0,5507191600000.0,1.5376182e+31,4.422128034109267,3.986348758847961e-15,0.0006772717472573036,3.126906800623348,2.818781888718156e-15,3.8156597822599903,3.43966535656132e-15,300000000000000.0,50,52000000000000.0
988000.0,5497428900000.0,1.5315039e+31,4.42225507219897,3.972370106756368e-15,0.0006772522873730603,3.126996630361848,2.808897461821611e-15,3.8157693984884564,3.4276037206790744e-15,300000000000000.0,50,52000000000000.0
989000.0,5487689700000.0,1.5254512e+31,4.422382110288674,3.958391454664776e-15,0.000677232827488817,3.1270864601003487,2.799013034925067e-15,3.815879014716922,3.4155420847968288e-15,300000000000000.0,50,52000000000000.0
990000.0,5477972800000.0,1.5192958e+31,4.422509148378377,3.944412802573184e-15,0.0006772133676045736,3.1271762898388493,2.7891286080285225e-15,3.8159886309453883,3.403480448914583e-15,300000000000000.0,50,52000000000000.0
991000.0,5468278000000.0,1.5131671e+31,4.42263618646808,3.930434150481591e-15,0.0006771939077203303,3.1272661195773495,2.779244181131978e-15,3.816098247173854,3.3914188130323375e-15,300000000000000.0,50,52000000000000.0
992000.0,5458605100000.0,1.5069882e+31,4.422763224557783,3.9164554983899986e-15,0.0006771744478360869,3.12735594931585,2.7693597542354338e-15,3.81620786340232,3.379357177150092e-15,300000000000000.0,50,52000000000000.0
993000.0,5448954000000.0,1.5008813e+31,4.422890262647486,3.902476846298406e-15,0.0006771549879518436,3.12744577905435,2.759475327338889e-15,3.816317479630786,3.3672955412678463e-15,300000000000000.0,50,52000000000000.0
994000.0,5439324100000.0,1.4946567e+31,4.423017300737189,3.888498194206813e-15,0.0006771355280676002,3.1275356087928508,2.7495909004423447e-15,3.816427095859252,3.3552339053856007e-15,300000000000000.0,50,52000000000000.0
995000.0,5429714700000.0,1.4885125e+31,4.423144338826892,3.874519542115221e-15,0.0006771160681833569,3.127625438531351,2.7397064735458003e-15,3.816536712087718,3.343172269503355e-15,300000000000000.0,50,52000000000000.0
996000.0,5420125700000.0,1.4823031e+31,4.4232713769165946,3.860540890023628e-15,0.0006770966082991136,3.1277152682698515,2.729822046649256e-15,3.816646328316184,3.331110633621109e-15,300000000000000.0,50,52000000000000.0
997000.0,5410557300000.0,1.4761332e+31,4.4233984150062975,3.846562237932036e-15,0.0006770771484148702,3.1278050980083516,2.7199376197527116e-15,3.8167559445446497,3.3190489977388635e-15,300000000000000.0,50,52000000000000.0
998000.0,5401008600000.0,1.4699391e+31,4.423525453096,3.8325835858404435e-15,0.0006770576885306269,3.127894927746852,2.710053192856167e-15,3.816865560773116,3.306987361856618e-15,300000000000000.0,50,52000000000000.0
999000.0,5391478700000.0,1.4637516e+31,4.423652491185703,3.818604933748851e-15,0.0006770382286463835,3.1279847574853523,2.7001687659596225e-15,3.8169751770015816,3.2949257259743723e-15,300000000000000.0,50,52000000000000.0
1000000.0,5381968000000.0,1.4576276e+31,4.423779529275406,3.804626281657258e-15,0.0006770187687621403,3.128074587223853,2.6902843390630782e-15,3.817084793230048,3.2828640900921266e-15,300000000000000.0,50,52000000000000.0
