t[yr],B[G],L[erg/s],P_fill[s],Pdot_fill[s/s],chi[rad],P_vac[s],Pdot_vac[s/s],P_vacObs[s],Pdot_vacObs[s/s],bpol,etor,btorAvg
0.0,1000000000000000.0,3.897509e+36,0.001,1.016271924423773e-06,1.0471975511965976,0.001,2.903634069782208e-07,0.001,4.323657769977246e-07,300000000000000.0,50,52000000000000.0
1.0,997108630000000.0,5.2481423e+35,0.20211633465073936,3.077669735059473e-09,-12.285691722168226,0.12944641223705974,2.2314943992788725e-09,0.15844926705215098,2.7145942554916036e-09,300000000000000.0,50,52000000000000.0
2.0,994506150000000.0,5.2606728e+35,0.28177112519516084,2.1258757595178425e-09,-12.359243053693243,0.1870998239351763,1.5358262975472181e-09,0.22864996531422246,1.871344416273923e-09,300000000000000.0,50,52000000000000.0
3.0,992003670000000.0,4.8571799e+35,0.3420181531040054,1.72103674428288e-09,-12.394051560420463,0.23056800701978858,1.240011991448245e-09,0.2816285455938463,1.5116723422457287e-09,300000000000000.0,50,52000000000000.0
4.0,989582850000000.0,4.4497796e+35,0.39246890734710604,1.482634934108449e-09,-12.415475490736997,0.26688227350721483,1.066069610999539e-09,0.3259040772925175,1.299944784539929e-09,300000000000000.0,50,52000000000000.0
5.0,987233920000000.0,4.1113516e+35,0.4367114740046797,1.32064548119641e-09,-12.430381734805762,0.29867043542319444,9.480896475203862e-10,0.3646687518199902,1.1562520067213508e-09,300000000000000.0,50,52000000000000.0
6.0,984941520000000.0,3.8310503e+35,0.47655737486023525,1.2012034502446176e-09,-12.441529573936279,0.3272588764162227,8.612489525702576e-10,0.39953568541163326,1.0504466095635473e-09,300000000000000.0,50,52000000000000.0
7.0,982704180000000.0,3.5956616e+35,0.5130708814396714,1.1083759813438376e-09,-12.450273301509196,0.3534261914359982,7.93866216274824e-10,0.43145241922084604,9.683281555475014e-10,300000000000000.0,50,52000000000000.0
8.0,980507740000000.0,3.4048333e+35,0.5469462435260596,1.0334699716499422e-09,-12.45737046736448,0.37767970107939225,7.39570927133316e-10,0.4610366344828314,9.021473032766896e-10,300000000000000.0,50,52000000000000.0
9.0,978353940000000.0,3.239898e+35,0.5786660997323291,9.713257845235005e-10,-12.46328206754374,0.40037166764905324,6.945841504191005e-10,0.48871736117125164,8.473051826389307e-10,300000000000000.0,50,52000000000000.0
10.0,976234040000000.0,3.1018437e+35,0.608570348613303,9.187037189101798e-10,-12.46830144191738,0.4217499478382703,6.565348893323474e-10,0.5147965349960943,8.009154139105874e-10,300000000000000.0,50,52000000000000.0
20.0,956339990000000.0,2.4056259e+35,0.8464023187590816,6.310245972593203e-10,-12.495761917158399,0.5913826856077924,4.4933311715303947e-10,0.7217506279872804,5.482255687076909e-10,300000000000000.0,50,52000000000000.0
30.0,938175870000000.0,2.2662718e+35,1.0237748734562615,5.012850970943216e-10,-12.508002021023003,0.7175806566645652,3.563799479995073e-10,0.8757270037774633,4.348351730966148e-10,300000000000000.0,50,52000000000000.0
40.0,921311120000000.0,2.2352128e+35,1.1693518581717024,4.2290617558022616e-10,-12.515285296364441,0.8210285065088583,3.003794215861979e-10,1.0019498775338063,3.665150748103142e-10,300000000000000.0,50,52000000000000.0
50.0,905557500000000.0,2.1957773e+35,1.2943795559469493,3.6892027327380185e-10,-12.520235931903171,0.9098062093991331,2.6187413607826096e-10,1.1102748487068592,3.1953646680031723e-10,300000000000000.0,50,52000000000000.0
60.0,890806630000000.0,2.1781656e+35,1.4046907410101475,3.2886961426723504e-10,-12.523872493662017,0.9880932303423798,2.3334227753623884e-10,1.2058003986550379,2.8472484105851783e-10,300000000000000.0,50,52000000000000.0
70.0,877033020000000.0,2.1696839e+35,1.503834775036789,2.9767594512318646e-10,-12.526686456188418,1.0584280028582536,2.1113951154625127e-10,1.2916233365145076,2.5763471293138696e-10,300000000000000.0,50,52000000000000.0
80.0,864473460000000.0,2.1598607e+35,1.5941300591447944,2.728006730557756e-10,-12.52894392748608,1.1224662981298723,1.9344535516747536e-10,1.369763737102083,2.3604531142377767e-10,300000000000000.0,50,52000000000000.0
90.0,852918380000000.0,2.1509435e+35,1.6772860727416978,2.523575354631923e-10,-12.530808032846187,1.1814274716231068,1.7891128774857737e-10,1.441709290420879,2.1831146111535667e-10,300000000000000.0,50,52000000000000.0
100.0,842179680000000.0,2.1422435e+35,1.7545151303463193,2.3519872111591836e-10,-12.532381085117416,1.236175631675411,1.6671730185112933e-10,1.5085142834491254,2.034327414353623e-10,300000000000000.0,50,52000000000000.0
200.0,761510080000000.0,2.0713943e+35,2.3350088722634044,1.444325383114031e-10,-12.540869115535912,1.647452547675019,1.0228887467093183e-10,2.010369078778831,1.2481734673386882e-10,300000000000000.0,50,52000000000000.0
300.0,708178630000000.0,1.8542194e+35,2.728581558523656,1.068900498323636e-10,-12.544565398668087,1.9261362076718316,7.567472210330425e-11,2.3504319308803643,9.234206426560401e-11,300000000000000.0,50,52000000000000.0
400.0,669183480000000.0,1.6529394e+35,3.032386154191359,8.585078294009838e-11,-12.546760911818414,2.1411997507153058,6.076795757594728e-11,2.612863519513545,7.41522828968719e-11,300000000000000.0,50,52000000000000.0
500.0,639231890000000.0,1.4686845e+35,3.2824432228114726,7.236887968109568e-11,-12.548262172934015,2.3181876210147627,5.121865007327312e-11,2.828833671296977,6.249981401121878e-11,300000000000000.0,50,52000000000000.0
600.0,615462750000000.0,1.2993298e+35,3.4966090389425397,6.298038974082422e-11,-12.549376760480923,2.4697558933134007,4.457003887186354e-11,3.0137857125886565,5.438687441918205e-11,300000000000000.0,50,52000000000000.0
700.0,596115200000000.0,1.1359352e+35,3.685091622563484,5.6060418960594706e-11,-12.550250223113348,2.603137347092675,3.967023075742826e-11,3.1765453456532873,4.840789274863137e-11,300000000000000.0,50,52000000000000.0
800.0,580070720000000.0,9.7263908e+34,3.8542987550090024,5.0740658031322844e-11,-12.550961480424702,2.7228711176023053,3.5903872337993475e-11,3.3226514080615157,4.381199440187113e-11,300000000000000.0,50,52000000000000.0
900.0,566540790000000.0,8.1372054e+34,4.008425477517546,4.654818851088106e-11,-12.551556803115274,2.83192842607333,3.2935863315631314e-11,3.4557295129416983,4.0190277957068045e-11,300000000000000.0,50,52000000000000.0
1000.0,554827560000000.0,6.7336507e+34,4.150514983261984,4.3121410063731166e-11,-12.552066475947761,2.932464390244628,3.051008075624472e-11,3.5784094334079004,3.723021134034712e-11,300000000000000.0,50,52000000000000.0
2000.0,490443980000000.0,3.0914243e+34,5.22572136497567,2.6771444571220553e-11,-12.555022962090035,3.6931345107075857,1.8938126838934993e-11,4.506625371130356,2.3109476990197974e-11,300000000000000.0,50,52000000000000.0
3000.0,467875630000000.0,2.0051317e+34,5.980301741899085,2.1275217658573152e-11,-12.55646176929035,4.226901743757385,1.5048815723622805e-11,5.157961551103502,1.836351456227331e-11,300000000000000.0,50,52000000000000.0
4000.0,461294050000000.0,1.9501062e+34,6.610866723846168,1.8711337331281537e-11,-12.557411812287707,4.672914216905632,1.3234592529707081e-11,5.70221425546113,1.614969330250579e-11,300000000000000.0,50,52000000000000.0
5000.0,461730320000000.0,1.9005922e+34,7.178639941262389,1.7281537286371562e-11,-12.55812434488567,5.074495036858689,1.2222841724626173e-11,6.19224885060429,1.4915095770262516e-11,300000000000000.0,50,52000000000000.0
6000.0,478590210000000.0,1.8972907e+34,7.722489013295254,1.7239199257550545e-11,-12.558708704309215,5.459142045993894,1.2192548866823138e-11,6.661619872344758,1.4878134478350764e-11,300000000000000.0,50,52000000000000.0
7000.0,502280130000000.0,1.8847308e+34,8.272948928082918,1.7714301412588452e-11,-12.559221962434169,5.848454501962892,1.252826903122445e-11,7.1366840882063,1.5287805232825573e-11,300000000000000.0,50,52000000000000.0
8000.0,522807810000000.0,1.867481e+34,8.835293205207428,1.796246093526599e-11,-12.559680456024122,6.246163395638125,1.270351868634823e-11,7.6219942774146645,1.550165905351213e-11,300000000000000.0,50,52000000000000.0
9000.0,535052070000000.0,1.845957e+34,9.398219292946973,1.7697664135132816e-11,-12.560084528361372,6.644276302712682,1.2516032532927968e-11,8.107797551240772,1.527287857945495e-11,300000000000000.0,50,52000000000000.0
10000.0,539592640000000.0,1.8020162e+34,9.94681466463035,1.699433161396792e-11,-12.56043406062575,7.032248101371557,1.2018454758695793e-11,8.581226050211011,1.466570356223771e-11,300000000000000.0,50,52000000000000.0
11000.0,538012780000000.0,1.7234412e+34,10.470379933270202,1.6053198136871343e-11,-12.560733432391794,7.402513553240761,1.1352748158420976e-11,9.033048160346857,1.3853366271504197e-11,300000000000000.0,50,52000000000000.0
12000.0,532117100000000.0,1.6093313e+34,10.963040641784481,1.500475136474205e-11,-12.560988931031465,7.750919543672806,1.0611188436413228e-11,9.45819596536919,1.2948467623243478e-11,300000000000000.0,50,52000000000000.0
13000.0,523510010000000.0,1.4887501e+34,11.42251302602555,1.3939802109018194e-11,-12.561207162774792,8.07585208710243,9.857989302447863e-12,9.854699962867523,1.202936547396071e-11,300000000000000.0,50,52000000000000.0
14000.0,513362350000000.0,1.371939e+34,11.849215649232224,1.2923098968187478e-11,-12.561394537073154,8.377608059784384,9.138932929135212e-12,10.222922411524447,1.1151926312687791e-11,300000000000000.0,50,52000000000000.0
15000.0,502766290000000.0,1.2609812e+34,12.24531316966941,1.1995862552860754e-11,-12.561556732617069,8.657718942891513,8.483163508893016e-12,10.564732118214462,1.0351713863744185e-11,300000000000000.0,50,52000000000000.0
16000.0,492415660000000.0,1.1861559e+34,12.613618455615033,1.1172300160205099e-11,-12.561698325567304,8.918174426377856,7.90072325084024e-12,10.882557028302205,9.640982341939749e-12,300000000000000.0,50,52000000000000.0
17000.0,482817120000000.0,1.1432975e+34,12.957402675902085,1.0457410089786295e-11,-12.561823162091114,9.161288170584074,7.395143012528427e-12,11.179220418465484,9.024040371352421e-12,300000000000000.0,50,52000000000000.0
18000.0,474269340000000.0,1.1090872e+34,13.28023604737329,9.841872037025893e-12,-12.561934521963416,9.389585217432774,6.959828829858821e-12,11.457803508098463,8.492841592985904e-12,300000000000000.0,50,52000000000000.0
19000.0,467000820000000.0,1.0866911e+34,13.58466881299537,9.332874905118634e-12,-12.562034557063125,9.604869202642385,6.599862472794526e-12,11.720507210389565,8.05358713726817e-12,300000000000000.0,50,52000000000000.0
20000.0,461162310000000.0,1.0649972e+34,13.874245505071107,8.91171640037544e-12,-12.562125649936865,9.809646875804141,6.302016545154285e-12,11.970390424540241,7.690136081923893e-12,300000000000000.0,50,52000000000000.0
21000.0,456784850000000.0,1.0458205e+34,14.151540472420661,8.572743673052677e-12,-12.562209370018888,10.005738833107785,6.062292394574634e-12,12.209674760896974,7.397609019392785e-12,300000000000000.0,50,52000000000000.0
22000.0,454045970000000.0,1.0303803e+34,14.419063496960929,8.31211022248907e-12,-12.562287073679306,10.194919982763782,5.877968986830353e-12,12.440526078607732,7.1726855735499545e-12,300000000000000.0,50,52000000000000.0
23000.0,452570950000000.0,1.0186064e+34,14.679105248216203,8.109872265484405e-12,-12.56235989528405,10.378810262033003,5.734942196576367e-12,12.664921131279778,6.9981549672528046e-12,300000000000000.0,50,52000000000000.0
24000.0,452050800000000.0,1.00537e+34,14.933271927407588,7.952395331113564e-12,-12.562428602403,10.558545554962262,5.623569845410993e-12,12.884245999107645,6.8622511827574905e-12,300000000000000.0,50,52000000000000.0
25000.0,451972710000000.0,9.9460334e+33,15.182721182809372,7.818120718477896e-12,-12.562493774873882,10.734944538993254,5.52860626753901e-12,13.099499685947492,6.746370455471961e-12,300000000000000.0,50,52000000000000.0
26000.0,451858510000000.0,9.8489629e+33,15.428089528921728,7.689222902322224e-12,-12.562555847343434,10.908457368878846,5.437445883452595e-12,13.311231499952692,6.6351306269073195e-12,300000000000000.0,50,52000000000000.0
27000.0,451418330000000.0,9.7398737e+33,15.669389467579343,7.555735326609343e-12,-12.562614988449619,11.079092910378554,5.3430407517327926e-12,13.519452259463703,6.519931334187185e-12,300000000000000.0,50,52000000000000.0
28000.0,450341220000000.0,9.6238905e+33,15.906312286660095,7.406538781379213e-12,-12.562671278660881,11.246632881123663,5.237527897638722e-12,13.72389560168403,6.391177656306126e-12,300000000000000.0,50,52000000000000.0
29000.0,448614000000000.0,9.5046721e+33,16.138511521903997,7.244065360491578e-12,-12.562724856075734,11.410832313273389,5.122627148235933e-12,13.924262600342466,6.2509682402203294e-12,300000000000000.0,50,52000000000000.0
30000.0,446273230000000.0,9.3737622e+33,16.365542065651194,7.0695170519647465e-12,-12.562775770622444,11.571376473143978,4.999188480294663e-12,14.120169196372307,6.1003402838888574e-12,300000000000000.0,50,52000000000000.0
31000.0,443367950000000.0,9.2307654e+33,16.58701863848464,6.885236649664337e-12,-12.562824089061598,11.727992935200849,4.8688685764394005e-12,14.31128295790204,5.941315381189098e-12,300000000000000.0,50,52000000000000.0
32000.0,440081190000000.0,9.083378e+33,16.802672194877527,6.6971097822224215e-12,-12.56286990356195,11.880491468528959,4.735829403498005e-12,14.49737175236906,5.778972239596833e-12,300000000000000.0,50,52000000000000.0
33000.0,436623650000000.0,8.9406976e+33,17.012441762195778,6.511507648811988e-12,-12.562913346131428,12.028828979574426,4.6045762708434716e-12,14.678382993954894,5.618808536100704e-12,300000000000000.0,50,52000000000000.0
34000.0,433140070000000.0,8.8099257e+33,17.216465392274884,6.332543719855618e-12,-12.562954580757882,12.173103112604208,4.478017927238842e-12,14.854435834451712,5.464373719004433e-12,300000000000000.0,50,52000000000000.0
35000.0,429750140000000.0,8.6817433e+33,17.415014135796376,6.162853878963685e-12,-12.56299378576136,12.313505559341076,4.358018247227066e-12,15.025764188596838,5.317942212029735e-12,300000000000000.0,50,52000000000000.0
36000.0,426552380000000.0,8.5666504e+33,17.608387924646586,6.004323246824814e-12,-12.56303112197891,12.450248430969378,4.245910213025291e-12,15.192626888339804,5.1811406089086886e-12,300000000000000.0,50,52000000000000.0
37000.0,423579530000000.0,8.4738958e+33,17.796628384034054,5.859096624817143e-12,-12.56306664115379,12.583361169254488,4.143210463672882e-12,15.355059860406122,5.055819613340678e-12,300000000000000.0,50,52000000000000.0
38000.0,420826740000000.0,8.3905831e+33,17.98053843986479,5.7239532207812374e-12,-12.563100646609662,12.71341158163836,4.04764134411074e-12,15.513755980786888,4.939199880798778e-12,300000000000000.0,50,52000000000000.0
39000.0,418275650000000.0,8.3139764e+33,18.160390029623024,5.598160864937249e-12,-12.563133248782037,12.84059197609022,3.9586850643585916e-12,15.668949916304795,4.83064957007316e-12,300000000000000.0,50,52000000000000.0
40000.0,415886830000000.0,8.2411036e+33,18.336118015788717,5.48175455386192e-12,-12.563164443251573,12.96485629214651,3.876366355433951e-12,15.82058546092248,4.730198859744352e-12,300000000000000.0,50,52000000000000.0
41000.0,413613250000000.0,8.1687491e+33,18.50853805577938,5.37090741634011e-12,-12.563194520502549,13.086781338010846,3.797979006326636e-12,15.969366473978605,4.634545452691535e-12,300000000000000.0,50,52000000000000.0
42000.0,411415400000000.0,8.0969782e+33,18.67719292822606,5.266262314406727e-12,-12.563223348302044,13.206043785315694,3.723977628538181e-12,16.114898408870634,4.544244095805735e-12,300000000000000.0,50,52000000000000.0
43000.0,409261070000000.0,8.0249701e+33,18.842926586419253,5.165131903659094e-12,-12.563251223820425,13.323240451845251,3.652461824645982e-12,16.257909541949612,4.456975798970595e-12,300000000000000.0,50,52000000000000.0
44000.0,407126670000000.0,7.9513754e+33,19.005185339984354,5.0678659062824165e-12,-12.5632779917977,13.437979791132049,3.583678921986466e-12,16.397922082380227,4.373042367155805e-12,300000000000000.0,50,52000000000000.0
45000.0,404995140000000.0,7.8775177e+33,19.16463272264188,4.973154103345751e-12,-12.563303884768299,13.550731033685615,3.5167023617804283e-12,16.53550861612306,4.291313152459945e-12,300000000000000.0,50,52000000000000.0
46000.0,402858910000000.0,7.8040662e+33,19.321095772867434,4.880970577928767e-12,-12.563328871213205,13.661371871181633,3.4515138186419904e-12,16.670519894465297,4.2117657930240554e-12,300000000000000.0,50,52000000000000.0
47000.0,400719530000000.0,7.731113e+33,19.47456638956085,4.791242916212816e-12,-12.563352971556826,13.769896578560111,3.3880620772590605e-12,16.802948931277413,4.134337792614544e-12,300000000000000.0,50,52000000000000.0
48000.0,398573210000000.0,7.6584577e+33,19.625400453245412,4.703597096790904e-12,-12.563376310347119,13.876556823519328,3.3260826255027964e-12,16.933102828054206,4.058706376262208e-12,300000000000000.0,50,52000000000000.0
49000.0,396420590000000.0,7.5815783e+33,19.773512285749742,4.618044007984569e-12,-12.563398881076742,13.981292020949388,3.2655831604969108e-12,17.060907654821047,3.9848809365313966e-12,300000000000000.0,50,52000000000000.0
50000.0,394264470000000.0,7.5112195e+33,19.91874883327565,4.534719870742403e-12,-12.5634206606826,14.08399394093833,3.206660009238087e-12,17.186231342268574,3.912979018005657e-12,300000000000000.0,50,52000000000000.0
51000.0,392109460000000.0,7.4420353e+33,20.06148484854203,4.45340537933533e-12,-12.563441768786774,14.184927595151832,3.1491580679023723e-12,17.309397275096213,3.842811352946356e-12,300000000000000.0,50,52000000000000.0
52000.0,389959850000000.0,7.3731705e+33,20.20176058285058,4.3741148942795644e-12,-12.563462229903502,14.2841214497884,3.0930874841180077e-12,17.43044018961813,3.774390324227508e-12,300000000000000.0,50,52000000000000.0
53000.0,387822390000000.0,7.3058589e+33,20.339618774808635,4.29689000056112e-12,-12.563482068111549,14.381605729780219,3.0384776571315567e-12,17.549396968273033,3.7077518068210505e-12,300000000000000.0,50,52000000000000.0
54000.0,385700160000000.0,7.2406587e+33,20.474937545050974,4.221928632797963e-12,-12.56350126557106,14.477294249892951,2.9854685533166697e-12,17.666162442127,3.6430665969734885e-12,300000000000000.0,50,52000000000000.0
55000.0,383596720000000.0,7.176102e+33,20.607854741374677,4.14914924500189e-12,-12.563519869281238,14.571284491641114,2.934002498044599e-12,17.780855564543906,3.5802643163761918e-12,300000000000000.0,50,52000000000000.0
56000.0,381512770000000.0,7.1130915e+33,20.738534472276637,4.078379170447644e-12,-12.563537930074899,14.663692506414378,2.883957382132797e-12,17.89361794907981,3.5191959594069797e-12,300000000000000.0,50,52000000000000.0
57000.0,379450250000000.0,7.0507975e+33,20.867027940276692,4.009586569919499e-12,-12.56355546959609,14.754554503680144,2.8353106853697514e-12,18.004493780905285,3.4598340454617105e-12,300000000000000.0,50,52000000000000.0
58000.0,377410800000000.0,6.9903649e+33,20.99338726496307,3.942732459189423e-12,-12.563572508872674,14.843907341274795,2.788034835364205e-12,18.113528036374834,3.402144928928863e-12,300000000000000.0,50,52000000000000.0
59000.0,375394640000000.0,6.9313247e+33,21.11766518406249,3.8777441191376785e-12,-12.563589068292822,14.931788314022846,2.7420784049825433e-12,18.220766225085892,3.346065855056133e-12,300000000000000.0,50,52000000000000.0
60000.0,373398120000000.0,6.873133e+33,21.23991392371126,3.814511439624755e-12,-12.56360516747501,15.018234354871764,2.6973635270218133e-12,18.326253415050576,3.2915018051627372e-12,300000000000000.0,50,52000000000000.0
61000.0,371419410000000.0,6.8154169e+33,21.360183990887716,3.752932760199725e-12,-12.563620825137372,15.103281180986233,2.653818309675313e-12,18.430033190703256,3.238365052139374e-12,300000000000000.0,50,52000000000000.0
62000.0,369457580000000.0,6.7597679e+33,21.478524377490405,3.692936677057111e-12,-12.563636059158085,15.18696343806375,2.6113922568934384e-12,18.532147829003936,3.1865939773952165e-12,300000000000000.0,50,52000000000000.0
63000.0,367513640000000.0,6.7044413e+33,21.59498341040773,3.6344689666305843e-12,-12.563650886715239,15.269315301450748,2.5700470215873422e-12,18.63263903296,3.136141787304413e-12,300000000000000.0,50,52000000000000.0
64000.0,365586300000000.0,6.6497333e+33,21.709609204199825,3.5774583876712965e-12,-12.56366532436835,15.350370796251948,2.5297322231785705e-12,18.73154832224479,3.0869470041769363e-12,300000000000000.0,50,52000000000000.0
65000.0,363673850000000.0,6.5967972e+33,21.822449061411103,3.521821886380977e-12,-12.56367938800462,15.430163373275915,2.4903891283178862e-12,18.82891651573825,3.038937957715711e-12,300000000000000.0,50,52000000000000.0
66000.0,361774630000000.0,6.5438543e+33,21.933549045793775,3.467494905226331e-12,-12.563693092809833,15.50872560725189,2.4519720831808547e-12,18.924783363271047,2.992058938124961e-12,300000000000000.0,50,52000000000000.0
67000.0,359890260000000.0,6.4918625e+33,22.04295448148102,3.414430999098869e-12,-12.56370645335446,15.58608954981445,2.4144482420097643e-12,19.01918797635982,2.9462698648593522e-12,300000000000000.0,50,52000000000000.0
68000.0,358019520000000.0,6.4411773e+33,22.15071045125043,3.3625834159714346e-12,-12.563719483675534,15.662287081844196,2.377784542205957e-12,19.112169258156644,2.9015303927681238e-12,300000000000000.0,50,52000000000000.0
69000.0,356162790000000.0,6.3913534e+33,22.25686175287522,3.311908798518054e-12,-12.56373219728953,15.737349882605166,2.341950321844545e-12,19.203765865788398,2.8578031061602543e-12,300000000000000.0,50,52000000000000.0
70000.0,354321030000000.0,6.3429017e+33,22.36145287128752,3.2623742594922857e-12,-12.563744607206282,15.81130941006333,2.306922322878576e-12,19.294016186340084,2.8150596240460993e-12,300000000000000.0,50,52000000000000.0
71000.0,352494240000000.0,6.2940908e+33,22.464528291178162,3.21394262563816e-12,-12.563756725983545,15.884197121938062,2.272674256647761e-12,19.382958606596453,2.7732678672792455e-12,300000000000000.0,50,52000000000000.0
72000.0,350682060000000.0,6.2461406e+33,22.565982411686758,3.1666903588309563e-12,-12.563768537774664,15.95593834407655,2.2392601926800223e-12,19.470502004208615,2.7324938150751764e-12,300000000000000.0,50,52000000000000.0
73000.0,348883820000000.0,6.1994728e+33,22.665867124351077,3.1205531754485676e-12,-12.563780056929849,16.026569771962965,2.2066346715048345e-12,19.556691157427945,2.6926819947955526e-12,300000000000000.0,50,52000000000000.0
74000.0,347099270000000.0,6.153658e+33,22.764341909588794,3.075388802696301e-12,-12.563791316774886,16.096204181516704,2.174697083224682e-12,19.64166368288953,2.653709635609781e-12,300000000000000.0,50,52000000000000.0
75000.0,345327340000000.0,6.1087563e+33,22.86144966525278,3.031159333876602e-12,-12.563802328230832,16.164871908112502,2.1434206210659655e-12,19.725456597820905,2.615544026130531e-12,300000000000000.0,50,52000000000000.0
76000.0,343569950000000.0,6.0641122e+33,22.957232865168788,2.987822130787799e-12,-12.563813101787423,16.23260298721797,2.112775132599967e-12,19.808106553483597,2.578148372379019e-12,300000000000000.0,50,52000000000000.0
77000.0,341823760000000.0,6.0202782e+33,23.051733518187994,2.945335553768451e-12,-12.563823647514242,16.299427125441014,2.0827311716129864e-12,19.889649799843255,2.5414867421458313e-12,300000000000000.0,50,52000000000000.0
78000.0,340090470000000.0,5.9766803e+33,23.1447578599082,2.903838206549645e-12,-12.563833934482266,16.365207304720435,2.053386751583982e-12,19.969919138386025,2.5056787379564756e-12,300000000000000.0,50,52000000000000.0
79000.0,338369880000000.0,5.9352114e+33,23.236380377382794,2.8632825615894827e-12,-12.563843979463114,16.429996198478563,2.0247082619040616e-12,20.048978844703516,2.4706833459380198e-12,300000000000000.0,50,52000000000000.0
80000.0,336664550000000.0,5.893469e+33,23.32681997436872,2.823503901904625e-12,-12.5638538226857,16.493948602663927,1.9965792217527703e-12,20.12701781105742,2.436358428506401e-12,300000000000000.0,50,52000000000000.0
81000.0,334970290000000.0,5.8522843e+33,23.41611754904873,2.7844684281820984e-12,-12.56386347291034,16.557093438296626,1.968975729429406e-12,20.204071328788785,2.4026748192314406e-12,300000000000000.0,50,52000000000000.0
82000.0,333290690000000.0,5.8035134e+33,23.504283430101424,2.7461655890794683e-12,-12.563872933579066,16.619438009481016,1.94189032311396e-12,20.280148310846894,2.3696234127111052e-12,300000000000000.0,50,52000000000000.0
83000.0,331623820000000.0,5.7615455e+33,23.590893644914114,2.70889559556583e-12,-12.563882137560217,16.680682509412495,1.915535296602697e-12,20.354882913109854,2.3374632638682693e-12,300000000000000.0,50,52000000000000.0
84000.0,329968870000000.0,5.7227042e+33,23.676459872998684,2.6722726623017745e-12,-12.563891171703103,16.741188766713588,1.889637841128193e-12,20.428716662821426,2.3058614734225032e-12,300000000000000.0,50,52000000000000.0
85000.0,328326490000000.0,5.6847384e+33,23.761021114759593,2.6362737799695854e-12,-12.563900043519936,16.80098436025246,1.8641816852158474e-12,20.50168321354138,2.2747981858489743e-12,300000000000000.0,50,52000000000000.0
86000.0,326696750000000.0,5.6465358e+33,23.844483064266843,2.600960819671439e-12,-12.5639087392493,16.86000260300136,1.8392105807212336e-12,20.573701189339424,2.244326790055743e-12,300000000000000.0,50,52000000000000.0
87000.0,325077570000000.0,5.6091404e+33,23.926543347512197,2.566507254423996e-12,-12.563917213754685,16.918029675528423,1.8148471989869797e-12,20.644509673577552,2.2145969777228158e-12,300000000000000.0,50,52000000000000.0
88000.0,323469180000000.0,5.5725297e+33,24.007691845624294,2.5326063699729233e-12,-12.563925546157598,16.975411991269926,1.7908746461472442e-12,20.7145313828745,2.185344080629264e-12,300000000000000.0,50,52000000000000.0
89000.0,321875210000000.0,5.535359e+33,24.087966051271568,2.499239095834938e-12,-12.563933742904057,17.03217606277478,1.7672794362363988e-12,20.783798669597875,2.1565516423109477e-12,300000000000000.0,50,52000000000000.0
90000.0,320294970000000.0,5.4996952e+33,24.166874629266935,2.466745242277979e-12,-12.563941730379431,17.087974449385516,1.7443018646875127e-12,20.8518875636371,2.1285128871471592e-12,300000000000000.0,50,52000000000000.0
91000.0,318724030000000.0,5.4648141e+33,24.244828555234736,2.4347825025316457e-12,-12.563949573595547,17.143097767241194,1.7216998708646601e-12,20.919152694055285,2.1009324367399977e-12,300000000000000.0,50,52000000000000.0
92000.0,317162120000000.0,5.4304788e+33,24.32199902089193,2.403264083940403e-12,-12.563957299001286,17.197667072258106,1.699412078892084e-12,20.985741781301094,2.0737353961936018e-12,300000000000000.0,50,52000000000000.0
93000.0,315612060000000.0,5.3965252e+33,24.397957944449715,2.372459645821349e-12,-12.56396484407,17.251379652797457,1.6776291773448263e-12,21.05128543657376,2.0471544563176303e-12,300000000000000.0,50,52000000000000.0
94000.0,314073370000000.0,5.3625792e+33,24.472928767789526,2.3422245338916648e-12,-12.56397224416389,17.30439351292244,1.6562488738732313e-12,21.115976466897262,2.02106479322768e-12,300000000000000.0,50,52000000000000.0
95000.0,312545420000000.0,5.3298519e+33,24.547202703324782,2.3123925189195167e-12,-12.563979542501578,17.35691457925823,1.6351536195917902e-12,21.180066157584292,1.9953229660043342e-12,300000000000000.0,50,52000000000000.0
96000.0,311028590000000.0,5.2978064e+33,24.62027623139518,2.2832601696207377e-12,-12.563986667236128,17.408586795700206,1.614553131924679e-12,21.243120025379525,1.9701848857177154e-12,300000000000000.0,50,52000000000000.0
97000.0,309523180000000.0,5.2658756e+33,24.692470203033587,2.2546238744436933e-12,-12.563993666553628,17.459637047492368,1.5943034274361603e-12,21.30541493069023,1.9454748542602954e-12,300000000000000.0,50,52000000000000.0
98000.0,308028680000000.0,5.2345008e+33,24.764052298940726,2.2263332274959695e-12,-12.564000578772735,17.510254620904877,1.5742981470036313e-12,21.367181853167402,1.9210630851983514e-12,300000000000000.0,50,52000000000000.0
99000.0,306544730000000.0,5.2033087e+33,24.834307990646423,2.1988006704310435e-12,-12.564007304531785,17.559934248687245,1.5548289466805397e-12,21.427804232223203,1.8973054765403233e-12,300000000000000.0,50,52000000000000.0
100000.0,305070350000000.0,5.1723975e+33,24.90392750210552,2.1716956182822833e-12,-12.564013942096455,17.60916401194619,1.5356620530901777e-12,21.487877656770383,1.8739167625643657e-12,300000000000000.0,50,52000000000000.0
101000.0,303660700000000.0,5.1391526e+33,24.972799944060988,2.1450925871994467e-12,-12.564020476094043,17.65786549714556,1.5168501597406598e-12,21.547306441414857,1.8509612433763593e-12,300000000000000.0,50,52000000000000.0
102000.0,301998910000000.0,5.0886021e+33,25.04053021604561,2.117730281543396e-12,-12.564026853656303,17.705759315744398,1.4975013761019143e-12,21.605749657738187,1.8273505749200024e-12,300000000000000.0,50,52000000000000.0
103000.0,300556950000000.0,5.0499109e+33,25.107765306581435,2.091230417644214e-12,-12.56403316462343,17.75330297519242,1.4787624520704578e-12,21.663765586654012,1.8044840975945783e-12,300000000000000.0,50,52000000000000.0
104000.0,299338950000000.0,5.0255954e+33,25.173852225834317,2.0688700817657238e-12,-12.564039323379703,17.80003472521306,1.4629507051949392e-12,21.72079076986269,1.7851895560351315e-12,300000000000000.0,50,52000000000000.0
105000.0,298205580000000.0,5.0070196e+33,25.239321996876203,2.047389015916112e-12,-12.564045396862436,17.846330068940432,1.4477607186344452e-12,21.77728342118677,1.7666537276317384e-12,300000000000000.0,50,52000000000000.0
106000.0,297083950000000.0,4.9873223e+33,25.304229808643964,2.026708590720366e-12,-12.564051392697282,17.892228032331257,1.4331368910112724e-12,21.833291162685338,1.748808763897227e-12,300000000000000.0,50,52000000000000.0
107000.0,295949480000000.0,4.9672974e+33,25.368224323921183,2.006072129729762e-12,-12.564057261846468,17.93748017290557,1.4185441606380903e-12,21.888510828378003,1.7310017470162408e-12,300000000000000.0,50,52000000000000.0
108000.0,294785620000000.0,4.9459142e+33,25.431914772345962,1.9853840790557333e-12,-12.564063089130462,17.982517297587197,1.4039149528884255e-12,21.943468117426676,1.7131502179943303e-12,300000000000000.0,50,52000000000000.0
109000.0,293577660000000.0,4.9255936e+33,25.494590944236037,1.96412917908664e-12,-12.564068778628505,18.02683719356772,1.3888849215369226e-12,21.997550196471973,1.6948095773256299e-12,300000000000000.0,50,52000000000000.0
110000.0,292318490000000.0,4.9047738e+33,25.556864703817386,1.9426597999504653e-12,-12.5640744151448,18.07087253071121,1.373703230322612e-12,22.051285037959538,1.676283871194124e-12,300000000000000.0,50,52000000000000.0
111000.0,291013810000000.0,4.8823246e+33,25.61836447531726,1.920777897848558e-12,-12.564079949757556,18.114360555698582,1.3582298409576633e-12,22.104352012870237,1.6574022155566132e-12,300000000000000.0,50,52000000000000.0
112000.0,289684250000000.0,4.8588857e+33,25.67917687488412,1.8989075677160505e-12,-12.564085396599355,18.157362518116596,1.3427646404428383e-12,22.156825862006325,1.638530552447899e-12,300000000000000.0,50,52000000000000.0
113000.0,288348840000000.0,4.8353103e+33,25.739445844443804,1.8770463862774484e-12,-12.56409077405023,18.199980203881946,1.327305913958546e-12,22.20883079129208,1.6196667893416943e-12,300000000000000.0,50,52000000000000.0
114000.0,287021760000000.0,4.8120124e+33,25.798782749444797,1.8556606781086665e-12,-12.564096035018519,18.241938797588663,1.3121834141592002e-12,22.260031452744272,1.6012133122927144e-12,300000000000000.0,50,52000000000000.0
115000.0,285712060000000.0,4.7890081e+33,25.857802082402607,1.834436972685691e-12,-12.564101256298983,18.28367282615152,1.297175473157651e-12,22.310958084917274,1.5828996274719324e-12,300000000000000.0,50,52000000000000.0
116000.0,284425560000000.0,4.7662523e+33,25.915707118238945,1.8140663539169467e-12,-12.564106340157553,18.324618900626067,1.28277077964e-12,22.36092320326069,1.5653220652049311e-12,300000000000000.0,50,52000000000000.0
117000.0,283164710000000.0,4.7431541e+33,25.973455532951,1.793816328683529e-12,-12.564111404740995,18.365454223448378,1.2684513620182704e-12,22.4107531750938,1.5478485622370786e-12,300000000000000.0,50,52000000000000.0
118000.0,281927760000000.0,4.7205034e+33,26.030044678316898,1.7744747879526848e-12,-12.5641163275874,18.405469791142835,1.2547743649966645e-12,22.459582827358247,1.5311589834605848e-12,300000000000000.0,50,52000000000000.0
119000.0,280708730000000.0,4.6985474e+33,26.08648385992673,1.7552157119013626e-12,-12.564121232243249,18.445379314863153,1.2411556818870735e-12,22.508283077732987,1.514540563181669e-12,300000000000000.0,50,52000000000000.0
120000.0,279500550000000.0,4.6762903e+33,26.141912566613165,1.736512293382956e-12,-12.564126014328817,18.484574300754765,1.227929925357354e-12,22.556111401663482,1.4984016179390894e-12,300000000000000.0,50,52000000000000.0
121000.0,278296800000000.0,4.6549835e+33,26.197117997351178,1.7178884578619549e-12,-12.564130769645764,18.523611401427164,1.2147604455244313e-12,22.60374706357863,1.4823313452447967e-12,300000000000000.0,50,52000000000000.0
122000.0,277094570000000.0,4.6341226e+33,26.251406298996272,1.6995915177487998e-12,-12.564135415007817,18.56199997220235,1.2018221280547168e-12,22.650591346303052,1.4665431521581067e-12,300000000000000.0,50,52000000000000.0
123000.0,275891720000000.0,4.613513e+33,26.30543281940353,1.68136292101004e-12,-12.564140029448582,18.600203429579242,1.188932139681193e-12,22.697209741381567,1.4508139334280978e-12,300000000000000.0,50,52000000000000.0
124000.0,274685990000000.0,4.5931356e+33,26.358587354575718,1.6633619739450333e-12,-12.5641445408915,18.637790279931657,1.1762031340375657e-12,22.743075711673484,1.4352811564625919e-12,300000000000000.0,50,52000000000000.0
125000.0,273476670000000.0,4.5730967e+33,26.41147658416768,1.645476222663919e-12,-12.564149021507427,18.67518952480888,1.1635555878922886e-12,22.788712753321228,1.4198477817706363e-12,300000000000000.0,50,52000000000000.0
126000.0,272275680000000.0,4.5494369e+33,26.463497551528317,1.627967471174047e-12,-12.564153401236268,18.711974795610033,1.1511746332214126e-12,22.833600583078177,1.4047397196475206e-12,300000000000000.0,50,52000000000000.0
127000.0,271094410000000.0,4.5255827e+33,26.51528913406399,1.6105748950324541e-12,-12.564157754664542,18.748597861634806,1.1388758304071707e-12,22.87829047980788,1.3897319046620954e-12,300000000000000.0,50,52000000000000.0
128000.0,269920380000000.0,4.5066577e+33,26.566189595038264,1.5936336406283351e-12,-12.564162005919533,18.78459078931623,1.1268961737734406e-12,22.9222114399337,1.3751135329882637e-12,300000000000000.0,50,52000000000000.0
129000.0,268747350000000.0,4.4876113e+33,26.61693317994455,1.5767615998764962e-12,-12.564166239399883,18.82047278534031,1.1149654607457483e-12,22.965997033892773,1.3605548855441063e-12,300000000000000.0,50,52000000000000.0
130000.0,267582720000000.0,4.4683237e+33,26.666731818185283,1.5603064691783703e-12,-12.564170365814274,18.855686581931188,1.103329560674025e-12,23.008967246579626,1.3463559883945995e-12,300000000000000.0,50,52000000000000.0
131000.0,266429020000000.0,4.4496339e+33,26.716479884635532,1.543874077335254e-12,-12.564174486571684,18.890864617742572,1.091709740091454e-12,23.0518938215911,1.3321767125028846e-12,300000000000000.0,50,52000000000000.0
132000.0,265280870000000.0,4.4315282e+33,26.765190909581516,1.5279079758128628e-12,-12.564178491325192,18.925309331434843,1.080419650717899e-12,23.093925548306995,1.3183997964742786e-12,300000000000000.0,50,52000000000000.0
133000.0,264138690000000.0,4.4129807e+33,26.813901934527504,1.5119418742904717e-12,-12.564182496078702,18.959754045127113,1.069129561344344e-12,23.135957275022886,1.3046228804456725e-12,300000000000000.0,50,52000000000000.0
134000.0,263005160000000.0,4.3949262e+33,26.861630024966505,1.4964390604001413e-12,-12.564186392245823,18.993503697572486,1.0581670793108494e-12,23.17714084189554,1.2912457325991741e-12,300000000000000.0,50,52000000000000.0
135000.0,261881300000000.0,4.3770997e+33,26.909268594945356,1.4809784402894644e-12,-12.564190278523471,19.02719004752699,1.0472344340158362e-12,23.218247162869403,1.2779049935178166e-12,300000000000000.0,50,52000000000000.0
136000.0,260765020000000.0,4.3593107e+33,26.956113601461112,1.4658712805825412e-12,-12.564194078173617,19.06031524613058,1.0365517333357065e-12,23.258668729737032,1.2648692534153042e-12,300000000000000.0,50,52000000000000.0
137000.0,259655220000000.0,4.3410832e+33,27.002696778718736,1.4508807420150709e-12,-12.564197849241783,19.093255297800436,1.0259514996744519e-12,23.29886436803313,1.251934145032971e-12,300000000000000.0,50,52000000000000.0
138000.0,258548770000000.0,4.3231714e+33,27.04870581058181,1.436107547253991e-12,-12.564201558393709,19.125789355028513,1.0155049580226958e-12,23.338564584975803,1.2391865818204252e-12,300000000000000.0,50,52000000000000.0
139000.0,257446700000000.0,4.3058531e+33,27.094249040307236,1.4215106827580018e-12,-12.564205217313205,19.15799403039504,1.0051831061572618e-12,23.377862868318285,1.2265911733439836e-12,300000000000000.0,50,52000000000000.0
140000.0,256350010000000.0,4.2884118e+33,27.139466569626673,1.407039940370882e-12,-12.564208841569368,19.189968393878896,9.949504398764527e-13,23.416880109820887,1.2141045950260966e-12,300000000000000.0,50,52000000000000.0
141000.0,255258490000000.0,4.2714453e+33,27.183980691774533,1.3928415808062637e-12,-12.564212390963982,19.22144535844341,9.849103855134457e-13,23.455290392160876,1.201853054530096e-12,300000000000000.0,50,52000000000000.0
142000.0,254171150000000.0,4.2538213e+33,27.228449520550885,1.3786599936275315e-12,-12.56421593559988,19.25289029480705,9.748821915219192e-13,23.493661591565075,1.1896159868450796e-12,300000000000000.0,50,52000000000000.0
143000.0,253087520000000.0,4.2368818e+33,27.271946348947584,1.3648383435633944e-12,-12.564219378113217,19.283647902707976,9.651085223140257e-13,23.531194067174507,1.1776895071623309e-12,300000000000000.0,50,52000000000000.0
144000.0,252007910000000.0,4.2195156e+33,27.315443177344278,1.351016693499257e-12,-12.564222820626554,19.314405510608903,9.553348531061324e-13,23.568726542783942,1.165763027479582e-12,300000000000000.0,50,52000000000000.0
145000.0,250935360000000.0,4.2027219e+33,27.358199685356787,1.3374988873118314e-12,-12.564226186365461,19.344639617588495,9.457760425064828e-13,23.605620207833145,1.1540987325089141e-12,300000000000000.0,50,52000000000000.0
146000.0,249868910000000.0,4.1855605e+33,27.40069010337456,1.3240902903496007e-12,-12.564229524509685,19.37468556500856,9.362944575609643e-13,23.642284268102802,1.1425286733990253e-12,300000000000000.0,50,52000000000000.0
147000.0,248808780000000.0,4.1687961e+33,27.442794419391692,1.3108422723703458e-12,-12.564232823097289,19.40445848916399,9.269264235075139e-13,23.678615167268244,1.1310971766133646e-12,300000000000000.0,50,52000000000000.0
148000.0,247756270000000.0,4.1521258e+33,27.48429262293676,1.2978463352509925e-12,-12.564236059587934,19.433802814644512,9.1773664445347e-13,23.7144230618905,1.1198831983920527e-12,300000000000000.0,50,52000000000000.0
149000.0,246708310000000.0,4.1352196e+33,27.525786435661452,1.284852167759723e-12,-12.564239295634046,19.46314403525705,9.085481167637043e-13,23.750227167746804,1.1086707471683711e-12,300000000000000.0,50,52000000000000.0
150000.0,245666530000000.0,4.1186316e+33,27.56630731911056,1.2722501190121068e-12,-12.564242433179503,19.49179727123287,8.996368695901834e-13,23.785191749095787,1.0977966520082529e-12,300000000000000.0,50,52000000000000.0
151000.0,244629900000000.0,4.10177e+33,27.606828202559665,1.2596480702644906e-12,-12.564245570724959,19.52045050720869,8.907256224166625e-13,23.82015633044477,1.0869225568481346e-12,300000000000000.0,50,52000000000000.0
152000.0,243598580000000.0,4.0855943e+33,27.646789452188255,1.2472574875437487e-12,-12.564248652284023,19.54870801107768,8.819639101197235e-13,23.854638013215833,1.0762309340549473e-12,300000000000000.0,50,52000000000000.0
153000.0,242572210000000.0,4.0693675e+33,27.68634722231605,1.2350193655997319e-12,-12.564251693478546,19.576680203753778,8.733100080643071e-13,23.888771540335807,1.0656708684636632e-12,300000000000000.0,50,52000000000000.0
154000.0,241550400000000.0,4.0532183e+33,27.725792618059213,1.2228233536666256e-12,-12.564254723567299,19.604572933508802,8.646858834231139e-13,23.92280810152604,1.0551471392468814e-12,300000000000000.0,50,52000000000000.0
155000.0,240533800000000.0,4.0366638e+33,27.764399875281285,1.2109414170664567e-12,-12.564257670824242,19.631872993187198,8.562838520819198e-13,23.95612144735711,1.0448944229952558e-12,300000000000000.0,50,52000000000000.0
156000.0,239521410000000.0,4.0203931e+33,27.803007132503357,1.1990594804662878e-12,-12.564260618081185,19.65917305286559,8.478818207407256e-13,23.98943479318818,1.03464170674363e-12,300000000000000.0,50,52000000000000.0
157000.0,238512960000000.0,4.0040258e+33,27.84103730250928,1.1873894888700156e-12,-12.564263508990665,19.68606503892435,8.396296628259169e-13,24.022250180506365,1.024571875981101e-12,300000000000000.0,50,52000000000000.0
158000.0,237509580000000.0,3.9885097e+33,27.878706700884756,1.1758519967339313e-12,-12.564266364673987,19.712701913830106,8.314711997268742e-13,24.054754264264947,1.0146163778432438e-12,300000000000000.0,50,52000000000000.0
159000.0,236512530000000.0,3.972433e+33,27.916309729657932,1.1643410822425738e-12,-12.564269213954518,19.739291857050453,8.233315305351964e-13,24.087201078866215,1.0046838132771928e-12,300000000000000.0,50,52000000000000.0
160000.0,235521060000000.0,3.9568247e+33,27.953053644547627,1.1531741990966324e-12,-12.564271980354842,19.76527429832553,8.154351369724496e-13,24.11890657927491,9.950481097627863e-13,300000000000000.0,50,52000000000000.0
161000.0,234535410000000.0,3.9415554e+33,27.989797559437324,1.142007315950691e-12,-12.564274746755167,19.791256739600605,8.075387434097029e-13,24.150612079683608,9.854124062483795e-13,300000000000000.0,50,52000000000000.0
162000.0,233554910000000.0,3.9260135e+33,28.026098391488706,1.1310084163778582e-12,-12.564277470890335,19.816925865474552,7.997611364488743e-13,24.181935251844884,9.759216540211016e-13,300000000000000.0,50,52000000000000.0
163000.0,232579730000000.0,3.9103265e+33,28.06193198187224,1.1201866595830419e-12,-12.564280150455867,19.842264592610555,7.921087928591331e-13,24.212855249537327,9.66583756464098e-13,300000000000000.0,50,52000000000000.0
164000.0,231609430000000.0,3.8944544e+33,28.09776557225578,1.1093649027882253e-12,-12.564282830021398,19.867603319746557,7.84456449269392e-13,24.243775247229767,9.572458589070944e-13,300000000000000.0,50,52000000000000.0
165000.0,230643640000000.0,3.8792504e+33,28.132828405735324,1.098827803314846e-12,-12.564285436904603,19.892397024778905,7.770053959946559e-13,24.27403017277659,9.481535891383453e-13,300000000000000.0,50,52000000000000.0
166000.0,229682610000000.0,3.8637148e+33,28.167765457422824,1.0883371577983797e-12,-12.564288031926594,19.917101786259085,7.695871918016617e-13,24.304176563497613,9.39101403997087e-13,300000000000000.0,50,52000000000000.0
167000.0,228726600000000.0,3.8486608e+33,28.20253474027815,1.0779089370696904e-12,-12.564290611308534,19.941687914100147,7.622131301438147e-13,24.334178189577845,9.301030845042083e-13,300000000000000.0,50,52000000000000.0
168000.0,227775970000000.0,3.8337134e+33,28.23658854838655,1.0677469359877402e-12,-12.564293123991183,19.9657681114187,7.55027320789764e-13,24.363562445653265,9.213344829550134e-13,300000000000000.0,50,52000000000000.0
169000.0,226829780000000.0,3.8189904e+33,28.270642356494953,1.0575849349057898e-12,-12.564295636673831,19.989848308737255,7.478415114357134e-13,24.392946701728686,9.125658814058182e-13,300000000000000.0,50,52000000000000.0
170000.0,225887770000000.0,3.8041172e+33,28.304281621536983,1.0475707565263544e-12,-12.564298111143613,20.013635372112997,7.407602321686998e-13,24.421973256309617,9.039248344000369e-13,300000000000000.0,50,52000000000000.0
171000.0,224950480000000.0,3.7887295e+33,28.337465939787673,1.0377188084907643e-12,-12.56430054367608,20.03710073104466,7.337936710855217e-13,24.450607245773973,8.954237741289381e-13,300000000000000.0,50,52000000000000.0
172000.0,224017620000000.0,3.773814e+33,28.37065025803836,1.0278668604551743e-12,-12.564302976208548,20.06056608997632,7.268271100023436e-13,24.47924123523833,8.869227138578394e-13,300000000000000.0,50,52000000000000.0
173000.0,223089640000000.0,3.7592425e+33,28.403218239329718,1.0182405336134921e-12,-12.564305352567757,20.083595621489945,7.200200926150185e-13,24.507343399157154,8.786163393847391e-13,300000000000000.0,50,52000000000000.0
174000.0,222166430000000.0,3.7445522e+33,28.435545885914234,1.0087021856000691e-12,-12.56430770702274,20.10645520626719,7.132752877671016e-13,24.535238182787257,8.703858807779187e-13,300000000000000.0,50,52000000000000.0
175000.0,221248580000000.0,3.7303576e+33,28.46787353249875,9.991638375866463e-13,-12.564310061477725,20.129314791044436,7.065304829191846e-13,24.56313296641736,8.621554221710984e-13,300000000000000.0,50,52000000000000.0
176000.0,220335900000000.0,3.7158847e+33,28.49942799598361,9.899113531973432e-13,-12.56431234623587,20.15162763868108,6.999878209009863e-13,24.590360585095183,8.54171631651601e-13,300000000000000.0,50,52000000000000.0
177000.0,219427570000000.0,3.7016153e+33,28.530912749540065,9.806846421763136e-13,-12.56431462471017,20.173891192680887,6.934633840123763e-13,24.617528052405138,8.462100806439528e-13,300000000000000.0,50,52000000000000.0
178000.0,218523790000000.0,3.6871216e+33,28.562339863744338,9.71497103285616e-13,-12.564316898044325,20.196113988460915,6.869666467597182e-13,24.644645783829638,8.382823305705037e-13,300000000000000.0,50,52000000000000.0
179000.0,217647880000000.0,3.6776352e+33,28.592996001475342,9.62833525712162e-13,-12.56431910262456,20.217791607597718,6.808404162325686e-13,24.67109825452324,8.30806697393861e-13,300000000000000.0,50,52000000000000.0
180000.0,216803450000000.0,3.6629891e+33,28.623652139206342,9.541699481387078e-13,-12.564321307204796,20.239469226734524,6.747141857054189e-13,24.697550725216843,8.233310642172183e-13,300000000000000.0,50,52000000000000.0
181000.0,215931030000000.0,3.6486002e+33,28.654169504308392,9.45527086824751e-13,-12.564323499470856,20.261048716304337,6.686026045030297e-13,24.723883451698516,8.158733071163807e-13,300000000000000.0,50,52000000000000.0
182000.0,215055510000000.0,3.6352979e+33,28.68403494414897,9.369815462360057e-13,-12.564325633887444,20.282167213356413,6.625598428145936e-13,24.74965364450723,8.084995281420727e-13,300000000000000.0,50,52000000000000.0
183000.0,214186310000000.0,3.6231693e+33,28.713900383989547,9.284360056472603e-13,-12.564327768304032,20.303285710408492,6.565170811261576e-13,24.775423837315948,8.011257491677646e-13,300000000000000.0,50,52000000000000.0
184000.0,213321350000000.0,3.6120468e+33,28.74358005179535,9.199512327853175e-13,-12.564329886466842,20.32427284349092,6.505172901296763e-13,24.801033731088015,7.938044058817589e-13,300000000000000.0,50,52000000000000.0
185000.0,212456260000000.0,3.6003736e+33,28.772652881065312,9.116649623427741e-13,-12.564331951535443,20.344830866136462,6.446578661794069e-13,24.82611999581755,7.86654347775215e-13,300000000000000.0,50,52000000000000.0
186000.0,211596220000000.0,3.5885037e+33,28.801725710335273,9.033786919002307e-13,-12.564334016604043,20.365388888782004,6.387984422291374e-13,24.851206260547084,7.795042896686711e-13,300000000000000.0,50,52000000000000.0
187000.0,210745850000000.0,3.5766438e+33,28.83060685430304,8.951825476992176e-13,-12.56433606508339,20.385811366074737,6.33002748994891e-13,24.876127123838376,7.724320000108185e-13,300000000000000.0,50,52000000000000.0
188000.0,209901450000000.0,3.5657772e+33,28.858898619918403,8.872635163239225e-13,-12.564338062555452,20.405817079558258,6.274030097747286e-13,24.90053942426105,7.65598826443936e-13,300000000000000.0,50,52000000000000.0
189000.0,209067790000000.0,3.5545822e+33,28.88719038553377,8.793444849486274e-13,-12.564340060027515,20.425822793041778,6.218032705545662e-13,24.924951724683726,7.587656528770534e-13,300000000000000.0,50,52000000000000.0
190000.0,208246470000000.0,3.5433543e+33,28.91532448931357,8.714925733528933e-13,-12.564342043966267,20.445717020016115,6.162509935758677e-13,24.94922798186623,7.519903958865128e-13,300000000000000.0,50,52000000000000.0
191000.0,207431530000000.0,3.5320451e+33,28.94285766618136,8.638964882970451e-13,-12.564343976322915,20.465186316991044,6.108796185770081e-13,24.972985711252072,7.454358874953348e-13,300000000000000.0,50,52000000000000.0
192000.0,206617210000000.0,3.5202946e+33,28.970390843049156,8.563004032411971e-13,-12.564345908679561,20.484655613965973,6.055082435781485e-13,24.996743440637914,7.388813791041568e-13,300000000000000.0,50,52000000000000.0
193000.0,205802880000000.0,3.5086449e+33,28.99783465337955,8.48728036959507e-13,-12.564347833431896,20.504061717706332,6.001536408554801e-13,25.020424057443396,7.323473373566659e-13,300000000000000.0,50,52000000000000.0
194000.0,204990950000000.0,3.4970668e+33,29.024628342199918,8.413282194384517e-13,-12.564349702864565,20.52300810484275,5.949210526792021e-13,25.043543697527134,7.259621858502583e-13,300000000000000.0,50,52000000000000.0
195000.0,204182160000000.0,3.4857826e+33,29.05142203102029,8.339284019173964e-13,-12.564351572297234,20.541954491979165,5.896884645029241e-13,25.06666333761087,7.195770343438505e-13,300000000000000.0,50,52000000000000.0
196000.0,203376130000000.0,3.4749238e+33,29.07821571984066,8.265285843963411e-13,-12.564353441729903,20.560900879115586,5.844558763266461e-13,25.089782977694608,7.131918828374428e-13,300000000000000.0,50,52000000000000.0
197000.0,202571560000000.0,3.4640744e+33,29.104289278356898,8.19333185488812e-13,-12.564355250577492,20.579338044868624,5.793678386395606e-13,25.112281232036985,7.069831214257351e-13,300000000000000.0,50,52000000000000.0
198000.0,201769440000000.0,3.4532062e+33,29.130350868947158,8.121411838370578e-13,-12.564357058418212,20.597766747814607,5.742822032532035e-13,25.134769159500305,7.007772914607169e-13,300000000000000.0,50,52000000000000.0
199000.0,200970870000000.0,3.442185e+33,29.156412459537417,8.049491821853037e-13,-12.56435886625893,20.61619545076059,5.691965678668464e-13,25.157257086963625,6.945714614956986e-13,300000000000000.0,50,52000000000000.0
200000.0,200175390000000.0,3.4310191e+33,29.18189886633891,7.979385956376394e-13,-12.564360626233142,20.634217427572253,5.642392162793451e-13,25.179248700192804,6.885221719326813e-13,300000000000000.0,50,52000000000000.0
201000.0,199382940000000.0,3.4196706e+33,29.20723734565592,7.909746659682079e-13,-12.564362373896904,20.65213480134208,5.593148571023296e-13,25.201112669845095,6.8251314189773e-13,300000000000000.0,50,52000000000000.0
202000.0,198594590000000.0,3.4087293e+33,29.23257582497293,7.840107362987765e-13,-12.564364121560663,20.670052175111906,5.543904979253141e-13,25.222976639497382,6.765041118627787e-13,300000000000000.0,50,52000000000000.0
203000.0,197812730000000.0,3.3981e+33,29.257519135412604,7.771963692221483e-13,-12.564365836672154,20.687690115633554,5.495718984942366e-13,25.244499626146464,6.706241368880212e-13,300000000000000.0,50,52000000000000.0
204000.0,197036730000000.0,3.3871063e+33,29.282146046192192,7.705017523491359e-13,-12.564367525720034,20.7051043224813,5.448379776640915e-13,25.2657495981112,6.648474923613804e-13,300000000000000.0,50,52000000000000.0
205000.0,196266050000000.0,3.3759303e+33,29.30677295697178,7.638071354761234e-13,-12.564369214767915,20.72251852932905,5.401040568339465e-13,25.28699957007594,6.590708478347397e-13,300000000000000.0,50,52000000000000.0
206000.0,195497890000000.0,3.365149e+33,29.331217336186175,7.571705771369536e-13,-12.564370888913311,20.739803663819853,5.354111908068485e-13,25.308092039380398,6.533443011027968e-13,300000000000000.0,50,52000000000000.0
207000.0,194732430000000.0,3.3542036e+33,29.355149070445144,7.506970777978095e-13,-12.564372521204668,20.756726295021974,5.308336283309774e-13,25.328742158101992,6.477584554145471e-13,300000000000000.0,50,52000000000000.0
208000.0,193970990000000.0,3.3434232e+33,29.379080804704113,7.442235784586655e-13,-12.564374153496024,20.77364892622409,5.262560658551064e-13,25.349392276823583,6.421726097262972e-13,300000000000000.0,50,52000000000000.0
209000.0,193212690000000.0,3.3327542e+33,29.403012538963083,7.377500791195214e-13,-12.56437578578738,20.790571557426208,5.216785033792355e-13,25.370042395545177,6.365867640380473e-13,300000000000000.0,50,52000000000000.0
210000.0,192456760000000.0,3.3218608e+33,29.426318350902573,7.314630538672534e-13,-12.564377367473403,20.807051584347036,5.172328019356515e-13,25.390152419133322,6.311618239303125e-13,300000000000000.0,50,52000000000000.0
211000.0,191703320000000.0,3.311128e+33,29.44956693608948,7.251930775459802e-13,-12.56437894453269,20.82349114489542,5.12799156267098e-13,25.410213062966804,6.257515950791648e-13,300000000000000.0,50,52000000000000.0
212000.0,190952840000000.0,3.3006487e+33,29.472815521276384,7.189231012247069e-13,-12.564380521591977,20.839930705443805,5.083655105985443e-13,25.43027370680029,6.203413662280171e-13,300000000000000.0,50,52000000000000.0
213000.0,190206670000000.0,3.290261e+33,29.495717490744312,7.127627417483185e-13,-12.564382070905092,20.85612516597867,5.04009377980743e-13,25.450035263321958,6.150257239449935e-13,300000000000000.0,50,52000000000000.0
214000.0,189463770000000.0,3.2796098e+33,29.518293642522526,7.067054217626359e-13,-12.564383594136896,20.87208923326886,4.997261073877604e-13,25.469515678707715,6.097989927396182e-13,300000000000000.0,50,52000000000000.0
215000.0,188724560000000.0,3.2689936e+33,29.540869794300743,7.006481017769533e-13,-12.5643851173687,20.888053300559044,4.954428367947778e-13,25.48899609409347,6.045722615342428e-13,300000000000000.0,50,52000000000000.0
216000.0,187988490000000.0,3.2585497e+33,29.56340674065743,6.946035004302685e-13,-12.564386637491754,20.90398964479192,4.911685598912379e-13,25.508442679963768,5.993565050255746e-13,300000000000000.0,50,52000000000000.0
217000.0,187255630000000.0,3.2481419e+33,29.585322699450863,6.887603537888775e-13,-12.564388108374288,20.91948687440404,4.87036736992131e-13,25.527353429014692,5.943145803468027e-13,300000000000000.0,50,52000000000000.0
218000.0,186526940000000.0,3.2376722e+33,29.60723865824429,6.829172071474863e-13,-12.564389579256822,20.93498410401616,4.829049140930241e-13,25.546264178065616,5.892726556680308e-13,300000000000000.0,50,52000000000000.0
219000.0,185802470000000.0,3.2274438e+33,29.629154617037724,6.770740605060952e-13,-12.564391050139356,20.95048133362828,4.787730911939173e-13,25.565174927116544,5.842307309892589e-13,300000000000000.0,50,52000000000000.0
220000.0,185081590000000.0,3.2169603e+33,29.650716493665197,6.71341863054293e-13,-12.564392493201465,20.965728183626254,4.747197234210283e-13,25.583780146335613,5.792845424621053e-13,300000000000000.0,50,52000000000000.0
221000.0,184363580000000.0,3.2063647e+33,29.671985244004766,6.657015146906891e-13,-12.564393913232484,20.980767757308396,4.707313045840826e-13,25.60213243322974,5.7441760893687e-13,300000000000000.0,50,52000000000000.0
222000.0,183648370000000.0,3.1962347e+33,29.693253994344335,6.600611663270852e-13,-12.564395333263505,20.995807330990537,4.66742885747137e-13,25.62048472012387,5.695506754116347e-13,300000000000000.0,50,52000000000000.0
223000.0,182936270000000.0,3.185677e+33,29.714522744683904,6.544208179634812e-13,-12.564396753294524,21.01084690467268,4.627544669101913e-13,25.638837007017997,5.646837418863994e-13,300000000000000.0,50,52000000000000.0
224000.0,182227280000000.0,3.1755518e+33,29.735170765059582,6.489762325111279e-13,-12.564398124999782,21.025447546054718,4.589044771756777e-13,25.6566536795712,5.599857287391991e-13,300000000000000.0,50,52000000000000.0
225000.0,181522000000000.0,3.165595e+33,29.75580460808406,6.435361182454524e-13,-12.564399495601291,21.040038162308704,4.550576491348408e-13,25.67445811879741,5.552915737004579e-13,300000000000000.0,50,52000000000000.0
226000.0,180820910000000.0,3.1554305e+33,29.776438451108536,6.38096003979777e-13,-12.5644008662028,21.05462877856269,4.512108210940039e-13,25.69226255802362,5.505974186617168e-13,300000000000000.0,50,52000000000000.0
227000.0,180123250000000.0,3.1455207e+33,29.796854359755535,6.327233366568227e-13,-12.564402219988873,21.06906528848115,4.4741168654798734e-13,25.7098789464652,5.45961462390769e-13,300000000000000.0,50,52000000000000.0
228000.0,179428550000000.0,3.1355031e+33,29.816865874650652,6.274758222470335e-13,-12.564403542572633,21.083215842416273,4.437010508956933e-13,25.72714639242592,5.414334983436061e-13,300000000000000.0,50,52000000000000.0
229000.0,178736520000000.0,3.1255374e+33,29.836877389545766,6.222283078372445e-13,-12.564404865156394,21.097366396351397,4.3999041524339924e-13,25.744413838386635,5.369055342964432e-13,300000000000000.0,50,52000000000000.0
230000.0,178047420000000.0,3.1155545e+33,29.856888904440883,6.169807934274554e-13,-12.564406187740156,21.11151695028652,4.3627977959110525e-13,25.76168128434735,5.323775702492803e-13,300000000000000.0,50,52000000000000.0
231000.0,177361530000000.0,3.1055783e+33,29.876495515235256,6.118599766086641e-13,-12.564407479358666,21.125381187410554,4.3265873507189136e-13,25.778599347520803,5.279589312491995e-13,300000000000000.0,50,52000000000000.0
232000.0,176679650000000.0,3.0958133e+33,29.89589697082397,6.068033544233435e-13,-12.564408755287827,21.139100354667036,4.2908308423305465e-13,25.795340386807744,5.235956846308627e-13,300000000000000.0,50,52000000000000.0
233000.0,176001820000000.0,3.0859232e+33,29.91529842641268,6.017467322380229e-13,-12.564410031216987,21.152819521923522,4.255074333942179e-13,25.81208142609469,5.19232438012526e-13,300000000000000.0,50,52000000000000.0
234000.0,175326220000000.0,3.0761264e+33,29.934699882001393,5.966901100527022e-13,-12.564411307146147,21.166538689180005,4.2193178255538115e-13,25.82882246538163,5.148691913941893e-13,300000000000000.0,50,52000000000000.0
235000.0,174652880000000.0,3.0663141e+33,29.953553332935552,5.917999536274311e-13,-12.564412541527636,21.179870350067432,4.184738439285296e-13,25.84509064366212,5.106495850300678e-13,300000000000000.0,50,52000000000000.0
236000.0,173983160000000.0,3.0568146e+33,29.97235736003388,5.869248105352187e-13,-12.564413772161993,21.193167062253217,4.150265216148651e-13,25.861316175215876,5.064429333959552e-13,300000000000000.0,50,52000000000000.0
237000.0,173316920000000.0,3.0473338e+33,29.99116138713221,5.820496674430062e-13,-12.564415002796352,21.206463774439005,4.115791993012006e-13,25.877541706769627,5.022362817618426e-13,300000000000000.0,50,52000000000000.0
238000.0,172654280000000.0,3.0378831e+33,30.009901086051613,5.771939665741324e-13,-12.564416228595501,21.219714998736045,4.0814562507808525e-13,25.89371173098054,4.980464064603851e-13,300000000000000.0,50,52000000000000.0
239000.0,171994420000000.0,3.0281886e+33,30.028119757522113,5.72495738405354e-13,-12.564417415231771,21.232597792913875,4.048234038058253e-13,25.90943217229145,4.939924114209174e-13,300000000000000.0,50,52000000000000.0
240000.0,171336790000000.0,3.018352e+33,30.046338428992613,5.677975102365756e-13,-12.564418601868041,21.245480587091702,4.0150118253356543e-13,25.925152613602357,4.899384163814496e-13,300000000000000.0,50,52000000000000.0
241000.0,170681730000000.0,3.0090048e+33,30.064557100463112,5.630992820677973e-13,-12.564419788504312,21.258363381269533,3.9817896126130555e-13,25.940873054913265,4.858844213419819e-13,300000000000000.0,50,52000000000000.0
242000.0,170030680000000.0,2.9999652e+33,30.08263784316004,5.584435485888498e-13,-12.564420964860785,21.271148642954437,3.9488678905001677e-13,25.956474480598757,4.81867094161418e-13,300000000000000.0,50,52000000000000.0
243000.0,169383200000000.0,2.9905616e+33,30.100283225718446,5.539219458903927e-13,-12.564422108769971,21.28362605183583,3.9168946407769153e-13,25.971700243847568,4.779655058779554e-13,300000000000000.0,50,52000000000000.0
244000.0,168738670000000.0,2.9813076e+33,30.11792860827685,5.494003431919356e-13,-12.564423252679157,21.296103460717227,3.884921391053663e-13,25.986926007096383,4.740639175944927e-13,300000000000000.0,50,52000000000000.0
245000.0,168096850000000.0,2.971862e+33,30.135573990835255,5.448787404934785e-13,-12.564424396588343,21.308580869598625,3.8529481413304105e-13,26.002151770345193,4.701623293110301e-13,300000000000000.0,50,52000000000000.0
246000.0,167457350000000.0,2.9626751e+33,30.153046476173564,5.404094411882969e-13,-12.564425527716985,21.320936019043195,3.821344741935491e-13,26.01722834450926,4.663058726198259e-13,300000000000000.0,50,52000000000000.0
247000.0,166821200000000.0,2.9535077e+33,30.170131148031462,5.3605745991155e-13,-12.564426630178495,21.33301693702423,3.790570927556354e-13,26.031970283228276,4.625506473993215e-13,300000000000000.0,50,52000000000000.0
248000.0,166188480000000.0,2.9444549e+33,30.187215819889357,5.317054786348031e-13,-12.564427732640008,21.345097855005264,3.759797113177217e-13,26.04671222194729,4.587954221788172e-13,300000000000000.0,50,52000000000000.0
249000.0,165559050000000.0,2.9353619e+33,30.204300491747254,5.273534973580563e-13,-12.564428835101518,21.3571787729863,3.7290232987980797e-13,26.061454160666305,4.55040196958313e-13,300000000000000.0,50,52000000000000.0
250000.0,164932700000000.0,2.9263499e+33,30.22121395968546,5.230507520937351e-13,-12.564429925010115,21.369138628919718,3.6985976445297425e-13,26.076048371434254,4.5132745654574e-13,300000000000000.0,50,52000000000000.0
251000.0,164308080000000.0,2.9170856e+33,30.237750177212675,5.188564991230279e-13,-12.564430987258183,21.380831722811113,3.668939166299931e-13,26.090317061441038,4.4770833204617746e-13,300000000000000.0,50,52000000000000.0
252000.0,163685500000000.0,2.9081366e+33,30.25428639473989,5.146622461523205e-13,-12.56443204950625,21.392524816702505,3.639280688070119e-13,26.10458575144782,4.4408920754661487e-13,300000000000000.0,50,52000000000000.0
253000.0,163066150000000.0,2.8992365e+33,30.270822612267104,5.104679931816133e-13,-12.564433111754317,21.4042179105939,3.6096222098403074e-13,26.118854441454605,4.404700830470523e-13,300000000000000.0,50,52000000000000.0
254000.0,162449700000000.0,2.8903022e+33,30.287224019488935,5.063141475181166e-13,-12.564434164198538,21.415815677175875,3.5802494615745995e-13,26.133006806746973,4.368858252146243e-13,300000000000000.0,50,52000000000000.0
255000.0,161836860000000.0,2.8815282e+33,30.303223062897874,5.02280904193973e-13,-12.564435187381545,21.42712892352341,3.551729521983186e-13,26.14681198155199,4.334056327582915e-13,300000000000000.0,50,52000000000000.0
256000.0,161227110000000.0,2.8726974e+33,30.319222106306814,4.982476608698294e-13,-12.564436210564551,21.438442169870942,3.5232095823917727e-13,26.160617156357006,4.2992544030195867e-13,300000000000000.0,50,52000000000000.0
257000.0,160619010000000.0,2.8637941e+33,30.335221149715753,4.942144175456857e-13,-12.56443723374756,21.44975541621848,3.494689642800359e-13,26.17442233116202,4.2644524784562587e-13,300000000000000.0,50,52000000000000.0
258000.0,160013890000000.0,2.8551809e+33,30.35115525031835,4.902004489591358e-13,-12.564438252244566,21.46102274009705,3.466305999562725e-13,26.18817146832027,4.2298168717525895e-13,300000000000000.0,50,52000000000000.0
259000.0,159412380000000.0,2.8464835e+33,30.366629338953437,4.86323009889296e-13,-12.564439237549033,21.471964779521635,3.4388877897179113e-13,26.201523671782606,4.1963593509704047e-13,300000000000000.0,50,52000000000000.0
260000.0,158813370000000.0,2.8378643e+33,30.382103427588522,4.824455708194561e-13,-12.564440222853502,21.482906818946223,3.411469579873098e-13,26.214875875244946,4.16290183018822e-13,300000000000000.0,50,52000000000000.0
261000.0,158217080000000.0,2.8291302e+33,30.397577516223606,4.785681317496164e-13,-12.56444120815797,21.49384885837081,3.384051370028284e-13,26.228228078707286,4.1294443094060344e-13,300000000000000.0,50,52000000000000.0
262000.0,157623330000000.0,2.8205557e+33,30.41305160485869,4.746906926797765e-13,-12.564442193462439,21.5047908977954,3.3566331601834705e-13,26.241580282169622,4.0959867886238495e-13,300000000000000.0,50,52000000000000.0
263000.0,157032520000000.0,2.8120513e+33,30.42804905449217,4.709551638934713e-13,-12.564443144638618,21.515395895478495,3.330218432109767e-13,26.254521204912535,4.0637537829230227e-13,300000000000000.0,50,52000000000000.0
264000.0,156444990000000.0,2.8035671e+33,30.443010258768346,4.672304264794937e-13,-12.564444093219556,21.52597526328593,3.303880012427156e-13,26.267430852378812,4.0316138937873565e-13,300000000000000.0,50,52000000000000.0
265000.0,155860280000000.0,2.7951208e+33,30.45797146304452,4.635056890655161e-13,-12.564445041800496,21.536554631093363,3.277541592744545e-13,26.280340499845092,3.999474004651691e-13,300000000000000.0,50,52000000000000.0
266000.0,155277900000000.0,2.7865985e+33,30.47293266732069,4.597809516515384e-13,-12.564445990381437,21.547133998900794,3.251203173061934e-13,26.29325014731137,3.9673341155160246e-13,300000000000000.0,50,52000000000000.0
267000.0,154697970000000.0,2.7781956e+33,30.487560041492436,4.561507865746135e-13,-12.564446915238518,21.557477308258573,3.2255334971229805e-13,26.30587174057801,3.9360102718964563e-13,300000000000000.0,50,52000000000000.0
268000.0,154120400000000.0,2.7697164e+33,30.502020546287653,4.5256789472653004e-13,-12.564447828236915,21.567702620689786,3.200198101556232e-13,26.318349346157312,3.905094339381021e-13,300000000000000.0,50,52000000000000.0
269000.0,153545580000000.0,2.7614959e+33,30.51648105108287,4.4898500287844654e-13,-12.564448741235312,21.577927933120996,3.1748627059894836e-13,26.330826951736615,3.874178406865586e-13,300000000000000.0,50,52000000000000.0
270000.0,152973140000000.0,2.7531596e+33,30.53094155587809,4.454021110303631e-13,-12.56444965423371,21.58815324555221,3.149527310422735e-13,26.343304557315918,3.8432624743501505e-13,300000000000000.0,50,52000000000000.0
271000.0,152403060000000.0,2.744661e+33,30.545238191014125,4.4186459915346317e-13,-12.564450555674355,21.598262682237998,3.124512807491447e-13,26.355640763613877,3.8127381163340687e-13,300000000000000.0,50,52000000000000.0
272000.0,151835700000000.0,2.7363006e+33,30.55920923019684,4.384172536627831e-13,-12.564451434150667,21.608141883052255,3.1001358926535263e-13,26.367696020808513,3.782991785641972e-13,300000000000000.0,50,52000000000000.0
273000.0,151270160000000.0,2.727852e+33,30.573180269379552,4.34969908172103e-13,-12.56445231262698,21.618021083866513,3.075758977815606e-13,26.37975127800315,3.7532454549498754e-13,300000000000000.0,50,52000000000000.0
274000.0,150706510000000.0,2.719705e+33,30.587151308562266,4.315225626814229e-13,-12.564453191103292,21.627900284680774,3.0513820629776854e-13,26.391806535197784,3.7234991242577793e-13,300000000000000.0,50,52000000000000.0
275000.0,150146020000000.0,2.7116147e+33,30.60112234774498,4.2807521719074283e-13,-12.564454069579604,21.63777948549503,3.0270051481397653e-13,26.40386179239242,3.6937527935656827e-13,300000000000000.0,50,52000000000000.0
276000.0,149588770000000.0,2.7037713e+33,30.614647132846788,4.247591001718349e-13,-12.56445491681648,21.647343130535848,3.0035561806569357e-13,26.415531987471894,3.6651388058515453e-13,300000000000000.0,50,52000000000000.0
277000.0,149034790000000.0,2.695607e+33,30.628139563643195,4.2145249747724283e-13,-12.564455761788437,21.656883897157616,2.9801744911966664e-13,26.427174264784774,3.6366069152477655e-13,300000000000000.0,50,52000000000000.0
278000.0,148482740000000.0,2.6873249e+33,30.6416319944396,4.1814589478265083e-13,-12.564456606760395,21.666424663779384,2.956792801736397e-13,26.438816542097655,3.6080750246439857e-13,300000000000000.0,50,52000000000000.0
279000.0,147932410000000.0,2.6792794e+33,30.655124425236007,4.1483929208805877e-13,-12.56445745173235,21.675965430401153,2.933411112276127e-13,26.450458819410535,3.579543134040206e-13,300000000000000.0,50,52000000000000.0
280000.0,147384620000000.0,2.6711959e+33,30.66840299620428,4.115944221662445e-13,-12.564458281838856,21.6853549721994,2.910465949675884e-13,26.46191656214867,3.551543922496849e-13,300000000000000.0,50,52000000000000.0
281000.0,146840220000000.0,2.6632218e+33,30.68142889169386,4.0842248954195054e-13,-12.564459094381823,21.694565841803776,2.8880365437480314e-13,26.473156277207583,3.5241740714919e-13,300000000000000.0,50,52000000000000.0
282000.0,146298520000000.0,2.6554321e+33,30.69445478718344,4.0525055691765656e-13,-12.564459906924789,21.703776711408153,2.8656071378201787e-13,26.484395992266496,3.4968042204869513e-13,300000000000000.0,50,52000000000000.0
283000.0,145759440000000.0,2.6475102e+33,30.707480682673022,4.020786242933626e-13,-12.564460719467755,21.71298758101253,2.843177731892326e-13,26.495635707325405,3.469434369482003e-13,300000000000000.0,50,52000000000000.0
284000.0,145222630000000.0,2.6396841e+33,30.720506578162603,3.989066916690686e-13,-12.564461532010721,21.722198450616908,2.820748325964473e-13,26.50687542238432,3.4420645184770543e-13,300000000000000.0,50,52000000000000.0
285000.0,144688150000000.0,2.6317103e+33,30.73311785146535,3.9585106134448673e-13,-12.564462315933676,21.731116132110543,2.799141320664459e-13,26.51775736983524,3.415698215327274e-13,300000000000000.0,50,52000000000000.0
286000.0,144155550000000.0,2.623915e+33,30.745688933334982,3.928067047921457e-13,-12.56446309708235,21.740005393392433,2.777614034831661e-13,26.528604637055956,3.3894291911649254e-13,300000000000000.0,50,52000000000000.0
287000.0,143625480000000.0,2.6162697e+33,30.758260015204613,3.8976234823980473e-13,-12.56446387823102,21.748894654674324,2.756086748998863e-13,26.53945190427667,3.363160167002577e-13,300000000000000.0,50,52000000000000.0
288000.0,143098000000000.0,2.6082644e+33,30.770831097074243,3.867179916874637e-13,-12.564464659379693,21.757783915956217,2.734559463166065e-13,26.550299171497386,3.336891142840229e-13,300000000000000.0,50,52000000000000.0
289000.0,142572800000000.0,2.6004712e+33,30.783273125948558,3.837117358787484e-13,-12.564465431681771,21.766581921149342,2.713301596423129e-13,26.56103508197674,3.3109508817423733e-13,300000000000000.0,50,52000000000000.0
290000.0,142050080000000.0,2.5927475e+33,30.795400586885922,3.8079835100487335e-13,-12.564466182420192,21.775157488734514,2.692700441344014e-13,26.571499559311043,3.2858119838263056e-13,300000000000000.0,50,52000000000000.0
291000.0,141530630000000.0,2.5853313e+33,30.807528047823283,3.778849661309983e-13,-12.564466933158613,21.783733056319686,2.6720992862648985e-13,26.58196403664535,3.260673085910238e-13,300000000000000.0,50,52000000000000.0
292000.0,141014240000000.0,2.5778471e+33,30.819655508760647,3.749715812571232e-13,-12.564467683897034,21.79230862390486,2.6514981311857835e-13,26.59242851397965,3.2355341879941705e-13,300000000000000.0,50,52000000000000.0
293000.0,140500660000000.0,2.5701984e+33,30.831782969698008,3.7205819638324814e-13,-12.564468434635454,21.80088419149003,2.6308969761066686e-13,26.602892991313954,3.2103952900781027e-13,300000000000000.0,50,52000000000000.0
294000.0,139988950000000.0,2.5625131e+33,30.843653710713028,3.6922050446799417e-13,-12.564469167890627,21.809278227037346,2.6108310631556023e-13,26.613135951196902,3.1859095301509893e-13,300000000000000.0,50,52000000000000.0
295000.0,139479710000000.0,2.555212e+33,30.855349730681112,3.6643432843376426e-13,-12.564469889246874,21.81754871367028,2.5911294307174126e-13,26.623228148487446,3.1618682894967936e-13,300000000000000.0,50,52000000000000.0
296000.0,138973800000000.0,2.547822e+33,30.8670457506492,3.636481523995344e-13,-12.564470610603122,21.825819200303215,2.571427798279223e-13,26.633320345777985,3.1378270488425973e-13,300000000000000.0,50,52000000000000.0
297000.0,138470760000000.0,2.5404163e+33,30.878741770617285,3.608619763653045e-13,-12.564471331959368,21.83408968693615,2.551726165841033e-13,26.643412543068525,3.1137858081884015e-13,300000000000000.0,50,52000000000000.0
298000.0,137968910000000.0,2.5330887e+33,30.89043779058537,3.5807580033107457e-13,-12.564472053315615,21.842360173569084,2.5320245334028433e-13,26.653504740359065,3.089744567534206e-13,300000000000000.0,50,52000000000000.0
299000.0,137468760000000.0,2.52556e+33,30.901788811378932,3.553775328855607e-13,-12.564472751326116,21.85038670408279,2.512944522846643e-13,26.663299246187243,3.0664618711790343e-13,300000000000000.0,50,52000000000000.0
300000.0,136970390000000.0,2.51822e+33,30.913065517618957,3.5269820139121644e-13,-12.564473444307827,21.85836068522415,2.4939984127633686e-13,26.673029627780497,3.0433425690725483e-13,300000000000000.0,50,52000000000000.0
301000.0,136473810000000.0,2.5107511e+33,30.924342223858982,3.5001886989687215e-13,-12.564474137289539,21.866334666365503,2.475052302680094e-13,26.68276000937375,3.020223266966063e-13,300000000000000.0,50,52000000000000.0
302000.0,135979070000000.0,2.5028126e+33,30.935618930099007,3.4733953840252786e-13,-12.56447483027125,21.87430864750686,2.456106192596819e-13,26.692490390967002,2.997103964859577e-13,300000000000000.0,50,52000000000000.0
303000.0,135484960000000.0,2.4947204e+33,30.946895636339033,3.446602069081836e-13,-12.56447552325296,21.882282628648216,2.4371600825135447e-13,26.702220772560256,2.973984662753091e-13,300000000000000.0,50,52000000000000.0
304000.0,134991300000000.0,2.4867491e+33,30.957773658870643,3.420646345142216e-13,-12.564476189438267,21.88997469224992,2.418806252747458e-13,26.711607139643945,2.9515881004165395e-13,300000000000000.0,50,52000000000000.0
305000.0,134498620000000.0,2.4788643e+33,30.968640572630232,3.394713959521452e-13,-12.56447685487693,21.89765890060795,2.40046892605606e-13,26.72098392123749,2.9292116762275124e-13,300000000000000.0,50,52000000000000.0
306000.0,134007220000000.0,2.470875e+33,30.979507486389817,3.368781573900688e-13,-12.56447752031559,21.90534310896598,2.3821315993646627e-13,26.730360702831035,2.906835252038485e-13,300000000000000.0,50,52000000000000.0
307000.0,133517490000000.0,2.4630439e+33,30.990374400149406,3.342849188279924e-13,-12.56447818575425,21.913027317324012,2.363794272673265e-13,26.739737484424577,2.884458827849458e-13,300000000000000.0,50,52000000000000.0
308000.0,133028800000000.0,2.455335e+33,31.00122352668263,3.3169607147516086e-13,-12.564478850006003,21.920698947966073,2.345487997222499e-13,26.749098917853548,2.8621202944462895e-13,300000000000000.0,50,52000000000000.0
309000.0,132541250000000.0,2.447553e+33,31.011687364373667,3.292023420396011e-13,-12.564479488548114,21.92809813289207,2.3278543222270664e-13,26.75812789492104,2.840602512784535e-13,300000000000000.0,50,52000000000000.0
310000.0,132055940000000.0,2.4397325e+33,31.022151202064705,3.2670861260404137e-13,-12.564480127090228,21.935497317818065,2.310220647231634e-13,26.767156871988526,2.8190847311227805e-13,300000000000000.0,50,52000000000000.0
311000.0,131572960000000.0,2.4323328e+33,31.032615039755743,3.2421488316848163e-13,-12.56448076563234,21.942896502744063,2.292586972236201e-13,26.776185849056013,2.797566949461026e-13,300000000000000.0,50,52000000000000.0
312000.0,131092940000000.0,2.424856e+33,31.04307887744678,3.217211537329219e-13,-12.564481404174453,21.95029568767006,2.2749532972407686e-13,26.785214826123504,2.7760491677992716e-13,300000000000000.0,50,52000000000000.0
313000.0,130615470000000.0,2.4173015e+33,31.053528849802426,3.192316430280595e-13,-12.564482041797437,21.957685068131525,2.2573494538191122e-13,26.794231839132042,2.754567788605132e-13,300000000000000.0,50,52000000000000.0
314000.0,130140310000000.0,2.4100072e+33,31.063598773978402,3.1685776752973053e-13,-12.564482654227145,21.96480570868932,2.240563292407099e-13,26.802920917857318,2.734084199306323e-13,300000000000000.0,50,52000000000000.0
315000.0,129668030000000.0,2.4029105e+33,31.07366869815438,3.144838920314016e-13,-12.564483266656852,21.971926349247116,2.223777130995086e-13,26.811609996582597,2.7136006100075135e-13,300000000000000.0,50,52000000000000.0
316000.0,129198530000000.0,2.3956177e+33,31.083738622330355,3.121100165330726e-13,-12.56448387908656,21.979046989804914,2.2069909695830726e-13,26.820299075307872,2.6931170207087046e-13,300000000000000.0,50,52000000000000.0
317000.0,128731800000000.0,2.38878e+33,31.09380854650633,3.097361410347436e-13,-12.564484491516266,21.986167630362708,2.1902048081710594e-13,26.82898815403315,2.672633431409895e-13,300000000000000.0,50,52000000000000.0
318000.0,128267890000000.0,2.3820014e+33,31.103878470682307,3.073622655364146e-13,-12.564485103945975,21.993288270920505,2.1734186467590464e-13,26.837677232758427,2.652149842111086e-13,300000000000000.0,50,52000000000000.0
319000.0,127805550000000.0,2.3751408e+33,31.11358835077809,3.0509190129790914e-13,-12.56448569264368,22.000154316911324,2.1573644362535497e-13,26.84605563827977,2.6325594279217116e-13,300000000000000.0,50,52000000000000.0
320000.0,127345800000000.0,2.368486e+33,31.123277194657177,3.0282758488913304e-13,-12.564486279954803,22.007005487761084,2.1413529912835166e-13,26.854415892165797,2.6130211990790283e-13,300000000000000.0,50,52000000000000.0
321000.0,126888510000000.0,2.3617949e+33,31.132966038536267,3.0056326848035694e-13,-12.564486867265925,22.01385665861084,2.1253415463134838e-13,26.86277614605183,2.5934829702363455e-13,300000000000000.0,50,52000000000000.0
322000.0,126432350000000.0,2.3550394e+33,31.142654882415354,2.9829895207158085e-13,-12.564487454577048,22.0207078294606,2.1093301013434507e-13,26.871136399937857,2.573944741393662e-13,300000000000000.0,50,52000000000000.0
323000.0,125978230000000.0,2.3484636e+33,31.152343726294443,2.9603463566280475e-13,-12.564488041888168,22.02755900031036,2.093318656373418e-13,26.879496653823885,2.5544065125509794e-13,300000000000000.0,50,52000000000000.0
324000.0,125527000000000.0,2.3417547e+33,31.161747536529745,2.9385779387474974e-13,-12.564488610518795,22.034208618034224,2.0779257634446434e-13,26.887610959195893,2.535623081992872e-13,300000000000000.0,50,52000000000000.0
325000.0,125079000000000.0,2.3350783e+33,31.17106697548686,2.917068449794118e-13,-12.564489173619908,22.040798575099682,2.0627159647838083e-13,26.895652462669073,2.5170630752215085e-13,300000000000000.0,50,52000000000000.0
326000.0,124634730000000.0,2.3286307e+33,31.180386414443973,2.8955589608407385e-13,-12.56448973672102,22.047388532165144,2.047506166122973e-13,26.903693966142253,2.498503068450145e-13,300000000000000.0,50,52000000000000.0
327000.0,124192780000000.0,2.322e+33,31.189705853401087,2.8740494718873586e-13,-12.564490299822133,22.053978489230605,2.032296367462138e-13,26.911735469615437,2.4799430616787814e-13,300000000000000.0,50,52000000000000.0
328000.0,123753000000000.0,2.3153463e+33,31.1990252923582,2.852539982933979e-13,-12.564490862923245,22.060568446296067,2.017086568801303e-13,26.919776973088617,2.461383054907418e-13,300000000000000.0,50,52000000000000.0
329000.0,123315190000000.0,2.3087514e+33,31.208161335983323,2.831502596460823e-13,-12.564491414068616,22.067028720779067,2.002210604190158e-13,26.927660229259367,2.4432304146154986e-13,300000000000000.0,50,52000000000000.0
330000.0,122878500000000.0,2.3021283e+33,31.217124157430693,2.810911124389418e-13,-12.564491953921443,22.073366506324604,1.9876499554622965e-13,26.935394016291216,2.4254625437064663e-13,300000000000000.0,50,52000000000000.0
331000.0,122442920000000.0,2.2955396e+33,31.226086978878065,2.790319652318014e-13,-12.564492493774269,22.079704291870144,1.9730893067344348e-13,26.943127803323062,2.407694672797434e-13,300000000000000.0,50,52000000000000.0
332000.0,122008110000000.0,2.2890141e+33,31.235049800325434,2.769728180246609e-13,-12.564493033627096,22.086042077415684,1.9585286580065734e-13,26.95086159035491,2.3899268018884017e-13,300000000000000.0,50,52000000000000.0
333000.0,121575130000000.0,2.282564e+33,31.244012621772804,2.7491367081752046e-13,-12.564493573479924,22.09237986296122,1.9439680092787118e-13,26.95859537738676,2.3721589309793694e-13,300000000000000.0,50,52000000000000.0
334000.0,121144760000000.0,2.2763791e+33,31.25291597128591,2.728729117292083e-13,-12.564494109477996,22.098675594692395,1.9295373868818789e-13,26.96627784756049,2.354549726836124e-13,300000000000000.0,50,52000000000000.0
335000.0,120717300000000.0,2.2699375e+33,31.26153184266833,2.709210379629041e-13,-12.564494626842775,22.104768044790116,1.915735291655818e-13,26.973712259980143,2.337707493294958e-13,300000000000000.0,50,52000000000000.0
336000.0,120293870000000.0,2.2635571e+33,31.27014771405075,2.689691641965999e-13,-12.564495144207555,22.110860494887838,1.9019331964297574e-13,26.981146672399795,2.320865259753792e-13,300000000000000.0,50,52000000000000.0
337000.0,119873240000000.0,2.2572406e+33,31.27876358543317,2.6701729043029566e-13,-12.564495661572334,22.11695294498556,1.8881311012036966e-13,26.988581084819447,2.3040230262126263e-13,300000000000000.0,50,52000000000000.0
338000.0,119455410000000.0,2.2509291e+33,31.28737945681559,2.6506541666399144e-13,-12.564496178937114,22.12304539508328,1.8743290059776358e-13,26.9960154972391,2.2871807926714605e-13,300000000000000.0,50,52000000000000.0
339000.0,119039920000000.0,2.2448809e+33,31.295995328198007,2.631135428976872e-13,-12.564496696301893,22.129137845181003,1.8605269107515752e-13,27.00344990965875,2.270338559130295e-13,300000000000000.0,50,52000000000000.0
340000.0,118626270000000.0,2.2388036e+33,31.30436331804392,2.612289116109927e-13,-12.564497197679342,22.135055013217418,1.847200301618366e-13,27.010670431262284,2.2540765453017827e-13,300000000000000.0,50,52000000000000.0
341000.0,118214520000000.0,2.2327336e+33,31.312644964903416,2.5936770246612083e-13,-12.564497693488029,22.140911126377173,1.8340393155074804e-13,27.017816449649114,2.2380166356859198e-13,300000000000000.0,50,52000000000000.0
342000.0,117804080000000.0,2.2266318e+33,31.320926611762914,2.57506493321249e-13,-12.564498189296716,22.146767239536924,1.8208783293965948e-13,27.02496246803594,2.2219567260700567e-13,300000000000000.0,50,52000000000000.0
343000.0,117395130000000.0,2.2205874e+33,31.32920825862241,2.5564528417637717e-13,-12.5644986851054,22.15262335269668,1.8077173432857092e-13,27.03210848642277,2.2058968164541938e-13,300000000000000.0,50,52000000000000.0
344000.0,116987000000000.0,2.2144551e+33,31.337489905481906,2.5378407503150535e-13,-12.564499180914087,22.158479465856434,1.7945563571748236e-13,27.039254504809602,2.1898369068383307e-13,300000000000000.0,50,52000000000000.0
345000.0,116577800000000.0,2.2081357e+33,31.345699133772577,2.51934370475101e-13,-12.564499672076574,22.164284370382216,1.7814767226514144e-13,27.04633803501916,2.1738762678317086e-13,300000000000000.0,50,52000000000000.0
346000.0,116168160000000.0,2.2019723e+33,31.353656897172396,2.5012461423761817e-13,-12.564500147105685,22.169911459000254,1.7686795718666008e-13,27.053204582444714,2.1582603342414262e-13,300000000000000.0,50,52000000000000.0
347000.0,115758810000000.0,2.1956563e+33,31.36161466057221,2.483148580001353e-13,-12.564500622134796,22.175538547618295,1.7558824210817872e-13,27.060071129870266,2.1426444006511437e-13,300000000000000.0,50,52000000000000.0
348000.0,115350070000000.0,2.1893859e+33,31.369572423972027,2.465051017626525e-13,-12.564501097163907,22.181165636236333,1.7430852702969735e-13,27.06693767729582,2.1270284670608614e-13,300000000000000.0,50,52000000000000.0
349000.0,114942530000000.0,2.1829386e+33,31.377530187371846,2.446953455251697e-13,-12.564501572193018,22.18679272485437,1.73028811951216e-13,27.07380422472137,2.111412533470579e-13,300000000000000.0,50,52000000000000.0
350000.0,114536080000000.0,2.1765176e+33,31.38548795077166,2.4288558928768686e-13,-12.56450204722213,22.192419813472412,1.7174909687273463e-13,27.080670772146927,2.0957965998802965e-13,300000000000000.0,50,52000000000000.0
351000.0,114130910000000.0,2.1701015e+33,31.393248633938885,2.4111949412591703e-13,-12.564502509688495,22.197907542689393,1.7050025549231316e-13,27.087367263972705,2.0805574076596221e-13,300000000000000.0,50,52000000000000.0
352000.0,113726750000000.0,2.1634737e+33,31.400886345238714,2.3938064210234665e-13,-12.5645029643161,22.203308316022657,1.6927067832857065e-13,27.0939576464521,2.0655532902058892e-13,300000000000000.0,50,52000000000000.0
353000.0,113323800000000.0,2.1569028e+33,31.408524056538543,2.376417900787762e-13,-12.564503418943707,22.208709089355924,1.6804110116482814e-13,27.100548028931495,2.0505491727521566e-13,300000000000000.0,50,52000000000000.0
354000.0,112922570000000.0,2.150496e+33,31.41616176783837,2.3590293805520577e-13,-12.564503873571311,22.21410986268919,1.6681152400108563e-13,27.10713841141089,2.0355450552984237e-13,300000000000000.0,50,52000000000000.0
355000.0,112523670000000.0,2.1442209e+33,31.4237994791382,2.3416408603163533e-13,-12.564504328198918,22.21951063602246,1.6558194683734311e-13,27.113728793890285,2.020540937844691e-13,300000000000000.0,50,52000000000000.0
356000.0,112126520000000.0,2.1379044e+33,31.43143719043803,2.324252340080649e-13,-12.564504782826523,22.224911409355727,1.643523696736006e-13,27.12031917636968,2.0055368203909584e-13,300000000000000.0,50,52000000000000.0
357000.0,111730350000000.0,2.1316016e+33,31.438788405676068,2.3075753533400274e-13,-12.564505219293643,22.23010959557387,1.6317310656532068e-13,27.126662348591797,1.991146668462102e-13,300000000000000.0,50,52000000000000.0
358000.0,111335170000000.0,2.1251885e+33,31.44611360243373,2.2909629853594816e-13,-12.564505654111496,22.235289383602368,1.6199841278779022e-13,27.132983070120574,1.976812274542139e-13,300000000000000.0,50,52000000000000.0
359000.0,110941660000000.0,2.1189016e+33,31.453438799191396,2.2743506173789354e-13,-12.564506088929349,22.24046917163086,1.608237190102598e-13,27.139303791649347,1.962477880622176e-13,300000000000000.0,50,52000000000000.0
360000.0,110550270000000.0,2.1126881e+33,31.46076399594906,2.257738249398389e-13,-12.564506523747202,22.245648959659356,1.5964902523272934e-13,27.14562451317812,1.9481434867022128e-13,300000000000000.0,50,52000000000000.0
361000.0,110160780000000.0,2.1064956e+33,31.46808919270672,2.2411258814178429e-13,-12.564506958565056,22.250828747687848,1.5847433145519888e-13,27.151945234706897,1.9338090927822497e-13,300000000000000.0,50,52000000000000.0
362000.0,109773000000000.0,2.1003739e+33,31.475376456102108,2.2246190582346042e-13,-12.564507390990737,22.255981712276917,1.5730710097242584e-13,27.158233224492776,1.9195657709425464e-13,300000000000000.0,50,52000000000000.0
363000.0,109387210000000.0,2.0943321e+33,31.482398231496294,2.208850921937843e-13,-12.564507806674094,22.260946944988515,1.5619210459410744e-13,27.164292131369187,1.9059598443428586e-13,300000000000000.0,50,52000000000000.0
364000.0,109003830000000.0,2.0882613e+33,31.489420006890484,2.193082785641082e-13,-12.56450822235745,22.265912177700113,1.5507710821578905e-13,27.170351038245595,1.8923539177431707e-13,300000000000000.0,50,52000000000000.0
365000.0,108622380000000.0,2.0822136e+33,31.496441782284673,2.1773146493443208e-13,-12.564508638040806,22.270877410411714,1.5396211183747065e-13,27.176409945122003,1.8787479911434827e-13,300000000000000.0,50,52000000000000.0
366000.0,108242730000000.0,2.0761944e+33,31.50346355767886,2.1615465130475597e-13,-12.564509053724162,22.275842643123312,1.5284711545915226e-13,27.18246885199841,1.8651420645437948e-13,300000000000000.0,50,52000000000000.0
367000.0,107864990000000.0,2.0702163e+33,31.51048533307305,2.1457783767507983e-13,-12.564509469407518,22.280807875834913,1.5173211908083386e-13,27.188527758874823,1.851536137944107e-13,300000000000000.0,50,52000000000000.0
368000.0,107488950000000.0,2.0643209e+33,31.517437130212578,2.1302005878174827e-13,-12.564509880698418,22.28572362552643,1.5063058256383357e-13,27.194526283282528,1.8380944575132894e-13,300000000000000.0,50,52000000000000.0
369000.0,107115040000000.0,2.0584937e+33,31.524166219582604,2.1152285847379569e-13,-12.564510278010205,22.290481894110634,1.495718824351755e-13,27.20033263878022,1.8251754951482223e-13,300000000000000.0,50,52000000000000.0
370000.0,106743190000000.0,2.0526038e+33,31.53089530895263,2.1002565816584308e-13,-12.564510675321992,22.295240162694842,1.4851318230651746e-13,27.206138994277918,1.8122565327831552e-13,300000000000000.0,50,52000000000000.0
371000.0,106372830000000.0,2.0467923e+33,31.537624398322656,2.085284578578905e-13,-12.56451107263378,22.29999843127905,1.474544821778594e-13,27.21194534977561,1.7993375704180882e-13,300000000000000.0,50,52000000000000.0
372000.0,106003950000000.0,2.0409203e+33,31.544353487692682,2.070312575499379e-13,-12.564511469945566,22.30475669986326,1.4639578204920134e-13,27.217751705273304,1.7864186080530208e-13,300000000000000.0,50,52000000000000.0
373000.0,105636220000000.0,2.0351614e+33,31.551082577062704,2.055340572419853e-13,-12.564511867257353,22.309514968447466,1.4533708192054328e-13,27.223558060770998,1.7734996456879537e-13,300000000000000.0,50,52000000000000.0
374000.0,105269990000000.0,2.029415e+33,31.557738962058657,2.0405503829299452e-13,-12.564512260026422,22.31422182632211,1.4429123821285116e-13,27.229301681505184,1.7607375659116757e-13,300000000000000.0,50,52000000000000.0
375000.0,104905410000000.0,2.0237426e+33,31.56418562291872,2.0262846556675211e-13,-12.564512639691497,22.318780384087237,1.432824803313144e-13,27.234864336592747,1.7484280320212275e-13,300000000000000.0,50,52000000000000.0
376000.0,104542370000000.0,2.0180284e+33,31.570632283778785,2.0120189284050971e-13,-12.564513019356571,22.32333894185236,1.4227372244977762e-13,27.240426991680305,1.7361184981307792e-13,300000000000000.0,50,52000000000000.0
377000.0,104181030000000.0,2.0123234e+33,31.57707894463885,1.997753201142673e-13,-12.564513399021646,22.327897499617485,1.4126496456824083e-13,27.245989646767867,1.7238089642403307e-13,300000000000000.0,50,52000000000000.0
378000.0,103821150000000.0,2.0066702e+33,31.583525605498913,1.983487473880249e-13,-12.56451377868672,22.332456057382608,1.4025620668670406e-13,27.251552301855426,1.7114994303498824e-13,300000000000000.0,50,52000000000000.0
379000.0,103462610000000.0,2.0010787e+33,31.589972266358977,1.969221746617825e-13,-12.564514158351795,22.33701461514773,1.392474488051673e-13,27.25711495694299,1.6991898964594341e-13,300000000000000.0,50,52000000000000.0
380000.0,103105400000000.0,1.9954824e+33,31.596370118965506,1.9550719525592273e-13,-12.564514534981434,22.341538659628302,1.3824688880385108e-13,27.262635496627666,1.6869803985490796e-13,300000000000000.0,50,52000000000000.0
381000.0,102749400000000.0,1.9899023e+33,31.602543297319595,1.9414558224614526e-13,-12.564514897638356,22.345903832486865,1.3728406530152272e-13,27.267962170603727,1.6752313864667662e-13,300000000000000.0,50,52000000000000.0
382000.0,102394760000000.0,1.9843814e+33,31.608716475673685,1.927839692363678e-13,-12.564515260295279,22.35026900534543,1.3632124179919437e-13,27.27328884457979,1.663482374384453e-13,300000000000000.0,50,52000000000000.0
383000.0,102041380000000.0,1.9789237e+33,31.614889654027774,1.914223562265903e-13,-12.5645156229522,22.354634178203995,1.3535841829686601e-13,27.278615518555846,1.6517333623021397e-13,300000000000000.0,50,52000000000000.0
384000.0,101689300000000.0,1.9733195e+33,31.621062832381863,1.9006074321681283e-13,-12.564515985609123,22.358999351062558,1.3439559479453766e-13,27.283942192531907,1.6399843502198266e-13,300000000000000.0,50,52000000000000.0
385000.0,101338370000000.0,1.9677181e+33,31.627236010735952,1.8869913020703536e-13,-12.564516348266045,22.363364523921124,1.3343277129220928e-13,27.289268866507967,1.6282353381375134e-13,300000000000000.0,50,52000000000000.0
386000.0,100988780000000.0,1.9622986e+33,31.633409019783038,1.873375586720309e-13,-12.564516710912487,22.367729577059354,1.3246997711755672e-13,27.294595394393323,1.6164866839309823e-13,300000000000000.0,50,52000000000000.0
387000.0,100641200000000.0,1.9569672e+33,31.63931692313094,1.8604092951060754e-13,-12.5645170571484,22.37190716871188,1.3155310504785863e-13,27.29969316931874,1.6052984017548248e-13,300000000000000.0,50,52000000000000.0
388000.0,100294800000000.0,1.9515101e+33,31.64522482647885,1.847443003491842e-13,-12.564517403384313,22.376084760364403,1.3063623297816055e-13,27.30479094424416,1.594110119578667e-13,300000000000000.0,50,52000000000000.0
389000.0,99949608000000.0,1.9460591e+33,31.651132729826756,1.8344767118776087e-13,-12.564517749620226,22.380262352016928,1.2971936090846246e-13,27.30988871916958,1.5829218374025093e-13,300000000000000.0,50,52000000000000.0
390000.0,99605882000000.0,1.9406918e+33,31.65704063317466,1.8215104202633754e-13,-12.564518095856139,22.384439943669456,1.2880248883876437e-13,27.314986494095,1.5717335552263515e-13,300000000000000.0,50,52000000000000.0
391000.0,99263555000000.0,1.9352992e+33,31.662948536522567,1.808544128649142e-13,-12.564518442092051,22.38861753532198,1.2788561676906628e-13,27.32008426902042,1.560545273050194e-13,300000000000000.0,50,52000000000000.0
392000.0,98922586000000.0,1.9299973e+33,31.668856439870474,1.7955778370349085e-13,-12.564518788327964,22.392795126974505,1.269687446993682e-13,27.325182043945837,1.549356990874036e-13,300000000000000.0,50,52000000000000.0
393000.0,98583119000000.0,1.9247495e+33,31.67457890572752,1.783077476019041e-13,-12.564519123135865,22.39684159211754,1.260848195459046e-13,27.330119809592162,1.538570748856698e-13,300000000000000.0,50,52000000000000.0
394000.0,98245363000000.0,1.9194578e+33,31.68023008568907,1.7707562280821587e-13,-12.564519453550606,22.400837649596998,1.2521355984869246e-13,27.33499606445824,1.5279390591503144e-13,300000000000000.0,50,52000000000000.0
395000.0,97908971000000.0,1.9141613e+33,31.685881265650618,1.7584349801452764e-13,-12.564519783965347,22.40483370707646,1.2434230015148035e-13,27.33987231932432,1.5173073694439307e-13,300000000000000.0,50,52000000000000.0
396000.0,97573915000000.0,1.9088793e+33,31.691532445612168,1.746113732208394e-13,-12.564520114380088,22.408829764555918,1.234710404542682e-13,27.3447485741904,1.506675679737547e-13,300000000000000.0,50,52000000000000.0
397000.0,97240522000000.0,1.9036814e+33,31.697183625573714,1.7337924842715116e-13,-12.56452044479483,22.41282582203538,1.2259978075705607e-13,27.34962482905648,1.4960439900311633e-13,300000000000000.0,50,52000000000000.0
398000.0,96908775000000.0,1.8985031e+33,31.70283480553526,1.721471236334629e-13,-12.564520775209571,22.416821879514842,1.2172852105984393e-13,27.35450108392256,1.4854123003247796e-13,300000000000000.0,50,52000000000000.0
399000.0,96578145000000.0,1.8933512e+33,31.708401223514265,1.7093537184807024e-13,-12.564521100422766,22.42075800012782,1.2087166753750496e-13,27.359304199841848,1.4749564043343974e-13,300000000000000.0,50,52000000000000.0
400000.0,96248483000000.0,1.8881536e+33,31.713804483596466,1.6976283595977344e-13,-12.564521415623535,22.424578748580046,1.200425443858199e-13,27.36396653098504,1.4648388927483613e-13,300000000000000.0,50,52000000000000.0
401000.0,95919968000000.0,1.88298e+33,31.719207743678663,1.6859030007147667e-13,-12.564521730824302,22.42839949703227,1.1921342123413486e-13,27.368628862128233,1.454721381162325e-13,300000000000000.0,50,52000000000000.0
402000.0,95592925000000.0,1.8778602e+33,31.724611003760863,1.674177641831799e-13,-12.564522046025068,22.432220245484494,1.1838429808244984e-13,27.373291193271424,1.4446038695762886e-13,300000000000000.0,50,52000000000000.0
403000.0,95267447000000.0,1.8727517e+33,31.73001426384306,1.6624522829488312e-13,-12.564522361225837,22.436040993936718,1.175551749307648e-13,27.377953524414618,1.4344863579902523e-13,300000000000000.0,50,52000000000000.0
404000.0,94942897000000.0,1.8676767e+33,31.73541752392526,1.6507269240658632e-13,-12.564522676426604,22.439861742388942,1.1672605177907975e-13,27.38261585555781,1.424368846404216e-13,300000000000000.0,50,52000000000000.0
405000.0,94619550000000.0,1.8626301e+33,31.740820784007457,1.6390015651828955e-13,-12.56452299162737,22.44368249084117,1.158969286273947e-13,27.387278186701003,1.4142513348181796e-13,300000000000000.0,50,52000000000000.0
406000.0,94297649000000.0,1.857542e+33,31.74601839984858,1.6277847738971516e-13,-12.56452329426151,22.447357824212293,1.1510376733354932e-13,27.391763072700513,1.4045726537119664e-13,300000000000000.0,50,52000000000000.0
407000.0,93977023000000.0,1.8525936e+33,31.75118189271165,1.6166523702940687e-13,-12.564523594810442,22.451009028555564,1.1431657326581868e-13,27.396218514857047,1.3949667886629995e-13,300000000000000.0,50,52000000000000.0
408000.0,93658144000000.0,1.8476261e+33,31.75634538557472,1.6055199666909857e-13,-12.564523895359374,22.45466023289884,1.1352937919808804e-13,27.40067395701358,1.385360923614033e-13,300000000000000.0,50,52000000000000.0
409000.0,93340853000000.0,1.8426087e+33,31.761508878437787,1.5943875630879027e-13,-12.564524195908305,22.458311437242113,1.127421851303574e-13,27.405129399170114,1.375755058565066e-13,300000000000000.0,50,52000000000000.0
410000.0,93024755000000.0,1.8376225e+33,31.766672371300857,1.5832551594848197e-13,-12.564524496457237,22.461962641585384,1.1195499106262675e-13,27.409584841326648,1.3661491935160994e-13,300000000000000.0,50,52000000000000.0
411000.0,92709771000000.0,1.8326679e+33,31.771835864163926,1.5721227558817365e-13,-12.564524797006168,22.465613845928658,1.1116779699489611e-13,27.414040283483182,1.3565433284671327e-13,300000000000000.0,50,52000000000000.0
412000.0,92396353000000.0,1.8278049e+33,31.776937355046606,1.5611419255295144e-13,-12.564525093781404,22.469221207456947,1.1039132098143382e-13,27.41844222572383,1.3470682522367412e-13,300000000000000.0,50,52000000000000.0
413000.0,92084178000000.0,1.822948e+33,31.781869503178886,1.5505750792311296e-13,-12.564525380249744,22.472708823408915,1.0964411862628569e-13,27.422698046456013,1.3379503926326544e-13,300000000000000.0,50,52000000000000.0
414000.0,91773249000000.0,1.818122e+33,31.78680165131117,1.5400082329327451e-13,-12.564525666718087,22.476196439360884,1.0889691627113755e-13,27.426953867188193,1.3288325330285675e-13,300000000000000.0,50,52000000000000.0
415000.0,91463718000000.0,1.8132032e+33,31.791733799443453,1.5294413866343604e-13,-12.564525953186427,22.479684055312855,1.081497139159894e-13,27.431209687920372,1.3197146734244806e-13,300000000000000.0,50,52000000000000.0
416000.0,91155092000000.0,1.8083825e+33,31.796665947575733,1.5188745403359759e-13,-12.564526239654768,22.483171671264824,1.0740251156084128e-13,27.435465508652552,1.3105968138203938e-13,300000000000000.0,50,52000000000000.0
417000.0,90847476000000.0,1.803566e+33,31.801598095708016,1.508307694037591e-13,-12.56452652612311,22.486659287216796,1.0665530920569314e-13,27.439721329384735,1.301478954216307e-13,300000000000000.0,50,52000000000000.0
418000.0,90541464000000.0,1.7987666e+33,31.806530243840296,1.4977408477392066e-13,-12.56452681259145,22.490146903168764,1.0590810685054501e-13,27.443977150116915,1.29236109461222e-13,300000000000000.0,50,52000000000000.0
419000.0,90236947000000.0,1.7939815e+33,31.811334932344547,1.487474791192023e-13,-12.56452709133228,22.493544389926495,1.0518217395201205e-13,27.448122989217797,1.283502779047925e-13,300000000000000.0,50,52000000000000.0
420000.0,89933332000000.0,1.7892199e+33,31.816043917027006,1.4774345844232358e-13,-12.564527364270864,22.496874202641262,1.0447221135181532e-13,27.45218624795496,1.2748393436736532e-13,300000000000000.0,50,52000000000000.0
421000.0,89630580000000.0,1.7844583e+33,31.82075290170946,1.4673943776544487e-13,-12.564527637209446,22.50020401535603,1.0376224875161858e-13,27.45624950669212,1.2661759082993813e-13,300000000000000.0,50,52000000000000.0
422000.0,89329014000000.0,1.7797315e+33,31.82546188639192,1.457354170885662e-13,-12.564527910148028,22.503533828070797,1.0305228615142186e-13,27.460312765429283,1.2575124729251096e-13,300000000000000.0,50,52000000000000.0
423000.0,89028506000000.0,1.7750315e+33,31.83017087107438,1.4473139641168748e-13,-12.564528183086612,22.50686364078556,1.0234232355122512e-13,27.464376024166448,1.2488490375508378e-13,300000000000000.0,50,52000000000000.0
424000.0,88729515000000.0,1.7703689e+33,31.834879855756835,1.4372737573480877e-13,-12.564528456025194,22.510193453500328,1.0163236095102839e-13,27.46843928290361,1.240185602176566e-13,300000000000000.0,50,52000000000000.0
425000.0,88431924000000.0,1.76576e+33,31.839588840439294,1.4272335505793006e-13,-12.564528728963776,22.513523266215095,1.0092239835083166e-13,27.47250254164077,1.2315221668022942e-13,300000000000000.0,50,52000000000000.0
426000.0,88135875000000.0,1.7610978e+33,31.844132896201454,1.4175884400574106e-13,-12.5645289919416,22.51673645447401,1.0024037380756635e-13,27.476423487467926,1.2231996501594317e-13,300000000000000.0,50,52000000000000.0
427000.0,87841204000000.0,1.7564814e+33,31.848626390775394,1.408064451626592e-13,-12.564529251865821,22.519913889930734,9.956691405301412e-14,27.48030080535029,1.214981646758489e-13,300000000000000.0,50,52000000000000.0
428000.0,87547274000000.0,1.7519237e+33,31.85311988534933,1.3985404631957732e-13,-12.56452951179004,22.52309132538746,9.889345429846188e-14,27.484178123232653,1.2067636433575465e-13,300000000000000.0,50,52000000000000.0
429000.0,87253846000000.0,1.7473911e+33,31.85761337992327,1.3890164747649542e-13,-12.564529771714259,22.526268760844182,9.821999454390965e-14,27.488055441115016,1.1985456399566038e-13,300000000000000.0,50,52000000000000.0
430000.0,86961726000000.0,1.7428429e+33,31.862106874497208,1.3794924863341355e-13,-12.56453003163848,22.529446196300906,9.754653478935741e-14,27.49193275899738,1.1903276365556612e-13,300000000000000.0,50,52000000000000.0
431000.0,86671149000000.0,1.7382047e+33,31.866600369071147,1.3699684979033167e-13,-12.564530291562699,22.53262363175763,9.687307503480518e-14,27.495810076879742,1.1821096331547188e-13,300000000000000.0,50,52000000000000.0
432000.0,86381506000000.0,1.7336387e+33,31.871093863645086,1.360444509472498e-13,-12.564530551486918,22.535801067214354,9.619961528025294e-14,27.499687394762105,1.1738916297537762e-13,300000000000000.0,50,52000000000000.0
433000.0,86092866000000.0,1.7291286e+33,31.875411014276903,1.3513325999947836e-13,-12.56453080080018,22.538853806438148,9.555529446202032e-14,27.503412550015693,1.1660291990125176e-13,300000000000000.0,50,52000000000000.0
434000.0,85805517000000.0,1.7246018e+33,31.87969677343234,1.3422940458394476e-13,-12.564531048224554,22.54188434813815,9.491616074701484e-14,27.507110618375847,1.1582300647509352e-13,300000000000000.0,50,52000000000000.0
435000.0,85519653000000.0,1.7200271e+33,31.883982532587773,1.3332554916841119e-13,-12.564531295648928,22.544914889838154,9.427702703200936e-14,27.510808686736,1.150430930489353e-13,300000000000000.0,50,52000000000000.0
436000.0,85235235000000.0,1.7156019e+33,31.88826829174321,1.324216937528776e-13,-12.564531543073302,22.547945431538157,9.363789331700389e-14,27.514506755096154,1.1426317962277706e-13,300000000000000.0,50,52000000000000.0
437000.0,84951546000000.0,1.7111483e+33,31.892554050898646,1.3151783833734404e-13,-12.564531790497677,22.55097597323816,9.299875960199842e-14,27.51820482345631,1.1348326619661883e-13,300000000000000.0,50,52000000000000.0
438000.0,84668265000000.0,1.7067238e+33,31.896839810054082,1.3061398292181044e-13,-12.564532037922051,22.554006514938163,9.235962588699294e-14,27.521902891816463,1.127033527704606e-13,300000000000000.0,50,52000000000000.0
439000.0,84385950000000.0,1.7023494e+33,31.90112556920952,1.2971012750627686e-13,-12.564532285346425,22.557037056638165,9.172049217198747e-14,27.525600960176615,1.1192343934430235e-13,300000000000000.0,50,52000000000000.0
440000.0,84105641000000.0,1.6978919e+33,31.905247056103068,1.2884675009963926e-13,-12.564532522921862,22.55995143823202,9.110998127001491e-14,27.529157282257014,1.1117845337623443e-13,300000000000000.0,50,52000000000000.0
441000.0,83827798000000.0,1.6935107e+33,31.909332461422665,1.2799226348353942e-13,-12.564532758334028,22.56284030584431,9.050575722459036e-14,27.532682470481838,1.1044113904820928e-13,300000000000000.0,50,52000000000000.0
442000.0,83551269000000.0,1.6890973e+33,31.913417866742257,1.271377768674396e-13,-12.564532993746196,22.565729173456607,8.990153317916581e-14,27.536207658706665,1.0970382472018415e-13,300000000000000.0,50,52000000000000.0
443000.0,83273929000000.0,1.684844e+33,31.91750327206185,1.2628329025133979e-13,-12.564533229158362,22.5686180410689,8.929730913374126e-14,27.53973284693149,1.08966510392159e-13,300000000000000.0,50,52000000000000.0
444000.0,82996866000000.0,1.6805305e+33,31.921588677381447,1.2542880363523995e-13,-12.56453346457053,22.571506908681194,8.869308508831671e-14,27.543258035156313,1.0822919606413386e-13,300000000000000.0,50,52000000000000.0
445000.0,82722258000000.0,1.6761186e+33,31.92567408270104,1.2457431701914013e-13,-12.564533699982697,22.574395776293485,8.808886104289215e-14,27.54678322338114,1.0749188173610872e-13,300000000000000.0,50,52000000000000.0
446000.0,82450224000000.0,1.6717049e+33,31.929759488020636,1.2371983040304032e-13,-12.564533935394863,22.577284643905777,8.748463699746761e-14,27.550308411605965,1.0675456740808357e-13,300000000000000.0,50,52000000000000.0
447000.0,82178454000000.0,1.6675776e+33,31.933714652356898,1.2289516735851293e-13,-12.564534163024762,22.580081415594805,8.690150179863462e-14,27.553721218265885,1.0604298709175802e-13,300000000000000.0,50,52000000000000.0
448000.0,81905915000000.0,1.6634317e+33,31.937607566437098,1.2208475885137808e-13,-12.56453438693503,22.58283416892142,8.632844626955467e-14,27.55708031079518,1.0534370665813235e-13,300000000000000.0,50,52000000000000.0
449000.0,81634900000000.0,1.6591496e+33,31.941500480517302,1.2127435034424326e-13,-12.564534610845298,22.58558692224803,8.57553907404747e-14,27.560439403324473,1.0464442622450669e-13,300000000000000.0,50,52000000000000.0
450000.0,81367450000000.0,1.654754e+33,31.945393394597506,1.2046394183710844e-13,-12.564534834755566,22.588339675574645,8.518233521139474e-14,27.563798495853767,1.0394514579088102e-13,300000000000000.0,50,52000000000000.0
451000.0,81101894000000.0,1.650454e+33,31.949286308677706,1.1965353332997361e-13,-12.564535058665834,22.591092428901256,8.460927968231478e-14,27.56715758838306,1.0324586535725536e-13,300000000000000.0,50,52000000000000.0
452000.0,80835234000000.0,1.6464702e+33,31.95317922275791,1.188431248228388e-13,-12.564535282576102,22.59384518222787,8.403622415323482e-14,27.57051668091236,1.0254658492362969e-13,300000000000000.0,50,52000000000000.0
453000.0,80566747000000.0,1.6424171e+33,31.957072136838114,1.1803271631570397e-13,-12.56453550648637,22.596597935554485,8.346316862415485e-14,27.573875773441653,1.0184730449000403e-13,300000000000000.0,50,52000000000000.0
454000.0,80300057000000.0,1.6381917e+33,31.96088766266222,1.1724175869649275e-13,-12.564535725788167,22.599295966148485,8.290386720527935e-14,27.577168089656528,1.0116480773546384e-13,300000000000000.0,50,52000000000000.0
455000.0,80037751000000.0,1.6337931e+33,31.96459504564972,1.1647798187060535e-13,-12.564535938650053,22.60191752685119,8.236378586665354e-14,27.580367092228947,1.005057645998138e-13,300000000000000.0,50,52000000000000.0
456000.0,79778526000000.0,1.6295663e+33,31.968302428637216,1.1571420504471798e-13,-12.56453615151194,22.60453908755389,8.182370452802775e-14,27.583566094801366,9.984672146416375e-14,300000000000000.0,50,52000000000000.0
457000.0,79518880000000.0,1.6255458e+33,31.972009811624712,1.1495042821883057e-13,-12.564536364373826,22.607160648256592,8.128362318940195e-14,27.58676509737379,9.91876783285137e-14,300000000000000.0,50,52000000000000.0
458000.0,79256634000000.0,1.6217001e+33,31.975717194612212,1.141866513929432e-13,-12.564536577235712,22.60978220895929,8.074354185077615e-14,27.589964099946208,9.852863519286365e-14,300000000000000.0,50,52000000000000.0
459000.0,78994818000000.0,1.6175962e+33,31.97942457759971,1.134228745670558e-13,-12.564536790097598,22.612403769661995,8.020346051215036e-14,27.593163102518627,9.786959205721361e-14,300000000000000.0,50,52000000000000.0
460000.0,78737623000000.0,1.6132328e+33,31.983131960587205,1.1265909774116841e-13,-12.564537002959485,22.615025330364695,7.966337917352456e-14,27.59636210509105,9.721054892156357e-14,300000000000000.0,50,52000000000000.0
461000.0,78484067000000.0,1.6090848e+33,31.986832315325593,1.1189695873601192e-13,-12.564537215404131,22.617641921256766,7.912445597056335e-14,27.599555043170316,9.655291901999716e-14,300000000000000.0,50,52000000000000.0
462000.0,78229952000000.0,1.6051612e+33,31.99036199881743,1.1117459192750519e-13,-12.564537417716702,22.620137827215522,7.861365648012462e-14,27.602600713474914,9.592960754096986e-14,300000000000000.0,50,52000000000000.0
463000.0,77972891000000.0,1.6013978e+33,31.993891682309272,1.1045222511899845e-13,-12.564537620029272,22.62263373317428,7.81028569896859e-14,27.605646383779515,9.530629606194257e-14,300000000000000.0,50,52000000000000.0
464000.0,77716152000000.0,1.5974796e+33,31.99742136580111,1.0972985831049173e-13,-12.56453782234184,22.625129639133036,7.759205749924717e-14,27.608692054084113,9.468298458291527e-14,300000000000000.0,50,52000000000000.0
465000.0,77463613000000.0,1.5932427e+33,32.00095104929295,1.09007491501985e-13,-12.56453802465441,22.627625545091792,7.708125800880845e-14,27.611737724388714,9.405967310388799e-14,300000000000000.0,50,52000000000000.0
466000.0,77214910000000.0,1.589162e+33,32.00448073278479,1.0828512469347826e-13,-12.564538226966981,22.63012145105055,7.657045851836972e-14,27.614783394693312,9.34363616248607e-14,300000000000000.0,50,52000000000000.0
467000.0,76967222000000.0,1.5852487e+33,32.008010416276626,1.0756275788497153e-13,-12.564538429279551,22.632617357009305,7.605965902793099e-14,27.617829064997913,9.28130501458334e-14,300000000000000.0,50,52000000000000.0
468000.0,76717861000000.0,1.5814339e+33,32.01154009976847,1.0684039107646479e-13,-12.564538631592121,22.635113262968062,7.554885953749226e-14,27.62087473530251,9.21897386668061e-14,300000000000000.0,50,52000000000000.0
469000.0,76467259000000.0,1.5776894e+33,32.014977212355305,1.0613999731385366e-13,-12.564538828426246,22.637543710256036,7.505359762359262e-14,27.623840528587525,9.158538717099212e-14,300000000000000.0,50,52000000000000.0
470000.0,76218203000000.0,1.5737098e+33,32.018336097167996,1.054581720471602e-13,-12.564539020630766,22.639918841177444,7.457146586142101e-14,27.626738821166487,9.099705795868713e-14,300000000000000.0,50,52000000000000.0
471000.0,75972921000000.0,1.5695961e+33,32.021694981980694,1.0477634678046674e-13,-12.564539212835287,22.64229397209885,7.408933409924941e-14,27.629637113745446,9.040872874638214e-14,300000000000000.0,50,52000000000000.0
472000.0,75729879000000.0,1.5656353e+33,32.025053866793385,1.0409452151377327e-13,-12.564539405039808,22.644669103020263,7.360720233707782e-14,27.632535406324404,8.982039953407715e-14,300000000000000.0,50,52000000000000.0
473000.0,75486513000000.0,1.5618861e+33,32.028412751606076,1.0341269624707981e-13,-12.564539597244329,22.64704423394167,7.31250705749062e-14,27.635433698903366,8.923207032177217e-14,300000000000000.0,50,52000000000000.0
474000.0,75242305000000.0,1.5582056e+33,32.03177163641877,1.0273087098038635e-13,-12.56453978944885,22.64941936486308,7.264293881273461e-14,27.638331991482325,8.864374110946718e-14,300000000000000.0,50,52000000000000.0
475000.0,74999536000000.0,1.5543209e+33,32.03513052123146,1.0204904571369288e-13,-12.56453998165337,22.65179449578449,7.2160807050563e-14,27.641230284061287,8.805541189716218e-14,300000000000000.0,50,52000000000000.0
476000.0,74759780000000.0,1.5503128e+33,32.03848940604415,1.0136722044699942e-13,-12.56454017385789,22.654169626705897,7.16786752883914e-14,27.644128576640245,8.746708268485719e-14,300000000000000.0,50,52000000000000.0
477000.0,74522258000000.0,1.5464474e+33,32.04169715679335,1.0072254940304203e-13,-12.564540357144661,22.656437887823685,7.122281601038308e-14,27.646896459583672,8.69108129033064e-14,300000000000000.0,50,52000000000000.0
478000.0,74284809000000.0,1.5427634e+33,32.04489220655411,1.0008100072172446e-13,-12.564540539682003,22.65869716782822,7.076916461661957e-14,27.64965338317594,8.635723732880583e-14,300000000000000.0,50,52000000000000.0
479000.0,74046187000000.0,1.5392142e+33,32.048087256314865,9.94394520404069e-14,-12.564540722219345,22.660956447832753,7.031551322285606e-14,27.65241030676821,8.580366175430526e-14,300000000000000.0,50,52000000000000.0
480000.0,73807254000000.0,1.5355728e+33,32.05128230607562,9.879790335908933e-14,-12.564540904756687,22.66321572783729,6.986186182909255e-14,27.65516723036048,8.52500861798047e-14,300000000000000.0,50,52000000000000.0
481000.0,73570378000000.0,1.5317612e+33,32.05447735583638,9.815635467777178e-14,-12.564541087294028,22.665475007841824,6.940821043532905e-14,27.657924153952752,8.469651060530414e-14,300000000000000.0,50,52000000000000.0
482000.0,73336647000000.0,1.5277719e+33,32.05767240559714,9.751480599645421e-14,-12.56454126983137,22.667734287846358,6.895455904156554e-14,27.66068107754502,8.414293503080357e-14,300000000000000.0,50,52000000000000.0
483000.0,73104705000000.0,1.5240179e+33,32.060867455357894,9.687325731513665e-14,-12.564541452368712,22.669993567850895,6.850090764780203e-14,27.66343800113729,8.3589359456303e-14,300000000000000.0,50,52000000000000.0
484000.0,72872482000000.0,1.5204526e+33,32.06403445693931,9.623754572615481e-14,-12.564541633255663,22.67223301444914,6.805138377774793e-14,27.666170722689333,8.304082056046672e-14,300000000000000.0,50,52000000000000.0
485000.0,72639072000000.0,1.5169483e+33,32.06707284228708,9.562860039613369e-14,-12.564541806574681,22.674381514038448,6.762078686003898e-14,27.668792464657905,8.251537758939499e-14,300000000000000.0,50,52000000000000.0
486000.0,72405991000000.0,1.5133305e+33,32.070111227634854,9.501965506611257e-14,-12.5645419798937,22.676530013627758,6.719018994233005e-14,27.671414206626476,8.198993461832326e-14,300000000000000.0,50,52000000000000.0
487000.0,72175457000000.0,1.5094333e+33,32.07314961298263,9.441070973609145e-14,-12.564542153212718,22.67867851321707,6.67595930246211e-14,27.674035948595048,8.146449164725154e-14,300000000000000.0,50,52000000000000.0
488000.0,71946948000000.0,1.5056339e+33,32.076187998330404,9.380176440607033e-14,-12.564542326531736,22.680827012806375,6.632899610691215e-14,27.67665769056362,8.093904867617981e-14,300000000000000.0,50,52000000000000.0
489000.0,71718776000000.0,1.5020554e+33,32.079226383678176,9.31928190760492e-14,-12.564542499850754,22.682975512395686,6.58983991892032e-14,27.67927943253219,8.041360570510808e-14,300000000000000.0,50,52000000000000.0
490000.0,71489552000000.0,1.4986054e+33,32.08226476902595,9.258387374602808e-14,-12.564542673169772,22.685124011984996,6.546780227149426e-14,27.681901174500762,7.988816273403636e-14,300000000000000.0,50,52000000000000.0
491000.0,71260387000000.0,1.4950997e+33,32.08530315437372,9.197492841600695e-14,-12.56454284648879,22.687272511574303,6.503720535378531e-14,27.684522916469337,7.936271976296463e-14,300000000000000.0,50,52000000000000.0
492000.0,71034075000000.0,1.491228e+33,32.088294746144264,9.137726026243605e-14,-12.564543017062554,22.689387922528017,6.461458274893143e-14,27.687104281486096,7.884700757827156e-14,300000000000000.0,50,52000000000000.0
493000.0,70811172000000.0,1.4873476e+33,32.09118201006347,9.080473495234601e-14,-12.564543181515681,22.69142956125785,6.420973914229288e-14,27.689595624733297,7.83529905084811e-14,300000000000000.0,50,52000000000000.0
494000.0,70589515000000.0,1.4837614e+33,32.09406927398268,9.023220964225599e-14,-12.564543345968808,22.693471199987684,6.380489553565434e-14,27.6920869679805,7.785897343869063e-14,300000000000000.0,50,52000000000000.0
495000.0,70364712000000.0,1.4805645e+33,32.09695653790189,8.965968433216595e-14,-12.564543510421935,22.695512838717516,6.34000519290158e-14,27.694578311227705,7.736495636890018e-14,300000000000000.0,50,52000000000000.0
496000.0,70136237000000.0,1.4775673e+33,32.099843801821095,8.908715902207593e-14,-12.564543674875061,22.697554477447348,6.299520832237726e-14,27.69706965447491,7.687093929910971e-14,300000000000000.0,50,52000000000000.0
497000.0,69910730000000.0,1.4737821e+33,32.1027310657403,8.851463371198589e-14,-12.564543839328188,22.699596116177183,6.259036471573871e-14,27.699560997722113,7.637692222931925e-14,300000000000000.0,50,52000000000000.0
498000.0,69692218000000.0,1.4694684e+33,32.10561832965951,8.794210840189585e-14,-12.564544003781315,22.701637754907015,6.218552110910017e-14,27.702052340969317,7.588290515952878e-14,300000000000000.0,50,52000000000000.0
499000.0,69478166000000.0,1.4655516e+33,32.10850559357872,8.736958309180583e-14,-12.564544168234441,22.703679393636847,6.178067750246163e-14,27.704543684216517,7.538888808973832e-14,300000000000000.0,50,52000000000000.0
500000.0,69260249000000.0,1.462393e+33,32.11134776977435,8.680330844590706e-14,-12.564544330049298,22.705689149974223,6.138025386633098e-14,27.70699612244993,7.49002645616109e-14,300000000000000.0,50,52000000000000.0
501000.0,69033037000000.0,1.4603456e+33,32.114090639595005,8.625080097991212e-14,-12.564544486053322,22.70762868487283,6.098956528031494e-14,27.709362871817696,7.442352038840021e-14,300000000000000.0,50,52000000000000.0
502000.0,68806599000000.0,1.4567456e+33,32.11683350941567,8.569829351391716e-14,-12.564544642057347,22.70956821977144,6.059887669429891e-14,27.711729621185466,7.394677621518953e-14,300000000000000.0,50,52000000000000.0
503000.0,68590972000000.0,1.4519877e+33,32.11957637923633,8.51457860479222e-14,-12.564544798061371,22.71150775467005,6.020818810828287e-14,27.714096370553232,7.347003204197886e-14,300000000000000.0,50,52000000000000.0
504000.0,68386976000000.0,1.4476326e+33,32.12231924905699,8.459327858192724e-14,-12.564544954065397,22.71344728956866,5.981749952226685e-14,27.716463119921002,7.299328786876818e-14,300000000000000.0,50,52000000000000.0
505000.0,68189401000000.0,1.4447419e+33,32.12506211887765,8.404077111593228e-14,-12.564545110069421,22.71538682446727,5.94268109362508e-14,27.71882986928877,7.25165436955575e-14,300000000000000.0,50,52000000000000.0
506000.0,67958167000000.0,1.4463491e+33,32.127804988698315,8.348826364993732e-14,-12.564545266073447,22.717326359365877,5.903612235023478e-14,27.721196618656535,7.203979952234683e-14,300000000000000.0,50,52000000000000.0
507000.0,67721924000000.0,1.4420648e+33,32.13054785851897,8.293575618394236e-14,-12.56454542207747,22.71926589426449,5.864543376421874e-14,27.723563368024305,7.156305534913615e-14,300000000000000.0,50,52000000000000.0
508000.0,67496715000000.0,1.4360915e+33,32.13326456004149,8.239023670144975e-14,-12.564545576555208,22.721186925059474,5.825968651724685e-14,27.725907537455267,7.10923409261517e-14,300000000000000.0,50,52000000000000.0
509000.0,67286377000000.0,1.4307555e+33,32.13586581790952,8.18755452975834e-14,-12.5645457242996,22.723026323440585,5.789573840424833e-14,27.728152093590495,7.064822725487312e-14,300000000000000.0,50,52000000000000.0
510000.0,67087688000000.0,1.4262132e+33,32.138467075777555,8.136085389371704e-14,-12.564545872043992,22.7248657218217,5.753179029124982e-14,27.730396649725726,7.020411358359454e-14,300000000000000.0,50,52000000000000.0
511000.0,66891449000000.0,1.423314e+33,32.141068333645585,8.084616248985068e-14,-12.564546019788384,22.726705120202812,5.71678421782513e-14,27.732641205860954,6.975999991231596e-14,300000000000000.0,50,52000000000000.0
512000.0,66696017000000.0,1.4207515e+33,32.14366959151362,8.033147108598433e-14,-12.564546167532777,22.728544518583927,5.680389406525279e-14,27.734885761996182,6.931588624103738e-14,300000000000000.0,50,52000000000000.0
513000.0,66489727000000.0,1.417945e+33,32.14627084938165,7.981677968211797e-14,-12.564546315277168,22.73038391696504,5.6439945952254276e-14,27.73713031813141,6.88717725697588e-14,300000000000000.0,50,52000000000000.0
514000.0,66252145000000.0,1.4194804e+33,32.14887210724969,7.93020882782516e-14,-12.56454646302156,22.732223315346154,5.607599783925576e-14,27.73937487426664,6.842765889848022e-14,300000000000000.0,50,52000000000000.0
515000.0,66027460000000.0,1.4136217e+33,32.151473365117724,7.878739687438525e-14,-12.564546610765952,22.734062713727266,5.5712049726257245e-14,27.74161943040187,6.798354522720164e-14,300000000000000.0,50,52000000000000.0
516000.0,65812160000000.0,1.4083857e+33,32.15407462298575,7.827270547051889e-14,-12.564546758510344,22.73590211210838,5.534810161325873e-14,27.743863986537097,6.753943155592307e-14,300000000000000.0,50,52000000000000.0
517000.0,65608099000000.0,1.4033401e+33,32.15655185336259,7.778589804130069e-14,-12.564546899037063,22.737653808283785,5.500387080290357e-14,27.746001522613238,6.711937824742098e-14,300000000000000.0,50,52000000000000.0
518000.0,65414476000000.0,1.398744e+33,32.159019046147414,7.730134727275256e-14,-12.564547038979654,22.73939840668633,5.466123572134806e-14,27.748130397515308,6.67012721532264e-14,300000000000000.0,50,52000000000000.0
519000.0,65223005000000.0,1.3957604e+33,32.16148623893224,7.681679650420441e-14,-12.564547178922243,22.74114300508888,5.431860063979255e-14,27.75025927241738,6.628316605903183e-14,300000000000000.0,50,52000000000000.0
520000.0,65031418000000.0,1.3929495e+33,32.16395343171706,7.633224573565627e-14,-12.564547318864834,22.74288760349143,5.397596555823704e-14,27.75238814731945,6.586505996483725e-14,300000000000000.0,50,52000000000000.0
521000.0,64837736000000.0,1.3905021e+33,32.16642062450188,7.584769496710814e-14,-12.564547458807425,22.744632201893978,5.3633330476681534e-14,27.75451702222152,6.544695387064267e-14,300000000000000.0,50,52000000000000.0
522000.0,64617590000000.0,1.3918428e+33,32.1688878172867,7.536314419856e-14,-12.564547598750016,22.746376800296527,5.3290695395126026e-14,27.75664589712359,6.50288477764481e-14,300000000000000.0,50,52000000000000.0
523000.0,64395673000000.0,1.3869263e+33,32.17135501007153,7.487859343001187e-14,-12.564547738692605,22.748121398699077,5.294806031357052e-14,27.75877477202566,6.461074168225352e-14,300000000000000.0,50,52000000000000.0
524000.0,64181155000000.0,1.3822552e+33,32.17382220285635,7.439404266146372e-14,-12.564547878635196,22.749865997101626,5.260542523201501e-14,27.76090364692773,6.419263558805894e-14,300000000000000.0,50,52000000000000.0
525000.0,63974635000000.0,1.377463e+33,32.17622126980493,7.392522927006889e-14,-12.564548014622888,22.75156242242723,5.227391835584584e-14,27.76297373784027,6.378810886948492e-14,300000000000000.0,50,52000000000000.0
526000.0,63778405000000.0,1.3727117e+33,32.17856019555323,7.347030876870328e-14,-12.564548147119211,22.753216320764132,5.1952235412352947e-14,27.764991934495328,6.339556996630886e-14,300000000000000.0,50,52000000000000.0
527000.0,63589245000000.0,1.3682058e+33,32.18089912130154,7.301538826733768e-14,-12.564548279615536,22.754870219101033,5.163055246886005e-14,27.76701013115039,6.30030310631328e-14,300000000000000.0,50,52000000000000.0
528000.0,63403025000000.0,1.3653364e+33,32.18323804704985,7.256046776597208e-14,-12.56454841211186,22.756524117437934,5.1308869525367157e-14,27.769028327805447,6.261049215995674e-14,300000000000000.0,50,52000000000000.0
529000.0,63216961000000.0,1.3623912e+33,32.18557697279816,7.210554726460647e-14,-12.564548544608185,22.758178015774835,5.098718658187426e-14,27.771046524460505,6.22179532567807e-14,300000000000000.0,50,52000000000000.0
530000.0,63029988000000.0,1.3595399e+33,32.187915898546464,7.165062676324088e-14,-12.564548677104508,22.75983191411174,5.0665503638381367e-14,27.773064721115567,6.182541435360463e-14,300000000000000.0,50,52000000000000.0
531000.0,62835165000000.0,1.35696e+33,32.190254824294776,7.119570626187527e-14,-12.564548809600831,22.76148581244864,5.034382069488847e-14,27.775082917770625,6.143287545042857e-14,300000000000000.0,50,52000000000000.0
532000.0,62615558000000.0,1.3580097e+33,32.19259375004308,7.074078576050967e-14,-12.564548942097156,22.76313971078554,5.0022137751395577e-14,27.777101114425683,6.104033654725253e-14,300000000000000.0,50,52000000000000.0
533000.0,62404436000000.0,1.3532328e+33,32.194932603351454,7.02858850776961e-14,-12.564549074589284,22.764793557898784,4.9700468821983234e-14,27.77911924857423,6.064781474498874e-14,300000000000000.0,50,52000000000000.0
534000.0,62199612000000.0,1.3486744e+33,32.197149146890105,6.98644466341364e-14,-12.564549199997225,22.76636091744635,4.9402461687638175e-14,27.781031844848123,6.02841666373008e-14,300000000000000.0,50,52000000000000.0
535000.0,62002861000000.0,1.3437789e+33,32.199365690428756,6.944300819057671e-14,-12.564549325405165,22.767928276993914,4.910445455329311e-14,27.782944441122012,5.992051852961284e-14,300000000000000.0,50,52000000000000.0
536000.0,61813372000000.0,1.339335e+33,32.201582233967414,6.902156974701703e-14,-12.564549450813107,22.76949563654148,4.880644741894805e-14,27.784857037395902,5.95568704219249e-14,300000000000000.0,50,52000000000000.0
537000.0,61627065000000.0,1.334989e+33,32.203798777506066,6.860013130345734e-14,-12.564549576221047,22.771062996089043,4.8508440284602994e-14,27.786769633669792,5.919322231423696e-14,300000000000000.0,50,52000000000000.0
538000.0,61444503000000.0,1.3319765e+33,32.206015321044724,6.817869285989765e-14,-12.564549701628989,22.772630355636608,4.821043315025793e-14,27.78868222994368,5.882957420654902e-14,300000000000000.0,50,52000000000000.0
539000.0,61262868000000.0,1.328964e+33,32.208231864583375,6.775725441633796e-14,-12.564549827036931,22.774197715184172,4.791242601591287e-14,27.79059482621757,5.846592609886107e-14,300000000000000.0,50,52000000000000.0
540000.0,61083347000000.0,1.3259652e+33,32.21044840812203,6.733581597277827e-14,-12.564549952444871,22.775765074731737,4.761441888156781e-14,27.79250742249146,5.810227799117313e-14,300000000000000.0,50,52000000000000.0
541000.0,60907301000000.0,1.3233297e+33,32.212664951660685,6.691437752921859e-14,-12.564550077852813,22.7773324342793,4.731641174722275e-14,27.79442001876535,5.773862988348519e-14,300000000000000.0,50,52000000000000.0
542000.0,60715597000000.0,1.3232621e+33,32.214843322133994,6.649666358196441e-14,-12.564550201054,22.778872800926752,4.702103827933614e-14,27.79629967650886,5.737819555058161e-14,300000000000000.0,50,52000000000000.0
543000.0,60506667000000.0,1.3228481e+33,32.21694464671618,6.608646690203613e-14,-12.564550319801231,22.780358686960057,4.673098042279436e-14,27.798112853386797,5.702424767979203e-14,300000000000000.0,50,52000000000000.0
544000.0,60304419000000.0,1.3181301e+33,32.21904597129836,6.567627022210785e-14,-12.564550438548462,22.781844572993364,4.6440922566252575e-14,27.799926030264732,5.6670299809002427e-14,300000000000000.0,50,52000000000000.0
545000.0,60108204000000.0,1.3130533e+33,32.22114729588054,6.526607354217956e-14,-12.564550557295693,22.783330459026672,4.615086470971079e-14,27.801739207142667,5.6316351938212836e-14,300000000000000.0,50,52000000000000.0
546000.0,59918708000000.0,1.3081086e+33,32.223248620462726,6.485587686225127e-14,-12.564550676042925,22.78481634505998,4.586080685316901e-14,27.803552384020605,5.596240406742324e-14,300000000000000.0,50,52000000000000.0
547000.0,59735881000000.0,1.3038229e+33,32.22534994504491,6.444568018232298e-14,-12.564550794790156,22.786302231093288,4.557074899662723e-14,27.80536556089854,5.560845619663364e-14,300000000000000.0,50,52000000000000.0
548000.0,59558076000000.0,1.2996327e+33,32.227451269627096,6.40354835023947e-14,-12.564550913537387,22.787788117126595,4.5280691140085445e-14,27.80717873777648,5.5254508325844046e-14,300000000000000.0,50,52000000000000.0
549000.0,59382445000000.0,1.2965162e+33,32.229552594209274,6.362528682246642e-14,-12.564551032284617,22.789274003159903,4.499063328354366e-14,27.808991914654413,5.4900560455054456e-14,300000000000000.0,50,52000000000000.0
550000.0,59207899000000.0,1.2936023e+33,32.23165391879146,6.321509014253814e-14,-12.564551151031848,22.79075988919321,4.470057542700188e-14,27.81080509153235,5.454661258426486e-14,300000000000000.0,50,52000000000000.0
551000.0,59034569000000.0,1.2907664e+33,32.23369586303419,6.281747444520364e-14,-12.564551266356242,22.792203786261652,4.441941382674509e-14,27.81256703068521,5.4203520516510404e-14,300000000000000.0,50,52000000000000.0
552000.0,58866024000000.0,1.2881416e+33,32.235683218039455,6.243142463403487e-14,-12.564551378533968,22.793609082244355,4.4146430688442786e-14,27.814281866228214,5.3870408351454785e-14,300000000000000.0,50,52000000000000.0
553000.0,58692871000000.0,1.2860816e+33,32.23767057304471,6.204537482286611e-14,-12.564551490711695,22.795014378227055,4.3873447550140474e-14,27.81599670177122,5.353729618639917e-14,300000000000000.0,50,52000000000000.0
554000.0,58488177000000.0,1.2896412e+33,32.239657928049965,6.165932501169733e-14,-12.564551602889422,22.796419674209755,4.360046441183816e-14,27.817711537314228,5.3204184021343554e-14,300000000000000.0,50,52000000000000.0
555000.0,58290634000000.0,1.2847251e+33,32.24164528305522,6.127327520052857e-14,-12.564551715067148,22.797824970192455,4.332748127353585e-14,27.819426372857233,5.287107185628794e-14,300000000000000.0,50,52000000000000.0
556000.0,58099148000000.0,1.279322e+33,32.243632638060475,6.088722538935979e-14,-12.564551827244875,22.799230266175154,4.3054498135233536e-14,27.82114120840024,5.253795969123232e-14,300000000000000.0,50,52000000000000.0
557000.0,57914844000000.0,1.2740691e+33,32.24561999306573,6.050117557819102e-14,-12.564551939422602,22.800635562157854,4.278151499693123e-14,27.822856043943244,5.220484752617671e-14,300000000000000.0,50,52000000000000.0
558000.0,57738384000000.0,1.269518e+33,32.247607348070986,6.011512576702224e-14,-12.564552051600328,22.802040858140554,4.250853185862892e-14,27.82457087948625,5.187173536112109e-14,300000000000000.0,50,52000000000000.0
559000.0,57569232000000.0,1.2652753e+33,32.24959470307625,5.972907595585348e-14,-12.564552163778055,22.803446154123254,4.2235548720326606e-14,27.826285715029258,5.153862319606548e-14,300000000000000.0,50,52000000000000.0
560000.0,57400848000000.0,1.2622649e+33,32.25152020533802,5.935643420642147e-14,-12.56455227239807,22.80480771285874,4.1972046681179966e-14,27.827947179476876,5.121708049818216e-14,300000000000000.0,50,52000000000000.0
561000.0,57233383000000.0,1.2595031e+33,32.25339855516073,5.899401387609559e-14,-12.564552378305923,22.80613592921088,4.171577240470025e-14,27.82956795733274,5.090435759656205e-14,300000000000000.0,50,52000000000000.0
562000.0,57065937000000.0,1.2567656e+33,32.25527690498344,5.863159354576971e-14,-12.564552484213774,22.807464145563017,4.145949812822054e-14,27.8311887351886,5.059163469494194e-14,300000000000000.0,50,52000000000000.0
563000.0,56901318000000.0,1.2540136e+33,32.25715525480615,5.826917321544384e-14,-12.564552590121627,22.808792361915156,4.120322385174082e-14,27.832809513044463,5.027891179332182e-14,300000000000000.0,50,52000000000000.0
564000.0,56741340000000.0,1.2518493e+33,32.25903360462886,5.790675288511796e-14,-12.564552696029478,22.8101205782673,4.0946949575261106e-14,27.83443029090033,4.996618889170171e-14,300000000000000.0,50,52000000000000.0
565000.0,56557702000000.0,1.2559505e+33,32.260911954451565,5.754433255479207e-14,-12.564552801937332,22.811448794619437,4.0690675298781396e-14,27.83605106875619,4.96534659900816e-14,300000000000000.0,50,52000000000000.0
566000.0,56361887000000.0,1.2531437e+33,32.262790304274276,5.718191222446619e-14,-12.564552907845183,22.812777010971576,4.043440102230168e-14,27.837671846612054,4.9340743088461486e-14,300000000000000.0,50,52000000000000.0
567000.0,56172786000000.0,1.2479628e+33,32.26466865409699,5.6819491894140314e-14,-12.564553013753036,22.814105227323715,4.017812674582196e-14,27.83929262446792,4.902802018684137e-14,300000000000000.0,50,52000000000000.0
568000.0,55989937000000.0,1.2424301e+33,32.2665470039197,5.6457071563814436e-14,-12.564553119660888,22.815433443675857,3.992185246934225e-14,27.840913402323782,4.8715297285221256e-14,300000000000000.0,50,52000000000000.0
569000.0,55814893000000.0,1.2372164e+33,32.268376661165455,5.611011613271881e-14,-12.564553222773663,22.816727228585044,3.9676513718184456e-14,27.84249216464498,4.841591863824814e-14,300000000000000.0,50,52000000000000.0
570000.0,55649182000000.0,1.2327509e+33,32.270151013377614,5.578072573566041e-14,-12.564553322711788,22.817981906258005,3.9443595537741964e-14,27.844023205717857,4.813169639699007e-14,300000000000000.0,50,52000000000000.0
571000.0,55488360000000.0,1.2287568e+33,32.27192536558978,5.5451335338602e-14,-12.564553422649913,22.81923658393097,3.921067735729947e-14,27.845554246790734,4.7847474155732e-14,300000000000000.0,50,52000000000000.0
572000.0,55327944000000.0,1.2260075e+33,32.27369971780194,5.51219449415436e-14,-12.564553522588039,22.82049126160393,3.897775917685698e-14,27.84708528786361,4.7563251914473925e-14,300000000000000.0,50,52000000000000.0
573000.0,55166902000000.0,1.2233097e+33,32.2754740700141,5.47925545444852e-14,-12.564553622526166,22.821745939276894,3.874484099641449e-14,27.848616328936487,4.727902967321585e-14,300000000000000.0,50,52000000000000.0
574000.0,55005915000000.0,1.2206345e+33,32.27724842222626,5.44631641474268e-14,-12.564553722464291,22.823000616949855,3.8511922815971996e-14,27.850147370009363,4.699480743195778e-14,300000000000000.0,50,52000000000000.0
575000.0,54847413000000.0,1.2179371e+33,32.27902277443842,5.41337737503684e-14,-12.564553822402416,22.824255294622816,3.8279004635529504e-14,27.851678411082236,4.671058519069971e-14,300000000000000.0,50,52000000000000.0
576000.0,54693772000000.0,1.215717e+33,32.280797126650576,5.3804383353309994e-14,-12.564553922340542,22.82550997229578,3.804608645508701e-14,27.853209452155113,4.642636294944163e-14,300000000000000.0,50,52000000000000.0
577000.0,54525552000000.0,1.2179359e+33,32.28257147886274,5.3474992956251594e-14,-12.564554022278667,22.82676464996874,3.7813168274644527e-14,27.85474049322799,4.614214070818356e-14,300000000000000.0,50,52000000000000.0
578000.0,54334337000000.0,1.2183482e+33,32.284324603624235,5.314838479656927e-14,-12.56455412099995,22.828004317309805,3.758221746862175e-14,27.85625321769644,4.586031918791156e-14,300000000000000.0,50,52000000000000.0
579000.0,54150776000000.0,1.2132534e+33,32.28600289889587,5.283158438096211e-14,-12.564554215431707,22.829191071303132,3.735820191009961e-14,27.85770137378188,4.5586960517441556e-14,300000000000000.0,50,52000000000000.0
580000.0,53972572000000.0,1.2079209e+33,32.28768119416752,5.251478396535496e-14,-12.564554309863464,22.83037782529646,3.7134186351577476e-14,27.859149529867317,4.531360184697156e-14,300000000000000.0,50,52000000000000.0
581000.0,53801615000000.0,1.2025739e+33,32.28935948943916,5.21979835497478e-14,-12.56455440429522,22.831564579289786,3.691017079305534e-14,27.860597685952754,4.5040243176501566e-14,300000000000000.0,50,52000000000000.0
582000.0,53640491000000.0,1.1977031e+33,32.2910377847108,5.188118313414064e-14,-12.564554498726979,22.832751333283117,3.6686155234533204e-14,27.862045842038192,4.476688450603157e-14,300000000000000.0,50,52000000000000.0
583000.0,53487588000000.0,1.1933679e+33,32.29271607998245,5.1564382718533485e-14,-12.564554593158736,22.833938087276444,3.646213967601107e-14,27.86349399812363,4.449352583556157e-14,300000000000000.0,50,52000000000000.0
584000.0,53333877000000.0,1.1905928e+33,32.294394375254086,5.1247582302926326e-14,-12.564554687590492,22.83512484126977,3.623812411748894e-14,27.864942154209068,4.4220167165091575e-14,300000000000000.0,50,52000000000000.0
585000.0,53180054000000.0,1.1880104e+33,32.29607267052573,5.0930781887319167e-14,-12.564554782022249,22.836311595263098,3.60141085589668e-14,27.866390310294506,4.394680849462158e-14,300000000000000.0,50,52000000000000.0
586000.0,53026121000000.0,1.1854098e+33,32.29775096579737,5.061398147171201e-14,-12.564554876454006,22.83749834925643,3.5790093000444666e-14,27.867838466379943,4.3673449824151585e-14,300000000000000.0,50,52000000000000.0
587000.0,52873143000000.0,1.1827818e+33,32.299429261069015,5.0297181056104855e-14,-12.564554970885762,22.838685103249755,3.556607744192253e-14,27.86928662246538,4.3400091153681583e-14,300000000000000.0,50,52000000000000.0
588000.0,52723026000000.0,1.180176e+33,32.301030252544884,4.9991813703960544e-14,-12.564555060896224,22.83981719426875,3.535014642430929e-14,27.870668075157155,4.313659777720647e-14,300000000000000.0,50,52000000000000.0
589000.0,52576168000000.0,1.178189e+33,32.30261465971318,4.968889913487882e-14,-12.564555149958165,22.840937558210573,3.5135949817169204e-14,27.87203521769009,4.287522084363371e-14,300000000000000.0,50,52000000000000.0
590000.0,52413290000000.0,1.1825188e+33,32.30419906688147,4.93859845657971e-14,-12.564555239020109,22.842057922152396,3.4921753210029115e-14,27.87340236022302,4.261384391006095e-14,300000000000000.0,50,52000000000000.0
591000.0,52229428000000.0,1.1813398e+33,32.30578347404977,4.908306999671537e-14,-12.56455532808205,22.843178286094215,3.4707556602889026e-14,27.874769502755953,4.235246697648819e-14,300000000000000.0,50,52000000000000.0
592000.0,52052968000000.0,1.1763875e+33,32.30736788121807,4.878015542763365e-14,-12.564555417143993,22.844298650036038,3.4493359995748937e-14,27.876136645288884,4.209109004291543e-14,300000000000000.0,50,52000000000000.0
593000.0,51881640000000.0,1.1711171e+33,32.308952288386365,4.847724085855193e-14,-12.564555506205934,22.845419013977857,3.4279163388608854e-14,27.87750378782182,4.182971310934267e-14,300000000000000.0,50,52000000000000.0
594000.0,51718283000000.0,1.1654786e+33,32.31053669555466,4.817432628947021e-14,-12.564555595267876,22.84653937791968,3.4064966781468765e-14,27.87887093035475,4.1568336175769907e-14,300000000000000.0,50,52000000000000.0
595000.0,51566206000000.0,1.1602594e+33,32.312121102722955,4.787141172038848e-14,-12.564555684329818,22.8476597418615,3.3850770174328676e-14,27.880238072887682,4.130695924219715e-14,300000000000000.0,50,52000000000000.0
596000.0,51420943000000.0,1.1561666e+33,32.31370550989126,4.756849715130676e-14,-12.56455577339176,22.84878010580332,3.363657356718859e-14,27.881605215420613,4.1045582308624385e-14,300000000000000.0,50,52000000000000.0
597000.0,51274668000000.0,1.1536572e+33,32.31526502135971,4.727168822633614e-14,-12.564555861032828,22.84988286552605,3.342669437750308e-14,27.8829508761156,4.078947377471555e-14,300000000000000.0,50,52000000000000.0
598000.0,51127258000000.0,1.1512285e+33,32.31675819552042,4.699114845607248e-14,-12.564555944887818,22.850938716886844,3.322831941754744e-14,27.884239296110245,4.0547403466361764e-14,300000000000000.0,50,52000000000000.0
599000.0,50980857000000.0,1.1486709e+33,32.318251369681136,4.671060868580881e-14,-12.564556028742807,22.851994568247637,3.30299444575918e-14,27.885527716104892,4.030533315800797e-14,300000000000000.0,50,52000000000000.0
600000.0,50834848000000.0,1.1460457e+33,32.31974454384185,4.643006891554514e-14,-12.564556112597797,22.853050419608426,3.2831569497636165e-14,27.886816136099537,4.0063262849654176e-14,300000000000000.0,50,52000000000000.0
601000.0,50690671000000.0,1.1433806e+33,32.321237718002564,4.614952914528147e-14,-12.564556196452788,22.85410627096922,3.2633194537680526e-14,27.88810455609418,3.982119254130038e-14,300000000000000.0,50,52000000000000.0
602000.0,50549760000000.0,1.1410023e+33,32.32273089216328,4.586898937501781e-14,-12.564556280307778,22.855162122330007,3.243481957772489e-14,27.88939297608883,3.957912223294659e-14,300000000000000.0,50,52000000000000.0
603000.0,50407337000000.0,1.1395849e+33,32.324224066324,4.5588449604754136e-14,-12.564556364162769,22.8562179736908,3.223644461776925e-14,27.890681396083473,3.933705192459279e-14,300000000000000.0,50,52000000000000.0
604000.0,50247475000000.0,1.1465373e+33,32.325717240484714,4.530790983449047e-14,-12.56455644801776,22.85727382505159,3.2038069657813605e-14,27.89196981607812,3.9094981616239e-14,300000000000000.0,50,52000000000000.0
605000.0,50070208000000.0,1.1429382e+33,32.32721041464543,4.50273700642268e-14,-12.56455653187275,22.85832967641238,3.1839694697857966e-14,27.893258236072764,3.885291130788521e-14,300000000000000.0,50,52000000000000.0
606000.0,49899790000000.0,1.1379343e+33,32.32870358880614,4.4746830293963136e-14,-12.56455661572774,22.85938552777317,3.164131973790233e-14,27.89454665606741,3.8610840999531416e-14,300000000000000.0,50,52000000000000.0
607000.0,49734956000000.0,1.132639e+33,32.33014807040334,4.448223087852877e-14,-12.56455669680803,22.860406947704405,3.145421650499027e-14,27.895793060543706,3.8382525201521e-14,300000000000000.0,50,52000000000000.0
608000.0,49578907000000.0,1.1267519e+33,32.331555376183125,4.4229801611423724e-14,-12.564556775769892,22.861402079914352,3.127571901464271e-14,27.897007386995647,3.8164710702438286e-14,300000000000000.0,50,52000000000000.0
609000.0,49435309000000.0,1.1212963e+33,32.33296268196292,4.397737234431868e-14,-12.564556854731753,22.8623972121243,3.109722152429516e-14,27.898221713447587,3.7946896203355577e-14,300000000000000.0,50,52000000000000.0
610000.0,49297753000000.0,1.1174437e+33,32.334369987742704,4.372494307721364e-14,-12.564556933693614,22.86339234433425,3.0918724033947605e-14,27.899436039899523,3.772908170427287e-14,300000000000000.0,50,52000000000000.0
611000.0,49158820000000.0,1.1150878e+33,32.3357772935225,4.3472513810108595e-14,-12.564557012655477,22.8643874765442,3.0740226543600055e-14,27.900650366351464,3.751126720519016e-14,300000000000000.0,50,52000000000000.0
612000.0,49017742000000.0,1.1127059e+33,32.33718459930228,4.322008454300355e-14,-12.564557091617338,22.86538260875415,3.05617290532525e-14,27.901864692803404,3.729345270610745e-14,300000000000000.0,50,52000000000000.0
613000.0,48878792000000.0,1.1103381e+33,32.33859190508207,4.296765527589851e-14,-12.5645571705792,22.866377740964097,3.0383231562904943e-14,27.903079019255344,3.707563820702474e-14,300000000000000.0,50,52000000000000.0
614000.0,48740840000000.0,1.107756e+33,32.33999921086186,4.2715226008793465e-14,-12.564557249541062,22.867372873174048,3.0204734072557394e-14,27.904293345707284,3.685782370794202e-14,300000000000000.0,50,52000000000000.0
615000.0,48604159000000.0,1.1051162e+33,32.34140651664165,4.246279674168842e-14,-12.564557328502923,22.868368005383996,3.002623658220984e-14,27.905507672159224,3.664000920885931e-14,300000000000000.0,50,52000000000000.0
616000.0,48468345000000.0,1.1025502e+33,32.34281382242144,4.221036747458338e-14,-12.564557407464784,22.869363137593947,2.984773909186229e-14,27.906721998611165,3.64221947097766e-14,300000000000000.0,50,52000000000000.0
617000.0,48334946000000.0,1.1001939e+33,32.34416589856766,4.195624311870512e-14,-12.56455748328278,22.870319215889513,2.966804297738523e-14,27.907888668881597,3.620291756984191e-14,300000000000000.0,50,52000000000000.0
618000.0,48196391000000.0,1.0990904e+33,32.345494683396495,4.170140391378564e-14,-12.56455755777495,22.87125882445577,2.9487841381824663e-14,27.909035241693893,3.598302360828276e-14,300000000000000.0,50,52000000000000.0
619000.0,48055791000000.0,1.0975634e+33,32.34682346822534,4.144656470886616e-14,-12.56455763226712,22.872198433022028,2.930763978626409e-14,27.910181814506192,3.5763129646723615e-14,300000000000000.0,50,52000000000000.0
620000.0,47894095000000.0,1.1097943e+33,32.348152253054174,4.1191725503946685e-14,-12.56455770675929,22.873138041588284,2.912743819070351e-14,27.911328387318488,3.5543235685164474e-14,300000000000000.0,50,52000000000000.0
621000.0,47723220000000.0,1.100563e+33,32.34948103788301,4.0936886299027204e-14,-12.56455778125146,22.87407765015454,2.8947236595142944e-14,27.912474960130787,3.532334172360533e-14,300000000000000.0,50,52000000000000.0
622000.0,47560566000000.0,1.0950112e+33,32.35080982271185,4.0682047094107724e-14,-12.564557855743631,22.875017258720796,2.876703499958237e-14,27.913621532943083,3.5103447762046186e-14,300000000000000.0,50,52000000000000.0
623000.0,47404957000000.0,1.0896673e+33,32.35213860754069,4.042720788918825e-14,-12.5645579302358,22.875956867287055,2.85868334040218e-14,27.914768105755382,3.488355380048704e-14,300000000000000.0,50,52000000000000.0
624000.0,47258376000000.0,1.0838251e+33,32.35346739236953,4.017236868426877e-14,-12.56455800472797,22.87689647585331,2.8406631808461224e-14,27.915914678567677,3.46636598389279e-14,300000000000000.0,50,52000000000000.0
625000.0,47120062000000.0,1.0792309e+33,32.35479617719837,3.991752947934929e-14,-12.564558079220141,22.877836084419567,2.8226430212900652e-14,27.917061251379977,3.444376587736875e-14,300000000000000.0,50,52000000000000.0
626000.0,46989331000000.0,1.07537e+33,32.35612496202721,3.9662690274429815e-14,-12.564558153712312,22.878775692985823,2.804622861734008e-14,27.918207824192272,3.4223871915809604e-14,300000000000000.0,50,52000000000000.0
627000.0,46858750000000.0,1.0725589e+33,32.35739902613693,3.943322089331945e-14,-12.564558225097684,22.879676607502248,2.7883966501963373e-14,27.919307179953687,3.4025868900070995e-14,300000000000000.0,50,52000000000000.0
628000.0,46728424000000.0,1.0703152e+33,32.35864725103345,3.921573118457022e-14,-12.564558295016022,22.880559250624955,2.7730175438516262e-14,27.92038423974633,3.383820282480853e-14,300000000000000.0,50,52000000000000.0
629000.0,46595889000000.0,1.0678832e+33,32.359895475929974,3.899824147582099e-14,-12.564558364934362,22.881441893747663,2.757638437506915e-14,27.921461299538972,3.3650536749546064e-14,300000000000000.0,50,52000000000000.0
630000.0,46464404000000.0,1.0654283e+33,32.361143700826496,3.878075176707176e-14,-12.5645584348527,22.88232453687037,2.742259331162204e-14,27.922538359331615,3.34628706742836e-14,300000000000000.0,50,52000000000000.0
631000.0,46336001000000.0,1.0629687e+33,32.36239192572302,3.856326205832253e-14,-12.564558504771037,22.88320717999308,2.726880224817493e-14,27.923615419124257,3.3275204599021134e-14,300000000000000.0,50,52000000000000.0
632000.0,46208149000000.0,1.0603927e+33,32.36364015061953,3.83457723495733e-14,-12.564558574689377,22.884089823115787,2.7115011184727818e-14,27.9246924789169,3.308753852375867e-14,300000000000000.0,50,52000000000000.0
633000.0,46080154000000.0,1.0578533e+33,32.36488837551605,3.8128282640824073e-14,-12.564558644607715,22.88497246623849,2.6961220121280707e-14,27.92576953870954,3.2899872448496204e-14,300000000000000.0,50,52000000000000.0
634000.0,45952740000000.0,1.0553785e+33,32.366136600412574,3.7910792932074843e-14,-12.564558714526052,22.8858551093612,2.6807429057833596e-14,27.926846598502184,3.271220637323374e-14,300000000000000.0,50,52000000000000.0
635000.0,45826692000000.0,1.053254e+33,32.367384825309095,3.7693303223325614e-14,-12.564558784444392,22.886737752483906,2.6653637994386485e-14,27.927923658294826,3.2524540297971273e-14,300000000000000.0,50,52000000000000.0
636000.0,45693691000000.0,1.0521058e+33,32.36863305020562,3.7475813514576384e-14,-12.56455885436273,22.887620395606614,2.6499846930939374e-14,27.92900071808747,3.233687422270881e-14,300000000000000.0,50,52000000000000.0
637000.0,45555518000000.0,1.0503756e+33,32.36984689202352,3.7252362350670984e-14,-12.564558922329608,22.88847872580778,2.6341840414010158e-14,27.93004810963761,3.2144064170956706e-14,300000000000000.0,50,52000000000000.0
638000.0,45416659000000.0,1.0473953e+33,32.37102524566086,3.70227581252751e-14,-12.564558988282306,22.88931196164903,2.6179482955271243e-14,27.931064879382237,3.194594481085333e-14,300000000000000.0,50,52000000000000.0
639000.0,45278480000000.0,1.0446991e+33,32.372203599298196,3.679315389987922e-14,-12.564559054235003,22.890145197490284,2.601712549653233e-14,27.93208164912686,3.1747825450749956e-14,300000000000000.0,50,52000000000000.0
640000.0,45140601000000.0,1.0422881e+33,32.37338195293554,3.6563549674483334e-14,-12.564559120187699,22.890978433331536,2.5854768037793415e-14,27.933098418871488,3.1549706090646585e-14,300000000000000.0,50,52000000000000.0
641000.0,45007726000000.0,1.039463e+33,32.37456030657288,3.6333945449087455e-14,-12.564559186140396,22.891811669172792,2.56924105790545e-14,27.93411518861611,3.1351586730543207e-14,300000000000000.0,50,52000000000000.0
642000.0,44854780000000.0,1.0466865e+33,32.375738660210224,3.610434122369157e-14,-12.564559252093092,22.892644905014045,2.5530053120315585e-14,27.935131958360735,3.1153467370439835e-14,300000000000000.0,50,52000000000000.0
643000.0,44705690000000.0,1.0383843e+33,32.37691701384757,3.5874736998295684e-14,-12.56455931804579,22.893478140855297,2.536769566157667e-14,27.936148728105362,3.095534801033646e-14,300000000000000.0,50,52000000000000.0
644000.0,44561217000000.0,1.0347515e+33,32.37809536748491,3.5645132772899804e-14,-12.564559383998487,22.89431137669655,2.5205338202837754e-14,27.937165497849985,3.0757228650233085e-14,300000000000000.0,50,52000000000000.0
645000.0,44418583000000.0,1.0319491e+33,32.379273721122246,3.541552854750392e-14,-12.564559449951183,22.895144612537806,2.504298074409884e-14,27.938182267594613,3.055910929012971e-14,300000000000000.0,50,52000000000000.0
646000.0,44277267000000.0,1.0293945e+33,32.38045207475959,3.518592432210804e-14,-12.56455951590388,22.895977848379058,2.4880623285359923e-14,27.939199037339236,3.036098993002634e-14,300000000000000.0,50,52000000000000.0
647000.0,44137287000000.0,1.0271499e+33,32.381619991015405,3.496041974035982e-14,-12.564559581265916,22.896803703751864,2.4721164761814673e-14,27.940206800945816,3.0166408043284295e-14,300000000000000.0,50,52000000000000.0
648000.0,43998858000000.0,1.0245005e+33,32.38272338169024,3.4760259818802827e-14,-12.564559642976388,22.897583931874852,2.4579627924570514e-14,27.941158887150156,2.999369538908626e-14,300000000000000.0,50,52000000000000.0
649000.0,43863114000000.0,1.0210146e+33,32.383826772365076,3.4560099897245826e-14,-12.564559704686861,22.898364159997843,2.443809108732635e-14,27.9421109733545,2.982098273488822e-14,300000000000000.0,50,52000000000000.0
650000.0,43731410000000.0,1.0171546e+33,32.38493016303992,3.4359939975688824e-14,-12.564559766397332,22.899144388120835,2.429655425008219e-14,27.94306305955884,2.9648270080690185e-14,300000000000000.0,50,52000000000000.0
651000.0,43604288000000.0,1.0135157e+33,32.38603355371475,3.415978005413182e-14,-12.564559828107805,22.899924616243826,2.415501741283803e-14,27.94401514576318,2.947555742649215e-14,300000000000000.0,50,52000000000000.0
652000.0,43480500000000.0,1.0104413e+33,32.38713694438959,3.395962013257483e-14,-12.564559889818279,22.900704844366818,2.4013480575593866e-14,27.94496723196752,2.930284477229412e-14,300000000000000.0,50,52000000000000.0
653000.0,43358163000000.0,1.0078766e+33,32.38824033506443,3.3759460211017827e-14,-12.56455995152875,22.90148507248981,2.3871943738349707e-14,27.945919318171864,2.913013211809608e-14,300000000000000.0,50,52000000000000.0
654000.0,43235648000000.0,1.0056488e+33,32.389343725739266,3.3559300289460825e-14,-12.564560013239223,22.9022653006128,2.3730406901105544e-14,27.946871404376203,2.8957419463898044e-14,300000000000000.0,50,52000000000000.0
655000.0,43112378000000.0,1.0035585e+33,32.3904471164141,3.335914036790383e-14,-12.564560074949695,22.903045528735788,2.3588870063861384e-14,27.947823490580546,2.878470680970001e-14,300000000000000.0,50,52000000000000.0
656000.0,42988216000000.0,1.0014901e+33,32.391550507088944,3.315898044634683e-14,-12.564560136660168,22.90382575685878,2.3447333226617222e-14,27.948775576784886,2.861199415550197e-14,300000000000000.0,50,52000000000000.0
657000.0,42863103000000.0,9.9943075e+32,32.39265389776378,3.295882052478983e-14,-12.56456019837064,22.90460598498177,2.3305796389373062e-14,27.94972766298923,2.8439281501303933e-14,300000000000000.0,50,52000000000000.0
658000.0,42737021000000.0,9.9737602e+32,32.39371624635589,3.276549335488824e-14,-12.56456025776002,22.90535719147777,2.3169091120905038e-14,27.95064433507577,2.8272464648379284e-14,300000000000000.0,50,52000000000000.0
659000.0,42610278000000.0,9.9521288e+32,32.394753224352506,3.257638992235399e-14,-12.564560315714592,22.906090457949517,2.3035372537540154e-14,27.951539115552574,2.8109292347079617e-14,300000000000000.0,50,52000000000000.0
660000.0,42483404000000.0,9.9289265e+32,32.39579020234912,3.2387286489819744e-14,-12.564560373669165,22.906823724421262,2.290165395417527e-14,27.952433896029376,2.794612004577995e-14,300000000000000.0,50,52000000000000.0
661000.0,42356879000000.0,9.9050922e+32,32.396827180345724,3.219818305728549e-14,-12.564560431623738,22.90755699089301,2.2767935370810386e-14,27.953328676506178,2.7782947744480284e-14,300000000000000.0,50,52000000000000.0
662000.0,42231093000000.0,9.8802081e+32,32.39786415834234,3.2009079624751245e-14,-12.56456048957831,22.908290257364758,2.26342167874455e-14,27.95422345698298,2.7619775443180617e-14,300000000000000.0,50,52000000000000.0
663000.0,42106142000000.0,9.8550311e+32,32.39890113633895,3.1819976192217e-14,-12.564560547532883,22.909023523836506,2.2500498204080617e-14,27.955118237459782,2.745660314188095e-14,300000000000000.0,50,52000000000000.0
664000.0,41982171000000.0,9.8291683e+32,32.399938114335555,3.163087275968275e-14,-12.564560605487456,22.909756790308254,2.2366779620715736e-14,27.956013017936584,2.729343084058128e-14,300000000000000.0,50,52000000000000.0
665000.0,41859173000000.0,9.8035575e+32,32.40097509233217,3.14417693271485e-14,-12.564560663442029,22.91049005678,2.2233061037350852e-14,27.956907798413386,2.7130258539281614e-14,300000000000000.0,50,52000000000000.0
666000.0,41736919000000.0,9.7784931e+32,32.40201207032878,3.125266589461425e-14,-12.564560721396601,22.911223323251747,2.2099342453985968e-14,27.95780257889019,2.6967086237981947e-14,300000000000000.0,50,52000000000000.0
667000.0,41615235000000.0,9.7539896e+32,32.40304904832539,3.1063562462080007e-14,-12.564560779351174,22.911956589723495,2.1965623870621083e-14,27.95869735936699,2.680391393668228e-14,300000000000000.0,50,52000000000000.0
668000.0,41493815000000.0,9.7306302e+32,32.404086026322,3.0874459029545754e-14,-12.564560837305747,22.912689856195243,2.18319052872562e-14,27.959592139843792,2.6640741635382614e-14,300000000000000.0,50,52000000000000.0
669000.0,41372477000000.0,9.7075796e+32,32.40506398317873,3.069745852918079e-14,-12.564560891927297,22.913381387712164,2.17067449163897e-14,27.960435992555343,2.6488012633667505e-14,300000000000000.0,50,52000000000000.0
670000.0,41251178000000.0,9.6843555e+32,32.40603719647966,3.052143074696614e-14,-12.56456094628097,22.91406956497183,2.1582272372945096e-14,27.961275752179294,2.633612296467879e-14,300000000000000.0,50,52000000000000.0
671000.0,41130001000000.0,9.661211e+32,32.40701040978059,3.034540296475148e-14,-12.564561000634642,22.914757742231497,2.1457799829500494e-14,27.96211551180324,2.6184233295690077e-14,300000000000000.0,50,52000000000000.0
672000.0,41009177000000.0,9.6378598e+32,32.40798362308152,3.0169375182536826e-14,-12.564561054988316,22.915445919491162,2.1333327286055892e-14,27.96295527142719,2.6032343626701365e-14,300000000000000.0,50,52000000000000.0
673000.0,40888840000000.0,9.6140308e+32,32.40895683638246,2.999334740032217e-14,-12.564561109341989,22.916134096750827,2.120885474261129e-14,27.96379503105114,2.588045395771265e-14,300000000000000.0,50,52000000000000.0
674000.0,40769062000000.0,9.5898279e+32,32.40993004968339,2.9817319618107516e-14,-12.564561163695661,22.916822274010492,2.1084382199166688e-14,27.96463479067509,2.5728564288723938e-14,300000000000000.0,50,52000000000000.0
675000.0,40649857000000.0,9.5656949e+32,32.41090326298432,2.9641291835892863e-14,-12.564561218049334,22.91751045127016,2.0959909655722086e-14,27.96547455029904,2.5576674619735223e-14,300000000000000.0,50,52000000000000.0
676000.0,40531186000000.0,9.5417542e+32,32.41187647628525,2.9465264053678205e-14,-12.564561272403008,22.918198628529826,2.0835437112277485e-14,27.966314309922986,2.542478495074651e-14,300000000000000.0,50,52000000000000.0
677000.0,40413078000000.0,9.5179351e+32,32.41284968958618,2.928923627146355e-14,-12.564561326756682,22.91888680578949,2.0710964568832883e-14,27.967154069546936,2.52728952817578e-14,300000000000000.0,50,52000000000000.0
678000.0,40295442000000.0,9.4945275e+32,32.41382290288712,2.9113208489248894e-14,-12.564561381110353,22.919574983049156,2.058649202538828e-14,27.967993829170883,2.5121005612769083e-14,300000000000000.0,50,52000000000000.0
679000.0,40178183000000.0,9.4713181e+32,32.41479253801821,2.893790287166181e-14,-12.564561435262213,22.920260630117877,2.046253013821013e-14,27.968830501287705,2.4969739080489974e-14,300000000000000.0,50,52000000000000.0
680000.0,40061207000000.0,9.4487926e+32,32.41570543023984,2.8774049399700185e-14,-12.564561486213705,22.920906153211995,2.0346666279798162e-14,27.969618211464386,2.4828354301028027e-14,300000000000000.0,50,52000000000000.0
681000.0,39944512000000.0,9.4263048e+32,32.416618322461474,2.861019592773857e-14,-12.564561537165197,22.921551676306112,2.0230802421386196e-14,27.97040592164107,2.468696952156608e-14,300000000000000.0,50,52000000000000.0
682000.0,39828085000000.0,9.4031933e+32,32.41753121468311,2.8446342455776944e-14,-12.564561588116689,22.92219719940023,2.0114938562974226e-14,27.97119363181775,2.4545584742104138e-14,300000000000000.0,50,52000000000000.0
683000.0,39712020000000.0,9.3796632e+32,32.418444106904744,2.8282488983815323e-14,-12.564561639068181,22.922842722494348,1.999907470456226e-14,27.971981341994436,2.4404199962642192e-14,300000000000000.0,50,52000000000000.0
684000.0,39596412000000.0,9.3568571e+32,32.41935699912638,2.8118635511853702e-14,-12.564561690019673,22.923488245588466,1.988321084615029e-14,27.972769052171117,2.426281518318025e-14,300000000000000.0,50,52000000000000.0
685000.0,39481300000000.0,9.3337786e+32,32.42026989134801,2.795478203989208e-14,-12.564561740971165,22.92413376868258,1.9767346987738323e-14,27.9735567623478,2.4121430403718302e-14,300000000000000.0,50,52000000000000.0
686000.0,39366684000000.0,9.3103807e+32,32.42118278356964,2.779092856793046e-14,-12.564561791922655,22.924779291776698,1.9651483129326357e-14,27.974344472524482,2.3980045624256356e-14,300000000000000.0,50,52000000000000.0
687000.0,39252577000000.0,9.2866559e+32,32.422095675791276,2.762707509596884e-14,-12.564561842874147,22.925424814870816,1.9535619270914387e-14,27.975132182701167,2.3838660844794413e-14,300000000000000.0,50,52000000000000.0
688000.0,39138991000000.0,9.2632363e+32,32.42300856801291,2.746322162400722e-14,-12.564561893825639,22.926070337964934,1.941975541250242e-14,27.975919892877847,2.3697276065332467e-14,300000000000000.0,50,52000000000000.0
689000.0,39025865000000.0,9.2403205e+32,32.423921460234546,2.7299368152045595e-14,-12.56456194477713,22.92671586105905,1.930389155409045e-14,27.976707603054532,2.3555891285870524e-14,300000000000000.0,50,52000000000000.0
690000.0,38913155000000.0,9.2174864e+32,32.42483342303088,2.7135700884034925e-14,-12.564561995676264,22.92736072693914,1.918815936400962e-14,27.977494511254978,2.3414667176855667e-14,300000000000000.0,50,52000000000000.0
691000.0,38800875000000.0,9.194929e+32,32.4256892527858,2.6983279483890014e-14,-12.564562043413211,22.927965900094467,1.908037933953266e-14,27.978232983755003,2.328314682873666e-14,300000000000000.0,50,52000000000000.0
692000.0,38688898000000.0,9.1726831e+32,32.42654508254072,2.68308580837451e-14,-12.56456209115016,22.928571073249795,1.8972599315055703e-14,27.978971456255024,2.3151626480617658e-14,300000000000000.0,50,52000000000000.0
693000.0,38577196000000.0,9.1505345e+32,32.42740091229564,2.6678436683600185e-14,-12.564562138887107,22.929176246405124,1.8864819290578743e-14,27.97970992875505,2.302010613249865e-14,300000000000000.0,50,52000000000000.0
694000.0,38465819000000.0,9.1285345e+32,32.42825674205056,2.6526015283455273e-14,-12.564562186624055,22.929781419560452,1.8757039266101786e-14,27.98044840125507,2.2888585784379645e-14,300000000000000.0,50,52000000000000.0
695000.0,38354828000000.0,9.1062148e+32,32.429112571805476,2.637359388331036e-14,-12.564562234361002,22.93038659271578,1.8649259241624825e-14,27.981186873755096,2.2757065436260642e-14,300000000000000.0,50,52000000000000.0
696000.0,38244170000000.0,9.0839034e+32,32.429968401560394,2.6221172483165444e-14,-12.56456228209795,22.93099176587111,1.8541479217147865e-14,27.981925346255117,2.2625545088141636e-14,300000000000000.0,50,52000000000000.0
697000.0,38133873000000.0,9.0617988e+32,32.43082423131531,2.6068751083020533e-14,-12.564562329834898,22.931596939026438,1.8433699192670908e-14,27.982663818755142,2.249402474002263e-14,300000000000000.0,50,52000000000000.0
698000.0,38023943000000.0,9.0396823e+32,32.43168006107023,2.591632968287562e-14,-12.564562377571846,22.932202112181766,1.8325919168193947e-14,27.983402291255167,2.2362504391903626e-14,300000000000000.0,50,52000000000000.0
699000.0,37914383000000.0,9.0175279e+32,32.43253589082515,2.5763908282730707e-14,-12.564562425308793,22.9328072853371,1.8218139143716987e-14,27.98414076375519,2.223098404378462e-14,300000000000000.0,50,52000000000000.0
700000.0,37805231000000.0,8.9952823e+32,32.43339172058007,2.5611486882585793e-14,-12.564562473045742,22.933412458492427,1.811035911924003e-14,27.984879236255214,2.2099463695665614e-14,300000000000000.0,50,52000000000000.0
701000.0,37696504000000.0,8.9728774e+32,32.43424755033499,2.5459065482440878e-14,-12.56456252078269,22.934017631647755,1.800257909476307e-14,27.985617708755235,2.196794334754661e-14,300000000000000.0,50,52000000000000.0
702000.0,37588255000000.0,8.950429e+32,32.43506056745109,2.5315127096222337e-14,-12.564562566110586,22.934592531184975,1.7900797569502366e-14,27.986319239374684,2.1843742766776384e-14,300000000000000.0,50,52000000000000.0
703000.0,37480440000000.0,8.9279695e+32,32.435862452622175,2.5173394424186446e-14,-12.564562610812093,22.935159559115544,1.7800575746360596e-14,27.987011164536614,2.1721445438175143e-14,300000000000000.0,50,52000000000000.0
704000.0,37372994000000.0,8.9059875e+32,32.43666433779325,2.5031661752150552e-14,-12.5645626555136,22.935726587046116,1.7700353923218823e-14,27.98770308969854,2.1599148109573903e-14,300000000000000.0,50,52000000000000.0
705000.0,37265858000000.0,8.8841005e+32,32.43746622296434,2.488992908011466e-14,-12.564562700215106,22.936293614976687,1.760013210007705e-14,27.98839501486047,2.147685078097266e-14,300000000000000.0,50,52000000000000.0
706000.0,37159067000000.0,8.862143e+32,32.43826810813542,2.4748196408078767e-14,-12.564562744916612,22.93686064290726,1.749991027693528e-14,27.9890869400224,2.1354553452371418e-14,300000000000000.0,50,52000000000000.0
707000.0,37052614000000.0,8.8402902e+32,32.439069993306504,2.4606463736042873e-14,-12.564562789618119,22.937427670837828,1.7399688453793507e-14,27.989778865184327,2.1232256123770177e-14,300000000000000.0,50,52000000000000.0
708000.0,36946570000000.0,8.818285e+32,32.43987187847758,2.4464731064006982e-14,-12.564562834319625,22.9379946987684,1.7299466630651734e-14,27.990470790346254,2.1109958795168933e-14,300000000000000.0,50,52000000000000.0
709000.0,36840893000000.0,8.7965501e+32,32.44067376364866,2.4322998391971088e-14,-12.564562879021134,22.93856172669897,1.7199244807509964e-14,27.991162715508185,2.0987661466567692e-14,300000000000000.0,50,52000000000000.0
710000.0,36735508000000.0,8.7747941e+32,32.44147564881975,2.4181265719935197e-14,-12.56456292372264,22.939128754629543,1.709902298436819e-14,27.991854640670113,2.086536413796645e-14,300000000000000.0,50,52000000000000.0
711000.0,36630489000000.0,8.7530824e+32,32.442277533990826,2.4039533047899303e-14,-12.564562968424147,22.93969578256011,1.6998801161226418e-14,27.99254656583204,2.074306680936521e-14,300000000000000.0,50,52000000000000.0
712000.0,36525857000000.0,8.7313622e+32,32.44307941916191,2.389780037586341e-14,-12.564563013125653,22.940262810490683,1.6898579338084648e-14,27.99323849099397,2.062076948076397e-14,300000000000000.0,50,52000000000000.0
713000.0,36421650000000.0,8.7096845e+32,32.44386150175094,2.3759912506011658e-14,-12.564563056714087,22.94081583564513,1.6801076247048782e-14,27.993913329037948,2.0501789729740814e-14,300000000000000.0,50,52000000000000.0
714000.0,36317880000000.0,8.6882929e+32,32.44461240938108,2.362807746046915e-14,-12.564563098550224,22.941346816403097,1.6707853222188708e-14,27.99456126704444,2.038803279988003e-14,300000000000000.0,50,52000000000000.0
715000.0,36214487000000.0,8.6668598e+32,32.44536331701122,2.3496242414926642e-14,-12.564563140386362,22.94187779716107,1.6614630197328637e-14,27.99520920505093,2.0274275870019245e-14,300000000000000.0,50,52000000000000.0
716000.0,36111466000000.0,8.6458413e+32,32.44611422464136,2.3364407369384137e-14,-12.564563182222498,22.942408777919038,1.6521407172468563e-14,27.99585714305742,2.016051894015846e-14,300000000000000.0,50,52000000000000.0
717000.0,36008699000000.0,8.6250467e+32,32.446865132271505,2.323257232384163e-14,-12.564563224058636,22.942939758677007,1.6428184147608492e-14,27.99650508106391,2.0046762010297676e-14,300000000000000.0,50,52000000000000.0
718000.0,35906160000000.0,8.603356e+32,32.447616039901646,2.3100737278299125e-14,-12.564563265894773,22.943470739434975,1.6334961122748418e-14,27.9971530190704,1.9933005080436892e-14,300000000000000.0,50,52000000000000.0
719000.0,35803971000000.0,8.5819741e+32,32.44836694753179,2.2968902232756617e-14,-12.56456330773091,22.944001720192944,1.6241738097888347e-14,27.99780095707689,1.9819248150576107e-14,300000000000000.0,50,52000000000000.0
720000.0,35702097000000.0,8.5606922e+32,32.44911785516193,2.283706718721411e-14,-12.564563349567047,22.944532700950912,1.6148515073028273e-14,27.99844889508338,1.9705491220715323e-14,300000000000000.0,50,52000000000000.0
721000.0,35600510000000.0,8.5393315e+32,32.44986876279207,2.2705232141671605e-14,-12.564563391403185,22.94506368170888,1.6055292048168202e-14,27.99909683308987,1.959173429085454e-14,300000000000000.0,50,52000000000000.0
722000.0,35499282000000.0,8.5181488e+32,32.45061967042221,2.2573397096129097e-14,-12.564563433239321,22.945594662466853,1.596206902330813e-14,27.99974477109636,1.9477977360993754e-14,300000000000000.0,50,52000000000000.0
723000.0,35398379000000.0,8.4970419e+32,32.451370578052355,2.244156205058659e-14,-12.56456347507546,22.94612564322482,1.5868845998448057e-14,28.00039270910285,1.936422043113297e-14,300000000000000.0,50,52000000000000.0
724000.0,35297775000000.0,8.4760175e+32,32.4521214856825,2.2309727005044084e-14,-12.564563516911596,22.94665662398279,1.5775622973587986e-14,28.001040647109342,1.9250463501272185e-14,300000000000000.0,50,52000000000000.0
725000.0,35197517000000.0,8.4547191e+32,32.452833949840574,2.2185189220673968e-14,-12.564563556589137,22.947160420643105,1.568755997955054e-14,28.001655413273415,1.9143003183911283e-14,300000000000000.0,50,52000000000000.0
726000.0,35097534000000.0,8.4335447e+32,32.45353666859568,2.2062501288745776e-14,-12.564563595719473,22.947657326146828,1.5600805051017693e-14,28.00226177039028,1.9037139055001586e-14,300000000000000.0,50,52000000000000.0
727000.0,34997892000000.0,8.4123107e+32,32.45423938735079,2.1939813356817588e-14,-12.564563634849812,22.948154231650552,1.5514050122484847e-14,28.002868127507146,1.893127492609189e-14,300000000000000.0,50,52000000000000.0
728000.0,34898602000000.0,8.391358e+32,32.4549421061059,2.18171254248894e-14,-12.56456367398015,22.948651137154272,1.5427295193952e-14,28.003474484624007,1.882541079718219e-14,300000000000000.0,50,52000000000000.0
729000.0,34799691000000.0,8.3701641e+32,32.455644824861004,2.169443749296121e-14,-12.564563713110488,22.949148042657995,1.5340540265419154e-14,28.004080841740873,1.8719546668272492e-14,300000000000000.0,50,52000000000000.0
730000.0,34701206000000.0,8.3492677e+32,32.45634754361611,2.157174956103302e-14,-12.564563752240824,22.94964494816172,1.5253785336886307e-14,28.004687198857738,1.8613682539362795e-14,300000000000000.0,50,52000000000000.0
731000.0,34603041000000.0,8.3285571e+32,32.45705026237122,2.1449061629104832e-14,-12.564563791371162,22.950141853665443,1.5167030408353464e-14,28.005293555974603,1.8507818410453095e-14,300000000000000.0,50,52000000000000.0
732000.0,34505199000000.0,8.3073488e+32,32.457752981126326,2.1326373697176644e-14,-12.5645638305015,22.950638759169166,1.5080275479820618e-14,28.00589991309147,1.8401954281543398e-14,300000000000000.0,50,52000000000000.0
733000.0,34407675000000.0,8.2866258e+32,32.45845569988143,2.1203685765248455e-14,-12.564563869631838,22.95113566467289,1.499352055128777e-14,28.006506270208334,1.8296090152633698e-14,300000000000000.0,50,52000000000000.0
734000.0,34310419000000.0,8.266114e+32,32.45915841863654,2.1080997833320267e-14,-12.564563908762175,22.951632570176614,1.4906765622754925e-14,28.0071126273252,1.8190226023724e-14,300000000000000.0,50,52000000000000.0
735000.0,34213491000000.0,8.2454458e+32,32.45986113739165,2.0958309901392076e-14,-12.564563947892513,22.952129475680334,1.4820010694222078e-14,28.007718984442064,1.8084361894814304e-14,300000000000000.0,50,52000000000000.0
736000.0,34116923000000.0,8.2244504e+32,32.4605630106215,2.0835782956286562e-14,-12.564563986975422,22.952625783297353,1.4733369602500354e-14,28.00832461197784,1.7978636677146153e-14,300000000000000.0,50,52000000000000.0
737000.0,34020693000000.0,8.2037619e+32,32.46122015457705,2.0721772402247744e-14,-12.5645640235493,22.953090462008955,1.46527506111294e-14,28.008891643821396,1.7880260026503075e-14,300000000000000.0,50,52000000000000.0
738000.0,33924802000000.0,8.1833912e+32,32.461877298532606,2.0607761848208927e-14,-12.564564060123178,22.95355514072056,1.457213161975845e-14,28.009458675664952,1.778188337586e-14,300000000000000.0,50,52000000000000.0
739000.0,33829129000000.0,8.1632715e+32,32.46253444248816,2.0493751294170112e-14,-12.564564096697058,22.954019819432162,1.4491512628387496e-14,28.01002570750851,1.7683506725216926e-14,300000000000000.0,50,52000000000000.0
740000.0,33733758000000.0,8.1430478e+32,32.46319158644372,2.0379740740131295e-14,-12.564564133270936,22.954484498143763,1.4410893637016546e-14,28.010592739352067,1.7585130074573852e-14,300000000000000.0,50,52000000000000.0
741000.0,33638739000000.0,8.1224892e+32,32.46384873039928,2.0265730186092477e-14,-12.564564169844816,22.954949176855365,1.4330274645645595e-14,28.011159771195622,1.7486753423930778e-14,300000000000000.0,50,52000000000000.0
742000.0,33544027000000.0,8.1020121e+32,32.464505874354835,2.015171963205366e-14,-12.564564206418694,22.955413855566967,1.424965565427464e-14,28.011726803039178,1.73883767732877e-14,300000000000000.0,50,52000000000000.0
743000.0,33449659000000.0,8.0816073e+32,32.465163018310385,2.0037709078014845e-14,-12.564564242992573,22.955878534278572,1.416903666290369e-14,28.012293834882737,1.7290000122644626e-14,300000000000000.0,50,52000000000000.0
744000.0,33355547000000.0,8.0614184e+32,32.46582016226594,1.9923698523976028e-14,-12.564564279566452,22.956343212990173,1.4088417671532738e-14,28.012860866726292,1.7191623472001552e-14,300000000000000.0,50,52000000000000.0
745000.0,33261665000000.0,8.0408382e+32,32.4664773062215,1.980968796993721e-14,-12.56456431614033,22.956807891701775,1.4007798680161786e-14,28.013427898569848,1.7093246821358477e-14,300000000000000.0,50,52000000000000.0
746000.0,33168130000000.0,8.0199876e+32,32.467134450177056,1.9695677415898396e-14,-12.564564352714209,22.957272570413377,1.3927179688790834e-14,28.013994930413403,1.69948701707154e-14,300000000000000.0,50,52000000000000.0
747000.0,33074924000000.0,7.9994797e+32,32.46779159413261,1.958166686185958e-14,-12.564564389288089,22.95773724912498,1.3846560697419882e-14,28.014561962256963,1.6896493520072325e-14,300000000000000.0,50,52000000000000.0
748000.0,32982037000000.0,7.9790231e+32,32.468446682982524,1.9468042676348925e-14,-12.564564425746799,22.958200474633013,1.3766214914497781e-14,28.015127220804953,1.6798450256533676e-14,300000000000000.0,50,52000000000000.0
749000.0,32889519000000.0,7.958554e+32,32.46906078666834,1.9362123874539383e-14,-12.564564459908674,22.95863471876631,1.3691317753229195e-14,28.01565711435359,1.670705576320625e-14,300000000000000.0,50,52000000000000.0
750000.0,32797321000000.0,7.9388602e+32,32.469674890354156,1.9256205072729845e-14,-12.56456449407055,22.9590689628996,1.3616420591960608e-14,28.016187007902225,1.6615661269878824e-14,300000000000000.0,50,52000000000000.0
751000.0,32705382000000.0,7.9193317e+32,32.47028899403997,1.9150286270920304e-14,-12.564564528232426,22.959503207032895,1.3541523430692022e-14,28.016716901450863,1.6524266776551397e-14,300000000000000.0,50,52000000000000.0
752000.0,32613698000000.0,7.8991986e+32,32.47090309772579,1.9044367469110766e-14,-12.564564562394303,22.95993745116619,1.3466626269423436e-14,28.0172467949995,1.6432872283223973e-14,300000000000000.0,50,52000000000000.0
753000.0,32522301000000.0,7.8788009e+32,32.4715172014116,1.8938448667301227e-14,-12.56456459655618,22.960371695299486,1.339172910815485e-14,28.017776688548135,1.6341477789896546e-14,300000000000000.0,50,52000000000000.0
754000.0,32431160000000.0,7.8590142e+32,32.47213130509742,1.8832529865491686e-14,-12.564564630718055,22.96080593943278,1.3316831946886263e-14,28.018306582096773,1.625008329656912e-14,300000000000000.0,50,52000000000000.0
755000.0,32340282000000.0,7.8392782e+32,32.47274540878323,1.8726611063682148e-14,-12.564564664879931,22.961240183566076,1.3241934785617677e-14,28.01883647564541,1.615868880324169e-14,300000000000000.0,50,52000000000000.0
756000.0,32249691000000.0,7.819634e+32,32.473359512469045,1.8620692261872606e-14,-12.564564699041807,22.961674427699368,1.316703762434909e-14,28.019366369194046,1.6067294309914267e-14,300000000000000.0,50,52000000000000.0
757000.0,32159402000000.0,7.7999794e+32,32.473973616154865,1.8514773460063068e-14,-12.564564733203683,22.962108671832663,1.3092140463080502e-14,28.019896262742684,1.597589981658684e-14,300000000000000.0,50,52000000000000.0
758000.0,32069463000000.0,7.7797062e+32,32.47458771984068,1.8408854658253527e-14,-12.564564767365558,22.962542915965958,1.3017243301811916e-14,28.02042615629132,1.5884505323259413e-14,300000000000000.0,50,52000000000000.0
759000.0,31979855000000.0,7.7598919e+32,32.4752018235265,1.830293585644399e-14,-12.564564801527435,22.962977160099253,1.294234614054333e-14,28.020956049839956,1.579311082993199e-14,300000000000000.0,50,52000000000000.0
760000.0,31890567000000.0,7.7397682e+32,32.47581592721231,1.8197017054634447e-14,-12.564564835689312,22.96341140423255,1.2867448979274743e-14,28.021485943388594,1.5701716336604562e-14,300000000000000.0,50,52000000000000.0
761000.0,31801568000000.0,7.7198826e+32,32.47639418034546,1.8097815133792765e-14,-12.564564867843915,22.963820297771058,1.2797301450675022e-14,28.02198490245685,1.561611766068129e-14,300000000000000.0,50,52000000000000.0
762000.0,31712847000000.0,7.7000925e+32,32.47696764812083,1.7999509787095285e-14,-12.564564899730584,22.964225807493783,1.2727787906489454e-14,28.02247973236822,1.553129261466957e-14,300000000000000.0,50,52000000000000.0
763000.0,31624397000000.0,7.6803124e+32,32.477541115896194,1.7901204440397806e-14,-12.564564931617255,22.96463131721651,1.2658274362303888e-14,28.022974562279593,1.5446467568657854e-14,300000000000000.0,50,52000000000000.0
764000.0,31536258000000.0,7.6604952e+32,32.47811458367156,1.7802899093700323e-14,-12.564564963503926,22.96503682693924,1.2588760818118321e-14,28.023469392190968,1.5361642522646134e-14,300000000000000.0,50,52000000000000.0
765000.0,31448392000000.0,7.6407068e+32,32.47868805144694,1.7704593747002844e-14,-12.564564995390596,22.965442336661965,1.2519247273932754e-14,28.02396422210234,1.5276817476634417e-14,300000000000000.0,50,52000000000000.0
766000.0,31360822000000.0,7.6213661e+32,32.479261519222305,1.760628840030536e-14,-12.564565027277267,22.965847846384694,1.2449733729747188e-14,28.02445905201371,1.5191992430622697e-14,300000000000000.0,50,52000000000000.0
767000.0,31273523000000.0,7.6022262e+32,32.47983498699767,1.7507983053607882e-14,-12.564565059163936,22.966253356107423,1.238022018556162e-14,28.024953881925082,1.510716738461098e-14,300000000000000.0,50,52000000000000.0
768000.0,31186468000000.0,7.5832261e+32,32.48040845477304,1.74096777069104e-14,-12.564565091050607,22.966658865830148,1.2310706641376053e-14,28.025448711836457,1.502234233859926e-14,300000000000000.0,50,52000000000000.0
769000.0,31099654000000.0,7.5643208e+32,32.48098192254841,1.731137236021292e-14,-12.564565122937276,22.967064375552876,1.2241193097190486e-14,28.02594354174783,1.4937517292587544e-14,300000000000000.0,50,52000000000000.0
770000.0,31013119000000.0,7.5450973e+32,32.481555390323784,1.721306701351544e-14,-12.564565154823947,22.967469885275605,1.217167955300492e-14,28.0264383716592,1.4852692246575824e-14,300000000000000.0,50,52000000000000.0
771000.0,30926868000000.0,7.5261654e+32,32.48212885809915,1.7114761666817958e-14,-12.564565186710619,22.96787539499833,1.2102166008819353e-14,28.026933201570575,1.4767867200564107e-14,300000000000000.0,50,52000000000000.0
772000.0,30840898000000.0,7.5069562e+32,32.48270232587452,1.7016456320120478e-14,-12.564565218597288,22.96828090472106,1.2032652464633785e-14,28.027428031481946,1.4683042154552387e-14,300000000000000.0,50,52000000000000.0
773000.0,30755175000000.0,7.4879454e+32,32.48325590675537,1.6921798426236624e-14,-12.564565249371443,22.96867235204975,1.1965718102778281e-14,28.027905701525626,1.4601364398211488e-14,300000000000000.0,50,52000000000000.0
774000.0,30669739000000.0,7.4690556e+32,32.48379104609621,1.6830522892878498e-14,-12.564565279113939,22.969050759021542,1.190117547152153e-14,28.02836745885924,1.452260519048233e-14,300000000000000.0,50,52000000000000.0
775000.0,30584575000000.0,7.4500911e+32,32.48432618543705,1.6739247359520375e-14,-12.564565308856434,22.969429165993333,1.1836632840264777e-14,28.028829216192854,1.4443845982753173e-14,300000000000000.0,50,52000000000000.0
776000.0,30499689000000.0,7.4312387e+32,32.48486132477788,1.664797182616225e-14,-12.56456533859893,22.96980757296512,1.1772090209008024e-14,28.029290973526468,1.4365086775024018e-14,300000000000000.0,50,52000000000000.0
777000.0,30415088000000.0,7.4126807e+32,32.48539646411872,1.6556696292804124e-14,-12.564565368341425,22.97018597993691,1.1707547577751273e-14,28.029752730860082,1.428632756729486e-14,300000000000000.0,50,52000000000000.0
778000.0,30330692000000.0,7.3943609e+32,32.485931603459555,1.6465420759445998e-14,-12.564565398083921,22.9705643869087,1.164300494649452e-14,28.0302144881937,1.4207568359565701e-14,300000000000000.0,50,52000000000000.0
779000.0,30246573000000.0,7.3755039e+32,32.486466742800395,1.6374145226087875e-14,-12.564565427826416,22.97094279388049,1.1578462315237767e-14,28.030676245527314,1.4128809151836544e-14,300000000000000.0,50,52000000000000.0
780000.0,30162733000000.0,7.3570217e+32,32.487001882141236,1.628286969272975e-14,-12.564565457568913,22.97132120085228,1.1513919683981016e-14,28.031138002860928,1.4050049944107389e-14,300000000000000.0,50,52000000000000.0
781000.0,30079190000000.0,7.3379802e+32,32.48753702148207,1.6191594159371624e-14,-12.564565487311407,22.971699607824068,1.1449377052724263e-14,28.031599760194542,1.3971290736378231e-14,300000000000000.0,50,52000000000000.0
782000.0,29995889000000.0,7.3192705e+32,32.48807216082291,1.6100318626013498e-14,-12.564565517053904,22.97207801479586,1.138483442146751e-14,28.032061517528156,1.3892531528649074e-14,300000000000000.0,50,52000000000000.0
783000.0,29912848000000.0,7.3003683e+32,32.48860730016374,1.6009043092655375e-14,-12.564565546796398,22.97245642176765,1.1320291790210759e-14,28.03252327486177,1.3813772320919917e-14,300000000000000.0,50,52000000000000.0
784000.0,29830039000000.0,7.2818029e+32,32.48914243950458,1.591776755929725e-14,-12.564565576538895,22.972834828739437,1.1255749158954006e-14,28.032985032195384,1.373501311319076e-14,300000000000000.0,50,52000000000000.0
785000.0,29747507000000.0,7.2625258e+32,32.48967757884542,1.5826492025939123e-14,-12.564565606281391,22.973213235711228,1.1191206527697255e-14,28.033446789529,1.3656253905461602e-14,300000000000000.0,50,52000000000000.0
786000.0,29665300000000.0,7.2433177e+32,32.4901782016944,1.5741592690300133e-14,-12.56456563409454,22.973567235428142,1.1131172625382897e-14,28.03387876350827,1.358299654840265e-14,300000000000000.0,50,52000000000000.0
787000.0,29583368000000.0,7.2244417e+32,32.49067717463129,1.5656998141304388e-14,-12.564565661815466,22.97392006846146,1.1071354243417842e-14,28.034309313822693,1.3510002183595707e-14,300000000000000.0,50,52000000000000.0
788000.0,29501744000000.0,7.2057296e+32,32.49117614756817,1.557240359230864e-14,-12.564565689536392,22.97427290149478,1.1011535861452788e-14,28.034739864137112,1.3437007818788762e-14,300000000000000.0,50,52000000000000.0
789000.0,29420360000000.0,7.1874192e+32,32.49167512050506,1.5487809043312893e-14,-12.564565717257317,22.9746257345281,1.0951717479487733e-14,28.03517041445153,1.3364013453981817e-14,300000000000000.0,50,52000000000000.0
790000.0,29339221000000.0,7.1690335e+32,32.492174093441946,1.5403214494317148e-14,-12.564565744978243,22.97497856756142,1.0891899097522679e-14,28.03560096476595,1.3291019089174873e-14,300000000000000.0,50,52000000000000.0
791000.0,29258296000000.0,7.1504757e+32,32.492673066378835,1.53186199453214e-14,-12.564565772699169,22.975331400594737,1.0832080715557623e-14,28.03603151508037,1.321802472436793e-14,300000000000000.0,50,52000000000000.0
792000.0,29177595000000.0,7.1320357e+32,32.49317203931572,1.5234025396325656e-14,-12.564565800420095,22.975684233628055,1.0772262333592568e-14,28.03646206539479,1.3145030359560984e-14,300000000000000.0,50,52000000000000.0
793000.0,29097124000000.0,7.1134659e+32,32.49367101225261,1.5149430847329908e-14,-12.56456582814102,22.976037066661373,1.0712443951627514e-14,28.03689261570921,1.307203599475404e-14,300000000000000.0,50,52000000000000.0
794000.0,29016921000000.0,7.0951496e+32,32.4941699851895,1.506483629833416e-14,-12.564565855861947,22.97638989969469,1.0652625569662459e-14,28.03732316602363,1.2999041629947096e-14,300000000000000.0,50,52000000000000.0
795000.0,28936984000000.0,7.0774706e+32,32.49466895812638,1.4980241749338416e-14,-12.56456588358287,22.97674273272801,1.0592807187697405e-14,28.03775371633805,1.2926047265140151e-14,300000000000000.0,50,52000000000000.0
796000.0,28857292000000.0,7.0598776e+32,32.49516793106327,1.4895647200342668e-14,-12.564565911303797,22.977095565761328,1.053298880573235e-14,28.03818426665247,1.2853052900333207e-14,300000000000000.0,50,52000000000000.0
797000.0,28777846000000.0,7.0416973e+32,32.49566690400016,1.4811052651346923e-14,-12.564565939024723,22.97744839879465,1.0473170423767296e-14,28.038614816966888,1.2780058535526262e-14,300000000000000.0,50,52000000000000.0
798000.0,28698642000000.0,7.0232352e+32,32.49615955653909,1.472760649250954e-14,-12.564565966392633,22.977796762556796,1.0414164089997056e-14,28.039039913579625,1.2708055085889091e-14,300000000000000.0,50,52000000000000.0
799000.0,28619627000000.0,7.0048075e+32,32.49662446510799,1.464920129823838e-14,-12.564565992210952,22.978125508040737,1.035872231670856e-14,28.0394410706656,1.2640401349824935e-14,300000000000000.0,50,52000000000000.0
800000.0,28540868000000.0,6.9866918e+32,32.497089373676886,1.457079610396722e-14,-12.564566018029272,22.97845425352468,1.0303280543420066e-14,28.03984222775157,1.2572747613760779e-14,300000000000000.0,50,52000000000000.0
801000.0,28462355000000.0,6.9688717e+32,32.49755428224579,1.4492390909696062e-14,-12.56456604384759,22.978782999008622,1.024783877013157e-14,28.04024338483754,1.2505093877696622e-14,300000000000000.0,50,52000000000000.0
802000.0,28384125000000.0,6.9504248e+32,32.49801919081468,1.44139857154249e-14,-12.564566069665908,22.979111744492567,1.0192396996843074e-14,28.040644541923516,1.2437440141632466e-14,300000000000000.0,50,52000000000000.0
803000.0,28306178000000.0,6.9320035e+32,32.498484099383575,1.433558052115374e-14,-12.564566095484228,22.979440489976508,1.0136955223554578e-14,28.041045699009487,1.236978640556831e-14,300000000000000.0,50,52000000000000.0
804000.0,28228498000000.0,6.9137776e+32,32.498949007952476,1.4257175326882582e-14,-12.564566121302546,22.979769235460452,1.0081513450266083e-14,28.041446856095458,1.2302132669504153e-14,300000000000000.0,50,52000000000000.0
805000.0,28151046000000.0,6.8959074e+32,32.49941391652137,1.4178770132611421e-14,-12.564566147120864,22.980097980944393,1.0026071676977588e-14,28.041848013181433,1.2234478933439997e-14,300000000000000.0,50,52000000000000.0
806000.0,28073854000000.0,6.878248e+32,32.49987882509027,1.410036493834026e-14,-12.564566172939182,22.980426726428338,9.970629903689092e-15,28.042249170267404,1.2166825197375842e-14,300000000000000.0,50,52000000000000.0
807000.0,27996936000000.0,6.8595975e+32,32.500343733659165,1.4021959744069101e-14,-12.564566198757502,22.98075547191228,9.915188130400597e-15,28.042650327353375,1.2099171461311686e-14,300000000000000.0,50,52000000000000.0
808000.0,27920232000000.0,6.8420086e+32,32.500808642228066,1.394355454979794e-14,-12.56456622457582,22.981084217396223,9.8597463571121e-15,28.04305148443935,1.203151772524753e-14,300000000000000.0,50,52000000000000.0
809000.0,27843748000000.0,6.8249493e+32,32.50127355079696,1.3865149355526781e-14,-12.564566250394138,22.981412962880164,9.804304583823605e-15,28.04345264152532,1.1963863989183373e-14,300000000000000.0,50,52000000000000.0
810000.0,27767505000000.0,6.8075089e+32,32.50173845936585,1.378674416125562e-14,-12.564566276212458,22.98174170836411,9.748862810535109e-15,28.04385379861129,1.1896210253119217e-14,300000000000000.0,50,52000000000000.0
811000.0,27691485000000.0,6.7894082e+32,32.5021966614299,1.3709549346583268e-14,-12.564566301656471,22.98206571155355,9.694276919318979e-15,28.04424916883437,1.1829600921235212e-14,300000000000000.0,50,52000000000000.0
812000.0,27615718000000.0,6.7715789e+32,32.50262948442587,1.363693490677081e-14,-12.564566325684021,22.982371768731227,9.642929896909915e-15,28.044622640141327,1.1766943872300326e-14,300000000000000.0,50,52000000000000.0
813000.0,27540214000000.0,6.7534338e+32,32.503062307421835,1.356432046695835e-14,-12.564566349711571,22.982677825908908,9.591582874500853e-15,28.04499611144828,1.1704286823365441e-14,300000000000000.0,50,52000000000000.0
814000.0,27464949000000.0,6.735903e+32,32.503495130417804,1.349170602714589e-14,-12.56456637373912,22.98298388308659,9.54023585209179e-15,28.045369582755235,1.1641629774430555e-14,300000000000000.0,50,52000000000000.0
815000.0,27389902000000.0,6.7186145e+32,32.503927953413765,1.3419091587333431e-14,-12.564566397766669,22.983289940264267,9.488888829682727e-15,28.04574305406219,1.157897272549567e-14,300000000000000.0,50,52000000000000.0
816000.0,27315048000000.0,6.7015725e+32,32.50436077640973,1.3346477147520973e-14,-12.564566421794218,22.98359599744195,9.437541807273665e-15,28.046116525369143,1.1516315676560786e-14,300000000000000.0,50,52000000000000.0
817000.0,27240409000000.0,6.6843218e+32,32.5047935994057,1.3273862707708512e-14,-12.564566445821768,22.983902054619627,9.386194784864601e-15,28.046489996676097,1.14536586276259e-14,300000000000000.0,50,52000000000000.0
818000.0,27165988000000.0,6.6670618e+32,32.50522642240167,1.3201248267896054e-14,-12.564566469849318,22.984208111797308,9.334847762455539e-15,28.04686346798305,1.1391001578691015e-14,300000000000000.0,50,52000000000000.0
819000.0,27091768000000.0,6.6502399e+32,32.50565924539764,1.3128633828083595e-14,-12.564566493876868,22.98451416897499,9.283500740046477e-15,28.047236939290006,1.1328344529756129e-14,300000000000000.0,50,52000000000000.0
820000.0,27017756000000.0,6.6337984e+32,32.506092068393606,1.3056019388271134e-14,-12.564566517904417,22.984820226152667,9.232153717637413e-15,28.04761041059696,1.1265687480821244e-14,300000000000000.0,50,52000000000000.0
821000.0,26943923000000.0,6.6175034e+32,32.506524891389574,1.2983404948458676e-14,-12.564566541931967,22.98512628333035,9.18080669522835e-15,28.047983881903914,1.1203030431886358e-14,300000000000000.0,50,52000000000000.0
822000.0,26870373000000.0,6.600142e+32,32.50695771438554,1.2910790508646217e-14,-12.564566565959517,22.98543234050803,9.129459672819287e-15,28.048357353210868,1.1140373382951474e-14,300000000000000.0,50,52000000000000.0
823000.0,26797099000000.0,6.5831443e+32,32.507390537381504,1.2838176068833757e-14,-12.564566589987066,22.985738397685708,9.078112650410225e-15,28.048730824517822,1.1077716334016587e-14,300000000000000.0,50,52000000000000.0
824000.0,26724073000000.0,6.5654644e+32,32.507822713162604,1.2765679067174932e-14,-12.564566613978519,22.986043997205705,9.02684867071624e-15,28.049103737360458,1.1015160619321045e-14,300000000000000.0,50,52000000000000.0
825000.0,26651286000000.0,6.5481073e+32,32.508225336991714,1.2698544313584798e-14,-12.564566636321755,22.986328699990217,8.979376436930748e-15,28.049451150617795,1.0957231844954437e-14,300000000000000.0,50,52000000000000.0
826000.0,26578745000000.0,6.5300815e+32,32.50862796082083,1.2631409559994662e-14,-12.564566658664992,22.986613402774733,8.931904203145254e-15,28.049798563875132,1.089930307058783e-14,300000000000000.0,50,52000000000000.0
827000.0,26506405000000.0,6.5134764e+32,32.50903058464994,1.2564274806404526e-14,-12.564566681008229,22.986898105559245,8.884431969359762e-15,28.050145977132473,1.0841374296221222e-14,300000000000000.0,50,52000000000000.0
828000.0,26434308000000.0,6.4972108e+32,32.50943320847905,1.249714005281439e-14,-12.564566703351467,22.98718280834376,8.836959735574268e-15,28.05049339038981,1.0783445521854614e-14,300000000000000.0,50,52000000000000.0
829000.0,26362459000000.0,6.4807688e+32,32.50983583230816,1.2430005299224256e-14,-12.564566725694704,22.987467511128273,8.789487501788776e-15,28.050840803647148,1.0725516747488008e-14,300000000000000.0,50,52000000000000.0
830000.0,26290820000000.0,6.4638374e+32,32.51023845613727,1.236287054563412e-14,-12.56456674803794,22.98775221391279,8.742015268003282e-15,28.051188216904485,1.06675879731214e-14,300000000000000.0,50,52000000000000.0
831000.0,26219429000000.0,6.4471228e+32,32.51064107996638,1.2295735792043984e-14,-12.564566770381177,22.9880369166973,8.69454303421779e-15,28.051535630161823,1.0609659198754792e-14,300000000000000.0,50,52000000000000.0
832000.0,26148265000000.0,6.4307993e+32,32.511043703795494,1.222860103845385e-14,-12.564566792724415,22.988321619481816,8.647070800432296e-15,28.05188304341916,1.0551730424388185e-14,300000000000000.0,50,52000000000000.0
833000.0,26077310000000.0,6.4141141e+32,32.511446327624604,1.2161466284863714e-14,-12.564566815067652,22.988606322266328,8.599598566646804e-15,28.052230456676497,1.0493801650021577e-14,300000000000000.0,50,52000000000000.0
834000.0,26006562000000.0,6.3980276e+32,32.511848951453715,1.2094331531273578e-14,-12.564566837410888,22.988891025050844,8.55212633286131e-15,28.052577869933835,1.0435872875654969e-14,300000000000000.0,50,52000000000000.0
835000.0,25935999000000.0,6.38243e+32,32.512251575282825,1.2027196777683444e-14,-12.564566859754125,22.989175727835356,8.504654099075818e-15,28.052925283191172,1.0377944101288361e-14,300000000000000.0,50,52000000000000.0
836000.0,25865639000000.0,6.366163e+32,32.51265419911194,1.1960062024093308e-14,-12.564566882097361,22.98946043061987,8.457181865290324e-15,28.053272696448513,1.0320015326921754e-14,300000000000000.0,50,52000000000000.0
837000.0,25795485000000.0,6.3501015e+32,32.51305682294105,1.1892927270503172e-14,-12.5645669044406,22.989745133404384,8.409709631504832e-15,28.05362010970585,1.0262086552555146e-14,300000000000000.0,50,52000000000000.0
838000.0,25725503000000.0,6.3346871e+32,32.51344187319814,1.1828886086653995e-14,-12.564566925804337,22.99001740958904,8.364424918718466e-15,28.053952359200245,1.0206827136678365e-14,300000000000000.0,50,52000000000000.0
839000.0,25655750000000.0,6.318145e+32,32.51381612264752,1.1766746226671987e-14,-12.564566946566071,22.990282048321536,8.320484667584445e-15,28.054275288967983,1.0153208322252895e-14,300000000000000.0,50,52000000000000.0
840000.0,25586227000000.0,6.3028005e+32,32.51419037209689,1.1704606366689981e-14,-12.564566967327805,22.99054668705403,8.276544416450427e-15,28.05459821873572,1.0099589507827424e-14,300000000000000.0,50,52000000000000.0
841000.0,25516897000000.0,6.288011e+32,32.51456462154627,1.1642466506707974e-14,-12.564566988089538,22.990811325786527,8.232604165316406e-15,28.054921148503457,1.0045970693401953e-14,300000000000000.0,50,52000000000000.0
842000.0,25447777000000.0,6.2724428e+32,32.51493887099565,1.1580326646725968e-14,-12.564567008851272,22.991075964519023,8.188663914182386e-15,28.055244078271194,9.992351878976483e-15,300000000000000.0,50,52000000000000.0
843000.0,25378889000000.0,6.255712e+32,32.51531312044502,1.151818678674396e-14,-12.564567029613006,22.99134060325152,8.144723663048367e-15,28.05556700803893,9.93873306455101e-15,300000000000000.0,50,52000000000000.0
844000.0,25310196000000.0,6.2408279e+32,32.5156873698944,1.1456046926761953e-14,-12.564567050374738,22.991605241984015,8.100783411914347e-15,28.05588993780667,9.88511425012554e-15,300000000000000.0,50,52000000000000.0
845000.0,25241677000000.0,6.2256961e+32,32.51606161934378,1.1393907066779947e-14,-12.564567071136471,22.991869880716514,8.056843160780328e-15,28.056212867574406,9.831495435700069e-15,300000000000000.0,50,52000000000000.0
846000.0,25173389000000.0,6.2101076e+32,32.51643586879315,1.1331767206797939e-14,-12.564567091898205,22.99213451944901,8.012902909646308e-15,28.056535797342143,9.777876621274598e-15,300000000000000.0,50,52000000000000.0
847000.0,25105339000000.0,6.1948705e+32,32.51681011824253,1.1269627346815932e-14,-12.564567112659939,22.992399158181506,7.968962658512288e-15,28.05685872710988,9.724257806849127e-15,300000000000000.0,50,52000000000000.0
848000.0,25037486000000.0,6.1799298e+32,32.51718436769191,1.1207487486833926e-14,-12.564567133421672,22.992663796914,7.925022407378269e-15,28.057181656877617,9.670638992423657e-15,300000000000000.0,50,52000000000000.0
849000.0,24969814000000.0,6.1654872e+32,32.51755861714129,1.1145347626851918e-14,-12.564567154183406,22.992928435646498,7.881082156244248e-15,28.057504586645354,9.617020177998184e-15,300000000000000.0,50,52000000000000.0
850000.0,24902294000000.0,6.1517177e+32,32.51793286659066,1.108320776686991e-14,-12.56456717494514,22.993193074378993,7.837141905110228e-15,28.057827516413088,9.563401363572714e-15,300000000000000.0,50,52000000000000.0
851000.0,24834964000000.0,6.1378619e+32,32.51830711604004,1.1021067906887904e-14,-12.564567195706873,22.99345771311149,7.79320165397621e-15,28.058150446180825,9.509782549147243e-15,300000000000000.0,50,52000000000000.0
852000.0,24767774000000.0,6.1240111e+32,32.518654694360286,1.0963479504048751e-14,-12.564567214982967,22.99370349219235,7.752479823238292e-15,28.058450362148342,9.460091065162157e-15,300000000000000.0,50,52000000000000.0
853000.0,24700769000000.0,6.1105943e+32,32.519002253337625,1.0905894402098424e-14,-12.564567234257984,22.993949257595474,7.711760326620545e-15,28.05875026142538,9.410402429425611e-15,300000000000000.0,50,52000000000000.0
854000.0,24633920000000.0,6.0976124e+32,32.51934981231496,1.0848309300148097e-14,-12.564567253533003,22.9941950229986,7.671040830002796e-15,28.059050160702416,9.360713793689067e-15,300000000000000.0,50,52000000000000.0
855000.0,24567243000000.0,6.0845057e+32,32.51969737129229,1.079072419819777e-14,-12.56456727280802,22.994440788401725,7.63032133338505e-15,28.059350059979455,9.311025157952521e-15,300000000000000.0,50,52000000000000.0
856000.0,24500750000000.0,6.071912e+32,32.52004493026963,1.0733139096247442e-14,-12.564567292083037,22.994686553804854,7.589601836767303e-15,28.059649959256493,9.261336522215976e-15,300000000000000.0,50,52000000000000.0
857000.0,24434398000000.0,6.0601147e+32,32.52039248924696,1.0675553994297115e-14,-12.564567311358054,22.99493231920798,7.548882340149556e-15,28.05994985853353,9.211647886479431e-15,300000000000000.0,50,52000000000000.0
858000.0,24368239000000.0,6.0461259e+32,32.5207400482243,1.061796889234679e-14,-12.564567330633071,22.995178084611105,7.508162843531808e-15,28.060249757810567,9.161959250742886e-15,300000000000000.0,50,52000000000000.0
859000.0,24302335000000.0,6.0321537e+32,32.52108760720163,1.0560383790396463e-14,-12.564567349908089,22.99542385001423,7.467443346914061e-15,28.060549657087606,9.11227061500634e-15,300000000000000.0,50,52000000000000.0
860000.0,24236677000000.0,6.0181969e+32,32.52143516617897,1.0502798688446135e-14,-12.564567369183106,22.995669615417356,7.426723850296315e-15,28.06084955636464,9.062581979269796e-15,300000000000000.0,50,52000000000000.0
861000.0,24171268000000.0,6.0047607e+32,32.5217827251563,1.0445213586495808e-14,-12.564567388458125,22.995915380820485,7.386004353678566e-15,28.06114945564168,9.01289334353325e-15,300000000000000.0,50,52000000000000.0
862000.0,24106041000000.0,5.9931675e+32,32.52213028413363,1.0387628484545481e-14,-12.564567407733142,22.99616114622361,7.34528485706082e-15,28.061449354918718,8.963204707796705e-15,300000000000000.0,50,52000000000000.0
863000.0,24041034000000.0,5.9815917e+32,32.52247784311097,1.0330043382595154e-14,-12.564567427008159,22.996406911626735,7.304565360443073e-15,28.061749254195753,8.91351607206016e-15,300000000000000.0,50,52000000000000.0
864000.0,23976226000000.0,5.970722e+32,32.5228254020883,1.0272458280644827e-14,-12.564567446283176,22.99665267702986,7.263845863825326e-15,28.062049153472792,8.863827436323615e-15,300000000000000.0,50,52000000000000.0
865000.0,23911574000000.0,5.9607411e+32,32.523168997747966,1.0215551703023288e-14,-12.56456746533756,22.99689563989735,7.223606164430939e-15,28.062345632909604,8.814724281042952e-15,300000000000000.0,50,52000000000000.0
866000.0,23847087000000.0,5.9506665e+32,32.52349142032225,1.0162269980823253e-14,-12.564567483213267,22.997123630882367,7.185929667994105e-15,28.06262384266049,8.76874891634348e-15,300000000000000.0,50,52000000000000.0
867000.0,23782769000000.0,5.9407023e+32,32.52381384289654,1.0108988258623218e-14,-12.564567501088973,22.997351621867384,7.14825317155727e-15,28.06290205241137,8.722773551644007e-15,300000000000000.0,50,52000000000000.0
868000.0,23718612000000.0,5.9346042e+32,32.52413626547082,1.0055706536423183e-14,-12.56456751896468,22.997579612852398,7.110576675120436e-15,28.063180262162255,8.676798186944533e-15,300000000000000.0,50,52000000000000.0
869000.0,23654584000000.0,5.9267616e+32,32.52445868804511,1.0002424814223148e-14,-12.564567536840386,22.997807603837416,7.072900178683601e-15,28.063458471913137,8.63082282224506e-15,300000000000000.0,50,52000000000000.0
870000.0,23590708000000.0,5.918221e+32,32.524781110619394,9.949143092023113e-15,-12.564567554716092,22.998035594822433,7.035223682246767e-15,28.06373668166402,8.584847457545588e-15,300000000000000.0,50,52000000000000.0
871000.0,23527011000000.0,5.9094211e+32,32.52510353319368,9.895861369823079e-15,-12.564567572591798,22.99826358580745,6.997547185809932e-15,28.064014891414903,8.538872092846114e-15,300000000000000.0,50,52000000000000.0
872000.0,23463535000000.0,5.8975259e+32,32.525425955767965,9.842579647623044e-15,-12.564567590467504,22.998491576792468,6.959870689373098e-15,28.064293101165788,8.492896728146642e-15,300000000000000.0,50,52000000000000.0
873000.0,23400311000000.0,5.889578e+32,32.52574837834225,9.789297925423009e-15,-12.56456760834321,22.998719567777485,6.922194192936263e-15,28.06457131091667,8.44692136344717e-15,300000000000000.0,50,52000000000000.0
874000.0,23337219000000.0,5.8845124e+32,32.52607080091654,9.736016203222974e-15,-12.564567626218917,22.9989475587625,6.884517696499429e-15,28.064849520667554,8.400945998747695e-15,300000000000000.0,50,52000000000000.0
875000.0,23274259000000.0,5.8794531e+32,32.52639322349083,9.682734481022939e-15,-12.564567644094623,22.999175549747516,6.846841200062594e-15,28.06512773041844,8.354970634048223e-15,300000000000000.0,50,52000000000000.0
876000.0,23211454000000.0,5.874478e+32,32.526715646065114,9.629452758822904e-15,-12.56456766197033,22.999403540732533,6.80916470362576e-15,28.06540594016932,8.30899526934875e-15,300000000000000.0,50,52000000000000.0
877000.0,23148814000000.0,5.8690309e+32,32.5270380686394,9.57617103662287e-15,-12.564567679846036,22.99963153171755,6.771488207188925e-15,28.065684149920205,8.263019904649278e-15,300000000000000.0,50,52000000000000.0
878000.0,23086426000000.0,5.8647884e+32,32.527360491213685,9.522889314422834e-15,-12.564567697721742,22.999859522702568,6.733811710752091e-15,28.065962359671087,8.217044539949804e-15,300000000000000.0,50,52000000000000.0
879000.0,23024196000000.0,5.863192e+32,32.52768076443525,9.469829524611757e-15,-12.564567715477864,23.00008599384032,6.696292146865535e-15,28.066238714803337,8.171260674776704e-15,300000000000000.0,50,52000000000000.0
880000.0,22962124000000.0,5.8631959e+32,32.5279795507771,9.41898837230915e-15,-12.564567732038514,23.000297271205906,6.660341423128829e-15,28.066496529485107,8.127391212607438e-15,300000000000000.0,50,52000000000000.0
881000.0,22900143000000.0,5.8662502e+32,32.52827833711894,9.368147220006544e-15,-12.564567748599165,23.000508548571492,6.624390699392124e-15,28.066754344166878,8.08352175043817e-15,300000000000000.0,50,52000000000000.0
965000.0,17601960000000.0,4.6338584e+32,32.5486899847351,5.549576302807022e-15,-12.56456887931923,23.01494200317086,3.924208286915541e-15,28.084367004634565,4.788579732656461e-15,300000000000000.0,50,52000000000000.0
966000.0,17554001000000.0,4.5822798e+32,32.548880077168626,5.5105381749374474e-15,-12.56456888984326,23.015076421055003,3.896603702243828e-15,28.084531030269453,4.754894783999171e-15,300000000000000.0,50,52000000000000.0
967000.0,17501590000000.0,4.533769e+32,32.54907016960215,5.4715000470678725e-15,-12.56456890036729,23.015210838939144,3.868999117572115e-15,28.084695055904344,4.7212098353418806e-15,300000000000000.0,50,52000000000000.0
968000.0,17444260000000.0,4.4851809e+32,32.54926026203569,5.4324619191982976e-15,-12.564568910891317,23.015345256823284,3.8413945329004016e-15,28.084859081539232,4.6875248866845896e-15,300000000000000.0,50,52000000000000.0
969000.0,17382276000000.0,4.4331059e+32,32.549435981391916,5.399869407807825e-15,-12.564568920618324,23.015469511237736,3.818347763280812e-15,28.085010705033,4.659401686839712e-15,300000000000000.0,50,52000000000000.0
970000.0,17316720000000.0,4.3814151e+32,32.54960699590547,5.369386786374352e-15,-12.564568930084434,23.015590438770623,3.796792936012356e-15,28.085158268844797,4.633099054197473e-15,300000000000000.0,50,52000000000000.0
971000.0,17252122000000.0,4.3326684e+32,32.54977801041903,5.338904164940879e-15,-12.564568939550544,23.015711366303513,3.7752381087439e-15,28.085305832656598,4.606796421555236e-15,300000000000000.0,50,52000000000000.0
972000.0,17195234000000.0,4.2802921e+32,32.54994902493259,5.308421543507406e-15,-12.564568949016655,23.0158322938364,3.753683281475443e-15,28.085453396468395,4.580493788912998e-15,300000000000000.0,50,52000000000000.0
973000.0,17150602000000.0,4.2249358e+32,32.55012003944615,5.277938922073933e-15,-12.564568958482765,23.015953221369287,3.732128454206986e-15,28.085600960280196,4.554191156270761e-15,300000000000000.0,50,52000000000000.0
974000.0,17115931000000.0,4.1705045e+32,32.550291053959704,5.24745630064046e-15,-12.564568967948874,23.016074148902177,3.71057362693853e-15,28.085748524091994,4.527888523628523e-15,300000000000000.0,50,52000000000000.0
975000.0,17081226000000.0,4.1206362e+32,32.550462068473266,5.216973679206987e-15,-12.564568977414986,23.016195076435064,3.6890187996700735e-15,28.085896087903794,4.501585890986286e-15,300000000000000.0,50,52000000000000.0
976000.0,17039375000000.0,4.0750887e+32,32.55063308298682,5.186491057773514e-15,-12.564568986881095,23.01631600396795,3.667463972401617e-15,28.086043651715592,4.475283258344048e-15,300000000000000.0,50,52000000000000.0
977000.0,16988077000000.0,4.0342642e+32,32.55080409750038,5.156008436340041e-15,-12.564568996347207,23.016436931500838,3.645909145133161e-15,28.08619121552739,4.448980625701811e-15,300000000000000.0,50,52000000000000.0
978000.0,16937349000000.0,3.9964465e+32,32.55097511201394,5.125525814906567e-15,-12.564569005813317,23.01655785903373,3.624354317864704e-15,28.08633877933919,4.422677993059573e-15,300000000000000.0,50,52000000000000.0
979000.0,16887779000000.0,3.9540387e+32,32.5511461265275,5.095043193473094e-15,-12.564569015279426,23.016678786566615,3.602799490596247e-15,28.086486343150987,4.396375360417336e-15,300000000000000.0,50,52000000000000.0
980000.0,16839286000000.0,3.9126112e+32,32.551317141041054,5.064560572039621e-15,-12.564569024745538,23.016799714099502,3.581244663327791e-15,28.08663390696279,4.3700727277750974e-15,300000000000000.0,50,52000000000000.0
981000.0,16790929000000.0,3.8738731e+32,32.551488155554615,5.034077950606148e-15,-12.564569034211647,23.016920641632392,3.5596898360593346e-15,28.086781470774586,4.34377009513286e-15,300000000000000.0,50,52000000000000.0
982000.0,16740294000000.0,3.8372527e+32,32.55165917006817,5.0035953291726746e-15,-12.564569043677757,23.01704156916528,3.5381350087908782e-15,28.086929034586383,4.3174674624906224e-15,300000000000000.0,50,52000000000000.0
983000.0,16690079000000.0,3.8024469e+32,32.551830184581725,4.9731127077392015e-15,-12.564569053143869,23.017162496698166,3.5165801815224215e-15,28.087076598398184,4.291164829848385e-15,300000000000000.0,50,52000000000000.0
984000.0,16640096000000.0,3.7663567e+32,32.55200112687593,4.942671623526426e-15,-12.564569062605974,23.017283373163405,3.4950547259933425e-15,28.087224099893845,4.264898038554413e-15,300000000000000.0,50,52000000000000.0
985000.0,16588800000000.0,3.7327242e+32,32.55215700224409,4.92089633543163e-15,-12.564569071232665,23.017393595525654,3.479657015672018e-15,28.087358600545024,4.246108729177748e-15,300000000000000.0,50,52000000000000.0
986000.0,16541079000000.0,3.7032201e+32,32.55231287761225,4.899121047336833e-15,-12.564569079859355,23.0175038178879,3.4642593053506934e-15,28.087493101196202,4.227319419801084e-15,300000000000000.0,50,52000000000000.0
987000.0,16495243000000.0,3.6674765e+32,32.55246875298041,4.877345759242037e-15,-12.564569088486046,23.017614040250148,3.448861595029369e-15,28.08762760184738,4.2085301104244195e-15,300000000000000.0,50,52000000000000.0
988000.0,16449173000000.0,3.6337988e+32,32.55262462834857,4.8555704711472405e-15,-12.564569097112736,23.017724262612393,3.4334638847080442e-15,28.08776210249856,4.189740801047755e-15,300000000000000.0,50,52000000000000.0
989000.0,16401532000000.0,3.601727e+32,32.552780503716725,4.8337951830524435e-15,-12.564569105739427,23.017834484974642,3.41806617438672e-15,28.087896603149737,4.170951491671091e-15,300000000000000.0,50,52000000000000.0
990000.0,16357265000000.0,3.5668422e+32,32.55293637908489,4.812019894957647e-15,-12.564569114366117,23.017944707336888,3.4026684640653955e-15,28.088031103800915,4.152162182294426e-15,300000000000000.0,50,52000000000000.0
991000.0,16316034000000.0,3.5291419e+32,32.55309225445305,4.79024460686285e-15,-12.564569122992806,23.018054929699133,3.387270753744071e-15,28.088165604452094,4.133372872917762e-15,300000000000000.0,50,52000000000000.0
992000.0,16278130000000.0,3.4928759e+32,32.553248129821206,4.768469318768054e-15,-12.564569131619496,23.018165152061382,3.3718730434227463e-15,28.088300105103272,4.114583563541097e-15,300000000000000.0,50,52000000000000.0
993000.0,16242667000000.0,3.4573465e+32,32.55340400518937,4.746694030673258e-15,-12.564569140246187,23.018275374423627,3.3564753331014218e-15,28.08843460575445,4.0957942541644325e-15,300000000000000.0,50,52000000000000.0
994000.0,16209248000000.0,3.4225205e+32,32.55355988055753,4.724918742578461e-15,-12.564569148872877,23.018385596785876,3.341077622780097e-15,28.088569106405632,4.0770049447877685e-15,300000000000000.0,50,52000000000000.0
995000.0,16178337000000.0,3.3874706e+32,32.55371575592569,4.703143454483665e-15,-12.564569157499568,23.01849581914812,3.3256799124587726e-15,28.08870360705681,4.058215635411104e-15,300000000000000.0,50,52000000000000.0
996000.0,16149402000000.0,3.3520381e+32,32.55387163129385,4.681368166388869e-15,-12.564569166126258,23.018606041510367,3.310282202137448e-15,28.08883810770799,4.039426326034439e-15,300000000000000.0,50,52000000000000.0
997000.0,16121848000000.0,3.317372e+32,32.55402750666201,4.659592878294072e-15,-12.564569174752949,23.018716263872616,3.294884491816124e-15,28.088972608359168,4.020637016657775e-15,300000000000000.0,50,52000000000000.0
998000.0,16095052000000.0,3.2832344e+32,32.55418338203017,4.6378175901992755e-15,-12.56456918337964,23.01882648623486,3.2794867814947993e-15,28.089107109010346,4.00184770728111e-15,300000000000000.0,50,52000000000000.0
999000.0,16068972000000.0,3.2496208e+32,32.55433925739833,4.6160423021044785e-15,-12.56456919200633,23.01893670859711,3.2640890711734747e-15,28.089241609661524,3.983058397904446e-15,300000000000000.0,50,52000000000000.0
1000000.0,16043583000000.0,3.2171219e+32,32.55449513276649,4.594267014009682e-15,-12.56456920063302,23.019046930959355,3.24869136085215e-15,28.089376110312703,3.9642690885277814e-15,300000000000000.0,50,52000000000000.0
