t[yr],B[G],L[erg/s],P_fill[s],Pdot_fill[s/s],chi[rad],P_vac[s],Pdot_vac[s/s],P_vacObs[s],Pdot_vacObs[s/s],bpol,etor,btorAvg
0.0,1000000000000000.0,8.943818e+36,0.001,9.090246777341855e-07,1.0471975511965976,0.001,2.5972133649548153e-07,0.001,2.4408659869234986e-07,300000000000000.0,50,52000000000000.0
1.0,998893480000000.0,5.4189557e+35,0.21251754207542972,3.2191144689868546e-09,-10.025642838985926,0.12244089412183261,2.1170126138290734e-09,0.11865829406552071,2.0529962394361817e-09,300000000000000.0,50,52000000000000.0
2.0,998087690000000.0,5.3214984e+35,0.29425598670726094,2.1442360167131057e-09,-9.911830797760773,0.17719359397880793,1.4604939405257971e-09,0.1717498767335276,1.4160795573830554e-09,300000000000000.0,50,52000000000000.0
3.0,997252000000000.0,5.272441e+35,0.35447620579771494,1.7056792789563954e-09,-9.849947424249759,0.21857481154922692,1.1820016473107378e-09,0.21187148921122528,1.1459930500055725e-09,300000000000000.0,50,52000000000000.0
4.0,996399020000000.0,5.224578e+35,0.4042291878067085,1.4550409976842426e-09,-9.808618749761234,0.25322637832213496,1.0185168133876485e-09,0.2454669667855823,9.874620160296337e-10,300000000000000.0,50,52000000000000.0
5.0,995540140000000.0,5.1866385e+35,0.4475219665389185,1.2884920097215487e-09,-9.778199304020754,0.2836267283494378,9.077821632065534e-10,0.27494017188065484,8.800896407635231e-10,300000000000000.0,50,52000000000000.0
6.0,994690300000000.0,5.1609701e+35,0.486330151903126,1.1678147677986065e-09,-9.754473858652828,0.311025895392378,8.263958309594857e-10,0.30150337415295925,8.011775983379532e-10,300000000000000.0,50,52000000000000.0
7.0,993832970000000.0,5.129831e+35,0.5217918292582325,1.075278125405527e-09,-9.735240839324838,0.33615692560434896,7.632993490833614e-10,0.3258674223911156,7.40001018565659e-10,300000000000000.0,50,52000000000000.0
8.0,992976860000000.0,5.1066798e+35,0.5546366857380507,1.0014391315076895e-09,-9.719206011610114,0.35949679710091503,7.125152219539381e-10,0.3484948287250086,6.907631192632933e-10,300000000000000.0,50,52000000000000.0
9.0,992125160000000.0,5.0929536e+35,0.5853652448138315,9.407415989559162e-10,-9.705548659893287,0.38137673184760396,6.70479066228512e-10,0.3697067583950604,6.500074477953165e-10,300000000000000.0,50,52000000000000.0
10.0,991278020000000.0,5.0820056e+35,0.6143264362972867,8.897406821923651e-10,-9.693729657784042,0.402029676803204,6.349570704142181e-10,0.38972908026876724,6.155679093046274e-10,300000000000000.0,50,52000000000000.0
20.0,982987170000000.0,5.1116327e+35,0.8454488159238658,6.173530637798689e-10,-9.625213476559427,0.5674147176687244,4.4239261895703805e-10,0.5500624701321885,4.288770046613489e-10,300000000000000.0,50,52000000000000.0
30.0,974996170000000.0,5.2061833e+35,1.020109061677438,4.976491335653834e-10,-9.592381189513551,0.6925821275895715,3.565726568996194e-10,0.6714055395384043,3.456771748961579e-10,300000000000000.0,50,52000000000000.0
40.0,967219950000000.0,5.2714685e+35,1.1655843089086653,4.2600003098649157e-10,-9.572113408185027,0.7967844399832082,3.050159794327269e-10,0.7724237014549803,2.956951163432698e-10,300000000000000.0,50,52000000000000.0
50.0,959620890000000.0,5.3053464e+35,1.2923064246121647,3.767647965705283e-10,-9.558009141659735,0.8874854555371036,2.6955542784322277e-10,0.8603529545351942,2.613177907839213e-10,300000000000000.0,50,52000000000000.0
60.0,952176040000000.0,5.2924097e+35,1.4056010451316867,3.401526513263375e-10,-9.547474176391326,0.9685154554939264,2.431882292984962e-10,0.9389066325513739,2.3575613651920117e-10,300000000000000.0,50,52000000000000.0
70.0,944872830000000.0,5.2203737e+35,1.5086654338610113,3.114696312627099e-10,-9.539220158981824,1.0421791963678522,2.2254083529406388e-10,1.0103191065008044,2.1573959242011533e-10,300000000000000.0,50,52000000000000.0
80.0,937725140000000.0,5.1535098e+35,1.6035398797569573,2.88210832776973e-10,-9.532536790551971,1.1099489071870954,2.0580814489801346e-10,1.0760176383832845,1.9951817433773585e-10,300000000000000.0,50,52000000000000.0
90.0,930728440000000.0,5.0646354e+35,1.6917031987577638,2.6882222764169237e-10,-9.526981492167565,1.1728918578900687,1.9186875044073772e-10,1.1370368961584367,1.8600472125381645e-10,300000000000000.0,50,52000000000000.0
100.0,923882560000000.0,4.9631484e+35,1.7742174713131544,2.5233290909100666e-10,-9.52227111300846,1.2317745283329788,1.8002139378104566e-10,1.194119944168809,1.7451939292361953e-10,300000000000000.0,50,52000000000000.0
200.0,863061910000000.0,3.9912801e+35,2.4076305303133485,1.6158978291409953e-10,-9.496727642681172,1.6830513805370622,1.1498411202558962e-10,1.6316040272179528,1.1146967838497864e-10,300000000000000.0,50,52000000000000.0
300.0,816918220000000.0,3.377099e+35,2.851749042505788,1.2206033801769649e-10,-9.485529096338796,1.9988828233159337,8.675023846828912e-11,1.9377821533267339,8.409871658141761e-11,300000000000000.0,50,52000000000000.0
400.0,780600950000000.0,2.9008317e+35,3.200431896369645,9.921608029084704e-11,-9.478904103689079,2.246609246314704,7.046345125687239e-11,2.177936784651608,6.830971750804669e-11,300000000000000.0,50,52000000000000.0
500.0,750535180000000.0,2.4884495e+35,3.490031120877204,8.407322992379266e-11,-9.474405236960136,2.452235072257523,5.967982590444471e-11,2.3772775883631985,5.785568734717396e-11,300000000000000.0,50,52000000000000.0
600.0,725083600000000.0,2.1211066e+35,3.7388963166473324,7.322636207751757e-11,-9.471094901667248,2.6288639154009434,5.1961635274467227e-11,2.548507689206046,5.0373401017782394e-11,300000000000000.0,50,52000000000000.0
700.0,703207460000000.0,1.7913811e+35,3.957839919967433,6.505089034904184e-11,-9.468526331998543,2.7842074804895827,4.6147698220353586e-11,2.6991030924734307,4.473716648038068e-11,300000000000000.0,50,52000000000000.0
800.0,684157600000000.0,1.503349e+35,4.153846064127274,5.864892499801672e-11,-9.466456121392978,2.923242492862236,4.15970289260174e-11,2.833888413707634,4.032558869768904e-11,300000000000000.0,50,52000000000000.0
900.0,667501310000000.0,1.2332072e+35,4.331614485574327,5.3539119652504015e-11,-9.464740946876011,3.0493156688997662,3.796610319178187e-11,2.956108078626128,3.680564284408745e-11,300000000000000.0,50,52000000000000.0
1000.0,652831260000000.0,9.8793375e+34,4.494708462699047,4.9354351969006074e-11,-9.463286329928676,3.1649627752453173,3.499332301134675e-11,3.0682203488907014,3.3923726462255445e-11,300000000000000.0,50,52000000000000.0
2000.0,560823530000000.0,3.9583543e+34,5.690678819110803,2.8764115348342558e-11,-9.455167962885781,4.012568402285203,2.0378015485836975e-11,3.8899182052138364,1.9755142833685375e-11,300000000000000.0,50,52000000000000.0
3000.0,512127550000000.0,2.980438e+34,6.472125675477641,2.1073119761290767e-11,-9.451485613542465,4.56609107947462,1.4924219194444928e-11,4.42652193710761,1.4468045795959839e-11,300000000000000.0,50,52000000000000.0
4000.0,482176840000000.0,2.3375419e+34,7.074108294442677,1.7098596270182774e-11,-9.449204457554607,4.992379718332068,1.2106973056105236e-11,4.8397806376778565,1.1736911095285442e-11,300000000000000.0,50,52000000000000.0
5000.0,468321910000000.0,2.1833236e+34,7.5817830318725274,1.503807577919772e-11,-9.447562436186484,5.351823955151292,1.0646490326311184e-11,5.18823809104213,1.0321069242380606e-11,300000000000000.0,50,52000000000000.0
6000.0,454743500000000.0,2.12102664e+34,8.031451724817313,1.3384637235316056e-11,-9.446281357206368,5.670159610131468,9.474900225339328e-12,5.496843481895948,9.18528984255975e-12,300000000000000.0,50,52000000000000.0
7000.0,443216100000000.0,2.1347399e+34,8.434893924397363,1.2117454996238996e-11,-9.445248508850767,5.955742855212135,8.577153767311407e-12,5.77369757011981,8.314983838688799e-12,300000000000000.0,50,52000000000000.0
8000.0,439665100000000.0,1.7787159e+34,8.806790746193732,1.1405983815630716e-11,-9.444380186973273,6.218976186154402,8.072995783600186e-12,6.028884889902262,7.826235895816803e-12,300000000000000.0,50,52000000000000.0
9000.0,434119120000000.0,1.6657812e+34,9.156682687816854,1.0697494127183617e-11,-9.443627590702242,6.466618482369287,7.571095522118068e-12,6.268957729248286,7.339676690905575e-12,300000000000000.0,50,52000000000000.0
10000.0,429757580000000.0,1.5896154e+34,9.486098150186631,1.012476553055798e-11,-9.442970001322536,6.699755508156161,7.1653920856515236e-12,6.4949686655739125,6.946373968628475e-12,300000000000000.0,50,52000000000000.0
11000.0,428444760000000.0,1.5812855e+34,9.800104235256416,9.735193333442931e-12,-9.442384248481616,6.921976470447112,6.889387036898396e-12,6.710397198269949,6.678805272499922e-12,300000000000000.0,50,52000000000000.0
12000.0,427279540000000.0,1.5299628e+34,10.102639392053078,9.39094055015419e-12,-9.441854257317827,7.136070668257892,6.645508229002315e-12,6.917947368684887,6.442380852009245e-12,300000000000000.0,50,52000000000000.0
13000.0,425148100000000.0,1.3807455e+34,10.394264718060645,9.039331610824992e-12,-9.441372676924304,7.342436700187131,6.396469315380993e-12,7.118005592058141,6.200954057543959e-12,300000000000000.0,50,52000000000000.0
14000.0,424584790000000.0,1.3367064e+34,10.675971233016417,8.777282045939174e-12,-9.440932519615737,7.541777160227634,6.210841605717751e-12,7.311252987021771,6.021000238321713e-12,300000000000000.0,50,52000000000000.0
15000.0,424798470000000.0,1.2106182e+34,10.95013715803028,8.566194651721731e-12,-9.440525822174864,7.735775970709631,6.061302309466341e-12,7.499322005095402,5.8760317538576216e-12,300000000000000.0,50,52000000000000.0
16000.0,425951710000000.0,1.1605959e+34,11.21831654724032,8.403713078072021e-12,-9.440147255692263,7.925533523953397,5.946177155725552e-12,7.683279403985991,5.764425508122748e-12,300000000000000.0,50,52000000000000.0
17000.0,426551650000000.0,1.1705564e+34,11.481361033636384,8.23268108851543e-12,-9.439793139214581,8.111653035594644,5.825019962206117e-12,7.863709961458115,5.646971601545596e-12,300000000000000.0,50,52000000000000.0
18000.0,426111000000000.0,1.0995391e+34,11.738840620193416,8.037989296694206e-12,-9.439461726121964,8.293830850778876,5.687138929149867e-12,8.040319304303962,5.513305041158002e-12,300000000000000.0,50,52000000000000.0
19000.0,425482380000000.0,1.0752556e+34,11.99011363744881,7.845023169982348e-12,-9.439152306752208,8.471613346951596,5.5504947760902346e-12,8.212667675519201,5.3808375565219965e-12,300000000000000.0,50,52000000000000.0
20000.0,424336320000000.0,1.0469648e+34,12.235353503543049,7.646616840322773e-12,-9.438862477291195,8.645123801285235,5.410015506271171e-12,8.3808745842547,5.244652181930261e-12,300000000000000.0,50,52000000000000.0
21000.0,422823240000000.0,1.0147099e+34,12.474374165201011,7.446005122914604e-12,-9.43859097177467,8.814230970048603,5.267988708593893e-12,8.544812798452412,5.1069665833247506e-12,300000000000000.0,50,52000000000000.0
22000.0,420735200000000.0,9.8620122e+33,12.707043534745626,7.238079134102814e-12,-9.438336514532688,8.978841782784237,5.120798830835576e-12,8.704392092516077,4.964275721811539e-12,300000000000000.0,50,52000000000000.0
23000.0,418254570000000.0,9.6866764e+33,12.93321948432224,7.028907090225432e-12,-9.438097910183618,9.138856052794889,4.972738061644703e-12,8.859515342122972,4.8207405901959285e-12,300000000000000.0,50,52000000000000.0
24000.0,415751110000000.0,9.5788721e+33,13.152905104130276,6.8288137154651335e-12,-9.43787407286497,9.294276261637558,4.831109834176174e-12,9.010184953020897,4.683441383622103e-12,300000000000000.0,50,52000000000000.0
25000.0,413134640000000.0,9.4274742e+33,13.366345896050579,6.634130988888612e-12,-9.43766372511245,9.445276377309153,4.6933179929334975e-12,9.156569575714554,4.549861300906321e-12,300000000000000.0,50,52000000000000.0
26000.0,410003910000000.0,9.3413828e+33,13.573737491223032,6.4353029536128845e-12,-9.437465618809432,9.591995097100394,4.5526011570223664e-12,9.298803668093107,4.413445630427728e-12,300000000000000.0,50,52000000000000.0
27000.0,406751460000000.0,9.2172373e+33,13.774932915839324,6.241257464152698e-12,-9.4372791631297,9.734328649461924,4.415274740971901e-12,9.436786630533314,4.280316748674579e-12,300000000000000.0,50,52000000000000.0
28000.0,403470860000000.0,9.1584482e+33,13.970030921636052,6.055186621134511e-12,-9.437103592350656,9.872347085687316,4.28359624041959e-12,9.57058637315623,4.152663148208545e-12,300000000000000.0,50,52000000000000.0
29000.0,400150030000000.0,9.2647639e+33,14.159433177997819,5.876864063809704e-12,-9.436937743760861,10.006334790403367,4.157404596086094e-12,9.700478588074036,4.030328692582136e-12,300000000000000.0,50,52000000000000.0
30000.0,396978080000000.0,8.9701823e+33,14.343366841710226,5.709595069103843e-12,-9.436780880438565,10.136452614438392,4.0390373779962475e-12,9.82661920954376,3.915579501183697e-12,300000000000000.0,50,52000000000000.0
31000.0,393879820000000.0,8.9223481e+33,14.522140739015011,5.551528644129518e-12,-9.43663224755255,10.262919169044304,3.9271845357185406e-12,9.94922016672949,3.807145566708421e-12,300000000000000.0,50,52000000000000.0
32000.0,390832140000000.0,8.8682878e+33,14.69601886092891,5.401031517094984e-12,-9.436491179645243,10.38592133425165,3.820690145908866e-12,10.068462627473622,3.703906297880507e-12,300000000000000.0,50,52000000000000.0
33000.0,387755990000000.0,8.8859151e+33,14.865224608198028,5.2562851419418755e-12,-9.436357089382366,10.505617263911786,3.7182673166564345e-12,10.184499911486718,3.6046141380776466e-12,300000000000000.0,50,52000000000000.0
34000.0,384784030000000.0,8.682101e+33,15.029970493085331,5.119949953369826e-12,-9.436229438273175,10.622157398254542,3.6217976193792003e-12,10.297477860632073,3.511093146236269e-12,300000000000000.0,50,52000000000000.0
35000.0,382105780000000.0,8.6238898e+33,15.190577135383,4.99410235895172e-12,-9.436107643484439,10.735768640982299,3.5327494666947152e-12,10.40761644304872,3.4247668511713568e-12,300000000000000.0,50,52000000000000.0
36000.0,379279360000000.0,8.5663931e+33,15.347315908582566,4.8704658611968104e-12,-9.435991227355213,10.846643039442442,3.4452678596227434e-12,10.515101835943241,3.3399592187429366e-12,300000000000000.0,50,52000000000000.0
37000.0,376336540000000.0,8.5050371e+33,15.499980538296688,4.747897672412381e-12,-9.435880233864465,10.954634709296533,3.3585443647891404e-12,10.619792614106775,3.255886526280108e-12,300000000000000.0,50,52000000000000.0
38000.0,373334370000000.0,8.4459059e+33,15.648956262075004,4.628345620577772e-12,-9.43577394626485,11.060016292913438,3.2739564501186143e-12,10.721953086292404,3.17388413773807e-12,300000000000000.0,50,52000000000000.0
39000.0,370392030000000.0,8.3868558e+33,15.794318266488204,4.513480682170513e-12,-9.435672131176428,11.162841029552084,3.192685954248843e-12,10.82163486444583,3.09509776745082e-12,300000000000000.0,50,52000000000000.0
40000.0,367454000000000.0,8.3347226e+33,15.935883871165846,4.402510599370173e-12,-9.435574883572759,11.26297970463967,3.1141724300189778e-12,10.918712683590288,3.018984098976667e-12,300000000000000.0,50,52000000000000.0
41000.0,364446130000000.0,8.2864912e+33,16.074282202043463,4.293620549318007e-12,-9.435481336840438,11.360877475757118,3.0371317325391654e-12,11.013618094560606,2.9442982387667323e-12,300000000000000.0,50,52000000000000.0
42000.0,361540710000000.0,8.2408043e+33,16.20897474631518,4.190813370009351e-12,-9.435391988399061,11.456153375161177,2.964395447320742e-12,11.105981774334035,2.8737852216171755e-12,300000000000000.0,50,52000000000000.0
43000.0,358743200000000.0,8.2254705e+33,16.340800609166113,4.092429906772431e-12,-9.435305827563923,11.549401093778235,2.8947895125725537e-12,11.196379266995113,2.806306872255634e-12,300000000000000.0,50,52000000000000.0
44000.0,356053080000000.0,8.1868194e+33,16.46926121487154,4.000379550464412e-12,-9.435223341088584,11.640267908714439,2.8296646690177278e-12,11.28446863103291,2.7431726444449206e-12,300000000000000.0,50,52000000000000.0
45000.0,353489820000000.0,8.1075854e+33,16.59506908992834,3.912755854368268e-12,-9.435143711192563,11.729257940711038,2.767672042565573e-12,11.370738578160351,2.68307489397075e-12,300000000000000.0,50,52000000000000.0
46000.0,350993330000000.0,8.0518657e+33,16.718124781831737,3.829172586230404e-12,-9.435067001146095,11.81630084099858,2.708538417259624e-12,11.455120909900751,2.625748756041093e-12,300000000000000.0,50,52000000000000.0
47000.0,348532420000000.0,7.998487e+33,16.83847233964847,3.7492113298818345e-12,-9.434993114684298,11.901427788560317,2.6519677586171467e-12,11.537645852217793,2.5709072448060183e-12,300000000000000.0,50,52000000000000.0
48000.0,346209310000000.0,7.9486349e+33,16.956476634556857,3.673237817458054e-12,-9.434921630580005,11.984896935026653,2.5982185884283246e-12,11.618563666041469,2.5188009800109106e-12,300000000000000.0,50,52000000000000.0
49000.0,343952060000000.0,7.9056484e+33,17.07212783282459,3.6007626169162454e-12,-9.43485253179602,12.066701331248852,2.546944679107493e-12,11.697867614632854,2.469094316919208e-12,300000000000000.0,50,52000000000000.0
50000.0,341734860000000.0,7.8476938e+33,17.185348595807174,3.5311929483216583e-12,-9.43478586060173,12.146786273150648,2.4977267226921207e-12,11.775504666010296,2.421380764207841e-12,300000000000000.0,50,52000000000000.0
51000.0,339547940000000.0,7.7966035e+33,17.296483111830533,3.46370422500835e-12,-9.4347212368849,12.2253952739434,2.4499813202552524e-12,11.851710890124131,2.3750947552071723e-12,300000000000000.0,50,52000000000000.0
52000.0,337376070000000.0,7.7447754e+33,17.40557625777928,3.3979769303886074e-12,-9.434658582010604,12.302560093018313,2.4034824277333828e-12,11.926517075604423,2.3300171551515764e-12,300000000000000.0,50,52000000000000.0
53000.0,335191870000000.0,7.697682e+33,17.51266528810447,3.333550466836098e-12,-9.434597824184236,12.37830709746112,2.3579042158845394e-12,11.999948783597844,2.285832094149195e-12,300000000000000.0,50,52000000000000.0
54000.0,332960150000000.0,7.6533662e+33,17.61763242780008,3.269737279352438e-12,-9.43453902970011,12.452552981364335,2.3127603666864275e-12,12.07192525454016,2.242068119061973e-12,300000000000000.0,50,52000000000000.0
55000.0,330709240000000.0,7.6155225e+33,17.720552694002752,3.207113124988117e-12,-9.434482078897,12.525350831154297,2.2684580784768177e-12,12.142497952211542,2.199119981724272e-12,300000000000000.0,50,52000000000000.0
56000.0,328493970000000.0,7.5636095e+33,17.821548073620377,3.1464909763454682e-12,-9.434426825160187,12.59678695650745,2.2255723282693267e-12,12.211750548134502,2.157545084292173e-12,300000000000000.0,50,52000000000000.0
57000.0,326335640000000.0,7.5218226e+33,17.920671651819237,3.0879685524752663e-12,-9.434373197087735,12.666898919212423,2.1841722012618055e-12,12.279719455978945,2.117410400288764e-12,300000000000000.0,50,52000000000000.0
58000.0,324195860000000.0,7.480743e+33,18.017979947553272,3.0312149276694843e-12,-9.4343211238204,12.735726709102398,2.144023596126205e-12,12.346443443243201,2.0784889839653613e-12,300000000000000.0,50,52000000000000.0
59000.0,322089930000000.0,7.4384556e+33,18.113521348650455,2.976137115724485e-12,-9.434270541205123,12.8033045640013,2.105060713712194e-12,12.411955701233198,2.0407170473967606e-12,300000000000000.0,50,52000000000000.0
60000.0,320008800000000.0,7.3982589e+33,18.207343114837716,2.9226169384580716e-12,-9.434221387820008,12.869665923151576,2.06719993851995e-12,12.476288647082885,2.0040135308863143e-12,300000000000000.0,50,52000000000000.0
61000.0,317942810000000.0,7.3622005e+33,18.299490142927738,2.8704287593577513e-12,-9.434173605500185,12.934842553850727,2.0302816508616417e-12,12.539473077086159,1.9682236937074307e-12,300000000000000.0,50,52000000000000.0
62000.0,315881750000000.0,7.3202269e+33,18.390001719866884,2.8194371206048226e-12,-9.43412714088401,12.998862254887337,1.9942100180727233e-12,12.60153594033009,1.933254632431423e-12,300000000000000.0,50,52000000000000.0
63000.0,313837960000000.0,7.2838628e+33,18.47891428231452,2.769567838092812e-12,-9.434081943812869,13.06175080847535,1.9589325488659316e-12,12.662502230966025,1.899055460226729e-12,300000000000000.0,50,52000000000000.0
64000.0,311783440000000.0,7.2656102e+33,18.56626321442313,2.720274077143945e-12,-9.434037966300306,13.12353325187375,1.9240624457662505e-12,12.72239622096071,1.8652512025380892e-12,300000000000000.0,50,52000000000000.0
65000.0,309648990000000.0,7.2991414e+33,18.65206817497453,2.6707072247869118e-12,-9.433995169750391,13.184223499232033,1.8889994673587517e-12,12.781231399162348,1.8312599650373066e-12,300000000000000.0,50,52000000000000.0
66000.0,307413290000000.0,7.2203009e+33,18.736323972452915,2.621461604338453e-12,-9.433953529088875,13.24381788762504,1.8541639690497325e-12,12.839004214608488,1.7974892544692116e-12,300000000000000.0,50,52000000000000.0
67000.0,305305750000000.0,7.1273942e+33,18.819043906102685,2.5738192453060392e-12,-9.433913011083028,13.302325832403255,1.820462718021905e-12,12.895723794859348,1.7648181216033941e-12,300000000000000.0,50,52000000000000.0
68000.0,303224080000000.0,7.0575542e+33,18.90028147781232,2.526556725979198e-12,-9.433873564087419,13.359785183913381,1.7870303727118382e-12,12.951426833322007,1.7324076750630644e-12,300000000000000.0,50,52000000000000.0
69000.0,300850510000000.0,7.3856286e+33,18.98006202659808,2.4767311664939725e-12,-9.433835151565155,13.416213872442492,1.7517854288421777e-12,13.006130712224051,1.6982400342106691e-12,300000000000000.0,50,52000000000000.0
70000.0,298154070000000.0,7.4562682e+33,19.058324310269455,2.4257178723678267e-12,-9.433797779751716,13.471568589152405,1.7157006330801553e-12,13.059793446514089,1.663258212559974e-12,300000000000000.0,50,52000000000000.0
71000.0,296211850000000.0,6.9072662e+33,19.134994283711595,2.3828667726256755e-12,-9.433761461268052,13.525796969661766,1.6853891466920846e-12,13.112364272390936,1.6338732322751507e-12,300000000000000.0,50,52000000000000.0
72000.0,294562510000000.0,6.8709773e+33,19.21021626730402,2.346723901550675e-12,-9.433726132295432,13.579001089527207,1.659822555180954e-12,13.163942145350845,1.6090881135619728e-12,300000000000000.0,50,52000000000000.0
73000.0,292756190000000.0,6.8354032e+33,19.28423782371671,2.30896940218491e-12,-9.433691653263221,13.631356056283597,1.633116244163698e-12,13.214696820560505,1.5831981122393857e-12,300000000000000.0,50,52000000000000.0
74000.0,290832710000000.0,6.7994042e+33,19.35710702990818,2.26987995030896e-12,-9.433657962627901,13.682895887622585,1.6054658922277293e-12,13.264661275922077,1.5563929257455735e-12,300000000000000.0,50,52000000000000.0
75000.0,288757160000000.0,6.9581027e+33,19.428797655105765,2.23059536333315e-12,-9.433625055945287,13.73360203625274,1.5776776792207388e-12,13.313817531064698,1.5294540920859754e-12,300000000000000.0,50,52000000000000.0
76000.0,286809840000000.0,6.7188231e+33,19.499313978090022,2.1922492303758464e-12,-9.433592915332845,13.78347753384525,1.550553374725716e-12,13.362168524993558,1.5031588738057186e-12,300000000000000.0,50,52000000000000.0
77000.0,284916450000000.0,6.6916558e+33,19.568688130131765,2.155398923891592e-12,-9.433561510988495,13.832545111613047,1.5244871933147652e-12,13.409736294115737,1.4778894358404196e-12,300000000000000.0,50,52000000000000.0
78000.0,282950070000000.0,6.6699822e+33,19.636785060861616,2.1186269791158384e-12,-9.43353092630144,13.880709242199572,1.4984765920606336e-12,13.456428230980631,1.452673879176778e-12,300000000000000.0,50,52000000000000.0
79000.0,281069810000000.0,6.6303092e+33,19.703639796434434,2.083696059797811e-12,-9.433501121760312,13.927994707186375,1.473768266672091e-12,13.502268359692314,1.428720792790232e-12,300000000000000.0,50,52000000000000.0
80000.0,279270960000000.0,6.6758347e+33,19.769473892874423,2.04983259264583e-12,-9.43347195573453,13.974558224795816,1.449815050358863e-12,13.54740860819663,1.4054997346885418e-12,300000000000000.0,50,52000000000000.0
81000.0,277450210000000.0,6.8299025e+33,19.83433390097898,2.016538308796591e-12,-9.433443395776528,14.02043272373983,1.4262645176053256e-12,13.591880898700863,1.382669051658847e-12,300000000000000.0,50,52000000000000.0
82000.0,275594990000000.0,6.7721724e+33,19.898235223561446,1.9833205257208265e-12,-9.433415428445011,14.065629100425337,1.402768198078837e-12,13.635695794550603,1.3598909247768833e-12,300000000000000.0,50,52000000000000.0
83000.0,273707420000000.0,6.5861721e+33,19.960787408980476,1.9504421139457044e-12,-9.433388277890636,14.109871176283333,1.3795120524059267e-12,13.67858555890015,1.3373456305663692e-12,300000000000000.0,50,52000000000000.0
84000.0,271888690000000.0,6.650148e+33,20.022418769741012,1.918925903228397e-12,-9.43336167471768,14.153461917959117,1.3572194584310932e-12,13.720843897863308,1.315734435964219e-12,300000000000000.0,50,52000000000000.0
85000.0,270170440000000.0,6.4889159e+33,20.08317870787163,1.888783466899226e-12,-9.433335588461775,14.19643626972396,1.3358985946614733e-12,13.762504687598614,1.295065269490976e-12,300000000000000.0,50,52000000000000.0
86000.0,268551180000000.0,6.414064e+33,20.143006124794105,1.860184143570761e-12,-9.433310054248302,14.238751014603395,1.3156692343899444e-12,13.803526032109334,1.2754542434271457e-12,300000000000000.0,50,52000000000000.0
87000.0,266744370000000.0,6.7149181e+33,20.201698357742085,1.829702828528443e-12,-9.433285191393066,14.280262801827824,1.2941088922817233e-12,13.843768962310895,1.25455291857828e-12,300000000000000.0,50,52000000000000.0
88000.0,264835190000000.0,6.3775546e+33,20.259588186607502,1.7982639071509117e-12,-9.433260787097218,14.321207024409036,1.2718713312643287e-12,13.883461676151237,1.2329950748283306e-12,300000000000000.0,50,52000000000000.0
89000.0,262782780000000.0,6.3377628e+33,20.31668868425669,1.7663643391778953e-12,-9.433236829047928,14.361592930837968,1.2493080369645366e-12,13.922613139430466,1.2111214542284982e-12,300000000000000.0,50,52000000000000.0
90000.0,260957480000000.0,6.2250793e+33,20.372475645603632,1.73726762129754e-12,-9.43321359334946,14.401049743061217,1.2287272441580708e-12,13.960863907364127,1.1911697376239304e-12,300000000000000.0,50,52000000000000.0
91000.0,259214700000000.0,6.3024987e+33,20.427407760951123,1.707285047709274e-12,-9.433190829300587,14.439901902606163,1.207519980663903e-12,13.998528504541632,1.1706106991601756e-12,300000000000000.0,50,52000000000000.0
92000.0,257068900000000.0,6.3697085e+33,20.48162122583926,1.677552039489491e-12,-9.433168457520447,14.478245745236585,1.1864892873545058e-12,14.0357003221107,1.1502228338106405e-12,300000000000000.0,50,52000000000000.0
93000.0,255399250000000.0,6.2064401e+33,20.534668964351262,1.6513123029263068e-12,-9.433146708880837,14.515765049069257,1.1679293855776637e-12,14.072072803883486,1.132230237327749e-12,300000000000000.0,50,52000000000000.0
94000.0,253892970000000.0,6.1224264e+33,20.58687502254053,1.6270759171039744e-12,-9.433125416834777,14.55268901521324,1.1507864643014455e-12,14.10786814516639,1.1156113096614953e-12,300000000000000.0,50,52000000000000.0
95000.0,252398630000000.0,6.0253523e+33,20.638504875078787,1.6030463435589722e-12,-9.433104438335421,14.589205418978995,1.1337898614306593e-12,14.143268381695945,1.0991342280100991e-12,300000000000000.0,50,52000000000000.0
96000.0,250788010000000.0,6.396655e+33,20.689201507485876,1.5752654439373467e-12,-9.433083971049385,14.625061735290732,1.1141401258986944e-12,14.17802870712306,1.0800851098563391e-12,300000000000000.0,50,52000000000000.0
97000.0,247984350000000.0,6.1296635e+33,20.73905938608365,1.543645944408618e-12,-9.433063935753003,14.660324791817725,1.091775524246043e-12,14.212213906451552,1.0584041086963499e-12,300000000000000.0,50,52000000000000.0
98000.0,245779940000000.0,6.1063212e+33,20.788315560500642,1.510305490790572e-12,-9.433044207709957,14.695162257286611,1.0681937857440487e-12,14.245986523415471,1.0355431739252947e-12,300000000000000.0,50,52000000000000.0
99000.0,244261590000000.0,5.9448432e+33,20.83598164331801,1.4881292320384746e-12,-9.433025251360947,14.728875049922575,1.052508243957516e-12,14.278668844501997,1.0203370792492304e-12,300000000000000.0,50,52000000000000.0
100000.0,242758150000000.0,5.8368505e+33,20.88313531104337,1.466245413340177e-12,-9.43300656077081,14.762225405033456,1.037029570279141e-12,14.31099980639446,1.005331529515748e-12,300000000000000.0,50,52000000000000.0
101000.0,241232670000000.0,5.7835891e+33,20.929687247277574,1.4447050083945073e-12,-9.432988182262589,14.795150148026693,1.0217938228087125e-12,14.342918165506331,9.905614806666614e-13,300000000000000.0,50,52000000000000.0
102000.0,239712800000000.0,5.7509515e+33,20.97531437146264,1.4243794634206091e-12,-9.43297027748325,14.827420762052823,1.0074173660281029e-12,14.374202389875782,9.766244572732496e-13,300000000000000.0,50,52000000000000.0
103000.0,238373790000000.0,5.7106715e+33,21.020562623586905,1.404500715761287e-12,-9.432952566476668,14.859423396112495,9.933569383429776e-13,14.405226825403062,9.629938031732295e-13,300000000000000.0,50,52000000000000.0
104000.0,237046670000000.0,5.6706145e+33,21.064972029824393,1.3855144779196713e-12,-9.432935283920994,14.890832706336965,9.7992780559078e-13,14.435676072739177,9.499751477322902e-13,300000000000000.0,50,52000000000000.0
105000.0,235578420000000.0,5.6234537e+33,21.108857413400454,1.3666458206083994e-12,-9.432918267561396,14.921871370731322,9.665818655324166e-13,14.465766003472954,9.370371421052456e-13,300000000000000.0,50,52000000000000.0
106000.0,234214100000000.0,5.5852406e+33,21.152265635430556,1.3478842291012654e-12,-9.432901493593091,14.952572534574053,9.533116785994872e-13,14.495528749758277,9.241725741226218e-13,300000000000000.0,50,52000000000000.0
107000.0,233008400000000.0,5.5519483e+33,21.19484530120429,1.3311398065485375e-12,-9.432885133926968,14.982687655574823,9.414682119822296e-13,14.524723366293866,9.126911170588327e-13,300000000000000.0,50,52000000000000.0
108000.0,231822660000000.0,5.5246712e+33,21.23716180410674,1.3147978005443737e-12,-9.432868906484394,15.01261663966046,9.299093756437798e-13,14.55373753540914,9.014855902127899e-13,300000000000000.0,50,52000000000000.0
109000.0,230596180000000.0,5.5076437e+33,21.278676122622056,1.2981937041956809e-12,-9.432853086055646,15.041978231770406,9.181652188145514e-13,14.582201655554945,8.901004074223131e-13,300000000000000.0,50,52000000000000.0
110000.0,229309300000000.0,5.4834713e+33,21.31987608102484,1.2813158545716052e-12,-9.432837421611795,15.071117475467958,9.062274640734767e-13,14.610450223630465,8.785275442723128e-13,300000000000000.0,50,52000000000000.0
111000.0,227951490000000.0,5.45952e+33,21.360471408368618,1.2639114758930934e-12,-9.432822057184746,15.099829060723177,8.939173487631166e-13,14.63828420514957,8.665937022003334e-13,300000000000000.0,50,52000000000000.0
112000.0,226584160000000.0,5.4353927e+33,21.400520015351457,1.2467361806664812e-12,-9.432806956391273,15.128153950721416,8.817692844698384e-13,14.665743311209715,8.548169578666722e-13,300000000000000.0,50,52000000000000.0
113000.0,225243050000000.0,5.412766e+33,21.44013639018253,1.229741996736287e-12,-9.432792064024113,15.156173122961649,8.697493362388342e-13,14.692906044136821,8.431644135780829e-13,300000000000000.0,50,52000000000000.0
114000.0,223971640000000.0,5.391561e+33,21.479028207807506,1.2138773388551098e-12,-9.432777516564013,15.18367981751284,8.585282945079364e-13,14.71957196386193,8.322863562665067e-13,300000000000000.0,50,52000000000000.0
115000.0,222768560000000.0,5.3694068e+33,21.51767315507334,1.1983975318856784e-12,-9.432763086620277,15.211011901211938,8.47579455348403e-13,14.746068609922279,8.216721813324089e-13,300000000000000.0,50,52000000000000.0
116000.0,221601180000000.0,5.3627143e+33,21.555505374118386,1.1839259605444027e-12,-9.432749044402538,15.237769143726817,8.373437412446952e-13,14.772007985499455,8.117493339431803e-13,300000000000000.0,50,52000000000000.0
117000.0,220465980000000.0,5.3362188e+33,21.593224159446372,1.1695563573449335e-12,-9.432735056286262,15.264446154784881,8.271801507322512e-13,14.797869581989236,8.018964056024972e-13,300000000000000.0,50,52000000000000.0
118000.0,219298300000000.0,5.3152093e+33,21.630121831370587,1.1550227983276737e-12,-9.432721459467652,15.290542393950515,8.169006408068541e-13,14.823168158566764,7.919311010680584e-13,300000000000000.0,50,52000000000000.0
119000.0,218077060000000.0,5.2907209e+33,21.666906818006204,1.140518107191164e-12,-9.432707915290873,15.316558931403636,8.066415531780503e-13,14.84838946960898,7.819855945990096e-13,300000000000000.0,50,52000000000000.0
120000.0,216863980000000.0,5.2601354e+33,21.702932516788856,1.1262079315186206e-12,-9.432694725821467,15.342038428548076,7.965200735895296e-13,14.873090155615365,7.721734900207449e-13,300000000000000.0,50,52000000000000.0
121000.0,215692960000000.0,5.2366499e+33,21.738787384873245,1.1120978515909289e-12,-9.43268161504528,15.367397098424906,7.865401208517847e-13,14.897673707582666,7.624985863575359e-13,300000000000000.0,50,52000000000000.0
122000.0,214572470000000.0,5.2160642e+33,21.773940548163875,1.098809685668162e-12,-9.43266882750964,15.392259457780487,7.771415043179232e-13,14.921776119347568,7.533872496690081e-13,300000000000000.0,50,52000000000000.0
123000.0,213460600000000.0,5.19699e+33,21.80890359264216,1.0856295522001866e-12,-9.432656127401088,15.416987347576953,7.678193027299703e-13,14.945748171774685,7.443499922135667e-13,300000000000000.0,50,52000000000000.0
124000.0,212355950000000.0,5.176367e+33,21.843233357216036,1.0728092715095379e-12,-9.432643718509475,15.441267323416387,7.587516369717137e-13,14.969286001265342,7.355594904003975e-13,300000000000000.0,50,52000000000000.0
125000.0,211266150000000.0,5.1538561e+33,21.877374171064428,1.060076621089349e-12,-9.432631395692386,15.465413656158233,7.497459561893201e-13,14.992694272617996,7.268290789194285e-13,300000000000000.0,50,52000000000000.0
126000.0,210184800000000.0,5.1351962e+33,21.910896608253058,1.047630757151735e-12,-9.432619354570317,15.489122616817616,7.409431328568343e-13,15.01567854068398,7.182953243119123e-13,300000000000000.0,50,52000000000000.0
127000.0,209094950000000.0,5.1157323e+33,21.9442559902791,1.035265486746494e-12,-9.432607386939331,15.512716250345276,7.321973163396025e-13,15.038551006728667,7.098168340392348e-13,300000000000000.0,50,52000000000000.0
128000.0,208016730000000.0,5.0947064e+33,21.976981930354047,1.0232133086934493e-12,-9.43259570480889,15.535861857314488,7.236729617356715e-13,15.060989140677497,7.015530364357796e-13,300000000000000.0,50,52000000000000.0
129000.0,206964120000000.0,5.0745331e+33,22.009596267223078,1.0112319460640507e-12,-9.432584072474338,15.5589285287338,7.151986960273706e-13,15.083350751835052,6.933377967017295e-13,300000000000000.0,50,52000000000000.0
130000.0,205921460000000.0,5.0552246e+33,22.04153835957041,9.996771417956622e-13,-9.432572740086519,15.581519730021629,7.070261419536923e-13,15.105251426169165,6.854150464300174e-13,300000000000000.0,50,52000000000000.0
131000.0,204885920000000.0,5.0360504e+33,22.07344494037115,9.881372787879976e-13,-9.432561423417045,15.604085814481165,6.988641564897892e-13,15.127127751400609,6.77502541726092e-13,300000000000000.0,50,52000000000000.0
132000.0,203855500000000.0,5.0258298e+33,22.10462330990333,9.769038061087876e-13,-9.432550429073073,15.626136845130084,6.90918894358682e-13,15.148504766051637,6.698001359513918e-13,300000000000000.0,50,52000000000000.0
133000.0,202829470000000.0,5.0252984e+33,22.135801679435513,9.656703334295775e-13,-9.4325394347291,15.648187875779003,6.829736322275747e-13,15.169881780702667,6.620977301766914e-13,300000000000000.0,50,52000000000000.0
134000.0,201798190000000.0,5.010868e+33,22.166288473261865,9.546228280524348e-13,-9.432528743235675,15.669749765587577,6.751599214055723e-13,15.190784605683026,6.545228546915418e-13,300000000000000.0,50,52000000000000.0
135000.0,200768310000000.0,4.9948123e+33,22.19671228204194,9.43592259590554e-13,-9.432518079324273,15.691267107043442,6.673581915788855e-13,15.211644243983896,6.469595939885795e-13,300000000000000.0,50,52000000000000.0
136000.0,199752710000000.0,4.9774781e+33,22.22656991326601,9.329092856750052e-13,-9.432507660244074,15.712384000930253,6.598023187499715e-13,15.23211567487052,6.396346753737599e-13,300000000000000.0,50,52000000000000.0
137000.0,198755470000000.0,4.9574801e+33,22.25624073920436,9.223409975110439e-13,-9.43249732194377,15.733368770677279,6.523275642667568e-13,15.252459020148372,6.323883956265576e-13,300000000000000.0,50,52000000000000.0
138000.0,197770670000000.0,4.9366627e+33,22.285506794230027,9.120081842895544e-13,-9.43248715730516,15.754067253454519,6.450193636033092e-13,15.272524829157211,6.253035787848396e-13,300000000000000.0,50,52000000000000.0
139000.0,196796630000000.0,4.9154937e+33,22.314444460039,9.018664110600379e-13,-9.432477133557665,15.774533472620885,6.37846287467582e-13,15.29236547396791,6.183497562300036e-13,300000000000000.0,50,52000000000000.0
140000.0,195826140000000.0,4.8960329e+33,22.343155832066913,8.918101851924573e-13,-9.432467206117819,15.794839638660068,6.307337222505097e-13,15.31205095786512,6.114545950063651e-13,300000000000000.0,50,52000000000000.0
141000.0,194858150000000.0,4.8769416e+33,22.37137848297091,8.819387138624476e-13,-9.43245748667124,15.814800141889437,6.237518409790454e-13,15.331401344546327,6.046861232197055e-13,300000000000000.0,50,52000000000000.0
142000.0,193895030000000.0,4.8580333e+33,22.399569643461092,8.720822566863569e-13,-9.432447780484695,15.834738372620299,6.167805794729885e-13,15.350730139514368,5.979279465927875e-13,300000000000000.0,50,52000000000000.0
143000.0,192939840000000.0,4.8386056e+33,22.427085016453645,8.625480047872209e-13,-9.432438358859846,15.854198633257807,6.100372192174955e-13,15.369595574112052,5.913907051456826e-13,300000000000000.0,50,52000000000000.0
144000.0,191994610000000.0,4.819538e+33,22.4546003894462,8.530137528880848e-13,-9.432428937234997,15.873658893895316,6.032938589620025e-13,15.388461008709736,5.848534636985776e-13,300000000000000.0,50,52000000000000.0
145000.0,191058450000000.0,4.801228e+33,22.48160508527675,8.437231569652508e-13,-9.432419728682675,15.892757964151652,5.967228399698623e-13,15.406976293138865,5.784832957005872e-13,300000000000000.0,50,52000000000000.0
146000.0,190128370000000.0,4.782673e+33,22.508426230733374,8.345201372038127e-13,-9.432410596714044,15.91172721338904,5.902137648156022e-13,15.425365724682546,5.721731781539202e-13,300000000000000.0,50,52000000000000.0
147000.0,189201510000000.0,4.7645916e+33,22.534982374239984,8.254101605236331e-13,-9.432401574322737,15.930509033102933,5.837705021500584e-13,15.443573455708572,5.659268614597311e-13,300000000000000.0,50,52000000000000.0
148000.0,188277160000000.0,4.7471122e+33,22.561122511129817,8.164462451741259e-13,-9.432392723948622,15.948996621314176,5.774305535573803e-13,15.461495948767048,5.597807009220764e-13,300000000000000.0,50,52000000000000.0
149000.0,187356600000000.0,4.7295244e+33,22.587259619462202,8.074835428375814e-13,-9.432383874813674,15.967482067504017,5.710914629526975e-13,15.479416365277547,5.536353721470015e-13,300000000000000.0,50,52000000000000.0
150000.0,186441100000000.0,4.712342e+33,22.612725652243256,7.987896230341555e-13,-9.432375300256705,15.985492879080372,5.649424875354427e-13,15.496876654944971,5.476743474643039e-13,300000000000000.0,50,52000000000000.0
151000.0,185531630000000.0,4.6951412e+33,22.638191685024314,7.900957032307294e-13,-9.432366725699735,16.00350369065673,5.58793512118188e-13,15.514336944612396,5.417133227816062e-13,300000000000000.0,50,52000000000000.0
152000.0,184627420000000.0,4.6780637e+33,22.663271636807565,7.815547574884053e-13,-9.43235830757885,16.021241437537498,5.527527379021603e-13,15.531532516130875,5.358571920026949e-13,300000000000000.0,50,52000000000000.0
153000.0,183727960000000.0,4.6613652e+33,22.688073235563266,7.731241015383429e-13,-9.432350002243775,16.038782312815766,5.467899735651923e-13,15.548537233661138,5.300766866388033e-13,300000000000000.0,50,52000000000000.0
154000.0,182832720000000.0,4.6452317e+33,22.712797421315667,7.647208781739429e-13,-9.432341727973856,16.056268436067853,5.408466129049687e-13,15.56548887272592,5.243149918553858e-13,300000000000000.0,50,52000000000000.0
155000.0,181940940000000.0,4.6294414e+33,22.736944226196872,7.565222593273034e-13,-9.432333685401805,16.073346194171606,5.350479735616454e-13,15.582044628808086,5.186935948110901e-13,300000000000000.0,50,52000000000000.0
156000.0,181051570000000.0,4.6140971e+33,22.76109103107808,7.483236404806639e-13,-9.432325642829753,16.090423952275362,5.292493342183222e-13,15.59860038489025,5.130721977667944e-13,300000000000000.0,50,52000000000000.0
157000.0,180165090000000.0,4.5986115e+33,22.784839641768755,7.402627590855812e-13,-9.432317758446604,16.10722007946753,5.235481194187854e-13,15.61488311844416,5.07545247370148e-13,300000000000000.0,50,52000000000000.0
158000.0,179282620000000.0,4.5836135e+33,22.808339317526663,7.322879855847324e-13,-9.432309972956773,16.12384014238326,5.17907810510982e-13,15.630995169335359,5.020773412047883e-13,300000000000000.0,50,52000000000000.0
159000.0,178404840000000.0,4.5689097e+33,22.831793118276426,7.243326921880826e-13,-9.43230220550905,16.14042775933459,5.122812799582016e-13,15.647075766011609,4.966227922427367e-13,300000000000000.0,50,52000000000000.0
160000.0,177531810000000.0,4.5532882e+33,22.85465309512136,7.166295568184258e-13,-9.432294671605375,16.156595383133798,5.068331017788145e-13,15.662749207125383,4.913411441028766e-13,300000000000000.0,50,52000000000000.0
161000.0,176666430000000.0,4.5357615e+33,22.877513071966295,7.089264214487692e-13,-9.4322871377017,16.172763006933007,5.013849235994273e-13,15.67842264823916,4.860594959630166e-13,300000000000000.0,50,52000000000000.0
162000.0,175810550000000.0,4.5180084e+33,22.90006740156491,7.013807026756798e-13,-9.432279722940617,16.188714456333344,4.960480848133064e-13,15.693886522581419,4.808857839959862e-13,300000000000000.0,50,52000000000000.0
163000.0,174964080000000.0,4.5004428e+33,22.922299418681995,6.940009835459232e-13,-9.432272433818303,16.204437944553646,4.908286561349769e-13,15.709129403647974,4.758258933577302e-13,300000000000000.0,50,52000000000000.0
164000.0,174125380000000.0,4.4830927e+33,22.944531435799078,6.866212644161667e-13,-9.432265144695991,16.220161432773946,4.856092274566475e-13,15.724372284714528,4.707660027194743e-13,300000000000000.0,50,52000000000000.0
165000.0,173293870000000.0,4.4659988e+33,22.966237847917213,6.79490910005266e-13,-9.432258058917807,16.235513178146483,4.805661726848022e-13,15.739254785695222,4.658770949103789e-13,300000000000000.0,50,52000000000000.0
166000.0,172469110000000.0,4.4493811e+33,22.987858485210193,6.724012500611261e-13,-9.432251006323872,16.250804257852156,4.755519008222145e-13,15.754078475327251,4.610160902268332e-13,300000000000000.0,50,52000000000000.0
167000.0,171650000000000.0,4.4326016e+33,23.009365743019757,6.653574682391446e-13,-9.43224399724986,16.26601514816116,4.705700784990757e-13,15.768824426646828,4.561865432241634e-13,300000000000000.0,50,52000000000000.0
168000.0,170835780000000.0,4.416232e+33,23.030389477423032,6.58509340385867e-13,-9.43223717377292,16.280884059048,4.65726641987672e-13,15.783238851551728,4.514911521071318e-13,300000000000000.0,50,52000000000000.0
169000.0,170025890000000.0,4.3999768e+33,23.051413211826308,6.516612125325893e-13,-9.432230350295981,16.29575296993484,4.608832054762682e-13,15.797653276456627,4.467957609901002e-13,300000000000000.0,50,52000000000000.0
170000.0,169220340000000.0,4.3837075e+33,23.072157587479637,6.449205010453958e-13,-9.432223633129755,16.31042430034446,4.561157444542867e-13,15.811876160166463,4.421740230817519e-13,300000000000000.0,50,52000000000000.0
171000.0,168419620000000.0,4.367842e+33,23.092595376490394,6.382976753342567e-13,-9.432217032635894,16.324878792959822,4.514316639250377e-13,15.82588883398697,4.3763311704270846e-13,300000000000000.0,50,52000000000000.0
172000.0,167623840000000.0,4.3518635e+33,23.11303316550115,6.316748496231176e-13,-9.43221043214203,16.339333285575183,4.467475833957887e-13,15.839901507807477,4.3309221100366505e-13,300000000000000.0,50,52000000000000.0
173000.0,166833050000000.0,4.335695e+33,23.133056631147,6.252167144423811e-13,-9.43220398795144,16.353494742545184,4.421799875986057e-13,15.85363010296551,4.286642292029322e-13,300000000000000.0,50,52000000000000.0
174000.0,166047300000000.0,4.3194626e+33,23.15291853535647,6.188227987599961e-13,-9.432197604709815,16.367541933065873,4.376578139094248e-13,15.867247924364108,4.2428028112969e-13,300000000000000.0,50,52000000000000.0
175000.0,165266440000000.0,4.303566e+33,23.17278043956594,6.12428883077611e-13,-9.432191221468191,16.38158912358656,4.33135640220244e-13,15.880865745762705,4.1989633305644776e-13,300000000000000.0,50,52000000000000.0
176000.0,164490120000000.0,4.2875651e+33,23.19212404988015,6.062368144263287e-13,-9.432185032117182,16.395269744522533,4.2875623157465393e-13,15.89412820221181,4.1565078624417115e-13,300000000000000.0,50,52000000000000.0
177000.0,163718320000000.0,4.2716156e+33,23.211420930990958,6.000629442355307e-13,-9.432178860247287,16.408917315667946,4.2438969457741144e-13,15.907358619076508,4.1141771764306727e-13,300000000000000.0,50,52000000000000.0
178000.0,162951160000000.0,4.2560381e+33,23.23067924387551,5.939036763228491e-13,-9.432172702685572,16.42253760901489,4.2003348565849226e-13,15.920562591921081,4.071946614303402e-13,300000000000000.0,50,52000000000000.0
179000.0,162188430000000.0,4.2403724e+33,23.249421673185157,5.879397265818306e-13,-9.43216673650824,16.435793038079545,4.1581542377107227e-13,15.933412852994065,4.0310552962147346e-13,300000000000000.0,50,52000000000000.0
180000.0,161429800000000.0,4.2233074e+33,23.268164102494804,5.819757768408121e-13,-9.432160770330908,16.4490484671442,4.1159736188365227e-13,15.94626311406705,3.9901639781260674e-13,300000000000000.0,50,52000000000000.0
181000.0,160675110000000.0,4.2081096e+33,23.28681100164067,5.760461257858993e-13,-9.432154839299521,16.462236331564544,4.074035592012185e-13,15.959047875689437,3.949507836973942e-13,300000000000000.0,50,52000000000000.0
182000.0,159924190000000.0,4.194414e+33,23.30500911973029,5.70277602902123e-13,-9.432149073376562,16.47510679118583,4.0332372127302074e-13,15.971524934367968,3.9099565086872893e-13,300000000000000.0,50,52000000000000.0
183000.0,159177140000000.0,4.1791036e+33,23.323207237819908,5.645090800183467e-13,-9.432143307453602,16.487977250807113,3.99243883344823e-13,15.9840019930465,3.870405180400637e-13,300000000000000.0,50,52000000000000.0
184000.0,158433770000000.0,4.1641314e+33,23.3412799536342,5.58783319588726e-13,-9.432137587279108,16.500759018579636,3.951942909904913e-13,15.996393070848132,3.8311470629347834e-13,300000000000000.0,50,52000000000000.0
185000.0,157693690000000.0,4.1490631e+33,23.358943033341276,5.531972459806458e-13,-9.432132016545465,16.513251067656295,3.9124349811253354e-13,16.008503285550482,3.7928467410025963e-13,300000000000000.0,50,52000000000000.0
186000.0,156956580000000.0,4.1344459e+33,23.376606113048357,5.476111723725658e-13,-9.432126445811823,16.525743116732958,3.8729270523457583e-13,16.020613500252832,3.754546419070409e-13,300000000000000.0,50,52000000000000.0
187000.0,156222510000000.0,4.1197333e+33,23.39413997078337,5.420668722000614e-13,-9.4321209218202,16.53814377259092,3.8337145841762487e-13,16.03263511527895,3.7165325266448304e-13,300000000000000.0,50,52000000000000.0
188000.0,155491390000000.0,4.1053218e+33,23.411276507325173,5.366510135843754e-13,-9.432115541547127,16.550263420024983,3.7954105742221734e-13,16.04438431123797,3.6793993243334453e-13,300000000000000.0,50,52000000000000.0
189000.0,154763010000000.0,4.0907354e+33,23.428413043866975,5.312351549686894e-13,-9.432110161274053,16.562383067459045,3.757106564268098e-13,16.056133507196993,3.64226612202206e-13,300000000000000.0,50,52000000000000.0
190000.0,154037460000000.0,4.0763724e+33,23.445441754821267,5.258545096481232e-13,-9.432104819669497,16.57442645454973,3.7190516144386177e-13,16.067808773800774,3.605374367017483e-13,300000000000000.0,50,52000000000000.0
191000.0,153314930000000.0,4.0620127e+33,23.462059489351866,5.206080795396365e-13,-9.432099625449707,16.586179175909617,3.681945955419024e-13,16.079202259217688,3.5694028866245e-13,300000000000000.0,50,52000000000000.0
192000.0,152595750000000.0,4.0475351e+33,23.47867722388246,5.153616494311499e-13,-9.432094431229915,16.597931897269504,3.6448402963994305e-13,16.090595744634598,3.533431406231516e-13,300000000000000.0,50,52000000000000.0
193000.0,151879770000000.0,4.0334489e+33,23.49523323513204,5.101353674622566e-13,-9.432089258959715,16.609640964507037,3.607877142678533e-13,16.101946910269355,3.497598075293885e-13,300000000000000.0,50,52000000000000.0
194000.0,151166530000000.0,4.0194275e+33,23.51134022335999,5.050556586886217e-13,-9.432084246367873,16.62103245779832,3.5719506830342447e-13,16.112990208983472,3.462769750649782e-13,300000000000000.0,50,52000000000000.0
195000.0,150456240000000.0,4.0054004e+33,23.52744721158794,4.999759499149868e-13,-9.432079233776031,16.632423951089606,3.5360242233899563e-13,16.12403350769759,3.42794142600568e-13,300000000000000.0,50,52000000000000.0
196000.0,149749030000000.0,3.9912056e+33,23.54355419981589,4.948962411413519e-13,-9.432074221184187,16.64381544438089,3.500097763745668e-13,16.135076806411707,3.3931131013615767e-13,300000000000000.0,50,52000000000000.0
197000.0,149045250000000.0,3.9772791e+33,23.55916684447203,4.899844979158939e-13,-9.4320693829367,16.654857311046428,3.4653592965844334e-13,16.145781165254032,3.359436456801576e-13,300000000000000.0,50,52000000000000.0
198000.0,148344880000000.0,3.963298e+33,23.574771273577127,4.850755461286452e-13,-9.432064547586657,16.665893367228016,3.430640572802992e-13,16.156479891216765,3.3257789521415535e-13,300000000000000.0,50,52000000000000.0
199000.0,147647910000000.0,3.9494596e+33,23.590375702682227,4.801665943413967e-13,-9.432059712236617,16.676929423409604,3.395921849021551e-13,16.1671786171795,3.292121447481531e-13,300000000000000.0,50,52000000000000.0
200000.0,146954370000000.0,3.9358351e+33,23.60558753600876,4.753945606971873e-13,-9.432055014245668,16.68768781492907,3.3621715200127173e-13,16.177608165631042,3.259402737459083e-13,300000000000000.0,50,52000000000000.0
201000.0,146264700000000.0,3.9219135e+33,23.62069840038055,4.706577400698857e-13,-9.432050351581141,16.69837479582154,3.3286702456634367e-13,16.187968486206408,3.2269254694450646e-13,300000000000000.0,50,52000000000000.0
202000.0,145578600000000.0,3.908214e+33,23.63580926475234,4.659209194425841e-13,-9.432045688916615,16.70906177671401,3.295168971314156e-13,16.198328806781774,3.194448201431046e-13,300000000000000.0,50,52000000000000.0
203000.0,144895810000000.0,3.8946306e+33,23.65065133776949,4.612761712686612e-13,-9.432041119571068,16.71955865429409,3.2623189058457467e-13,16.208504834778818,3.1626022373257875e-13,300000000000000.0,50,52000000000000.0
204000.0,144216240000000.0,3.8811513e+33,23.66527819775212,4.567051426982359e-13,-9.432036624943184,16.72990332195363,3.229990243454265e-13,16.218533305332755,3.131261738993758e-13,300000000000000.0,50,52000000000000.0
205000.0,143539960000000.0,3.8680388e+33,23.679905057734747,4.5213411412781053e-13,-9.432032130315298,16.740247989613167,3.197661581062783e-13,16.228561775886693,3.099921240661728e-13,300000000000000.0,50,52000000000000.0
206000.0,142867230000000.0,3.8547287e+33,23.694407286686904,4.4760488363255736e-13,-9.43202767862691,16.7505045118051,3.1656285470584923e-13,16.2385047952442,3.0688673344844114e-13,300000000000000.0,50,52000000000000.0
207000.0,142197660000000.0,3.8414089e+33,23.70855948593875,4.431930441888775e-13,-9.432023347535303,16.760513475010388,3.134425793566026e-13,16.248207822550253,3.0386183303097774e-13,300000000000000.0,50,52000000000000.0
208000.0,141530950000000.0,3.8281367e+33,23.7227116851906,4.3878120474519773e-13,-9.432019016443693,16.77052243821568,3.10322304007356e-13,16.257910849856305,3.0083693261351435e-13,300000000000000.0,50,52000000000000.0
209000.0,140867160000000.0,3.8151853e+33,23.736863884442446,4.343693653015179e-13,-9.432014685352083,16.780531401420966,3.072020286581094e-13,16.267613877162358,2.97812032196051e-13,300000000000000.0,50,52000000000000.0
210000.0,140206230000000.0,3.8022523e+33,23.750589503164495,4.3009602350829456e-13,-9.43201050012049,16.790238665362583,3.041797094783636e-13,16.277024427002004,2.9488209380151087e-13,300000000000000.0,50,52000000000000.0
211000.0,139548260000000.0,3.7894837e+33,23.76427612053178,4.258353442620509e-13,-9.432006328224569,16.79991834557922,3.0116634622382067e-13,16.28640823624608,2.919608375836907e-13,300000000000000.0,50,52000000000000.0
212000.0,138893200000000.0,3.7766078e+33,23.777962737899063,4.2157466501580734e-13,-9.432002156328648,16.809598025795857,2.9815298296927774e-13,16.295792045490153,2.8903958136587057e-13,300000000000000.0,50,52000000000000.0
213000.0,138240480000000.0,3.7638176e+33,23.791413817151913,4.173832015765407e-13,-9.43199806436304,16.819111121799494,2.951885745866116e-13,16.30501436236609,2.861657836561823e-13,300000000000000.0,50,52000000000000.0
214000.0,137589850000000.0,3.7513591e+33,23.804643491315254,4.132568007789436e-13,-9.431994047531669,16.82846762916491,2.922701836301088e-13,16.314084876922024,2.8333659679542596e-13,300000000000000.0,50,52000000000000.0
215000.0,136940930000000.0,3.7388103e+33,23.817873165478595,4.091303999813465e-13,-9.4319900307003,16.83782413653032,2.89351792673606e-13,16.323155391477957,2.805074099346697e-13,300000000000000.0,50,52000000000000.0
216000.0,136293540000000.0,3.7266402e+33,23.831076131909303,4.0501158036175334e-13,-9.431986022862135,16.847161754890706,2.864387637181563e-13,16.332207594393807,2.7768342117904156e-13,300000000000000.0,50,52000000000000.0
217000.0,135647670000000.0,3.7146674e+33,23.843856065780663,4.010128415134445e-13,-9.431982157470308,16.85620018408939,2.836106652605465e-13,16.34096975322105,2.749417669198055e-13,300000000000000.0,50,52000000000000.0
218000.0,135004030000000.0,3.7024253e+33,23.856635999652024,3.970141026651357e-13,-9.431978292078481,16.865238613288067,2.807825668029367e-13,16.349731912048288,2.722001126605694e-13,300000000000000.0,50,52000000000000.0
219000.0,134363330000000.0,3.6903435e+33,23.869415933523385,3.9301536381682683e-13,-9.431974426686653,16.87427704248675,2.7795446834532687e-13,16.35849407087553,2.694584584013333e-13,300000000000000.0,50,52000000000000.0
220000.0,133726330000000.0,3.6783534e+33,23.88195355238891,3.891071554720973e-13,-9.431970642259957,16.88314409497886,2.751903990475537e-13,16.36709009132939,2.6677887617456815e-13,300000000000000.0,50,52000000000000.0
221000.0,133093820000000.0,3.6663213e+33,23.89429057121017,3.8527389264286596e-13,-9.4319669248601,16.891869273570897,2.724793361752521e-13,16.375548574427945,2.641506801688847e-13,300000000000000.0,50,52000000000000.0
222000.0,132466380000000.0,3.6541905e+33,23.90662759003143,3.814406298136347e-13,-9.431963207460244,16.900594452162935,2.697682733029505e-13,16.3840070575265,2.615224841632012e-13,300000000000000.0,50,52000000000000.0
223000.0,131844480000000.0,3.6420464e+33,23.91896460885269,3.776073669844034e-13,-9.431959490060386,16.909319630754972,2.670572104306489e-13,16.392465540625057,2.588942881575178e-13,300000000000000.0,50,52000000000000.0
224000.0,131228220000000.0,3.6297492e+33,23.930879770557304,3.739653690971413e-13,-9.431955912687165,16.9177464522509,2.6448142145764786e-13,16.4006347862676,2.5639723124349526e-13,300000000000000.0,50,52000000000000.0
225000.0,130617600000000.0,3.6176943e+33,23.94278529712772,3.703277396638166e-13,-9.431952338512124,16.926166459328993,2.6190872211409984e-13,16.40879742578311,2.539031695207264e-13,300000000000000.0,50,52000000000000.0
226000.0,130012530000000.0,3.6055911e+33,23.95469082369814,3.6669011023049195e-13,-9.431948764337083,16.934586466407087,2.593360227705518e-13,16.41696006529862,2.5140910779795757e-13,300000000000000.0,50,52000000000000.0
227000.0,129413350000000.0,3.5935584e+33,23.966450624559993,3.6311939651489515e-13,-9.431945238263953,16.942903409541575,2.568106500752582e-13,16.425022791142766,2.4896092612813245e-13,300000000000000.0,50,52000000000000.0
228000.0,128820080000000.0,3.581258e+33,23.977940020326905,3.5967284998423344e-13,-9.431941801447563,16.951029109718807,2.5437309556208547e-13,16.4329001195985,2.4659787837321e-13,300000000000000.0,50,52000000000000.0
229000.0,128232090000000.0,3.5692855e+33,23.989429416093813,3.562263034535717e-13,-9.431938364631172,16.959154809896035,2.5193554104891273e-13,16.440777448054238,2.442348306182876e-13,300000000000000.0,50,52000000000000.0
230000.0,127649460000000.0,3.5575209e+33,24.000918811860725,3.5277975692290996e-13,-9.431934927814781,16.967280510073262,2.4949798653573995e-13,16.448654776509972,2.418717828633651e-13,300000000000000.0,50,52000000000000.0
231000.0,127072300000000.0,3.5455942e+33,24.012142268229535,3.494549177232975e-13,-9.43193157831663,16.975218125808777,2.471465103039745e-13,16.456349769549067,2.3959218230475084e-13,300000000000000.0,50,52000000000000.0
232000.0,126500820000000.0,3.533848e+33,24.023230979477685,3.4619174471201485e-13,-9.43192827306054,16.98306044366449,2.448386478748173e-13,16.463952377601622,2.373548624409704e-13,300000000000000.0,50,52000000000000.0
233000.0,125934840000000.0,3.5225731e+33,24.034319690725834,3.429285717007322e-13,-9.43192496780445,16.990902761520204,2.4253078544566007e-13,16.471554985654173,2.3511754257718997e-13,300000000000000.0,50,52000000000000.0
234000.0,125374320000000.0,3.5112436e+33,24.04540840197398,3.3966539868944953e-13,-9.431921662548358,16.99874507937592,2.4022292301650286e-13,16.479157593706724,2.3288022271340954e-13,300000000000000.0,50,52000000000000.0
235000.0,124818970000000.0,3.5002544e+33,24.05614347121898,3.3655922510991383e-13,-9.431918472813962,17.00633728573291,2.3802609933644955e-13,16.486517735216562,2.307505475672271e-13,300000000000000.0,50,52000000000000.0
236000.0,124268410000000.0,3.4885072e+33,24.066846645945997,3.3346721110744755e-13,-9.431915293498319,17.01390693485512,2.358392900985387e-13,16.493856008980387,2.2863058075984554e-13,300000000000000.0,50,52000000000000.0
237000.0,123722250000000.0,3.4767993e+33,24.077549820673017,3.3037519710498126e-13,-9.431912114182675,17.021476583977336,2.3365248086062784e-13,16.50119428274421,2.2651061395246394e-13,300000000000000.0,50,52000000000000.0
238000.0,123180340000000.0,3.4651544e+33,24.088212195852982,3.2729750911779086e-13,-9.431908948127369,17.029017377852995,2.3147580384184267e-13,16.508504583256475,2.2440046966087951e-13,300000000000000.0,50,52000000000000.0
239000.0,122641910000000.0,3.4533636e+33,24.098544114236663,3.243358549950316e-13,-9.431905889474454,17.036324458047446,2.293811929466642e-13,16.51558831382474,2.2236988304422641e-13,300000000000000.0,50,52000000000000.0
240000.0,122106010000000.0,3.4417242e+33,24.108876032620344,3.213742008722723e-13,-9.431902830821537,17.0436315382419,2.272865820514857e-13,16.522672044393,2.2033929642757329e-13,300000000000000.0,50,52000000000000.0
241000.0,121571640000000.0,3.4300254e+33,24.119207951004025,3.18412546749513e-13,-9.43189977216862,17.05093861843635,2.2519197115630717e-13,16.529755774961263,2.1830870981092019e-13,300000000000000.0,50,52000000000000.0
242000.0,121037240000000.0,3.4184196e+33,24.129452922286326,3.154605177720183e-13,-9.431896741608517,17.058184205850655,2.2310416826701433e-13,16.53677989234949,2.162847231054115e-13,300000000000000.0,50,52000000000000.0
243000.0,120501350000000.0,3.4071194e+33,24.139423452629867,3.1253886972568947e-13,-9.431893799720921,17.065235696670086,2.210378542542531e-13,16.54361584593661,2.1428156844354157e-13,300000000000000.0,50,52000000000000.0
244000.0,119962730000000.0,3.3960512e+33,24.14939398297341,3.096172216793607e-13,-9.431890857833327,17.07228718748952,2.1897154024149188e-13,16.55045179952373,2.1227841378167163e-13,300000000000000.0,50,52000000000000.0
245000.0,119419730000000.0,3.3850543e+33,24.15936451331695,3.0669557363303185e-13,-9.431887915945731,17.079338678308954,2.1690522622873066e-13,16.557287753110852,2.1027525911980168e-13,300000000000000.0,50,52000000000000.0
246000.0,118871600000000.0,3.3743542e+33,24.169223325568705,3.0377167706056975e-13,-9.4318850098576,17.086311157332684,2.148373229526299e-13,16.56404710999199,2.0827056377242615e-13,300000000000000.0,50,52000000000000.0
247000.0,118319980000000.0,3.3330533e+33,24.178831550899634,3.008427369787611e-13,-9.431882184068705,17.093106410606534,2.1276585491275416e-13,16.57063465823955,2.0626241262276637e-13,300000000000000.0,50,52000000000000.0
248000.0,117765090000000.0,3.3231504e+33,24.188439776230563,2.979137968969524e-13,-9.43187935827981,17.09990166388038,2.1069438687287842e-13,16.577222206487104,2.042542614731066e-13,300000000000000.0,50,52000000000000.0
249000.0,117207510000000.0,3.3130505e+33,24.198048001561492,2.9498485681514374e-13,-9.431876532490916,17.106696917154228,2.0862291883300267e-13,16.583809754734663,2.0224611032344678e-13,300000000000000.0,50,52000000000000.0
250000.0,116650470000000.0,3.30277e+33,24.207541004424616,2.9208929047714153e-13,-9.431873743279771,17.113410680314633,2.065750547343743e-13,16.590318303711243,2.0026084163249857e-13,300000000000000.0,50,52000000000000.0
251000.0,116097230000000.0,3.2924895e+33,24.216780112847633,2.89267263685371e-13,-9.431871034668251,17.119944878784914,2.0457920227515562e-13,16.59665277660653,1.9832599478334527e-13,300000000000000.0,50,52000000000000.0
252000.0,115549180000000.0,3.2824648e+33,24.226019221270647,2.8644523689360046e-13,-9.431868326056732,17.12647907725519,2.0258334981593694e-13,16.602987249501812,1.9639114793419194e-13,300000000000000.0,50,52000000000000.0
253000.0,115006950000000.0,3.2722126e+33,24.23525832969366,2.836232101018299e-13,-9.431865617445212,17.133013275725467,2.0058749735671825e-13,16.609321722397098,1.9445630108503864e-13,300000000000000.0,50,52000000000000.0
254000.0,114470660000000.0,3.2621765e+33,24.244406733455737,2.8084457882473584e-13,-9.431862937447079,17.139483324159634,1.9862233630803186e-13,16.61559400607861,1.9255120752689695e-13,300000000000000.0,50,52000000000000.0
255000.0,113940310000000.0,3.2520187e+33,24.253284414047812,2.78195468689947e-13,-9.431860342850367,17.145761906125028,1.9674877888660378e-13,16.62168067569225,1.9073491762203374e-13,300000000000000.0,50,52000000000000.0
256000.0,113415470000000.0,3.2418386e+33,24.262162094639883,2.7554635855515813e-13,-9.431857748253655,17.152040488090417,1.948752214651757e-13,16.627767345305887,1.8891862771717053e-13,300000000000000.0,50,52000000000000.0
257000.0,112895210000000.0,3.2314866e+33,24.27103977523196,2.728972484203693e-13,-9.431855153656942,17.158319070055807,1.9300166404374761e-13,16.633854014919528,1.8710233781230732e-13,300000000000000.0,50,52000000000000.0
258000.0,112378610000000.0,3.2212471e+33,24.27987480016638,2.7026327865025946e-13,-9.431852572457872,17.164567484221486,1.9113881468944702e-13,16.639911438848223,1.8529642866975226e-13,300000000000000.0,50,52000000000000.0
259000.0,111864720000000.0,3.2113042e+33,24.288407680581535,2.677365532284779e-13,-9.431850086158862,17.17060220960957,1.893518142136438e-13,16.645761705651612,1.8356404999442753e-13,300000000000000.0,50,52000000000000.0
260000.0,111352850000000.0,3.2015041e+33,24.29694056099669,2.6520982780669636e-13,-9.43184759985985,17.176636934997656,1.8756481373784056e-13,16.651611972454997,1.8183167131910282e-13,300000000000000.0,50,52000000000000.0
261000.0,110843110000000.0,3.1922825e+33,24.305473441411845,2.6268310238491475e-13,-9.431845113560838,17.18267166038574,1.8577781326203733e-13,16.657462239258383,1.800992926437781e-13,300000000000000.0,50,52000000000000.0
262000.0,110335380000000.0,3.1826716e+33,24.314006321826998,2.601563769631332e-13,-9.431842627261826,17.188706385773823,1.839908127862341e-13,16.663312506061768,1.7836691396845338e-13,300000000000000.0,50,52000000000000.0
263000.0,109829610000000.0,3.1726994e+33,24.3222286013892,2.577297479752804e-13,-9.431840238000222,17.194521441914418,1.8227460588809886e-13,16.668949818070164,1.7670316498082636e-13,300000000000000.0,50,52000000000000.0
264000.0,109326190000000.0,3.1624376e+33,24.330427261736737,2.553107306830727e-13,-9.431837856117694,17.200319793609225,1.8056378239020774e-13,16.67457093622407,1.7504463484340685e-13,300000000000000.0,50,52000000000000.0
265000.0,108826100000000.0,3.1519101e+33,24.338625922084276,2.5289171339086506e-13,-9.431835474235166,17.20611814530403,1.788529588923166e-13,16.680192054377983,1.7338610470598734e-13,300000000000000.0,50,52000000000000.0
266000.0,108330950000000.0,3.1415857e+33,24.346824582431818,2.5047269609865746e-13,-9.431833092352639,17.211916496998832,1.7714213539442547e-13,16.68581317253189,1.7172757456856784e-13,300000000000000.0,50,52000000000000.0
267000.0,107841410000000.0,3.131134e+33,24.35480643802092,2.481426829127822e-13,-9.431830777833621,17.21756151590169,1.7549425985830678e-13,16.691285644693494,1.7013006831348337e-13,300000000000000.0,50,52000000000000.0
268000.0,107356590000000.0,3.1209743e+33,24.362679920894717,2.4585715960225116e-13,-9.431828496987144,17.223129889388044,1.7387784969033606e-13,16.696683814197158,1.6856306565008673e-13,300000000000000.0,50,52000000000000.0
269000.0,106874760000000.0,3.1111984e+33,24.37055340376851,2.4357163629172013e-13,-9.431826216140665,17.228698262874403,1.7226143952236533e-13,16.702081983700825,1.669960629866901e-13,300000000000000.0,50,52000000000000.0
270000.0,106394510000000.0,3.1012769e+33,24.37842688664231,2.4128611298118915e-13,-9.431823935294188,17.234266636360758,1.7064502935439458e-13,16.70748015320449,1.6542906032329345e-13,300000000000000.0,50,52000000000000.0
271000.0,105915070000000.0,3.091502e+33,24.38619583721599,2.390317253761987e-13,-9.431821686780651,17.23976108057586,1.690506400043782e-13,16.712806653173246,1.638834053853351e-13,300000000000000.0,50,52000000000000.0
272000.0,105436510000000.0,3.0819103e+33,24.393757090439962,2.3683920193678123e-13,-9.431819502510091,17.24510863322071,1.6750000426470493e-13,16.717990751487783,1.6238016667653203e-13,300000000000000.0,50,52000000000000.0
273000.0,104960230000000.0,3.0722698e+33,24.401318343663934,2.3464667849736377e-13,-9.43181731823953,17.25045618586556,1.6594936852503164e-13,16.72317484980232,1.6087692796772894e-13,300000000000000.0,50,52000000000000.0
274000.0,104487800000000.0,3.0626614e+33,24.40887959688791,2.324541550579463e-13,-9.43181513396897,17.25580373851041,1.6439873278535835e-13,16.728358948116856,1.5937368925892585e-13,300000000000000.0,50,52000000000000.0
275000.0,104020580000000.0,3.0530841e+33,24.416440850111883,2.3026163161852886e-13,-9.431812949698408,17.261151291155258,1.6284809704568508e-13,16.733543046431397,1.578704505501228e-13,300000000000000.0,50,52000000000000.0
276000.0,103559360000000.0,3.0434422e+33,24.4237182842249,2.282201244836314e-13,-9.431810852745414,17.266298116159465,1.614042664230665e-13,16.73853255258504,1.564707523326524e-13,300000000000000.0,50,52000000000000.0
277000.0,103104430000000.0,3.033741e+33,24.430975140889807,2.261895663301463e-13,-9.431808762123117,17.271430388011854,1.599681793831365e-13,16.74350795042131,1.5507856100603478e-13,300000000000000.0,50,52000000000000.0
278000.0,102656620000000.0,3.0241916e+33,24.438231997554713,2.2415900817666115e-13,-9.431806671500821,17.276562659864243,1.5853209234320645e-13,16.748483348257583,1.5368636967941719e-13,300000000000000.0,50,52000000000000.0
279000.0,102217000000000.0,3.0146852e+33,24.44548885421962,2.22128450023176e-13,-9.431804580878524,17.281694931716633,1.5709600530327641e-13,16.75345874609385,1.5229417835279957e-13,300000000000000.0,50,52000000000000.0
280000.0,101786350000000.0,3.0050131e+33,24.452614381281958,2.20210871640494e-13,-9.431802530535311,17.286734322338372,1.5573982175666905e-13,16.758344101725076,1.509794481739192e-13,300000000000000.0,50,52000000000000.0
281000.0,101366460000000.0,2.9954871e+33,24.459584742362527,2.1842677890548418e-13,-9.431800527781853,17.291663973746253,1.54478044221701e-13,16.763123072452405,1.4975623837432123e-13,300000000000000.0,50,52000000000000.0
282000.0,100959460000000.0,2.9861844e+33,24.466555103443092,2.166426861704744e-13,-9.431798525028395,17.29659362515413,1.5321626668673296e-13,16.76790204317973,1.4853302857472327e-13,300000000000000.0,50,52000000000000.0
283000.0,100567300000000.0,2.9774001e+33,24.47352546452366,2.1485859343546457e-13,-9.431796522274936,17.30152327656201,1.5195448915176492e-13,16.77268101390706,1.473098187751253e-13,300000000000000.0,50,52000000000000.0
284000.0,100191390000000.0,2.9693228e+33,24.480495825604226,2.1307450070045478e-13,-9.43179451952148,17.30645292796989,1.5069271161679687e-13,16.77745998463439,1.4608660897552735e-13,300000000000000.0,50,52000000000000.0
285000.0,99832784000000.0,2.9622988e+33,24.487232977307762,2.1153786273224785e-13,-9.431792588327864,17.31121764492839,1.4960594283966924e-13,16.782079062330517,1.4503305858228134e-13,300000000000000.0,50,52000000000000.0
286000.0,99486888000000.0,2.9550027e+33,24.49394752284265,2.1002521181062357e-13,-9.43179066407091,17.31596637395354,1.4853613854975249e-13,16.78668264078354,1.4399595413645398e-13,300000000000000.0,50,52000000000000.0
287000.0,99144249000000.0,2.9475861e+33,24.50066206837754,2.0851256088899927e-13,-9.431788739813953,17.320715102978685,1.474663342598357e-13,16.791286219236564,1.4295884969062665e-13,300000000000000.0,50,52000000000000.0
288000.0,98804897000000.0,2.9404722e+33,24.50737661391243,2.06999909967375e-13,-9.431786815556999,17.325463832003834,1.4639652996991892e-13,16.79588979768959,1.419217452447993e-13,300000000000000.0,50,52000000000000.0
289000.0,98465717000000.0,2.9364635e+33,24.514027036822736,2.0549554236675819e-13,-9.431784911046721,17.330167211068932,1.4533258424910191e-13,16.800449412358184,1.408903202939503e-13,300000000000000.0,50,52000000000000.0
290000.0,98127061000000.0,2.9320712e+33,24.52052116020913,2.0401136544202704e-13,-9.431783054669165,17.334760049163346,1.4428291884770512e-13,16.804901864872704,1.3987273916760097e-13,300000000000000.0,50,52000000000000.0
291000.0,97785340000000.0,2.9276612e+33,24.527015283595528,2.025271885172959e-13,-9.431781198291608,17.339352887257757,1.432332534463083e-13,16.80935431738722,1.3885515804125162e-13,300000000000000.0,50,52000000000000.0
292000.0,97438788000000.0,2.9245055e+33,24.533509406981924,2.0104301159256476e-13,-9.431779341914051,17.343945725352167,1.4218358804491147e-13,16.813806769901742,1.3783757691490225e-13,300000000000000.0,50,52000000000000.0
293000.0,97086879000000.0,2.9208599e+33,24.54000353036832,1.9955883466783362e-13,-9.431777485536495,17.348538563446578,1.4113392264351467e-13,16.81825922241626,1.368199957885529e-13,300000000000000.0,50,52000000000000.0
294000.0,96729992000000.0,2.9182198e+33,24.54636687193173,1.9803353545323236e-13,-9.431775669195398,17.353038907747003,1.4005517505597134e-13,16.822622008319932,1.3577422140787567e-13,300000000000000.0,50,52000000000000.0
295000.0,96368295000000.0,2.9151048e+33,24.552641204676416,1.9648024881376386e-13,-9.43177388010272,17.35747630168357,1.3895663441939497e-13,16.826923768012705,1.3470925897639297e-13,300000000000000.0,50,52000000000000.0
296000.0,96001397000000.0,2.9124163e+33,24.5589155374211,1.9492696217429538e-13,-9.43177209101004,17.361913695620135,1.3785809378281862e-13,16.83122552770548,1.3364429654491026e-13,300000000000000.0,50,52000000000000.0
297000.0,95628034000000.0,2.9091542e+33,24.56518987016578,1.933736755348269e-13,-9.431770301917364,17.366351089556705,1.3675955314624225e-13,16.835527287398257,1.3257933411342755e-13,300000000000000.0,50,52000000000000.0
298000.0,95246811000000.0,2.9057899e+33,24.571464202910466,1.918203888953584e-13,-9.431768512824686,17.37078848349327,1.3566101250966588e-13,16.83982904709103,1.3151437168194487e-13,300000000000000.0,50,52000000000000.0
299000.0,94854612000000.0,2.9068271e+33,24.57754619942017,1.9017416986631454e-13,-9.431766782029007,17.37508985026998,1.3449674837419332e-13,16.843998937456366,1.303856946688917e-13,300000000000000.0,50,52000000000000.0
300000.0,94451698000000.0,2.8975103e+33,24.583586765739636,1.8850793273418453e-13,-9.431765063790793,17.37936191611382,1.333183270672319e-13,16.8481404225068,1.292432932152232e-13,300000000000000.0,50,52000000000000.0
301000.0,94043220000000.0,2.8896877e+33,24.589627332059106,1.8684169560205455e-13,-9.43176334555258,17.383633981957654,1.3213990576027053e-13,16.85228190755723,1.2810089176155473e-13,300000000000000.0,50,52000000000000.0
302000.0,93630625000000.0,2.8793506e+33,24.595667898378576,1.8517545846992454e-13,-9.431761627314367,17.387906047801494,1.3096148445330913e-13,16.856423392607667,1.2695849030788625e-13,300000000000000.0,50,52000000000000.0
303000.0,93214866000000.0,2.8683258e+33,24.601708464698042,1.8350922133779453e-13,-9.431759909076154,17.392178113645333,1.2978306314634772e-13,16.8605648776581,1.2581608885421775e-13,300000000000000.0,50,52000000000000.0
304000.0,92794742000000.0,2.8572038e+33,24.607501095440917,1.8181222671718712e-13,-9.43175826517599,17.39627483075844,1.285828904741582e-13,16.864536373720973,1.2465260089190115e-13,300000000000000.0,50,52000000000000.0
305000.0,92372580000000.0,2.8257984e+33,24.613286817800685,1.8011437508155684e-13,-9.431756623347153,17.40036666202085,1.2738211173015687e-13,16.868503133275013,1.2348852538308494e-13,300000000000000.0,50,52000000000000.0
306000.0,91941418000000.0,2.7899805e+33,24.61907254016045,1.7841652344592655e-13,-9.431754981518317,17.404458493283265,1.2618133298615553e-13,16.87246989282905,1.2232444987426875e-13,300000000000000.0,50,52000000000000.0
307000.0,91528917000000.0,2.7816374e+33,24.624858262520217,1.7671867181029626e-13,-9.43175333968948,17.408550324545676,1.249805542421542e-13,16.876436652383088,1.2116037436545253e-13,300000000000000.0,50,52000000000000.0
308000.0,91086260000000.0,2.8092073e+33,24.63063233918266,1.75034215271105e-13,-9.431751701325467,17.412633919572656,1.2378924894822752e-13,16.880395427452058,1.200054827394028e-13,300000000000000.0,50,52000000000000.0
309000.0,90710495000000.0,2.8476914e+33,24.636154158570957,1.7363990971399772e-13,-9.431750138012921,17.416539109628044,1.228031479135905e-13,16.884181250710277,1.1904952305954383e-13,300000000000000.0,50,52000000000000.0
310000.0,90373928000000.0,2.8253863e+33,24.64167597795925,1.7224560415689043e-13,-9.431748574700377,17.42044429968343,1.2181704687895346e-13,16.8879670739685,1.1809356337968484e-13,300000000000000.0,50,52000000000000.0
311000.0,90072517000000.0,2.7825774e+33,24.64719779734754,1.7085129859978317e-13,-9.43174701138783,17.42434948973882,1.2083094584431644e-13,16.891752897226723,1.1713760369982588e-13,300000000000000.0,50,52000000000000.0
312000.0,89755524000000.0,2.7651802e+33,24.652719616735837,1.6945699304267588e-13,-9.431745448075286,17.428254679794208,1.1984484480967942e-13,16.895538720484947,1.1618164401996691e-13,300000000000000.0,50,52000000000000.0
313000.0,89304595000000.0,3.0183441e+33,24.658233683673558,1.6805461930581644e-13,-9.431743887076086,17.43215438704886,1.1885303776385247e-13,16.899319228530782,1.1522015273996757e-13,300000000000000.0,50,52000000000000.0
314000.0,88775974000000.0,2.7702228e+33,24.66353525631205,1.6643109714804168e-13,-9.43174238948558,17.435903810997782,1.1770482922436386e-13,16.902954046859445,1.1410704056482798e-13,300000000000000.0,50,52000000000000.0
315000.0,88400221000000.0,2.7728917e+33,24.66883682895054,1.6480757499026694e-13,-9.431740891895075,17.439653234946704,1.1655662068487524e-13,16.906588865188112,1.129939283896884e-13,300000000000000.0,50,52000000000000.0
316000.0,87982319000000.0,2.7449236e+33,24.67413840158903,1.6318405283249218e-13,-9.431739394304568,17.44340265889562,1.1540841214538663e-13,16.910223683516776,1.118808162145488e-13,300000000000000.0,50,52000000000000.0
317000.0,87583428000000.0,2.7086407e+33,24.67943997422752,1.6156053067471744e-13,-9.431737896714061,17.447152082844543,1.1426020360589801e-13,16.913858501845443,1.1076770403940922e-13,300000000000000.0,50,52000000000000.0
318000.0,87166920000000.0,2.6932571e+33,24.68474154686601,1.599370085169427e-13,-9.431736399123555,17.450901506793464,1.1311199506640941e-13,16.91749332017411,1.0965459186426963e-13,300000000000000.0,50,52000000000000.0
319000.0,86769029000000.0,2.7458128e+33,24.68979688100447,1.5863828472031523e-13,-9.43173497403191,17.454476782735146,1.1219349412266672e-13,16.920959313537214,1.0876416599800856e-13,300000000000000.0,50,52000000000000.0
320000.0,86428208000000.0,2.7619235e+33,24.694837828219963,1.5735853784646848e-13,-9.43173355317614,17.458041883769308,1.1128841425436056e-13,16.924415443000996,1.0788675097599246e-13,300000000000000.0,50,52000000000000.0
321000.0,86090252000000.0,2.778088e+33,24.69987877543546,1.560787909726217e-13,-9.43173213232037,17.461606984803474,1.1038333438605438e-13,16.927871572464777,1.0700933595397636e-13,300000000000000.0,50,52000000000000.0
322000.0,85764889000000.0,2.7691938e+33,24.704919722650956,1.5479904409877495e-13,-9.431730711464601,17.46517208583764,1.094782545177482e-13,16.93132770192856,1.0613192093196025e-13,300000000000000.0,50,52000000000000.0
323000.0,85438012000000.0,2.7258674e+33,24.70996066986645,1.5351929722492818e-13,-9.43172929060883,17.468737186871806,1.0857317464944203e-13,16.93478383139234,1.0525450590994416e-13,300000000000000.0,50,52000000000000.0
324000.0,85124018000000.0,2.6697095e+33,24.714840521700946,1.5238313273320806e-13,-9.431727917377701,17.472188355854875,1.0776964090882315e-13,16.938129511274134,1.0447553313702327e-13,300000000000000.0,50,52000000000000.0
325000.0,84824827000000.0,2.6492134e+33,24.71967268855684,1.5128946929134458e-13,-9.431726558243685,17.47560580042335,1.069961652921305e-13,16.941442497568307,1.0372569972559523e-13,300000000000000.0,50,52000000000000.0
326000.0,84523288000000.0,2.6285974e+33,24.724504855412732,1.501958058494811e-13,-9.43172519910967,17.47902324499182,1.0622268967543787e-13,16.944755483862483,1.0297586631416721e-13,300000000000000.0,50,52000000000000.0
327000.0,84226196000000.0,2.6086965e+33,24.729337022268624,1.491021424076176e-13,-9.431723839975655,17.482440689560292,1.0544921405874522e-13,16.948068470156656,1.0222603290273918e-13,300000000000000.0,50,52000000000000.0
328000.0,83934701000000.0,2.6197146e+33,24.734169189124515,1.4800847896575412e-13,-9.431722480841639,17.48585813412876,1.0467573844205257e-13,16.95138145645083,1.0147619949131114e-13,300000000000000.0,50,52000000000000.0
329000.0,83641666000000.0,2.633542e+33,24.738908107474856,1.4695189081562247e-13,-9.431721149317053,17.48920963021384,1.0392848386294544e-13,16.954630510055704,1.0075178564017862e-13,300000000000000.0,50,52000000000000.0
330000.0,83350224000000.0,2.6268481e+33,24.743558949923656,1.4593032134729174e-13,-9.43171984387037,17.49249883605527,1.0320599580970514e-13,16.95781917739256,1.0005138129650853e-13,300000000000000.0,50,52000000000000.0
331000.0,83062154000000.0,2.6052893e+33,24.748209792372453,1.44908751878961e-13,-9.431718538423686,17.4957880418967,1.0248350775646483e-13,16.961007844729423,9.935097695283844e-14,300000000000000.0,50,52000000000000.0
332000.0,82783223000000.0,2.5800877e+33,24.752860634821253,1.4388718241063024e-13,-9.431717232977002,17.499077247738125,1.0176101970322453e-13,16.96419651206628,9.865057260916835e-14,300000000000000.0,50,52000000000000.0
333000.0,82501442000000.0,2.5557221e+33,24.75751147727005,1.428656129422995e-13,-9.43171592753032,17.502366453579555,1.0103853164998422e-13,16.96738517940314,9.795016826549825e-14,300000000000000.0,50,52000000000000.0
334000.0,82220277000000.0,2.528542e+33,24.76213281492577,1.4180787789900492e-13,-9.431714630797796,17.50563479264572,1.0029046641571911e-13,16.970553617782624,9.722496853789929e-14,300000000000000.0,50,52000000000000.0
335000.0,81917095000000.0,2.5055632e+33,24.766611530975755,1.405753240606897e-13,-9.431713376188169,17.508802264948073,9.941876504484474e-14,16.97362427251131,9.637991175991865e-14,300000000000000.0,50,52000000000000.0
336000.0,81560015000000.0,2.5102951e+33,24.771090247025743,1.3934277022237447e-13,-9.431712121578542,17.511969737250432,9.854706367397037e-14,16.976694927239993,9.553485498193801e-14,300000000000000.0,50,52000000000000.0
337000.0,81117737000000.0,2.5900125e+33,24.77556896307573,1.3811021638405923e-13,-9.431710866968915,17.515137209552787,9.767536230309601e-14,16.979765581968678,9.468979820395738e-14,300000000000000.0,50,52000000000000.0
338000.0,80767204000000.0,2.6395907e+33,24.78004767912572,1.3687766254574402e-13,-9.431709612359288,17.518304681855142,9.680366093222163e-14,16.982836236697363,9.384474142597674e-14,300000000000000.0,50,52000000000000.0
339000.0,80432332000000.0,2.6074933e+33,24.784526395175703,1.3564510870742878e-13,-9.431708357749661,17.521472154157497,9.593195956134727e-14,16.98590689142605,9.299968464799611e-14,300000000000000.0,50,52000000000000.0
340000.0,80098597000000.0,2.5501536e+33,24.788848580949736,1.3459806725828604e-13,-9.431707148728051,17.52452892325818,9.519145818050049e-14,16.98887022672856,9.228181757571304e-14,300000000000000.0,50,52000000000000.0
341000.0,79773821000000.0,2.5436933e+33,24.793116243536275,1.3361564415032114e-13,-9.431705955585823,17.52754713182236,9.449665685104088e-14,16.991796180143393,9.160825367818687e-14,300000000000000.0,50,52000000000000.0
342000.0,79454646000000.0,2.471017e+33,24.797383906122818,1.3263322104235626e-13,-9.431704762443596,17.530565340386534,9.380185552158125e-14,16.994722133558223,9.093468978066071e-14,300000000000000.0,50,52000000000000.0
343000.0,79190899000000.0,2.4083283e+33,24.801651568709357,1.3165079793439138e-13,-9.431703569301368,17.533583548950713,9.310705419212164e-14,16.99764808697305,9.026112588313455e-14,300000000000000.0,50,52000000000000.0
344000.0,78951678000000.0,2.3971339e+33,24.805919231295896,1.306683748264265e-13,-9.431702376159139,17.536601757514887,9.241225286266202e-14,17.000574040387882,8.958756198560837e-14,300000000000000.0,50,52000000000000.0
345000.0,78701913000000.0,2.4113819e+33,24.81014866836885,1.2965801835055057e-13,-9.431701194190017,17.539592931762133,9.169769642613186e-14,17.003473785821946,8.889484681946717e-14,300000000000000.0,50,52000000000000.0
346000.0,78414870000000.0,2.3824508e+33,24.814245371879696,1.2855066656771332e-13,-9.431700051018186,17.54249023255031,9.091454272340514e-14,17.006282527151264,8.813563114454633e-14,300000000000000.0,50,52000000000000.0
347000.0,78103252000000.0,2.4101015e+33,24.818342075390547,1.2744331478487607e-13,-9.431698907846354,17.545387533338488,9.013138902067843e-14,17.00909126848058,8.737641546962548e-14,300000000000000.0,50,52000000000000.0
348000.0,77776712000000.0,2.418792e+33,24.822438778901393,1.2633596300203882e-13,-9.431697764674523,17.548284834126665,8.934823531795171e-14,17.0119000098099,8.661719979470464e-14,300000000000000.0,50,52000000000000.0
349000.0,77335776000000.0,2.6070679e+33,24.826535482412243,1.2522861121920157e-13,-9.43169662150269,17.551182134914843,8.8565081615225e-14,17.014708751139214,8.585798411978379e-14,300000000000000.0,50,52000000000000.0
350000.0,77019783000000.0,2.5615165e+33,24.83063218592309,1.2412125943636434e-13,-9.431695478330859,17.55407943570302,8.778192791249829e-14,17.01751749246853,8.509876844486294e-14,300000000000000.0,50,52000000000000.0
351000.0,76676469000000.0,2.4785827e+33,24.834608300184183,1.2296339660070751e-13,-9.431694370049152,17.556891452014376,8.696305181810392e-14,17.02024355614287,8.430492227588214e-14,300000000000000.0,50,52000000000000.0
352000.0,76300243000000.0,2.4387912e+33,24.83850917054569,1.2177401645655362e-13,-9.431693283537788,17.559650253494205,8.612188607470016e-14,17.02291803156053,8.348946776766135e-14,300000000000000.0,50,52000000000000.0
353000.0,75961388000000.0,2.4157969e+33,24.8424100409072,1.2058463631239972e-13,-9.431692197026424,17.562409054974033,8.52807203312964e-14,17.02559250697819,8.267401325944057e-14,300000000000000.0,50,52000000000000.0
354000.0,75621973000000.0,2.4049316e+33,24.84631091126871,1.1939525616824583e-13,-9.43169111051506,17.56516785645386,8.443955458789265e-14,17.02826698239585,8.185855875121978e-14,300000000000000.0,50,52000000000000.0
355000.0,75241634000000.0,2.7175215e+33,24.850211781630218,1.1820587602409196e-13,-9.431690024003695,17.56792665793369,8.35983888444889e-14,17.03094145781351,8.1043104242999e-14,300000000000000.0,50,52000000000000.0
356000.0,74809687000000.0,2.4226934e+33,24.854112651991727,1.1701649587993806e-13,-9.43168893749233,17.570685459413518,8.275722310108515e-14,17.03361593323117,8.022764973477821e-14,300000000000000.0,50,52000000000000.0
357000.0,74513043000000.0,2.3182536e+33,24.857817558163845,1.1598778197238997e-13,-9.431687907246976,17.573305669069818,8.202968542000967e-14,17.036156053049847,7.952235011150687e-14,300000000000000.0,50,52000000000000.0
358000.0,74227606000000.0,2.371491e+33,24.861504667615183,1.1497365916008504e-13,-9.431686882111487,17.575913292344936,8.131246700647139e-14,17.038683971205106,7.882705433504089e-14,300000000000000.0,50,52000000000000.0
359000.0,73947885000000.0,2.2189239e+33,24.86519177706652,1.1395953634778013e-13,-9.431685856975998,17.57852091562005,8.05952485929331e-14,17.04121188936037,7.813175855857492e-14,300000000000000.0,50,52000000000000.0
360000.0,73620082000000.0,2.2093061e+33,24.868878886517862,1.1294541353547521e-13,-9.431684831840508,17.581128538895165,7.98780301793948e-14,17.043739807515628,7.743646278210894e-14,300000000000000.0,50,52000000000000.0
361000.0,73245412000000.0,2.3037939e+33,24.8725659959692,1.1193129072317029e-13,-9.431683806705019,17.583736162170283,7.916081176585652e-14,17.046267725670887,7.674116700564296e-14,300000000000000.0,50,52000000000000.0
362000.0,72866219000000.0,2.3766762e+33,24.876229948524376,1.1092143703959513e-13,-9.431682788216857,17.58632740818603,7.844661266027388e-14,17.048779767157267,7.604879824838565e-14,300000000000000.0,50,52000000000000.0
363000.0,72529969000000.0,2.3607101e+33,24.879731830603674,1.0994146213251879e-13,-9.431681816252002,17.588804033045268,7.775354508604063e-14,17.051180691019624,7.537691511203112e-14,300000000000000.0,50,52000000000000.0
364000.0,72184628000000.0,2.3069399e+33,24.883233712682973,1.0896148722544244e-13,-9.431680844287149,17.591280657904505,7.706047751180737e-14,17.05358161488198,7.47050319756766e-14,300000000000000.0,50,52000000000000.0
365000.0,71816552000000.0,2.2577408e+33,24.88673559476227,1.0798151231836609e-13,-9.431679872322295,17.59375728276374,7.636740993757414e-14,17.05598253874434,7.403314883932208e-14,300000000000000.0,50,52000000000000.0
366000.0,71511324000000.0,2.2353672e+33,24.890237476841566,1.0700153741128973e-13,-9.431678900357442,17.596233907622977,7.567434236334088e-14,17.058383462606695,7.336126570296757e-14,300000000000000.0,50,52000000000000.0
367000.0,71222472000000.0,2.2054848e+33,24.893739358920865,1.0602156250421338e-13,-9.431677928392588,17.598710532482215,7.498127478910763e-14,17.060784386469052,7.268938256661305e-14,300000000000000.0,50,52000000000000.0
368000.0,70961731000000.0,2.1776783e+33,24.897197750170104,1.0510946505938351e-13,-9.431676968863588,17.601156399325227,7.433621207056873e-14,17.063155492470674,7.206403696021206e-14,300000000000000.0,50,52000000000000.0
369000.0,70721807000000.0,2.1590642e+33,24.900517730625815,1.0441338955294979e-13,-9.431676048912045,17.603504377913936,7.384392615947534e-14,17.065431702289352,7.158679835569376e-14,300000000000000.0,50,52000000000000.0
370000.0,70491875000000.0,2.1471602e+33,24.903837711081525,1.0371731404651606e-13,-9.431675128960503,17.60585235650264,7.335164024838195e-14,17.067707912108034,7.110955975117545e-14,300000000000000.0,50,52000000000000.0
371000.0,70248422000000.0,2.1330942e+33,24.907157691537236,1.0302123854008234e-13,-9.431674209008959,17.608200335091347,7.285935433728857e-14,17.069984121926716,7.063232114665713e-14,300000000000000.0,50,52000000000000.0
372000.0,70025749000000.0,2.1000198e+33,24.910477671992947,1.023251630336486e-13,-9.431673289057416,17.610548313680056,7.236706842619518e-14,17.072260331745394,7.015508254213883e-14,300000000000000.0,50,52000000000000.0
373000.0,69817065000000.0,2.0955264e+33,24.913797652448658,1.0162908752721488e-13,-9.431672369105874,17.61289629226876,7.187478251510178e-14,17.074536541564076,6.967784393762052e-14,300000000000000.0,50,52000000000000.0
374000.0,69569393000000.0,2.1207058e+33,24.917083831325694,1.0089440547241372e-13,-9.431671458883125,17.61522036534607,7.135519312525403e-14,17.07678957657185,6.917413641779824e-14,300000000000000.0,50,52000000000000.0
375000.0,69266404000000.0,2.207322e+33,24.920272505658197,1.0004835838491743e-13,-9.431670576724207,17.617475480224016,7.075684370808579e-14,17.078975761169954,6.859407626499317e-14,300000000000000.0,50,52000000000000.0
376000.0,68979908000000.0,2.1390581e+33,24.9234611799907,9.920231129742114e-14,-9.431669694565286,17.619730595101966,7.015849429091753e-14,17.08116194576806,6.801401611218811e-14,300000000000000.0,50,52000000000000.0
377000.0,68667334000000.0,2.1523628e+33,24.926649854323205,9.835626420992486e-14,-9.431668812406368,17.621985709979914,6.956014487374928e-14,17.083348130366165,6.743395595938304e-14,300000000000000.0,50,52000000000000.0
378000.0,68354549000000.0,2.1081416e+33,24.929838528655708,9.751021712242857e-14,-9.431667930247448,17.624240824857864,6.896179545658103e-14,17.085534314964267,6.685389580657799e-14,300000000000000.0,50,52000000000000.0
379000.0,68071022000000.0,2.0735584e+33,24.93302720298821,9.666417003493228e-14,-9.431667048088528,17.626495939735815,6.836344603941277e-14,17.087720499562373,6.627383565377292e-14,300000000000000.0,50,52000000000000.0
380000.0,67820822000000.0,2.0405271e+33,24.936186930965587,9.584352283849142e-14,-9.43166617417002,17.628730582898918,6.778306016066093e-14,17.08988683818804,6.571118996238285e-14,300000000000000.0,50,52000000000000.0
381000.0,67558625000000.0,2.0786431e+33,24.93921341302187,9.513979647247454e-14,-9.431665338183796,17.63087099062241,6.728536407866516e-14,17.09196182179282,6.52287065553736e-14,300000000000000.0,50,52000000000000.0
382000.0,67289977000000.0,2.0482806e+33,24.942239895078156,9.443607010645765e-14,-9.431664502197572,17.633011398345896,6.678766799666938e-14,17.094036805397604,6.474622314836433e-14,300000000000000.0,50,52000000000000.0
383000.0,67024545000000.0,2.0495968e+33,24.94526637713444,9.373234374044076e-14,-9.431663666211346,17.635151806069388,6.628997191467362e-14,17.096111789002386,6.426373974135508e-14,300000000000000.0,50,52000000000000.0
384000.0,66790685000000.0,2.0335982e+33,24.948292859190726,9.302861737442387e-14,-9.431662830225122,17.63729221379288,6.579227583267784e-14,17.098186772607164,6.378125633434583e-14,300000000000000.0,50,52000000000000.0
385000.0,66560971000000.0,2.0127036e+33,24.95131934124701,9.232489100840697e-14,-9.431661994238898,17.639432621516367,6.529457975068206e-14,17.100261756211946,6.329877292733656e-14,300000000000000.0,50,52000000000000.0
386000.0,66335185000000.0,1.9944561e+33,24.95434573579987,9.16211431331589e-14,-9.431661158277606,17.641572967354847,6.479686845700364e-14,17.10233667982331,6.281627477360793e-14,300000000000000.0,50,52000000000000.0
387000.0,66105908000000.0,1.9796025e+33,24.957235115012132,9.088371549484535e-14,-9.43166036135828,17.643616411895493,6.427533828002743e-14,17.104317664040703,6.231068578923511e-14,300000000000000.0,50,52000000000000.0
388000.0,65868669000000.0,1.959217e+33,24.960124494224395,9.014628785653178e-14,-9.431659564438954,17.64565985643614,6.375380810305122e-14,17.106298648258097,6.180509680486229e-14,300000000000000.0,50,52000000000000.0
389000.0,65608184000000.0,1.9392774e+33,24.963013873436662,8.940886021821824e-14,-9.431658767519629,17.647703300976787,6.323227792607502e-14,17.10827963247549,6.129950782048948e-14,300000000000000.0,50,52000000000000.0
390000.0,65329980000000.0,1.9316295e+33,24.965903252648925,8.867143257990467e-14,-9.431657970600304,17.649746745517433,6.271074774909881e-14,17.110260616692884,6.079391883611665e-14,300000000000000.0,50,52000000000000.0
391000.0,65046280000000.0,1.9331433e+33,24.968792631861188,8.793400494159113e-14,-9.431657173680977,17.65179019005808,6.21892175721226e-14,17.112241600910277,6.028832985174384e-14,300000000000000.0,50,52000000000000.0
392000.0,64746352000000.0,1.9146226e+33,24.97168201107345,8.719657730327756e-14,-9.431656376761651,17.653833634598726,6.16676873951464e-14,17.11422258512767,5.978274086737103e-14,300000000000000.0,50,52000000000000.0
393000.0,64439241000000.0,1.9231272e+33,24.97446592703145,8.645195290248786e-14,-9.43165560972408,17.65580249247242,6.114106771571126e-14,17.116131262508652,5.92722179472861e-14,300000000000000.0,50,52000000000000.0
394000.0,64124694000000.0,1.9498601e+33,24.977209300796563,8.570456192167456e-14,-9.431654854173654,17.657742677733463,6.061249152932182e-14,17.118012143689622,5.875979832322849e-14,300000000000000.0,50,52000000000000.0
395000.0,63836309000000.0,1.9596534e+33,24.979952674561677,8.495717094086125e-14,-9.431654098623229,17.659682862994508,6.00839153429324e-14,17.119893024870592,5.824737869917089e-14,300000000000000.0,50,52000000000000.0
396000.0,63591059000000.0,1.9455679e+33,24.98269604832679,8.420977996004793e-14,-9.431653343072803,17.66162304825555,5.955533915654297e-14,17.121773906051562,5.77349590751133e-14,300000000000000.0,50,52000000000000.0
397000.0,63352897000000.0,1.9541844e+33,24.985439422091904,8.346238897923463e-14,-9.431652587522377,17.663563233516594,5.902676297015354e-14,17.12365478723253,5.72225394510557e-14,300000000000000.0,50,52000000000000.0
398000.0,63075619000000.0,1.9369316e+33,24.988182795857018,8.271499799842132e-14,-9.431651831971951,17.665503418777636,5.849818678376411e-14,17.125535668413505,5.671011982699809e-14,300000000000000.0,50,52000000000000.0
399000.0,62787258000000.0,1.9310999e+33,24.990874754098645,8.201651846720621e-14,-9.431651090923827,17.66740724151622,5.800420214025896e-14,17.127381298535937,5.623123441400646e-14,300000000000000.0,50,52000000000000.0
400000.0,62523405000000.0,1.9171434e+33,24.993467742868066,8.141218832946444e-14,-9.431650377791108,17.669241070225535,5.757680257670166e-14,17.129159074080185,5.58168988284766e-14,300000000000000.0,50,52000000000000.0
401000.0,62289100000000.0,1.9003737e+33,24.99606073163749,8.080785819172266e-14,-9.431649664658387,17.67107489893485,5.714940301314437e-14,17.130936849624437,5.5402563242946744e-14,300000000000000.0,50,52000000000000.0
402000.0,62061269000000.0,1.8819228e+33,24.99865372040691,8.020352805398089e-14,-9.431648951525668,17.672908727644163,5.672200344958707e-14,17.13271462516869,5.4988227657416886e-14,300000000000000.0,50,52000000000000.0
403000.0,61843564000000.0,1.8623766e+33,25.001246709176332,7.959919791623912e-14,-9.431648238392949,17.67474255635348,5.629460388602977e-14,17.134492400712936,5.457389207188702e-14,300000000000000.0,50,52000000000000.0
404000.0,61634041000000.0,1.8476357e+33,25.003839697945754,7.899486777849734e-14,-9.43164752526023,17.676576385062795,5.586720432247248e-14,17.136270176257188,5.415955648635716e-14,300000000000000.0,50,52000000000000.0
405000.0,61422471000000.0,1.8423005e+33,25.006432686715176,7.839053764075558e-14,-9.431646812127509,17.678410213772107,5.5439804758915176e-14,17.13804795180144,5.3745220900827304e-14,300000000000000.0,50,52000000000000.0
406000.0,61192100000000.0,1.843794e+33,25.00891968554111,7.778207416922291e-14,-9.431646128927703,17.68016908336097,5.50094822066438e-14,17.139753059440263,5.3328051671247256e-14,300000000000000.0,50,52000000000000.0
407000.0,60953553000000.0,1.8497343e+33,25.01138909723455,7.71729248449891e-14,-9.431645450694726,17.681915514826557,5.4578674636755546e-14,17.141446109141903,5.291041224919685e-14,300000000000000.0,50,52000000000000.0
408000.0,60720090000000.0,1.8521315e+33,25.013858508927985,7.656377552075527e-14,-9.431644772461748,17.68366194629214,5.4147867066867297e-14,17.14313915884354,5.2492772827146444e-14,300000000000000.0,50,52000000000000.0
409000.0,60483490000000.0,1.8535953e+33,25.01632792062142,7.595462619652145e-14,-9.431644094228771,17.685408377757724,5.371705949697904e-14,17.14483220854518,5.2075133405096044e-14,300000000000000.0,50,52000000000000.0
410000.0,60239137000000.0,1.8540184e+33,25.01879733231486,7.534547687228762e-14,-9.431643415995795,17.68715480922331,5.328625192709079e-14,17.146525258246815,5.165749398304564e-14,300000000000000.0,50,52000000000000.0
411000.0,59995043000000.0,1.8510527e+33,25.021266744008297,7.47363275480538e-14,-9.431642737762818,17.688901240688892,5.2855444357202536e-14,17.148218307948454,5.123985456099523e-14,300000000000000.0,50,52000000000000.0
412000.0,59749000000000.0,1.8351452e+33,25.0237022290981,7.415303110309346e-14,-9.431642069072174,17.690623678304224,5.244292066563256e-14,17.149888097200527,5.0839940148687286e-14,300000000000000.0,50,52000000000000.0
413000.0,59521492000000.0,1.8361287e+33,25.026045052238473,7.364034526854255e-14,-9.431641426444006,17.69228058277741,5.208033476996715e-14,17.1514943564092,5.048843712391524e-14,300000000000000.0,50,52000000000000.0
414000.0,59304823000000.0,1.8250162e+33,25.028387875378847,7.312765943399164e-14,-9.431640783815837,17.693937487250594,5.1717748874301737e-14,17.153100615617873,5.013693409914319e-14,300000000000000.0,50,52000000000000.0
415000.0,59110741000000.0,1.8123239e+33,25.03073069851922,7.261497359944072e-14,-9.431640141187668,17.69559439172378,5.135516297863633e-14,17.154706874826545,4.9785431074371147e-14,300000000000000.0,50,52000000000000.0
416000.0,58922605000000.0,1.8052974e+33,25.033073521659595,7.210228776488981e-14,-9.4316394985595,17.697251296196963,5.099257708297092e-14,17.156313134035216,4.94339280495991e-14,300000000000000.0,50,52000000000000.0
417000.0,58722960000000.0,1.7951497e+33,25.03541634479997,7.15896019303389e-14,-9.43163885593133,17.698908200670147,5.0629991187305514e-14,17.15791939324389,4.908242502482706e-14,300000000000000.0,50,52000000000000.0
418000.0,58521004000000.0,1.782735e+33,25.037759167940344,7.107691609578797e-14,-9.431638213303161,17.700565105143333,5.0267405291640107e-14,17.15952565245256,4.8730922000055014e-14,300000000000000.0,50,52000000000000.0
419000.0,58319781000000.0,1.7722771e+33,25.040040149785852,7.055702824781527e-14,-9.431637588076512,17.70217827370697,4.989972606037277e-14,17.16108951259199,4.837448132357988e-14,300000000000000.0,50,52000000000000.0
420000.0,58116382000000.0,1.7598873e+33,25.042274697726338,7.003173272511686e-14,-9.431636975915895,17.70375860290211,4.95282224676955e-14,17.162621537137436,4.8014333181878645e-14,300000000000000.0,50,52000000000000.0
421000.0,57909967000000.0,1.7462491e+33,25.044509245666823,6.950643720241845e-14,-9.43163636375528,17.70533893209725,4.9156718875018236e-14,17.164153561682884,4.765418504017741e-14,300000000000000.0,50,52000000000000.0
422000.0,57698433000000.0,1.7264792e+33,25.04674379360731,6.898114167972005e-14,-9.431635751594662,17.70691926129239,4.878521528234097e-14,17.16568558622833,4.729403689847618e-14,300000000000000.0,50,52000000000000.0
423000.0,57482111000000.0,1.7119707e+33,25.048978341547794,6.845584615702164e-14,-9.431635139434047,17.70849959048753,4.8413711689663704e-14,17.167217610773776,4.693388875677495e-14,300000000000000.0,50,52000000000000.0
424000.0,57258573000000.0,1.7126364e+33,25.05121288948828,6.793055063432323e-14,-9.43163452727343,17.71007991968267,4.804220809698643e-14,17.168749635319223,4.657374061507372e-14,300000000000000.0,50,52000000000000.0
425000.0,57015597000000.0,1.7294715e+33,25.053447437428765,6.740525511162482e-14,-9.431633915112814,17.711660248877813,4.7670704504309165e-14,17.17028165986467,4.621359247337249e-14,300000000000000.0,50,52000000000000.0
426000.0,56773441000000.0,1.7251159e+33,25.055595695887977,6.687017565606426e-14,-9.431633327131474,17.713179551753637,4.729228161413499e-14,17.171754523433133,4.584673653078369e-14,300000000000000.0,50,52000000000000.0
427000.0,56546774000000.0,1.7345817e+33,25.057717501141187,6.633209680373275e-14,-9.431632746562618,17.71468014618699,4.691173751985384e-14,17.17320925040501,4.547782422123021e-14,300000000000000.0,50,52000000000000.0
428000.0,56321225000000.0,1.7400937e+33,25.059839306394398,6.579401795140124e-14,-9.431632165993763,17.71618074062034,4.653119342557269e-14,17.17466397737688,4.510891191167673e-14,300000000000000.0,50,52000000000000.0
429000.0,56079582000000.0,1.763616e+33,25.06196111164761,6.525593909906973e-14,-9.431631585424906,17.717681335053694,4.615064933129154e-14,17.176118704348756,4.473999960212325e-14,300000000000000.0,50,52000000000000.0
430000.0,55815516000000.0,1.7716166e+33,25.06408291690082,6.471786024673822e-14,-9.431631004856051,17.719181929487046,4.577010523701039e-14,17.17757343132063,4.4371087292569764e-14,300000000000000.0,50,52000000000000.0
431000.0,55582531000000.0,1.7704354e+33,25.06620472215403,6.41797813944067e-14,-9.431630424287196,17.7206825239204,4.538956114272924e-14,17.179028158292507,4.400217498301628e-14,300000000000000.0,50,52000000000000.0
432000.0,55403045000000.0,1.7231385e+33,25.06832652740724,6.364170254207519e-14,-9.431629843718339,17.72218311835375,4.500901704844809e-14,17.180482885264382,4.36332626734628e-14,300000000000000.0,50,52000000000000.0
433000.0,55232583000000.0,1.7059232e+33,25.07034870323872,6.321760334915672e-14,-9.431629290955152,17.7236132521327,4.470908239012214e-14,17.18186930529591,4.334249587617184e-14,300000000000000.0,50,52000000000000.0
434000.0,55044204000000.0,1.7005009e+33,25.072353143759297,6.281379399292572e-14,-9.43162874314173,17.725030843014277,4.4423497242045854e-14,17.1832435658187,4.3065639979210217e-14,300000000000000.0,50,52000000000000.0
435000.0,54853772000000.0,1.6833631e+33,25.074357584279877,6.240998463669473e-14,-9.431628195328306,17.72644843389585,4.413791209396957e-14,17.18461782634149,4.278878408224859e-14,300000000000000.0,50,52000000000000.0
436000.0,54683201000000.0,1.6712976e+33,25.076362024800456,6.200617528046375e-14,-9.431627647514883,17.727866024777427,4.385232694589329e-14,17.185992086864278,4.251192818528697e-14,300000000000000.0,50,52000000000000.0
437000.0,54523743000000.0,1.6588641e+33,25.078366465321036,6.160236592423275e-14,-9.431627099701458,17.729283615659003,4.3566741797817005e-14,17.18736634738707,4.223507228832535e-14,300000000000000.0,50,52000000000000.0
438000.0,54351800000000.0,1.6567832e+33,25.080370905841615,6.119855656800176e-14,-9.431626551888035,17.730701206540576,4.328115664974072e-14,17.18874060790986,4.1958216391363725e-14,300000000000000.0,50,52000000000000.0
439000.0,54175246000000.0,1.6562081e+33,25.082375346362195,6.079474721177077e-14,-9.431626004074612,17.732118797422153,4.299557150166444e-14,17.190114868432648,4.16813604944021e-14,300000000000000.0,50,52000000000000.0
440000.0,53990107000000.0,1.6522466e+33,25.084306396078027,6.031716426692314e-14,-9.431625476800892,17.733484484296262,4.2657811939981803e-14,17.19143881145595,4.135392495712838e-14,300000000000000.0,50,52000000000000.0
441000.0,53799605000000.0,1.6543683e+33,25.086221325873684,5.982337732534984e-14,-9.431624954038613,17.734838770716866,4.230859253144755e-14,17.19275170249422,4.101537985691524e-14,300000000000000.0,50,52000000000000.0
442000.0,53601169000000.0,1.6940736e+33,25.08813625566934,5.932959038377654e-14,-9.431624431276333,17.73619305713747,4.1959373122913305e-14,17.194064593532488,4.0676834756702106e-14,300000000000000.0,50,52000000000000.0
443000.0,53365515000000.0,1.6305853e+33,25.090051185464997,5.883580344220325e-14,-9.431623908514053,17.737547343558077,4.1610153714379053e-14,17.19537748457076,4.0338289656488967e-14,300000000000000.0,50,52000000000000.0
444000.0,53124661000000.0,1.6378582e+33,25.091966115260654,5.834201650062995e-14,-9.431623385751776,17.73890162997868,4.12609343058448e-14,17.19669037560903,3.9999744556275834e-14,300000000000000.0,50,52000000000000.0
445000.0,52893057000000.0,1.6640181e+33,25.09388104505631,5.784822955905665e-14,-9.431622862989496,17.740255916399285,4.091171489731055e-14,17.198003266647298,3.96611994560627e-14,300000000000000.0,50,52000000000000.0
446000.0,52649795000000.0,1.807971e+33,25.095795974851967,5.735444261748335e-14,-9.431622340227216,17.74161020281989,4.05624954887763e-14,17.19931615768557,3.932265435584956e-14,300000000000000.0,50,52000000000000.0
447000.0,52372710000000.0,1.7536269e+33,25.097635641564953,5.67299923725362e-14,-9.431621838374362,17.742911261163762,4.012086784871624e-14,17.20057744762685,3.889452559211631e-14,300000000000000.0,50,52000000000000.0
448000.0,52147065000000.0,1.6328988e+33,25.09943933537565,5.6043090018549855e-14,-9.431621346515422,17.74418687850342,3.9635072574727187e-14,17.201814074198595,3.842357923095648e-14,300000000000000.0,50,52000000000000.0
449000.0,51930861000000.0,1.6266314e+33,25.101243029186342,5.5356187664563515e-14,-9.431620854656481,17.74546249584308,3.914927730073814e-14,17.20305070077034,3.7952632869796656e-14,300000000000000.0,50,52000000000000.0
450000.0,51726543000000.0,1.6237381e+33,25.103046722997036,5.466928531057717e-14,-9.431620362797542,17.746738113182737,3.866348202674908e-14,17.204287327342083,3.7481686508636826e-14,300000000000000.0,50,52000000000000.0
451000.0,51518333000000.0,1.6186612e+33,25.104850416807732,5.398238295659083e-14,-9.4316198709386,17.7480137305224,3.817768675276003e-14,17.20552395391383,3.7010740147476995e-14,300000000000000.0,50,52000000000000.0
452000.0,51257365000000.0,1.7101915e+33,25.106654110618425,5.329548060260448e-14,-9.431619379079661,17.749289347862057,3.7691891478770975e-14,17.206760580485575,3.6539793786317164e-14,300000000000000.0,50,52000000000000.0
453000.0,50588517000000.0,1.610262e+33,25.10845780442912,5.260857824861814e-14,-9.43161888722072,17.750564965201715,3.7206096204781926e-14,17.207997207057318,3.6068847425157333e-14,300000000000000.0,50,52000000000000.0
454000.0,49973092000000.0,1.62184704e+33,25.110195903944078,5.203215985023094e-14,-9.431618413444337,17.751794192543315,3.679843800942301e-14,17.209188861596708,3.5673649789478874e-14,300000000000000.0,50,52000000000000.0
455000.0,49462829000000.0,1.6104242e+33,25.11184234157694,5.161013242743982e-14,-9.431617964936628,17.75295859420937,3.649996906000043e-14,17.21031767193476,3.5384303900000197e-14,300000000000000.0,50,52000000000000.0
456000.0,49096914000000.0,1.61816443e+33,25.1134887792098,5.1188105004648695e-14,-9.43161751642892,17.754122995875427,3.6201500110577846e-14,17.211446482272812,3.5094958010521513e-14,300000000000000.0,50,52000000000000.0
457000.0,48990371000000.0,1.6368787e+33,25.115135216842656,5.0766077581857575e-14,-9.431617067921211,17.755287397541483,3.5903031161155265e-14,17.212575292610865,3.4805612121042836e-14,300000000000000.0,50,52000000000000.0
458000.0,48941393000000.0,1.7800634e+33,25.116781654475517,5.034405015906645e-14,-9.431616619413504,17.756451799207543,3.5604562211732684e-14,17.213704102948917,3.451626623156415e-14,300000000000000.0,50,52000000000000.0
459000.0,48849300000000.0,1.7893685e+33,25.118428092108378,4.992202273627533e-14,-9.431616170905796,17.7576162008736,3.53060932623101e-14,17.21483291328697,3.4226920342085476e-14,300000000000000.0,50,52000000000000.0
460000.0,48778779000000.0,1.8180087e+33,25.120074529741238,4.949999531348421e-14,-9.431615722398087,17.758780602539655,3.5007624312887516e-14,17.215961723625025,3.393757445260679e-14,300000000000000.0,50,52000000000000.0
461000.0,48718392000000.0,1.767208e+33,25.1217170838917,4.9079300958553365e-14,-9.431615274964413,17.759942257704303,3.471009814675128e-14,17.217087871411763,3.364914252911747e-14,300000000000000.0,50,52000000000000.0
462000.0,48642801000000.0,1.6683651e+33,25.12326533307783,4.869097830101665e-14,-9.431614853612123,17.761037217905283,3.443546616039632e-14,17.218149362846063,3.338290499746482e-14,300000000000000.0,50,52000000000000.0
463000.0,48501103000000.0,1.5704264e+33,25.124813582263954,4.8302655643479926e-14,-9.431614432259835,17.76213217810626,3.416083417404136e-14,17.219210854280362,3.311666746581217e-14,300000000000000.0,50,52000000000000.0
464000.0,48217375000000.0,1.5472134e+33,25.126361831450083,4.791433298594321e-14,-9.431614010907547,17.76322713830724,3.38862021876864e-14,17.22027234571466,3.2850429934159515e-14,300000000000000.0,50,52000000000000.0
465000.0,47928221000000.0,1.5444365e+33,25.12791008063621,4.752601032840649e-14,-9.431613589555257,17.76432209850822,3.3611570201331436e-14,17.221333837148958,3.258419240250686e-14,300000000000000.0,50,52000000000000.0
466000.0,47683062000000.0,1.5284705e+33,25.129458329822338,4.713768767086977e-14,-9.431613168202968,17.765417058709197,3.3336938214976476e-14,17.222395328583257,3.231795487085421e-14,300000000000000.0,50,52000000000000.0
467000.0,47486479000000.0,1.551396e+33,25.131006579008464,4.674936501333305e-14,-9.43161274685068,17.766512018910177,3.3062306228621516e-14,17.223456820017557,3.2051717339201556e-14,300000000000000.0,50,52000000000000.0
468000.0,47339506000000.0,1.4917878e+33,25.132554828194593,4.636104235579633e-14,-9.431612325498392,17.767606979111157,3.2787674242266556e-14,17.224518311451856,3.17854798075489e-14,300000000000000.0,50,52000000000000.0
469000.0,47176766000000.0,1.4825266e+33,25.134053314047996,4.601182547522009e-14,-9.43161191788749,17.768666745375732,3.254069888102557e-14,17.225545684694453,3.1546053543227826e-14,300000000000000.0,50,52000000000000.0
470000.0,47023693000000.0,1.4692821e+33,25.135509747004185,4.5695655240215785e-14,-9.431611521888856,17.76969677072648,3.231709496919425e-14,17.226544226089782,3.132928435204804e-14,300000000000000.0,50,52000000000000.0
471000.0,46881921000000.0,1.4387372e+33,25.13696617996037,4.537948500521148e-14,-9.431611125890221,17.77072679607723,3.209349105736293e-14,17.22754276748511,3.1112515160868266e-14,300000000000000.0,50,52000000000000.0
472000.0,46719409000000.0,1.428989e+33,25.13842261291656,4.5063314770207174e-14,-9.431610729891588,17.771756821427978,3.186988714553161e-14,17.22854130888044,3.089574596968849e-14,300000000000000.0,50,52000000000000.0
473000.0,46526856000000.0,1.422267e+33,25.13987904587275,4.474714453520287e-14,-9.431610333892953,17.77278684677873,3.164628323370029e-14,17.22953985027577,3.0678976778508705e-14,300000000000000.0,50,52000000000000.0
474000.0,46342634000000.0,1.4165343e+33,25.14133547882894,4.443097430019857e-14,-9.43160993789432,17.773816872129476,3.142267932186897e-14,17.2305383916711,3.046220758732893e-14,300000000000000.0,50,52000000000000.0
475000.0,46191957000000.0,1.410577e+33,25.142791911785125,4.411480406519426e-14,-9.431609541895686,17.774846897480227,3.1199075410037654e-14,17.23153693306643,3.024543839614915e-14,300000000000000.0,50,52000000000000.0
476000.0,46040460000000.0,1.411157e+33,25.144248344741314,4.379863383018996e-14,-9.431609145897053,17.775876922830978,3.0975471498206334e-14,17.23253547446176,3.002866920496937e-14,300000000000000.0,50,52000000000000.0
477000.0,45852289000000.0,1.5026618e+33,25.145634695090262,4.324322926102441e-14,-9.431608769259205,17.776857383917303,3.0582675276306154e-14,17.23348596658361,2.9647879268824954e-14,300000000000000.0,50,52000000000000.0
478000.0,45582249000000.0,1.6783987e+33,25.14701515584448,4.266771994219269e-14,-9.431608394248398,17.77783367972722,3.0175660488950885e-14,17.2344324207457,2.9253305374666596e-14,300000000000000.0,50,52000000000000.0
479000.0,45274009000000.0,1.609848e+33,25.148395616598695,4.2092210623360973e-14,-9.43160801923759,17.77880997553714,2.976864570159562e-14,17.235378874907795,2.885873148050824e-14,300000000000000.0,50,52000000000000.0
480000.0,44930819000000.0,1.7540122e+33,25.149776077352907,4.1516701304529254e-14,-9.431607644226784,17.779786271347056,2.936163091424036e-14,17.236325329069885,2.846415758634988e-14,300000000000000.0,50,52000000000000.0
481000.0,44589122000000.0,1.6984491e+33,25.151156538107124,4.0941191985697535e-14,-9.431607269215975,17.780762567156973,2.895461612688509e-14,17.237271783231975,2.8069583692191523e-14,300000000000000.0,50,52000000000000.0
482000.0,44273037000000.0,1.622664e+33,25.15253699886134,4.0365682666865816e-14,-9.431606894205169,17.78173886296689,2.854760133952983e-14,17.238218237394065,2.7675009798033162e-14,300000000000000.0,50,52000000000000.0
483000.0,43945168000000.0,1.6212956e+33,25.153917459615553,3.97901733480341e-14,-9.43160651919436,17.782715158776806,2.814058655217456e-14,17.239164691556155,2.7280435903874805e-14,300000000000000.0,50,52000000000000.0
484000.0,43560589000000.0,1.6374098e+33,25.155272759397487,3.922792377772085e-14,-9.431606151069936,17.78367366010895,2.7742949408044658e-14,17.240093895149943,2.6894953014075397e-14,300000000000000.0,50,52000000000000.0
485000.0,43197350000000.0,1.6574987e+33,25.156512682368323,3.8726477402249364e-14,-9.431605814523335,17.784550564033896,2.7388313883997854e-14,17.24094399545876,2.6551157348477473e-14,300000000000000.0,50,52000000000000.0
486000.0,42883606000000.0,1.6995331e+33,25.15775260533916,3.8225031026777874e-14,-9.431605477976733,17.78542746795884,2.7033678359951046e-14,17.241794095767577,2.6207361682879552e-14,300000000000000.0,50,52000000000000.0
487000.0,42635348000000.0,1.7050745e+33,25.158992528309994,3.772358465130639e-14,-9.431605141430133,17.786304371883787,2.6679042835904242e-14,17.242644196076395,2.5863566017281628e-14,300000000000000.0,50,52000000000000.0
488000.0,42447099000000.0,1.6145815e+33,25.16023245128083,3.722213827583491e-14,-9.431604804883532,17.78718127580873,2.6324407311857435e-14,17.24349429638521,2.5519770351683704e-14,300000000000000.0,50,52000000000000.0
489000.0,42195203000000.0,1.6350466e+33,25.161472374251666,3.6720691900363424e-14,-9.43160446833693,17.788058179733678,2.5969771787810627e-14,17.24434439669403,2.5175974686085783e-14,300000000000000.0,50,52000000000000.0
490000.0,41978921000000.0,1.7023373e+33,25.1627122972225,3.621924552489194e-14,-9.43160413179033,17.78893508365862,2.5615136263763823e-14,17.245194497002846,2.483217902048786e-14,300000000000000.0,50,52000000000000.0
491000.0,41668534000000.0,1.7053833e+33,25.163952220193337,3.571779914942045e-14,-9.43160379524373,17.78981198758357,2.5260500739717016e-14,17.246044597311663,2.4488383354889935e-14,300000000000000.0,50,52000000000000.0
492000.0,41265331000000.0,1.7923399e+33,25.165153610198175,3.52759649391615e-14,-9.431603469228648,17.790661640023092,2.4948024425902276e-14,17.246868279109265,2.418545825289717e-14,300000000000000.0,50,52000000000000.0
493000.0,40872650000000.0,1.7398232e+33,25.16626908966173,3.4967038052478724e-14,-9.431603166693941,17.791450534361015,2.4729543486623124e-14,17.247633059949226,2.3973655444524252e-14,300000000000000.0,50,52000000000000.0
494000.0,40698016000000.0,1.6573212e+33,25.167384569125282,3.4658111165795944e-14,-9.431602864159236,17.79223942869894,2.4511062547343975e-14,17.24839784078919,2.376185263615134e-14,300000000000000.0,50,52000000000000.0
495000.0,40539911000000.0,1.5445172e+33,25.16850004858884,3.434918427911317e-14,-9.43160256162453,17.793028323036864,2.4292581608064824e-14,17.24916262162915,2.3550049827778423e-14,300000000000000.0,50,52000000000000.0
496000.0,40407916000000.0,1.4846234e+33,25.169615528052393,3.40402573924304e-14,-9.431602259089825,17.793817217374787,2.4074100668785672e-14,17.24992740246911,2.3338247019405506e-14,300000000000000.0,50,52000000000000.0
497000.0,40284960000000.0,1.4611983e+33,25.170731007515947,3.373133050574762e-14,-9.431601956555118,17.79460611171271,2.3855619729506523e-14,17.25069218330907,2.312644421103259e-14,300000000000000.0,50,52000000000000.0
498000.0,40176150000000.0,1.4275189e+33,25.171846486979504,3.3422403619064844e-14,-9.431601654020414,17.795395006050633,2.3637138790227372e-14,17.251456964149032,2.2914641402659674e-14,300000000000000.0,50,52000000000000.0
499000.0,40039424000000.0,1.4024936e+33,25.172961966443058,3.3113476732382064e-14,-9.431601351485707,17.79618390038856,2.341865785094822e-14,17.252221744988994,2.270283859428676e-14,300000000000000.0,50,52000000000000.0
500000.0,39873919000000.0,1.3757593e+33,25.174053117182925,3.281268317902404e-14,-9.431601055611585,17.796955588835278,2.3205929022604598e-14,17.252969845856367,2.2496612076708317e-14,300000000000000.0,50,52000000000000.0
501000.0,39709489000000.0,1.3464718e+33,25.175090683550703,3.252980341205305e-14,-9.431600774407498,17.79768938105331,2.300586930327928e-14,17.253681208838557,2.2302667421699083e-14,300000000000000.0,50,52000000000000.0
502000.0,39540208000000.0,1.3231975e+33,25.176128249918484,3.224692364508205e-14,-9.431600493203408,17.798423173271342,2.280580958395396e-14,17.254392571820745,2.2108722766689846e-14,300000000000000.0,50,52000000000000.0
503000.0,39363956000000.0,1.304022e+33,25.177165816286262,3.196404387811105e-14,-9.43160021199932,17.799156965489377,2.260574986462864e-14,17.255103934802936,2.191477811168061e-14,300000000000000.0,50,52000000000000.0
504000.0,39190428000000.0,1.2861183e+33,25.17820338265404,3.168116411114005e-14,-9.431599930795231,17.79989075770741,2.2405690145303325e-14,17.255815297785126,2.1720833456671372e-14,300000000000000.0,50,52000000000000.0
505000.0,39020131000000.0,1.2691564e+33,25.179240949021818,3.139828434416906e-14,-9.431599649591144,17.80062454992544,2.2205630425978005e-14,17.256526660767317,2.1526888801662135e-14,300000000000000.0,50,52000000000000.0
506000.0,38848468000000.0,1.2533245e+33,25.1802785153896,3.111540457719806e-14,-9.431599368387056,17.801358342143477,2.2005570706652686e-14,17.257238023749505,2.1332944146652902e-14,300000000000000.0,50,52000000000000.0
507000.0,38668814000000.0,1.2384266e+33,25.181316081757377,3.0832524810227064e-14,-9.431599087182967,17.80209213436151,2.1805510987327367e-14,17.257949386731696,2.1138999491643665e-14,300000000000000.0,50,52000000000000.0
508000.0,38476213000000.0,1.2264741e+33,25.182340250148588,3.0552325054711976e-14,-9.431598809642402,17.80281645119196,2.1607346647273847e-14,17.258651563952842,2.094689228137531e-14,300000000000000.0,50,52000000000000.0
509000.0,38274632000000.0,1.215275e+33,25.183305312236108,3.0283948395781803e-14,-9.431598548263777,17.803498966550872,2.1417543932744763e-14,17.25931321741437,2.0762891113561732e-14,300000000000000.0,50,52000000000000.0
510000.0,38076951000000.0,1.2022252e+33,25.184270374323628,3.001557173685163e-14,-9.43159828688515,17.804181481909787,2.122774121821568e-14,17.259974870875894,2.0578889945748152e-14,300000000000000.0,50,52000000000000.0
511000.0,37896935000000.0,1.1927696e+33,25.185235436411148,2.974719507792146e-14,-9.431598025506524,17.8048639972687,2.10379385036866e-14,17.26063652433742,2.0394888777934572e-14,300000000000000.0,50,52000000000000.0
512000.0,37732829000000.0,1.1796748e+33,25.186200498498668,2.9478818418991286e-14,-9.431597764127899,17.805546512627615,2.0848135789157516e-14,17.26129817779895,2.0210887610120995e-14,300000000000000.0,50,52000000000000.0
513000.0,37575368000000.0,1.1709982e+33,25.187165560586187,2.9210441760061113e-14,-9.431597502749273,17.806229027986532,2.0658333074628432e-14,17.261959831260473,2.0026886442307415e-14,300000000000000.0,50,52000000000000.0
514000.0,37420314000000.0,1.1628962e+33,25.188130622673704,2.894206510113094e-14,-9.431597241370648,17.806911543345446,2.046853036009935e-14,17.262621484722,1.9842885274493835e-14,300000000000000.0,50,52000000000000.0
515000.0,37264052000000.0,1.1566828e+33,25.189095684761224,2.867368844220077e-14,-9.431596979992023,17.80759405870436,2.0278727645570265e-14,17.263283138183528,1.9658884106680258e-14,300000000000000.0,50,52000000000000.0
516000.0,37108866000000.0,1.1520759e+33,25.190060746848744,2.8405311783270596e-14,-9.431596718613397,17.808276574063274,2.0088924931041182e-14,17.263944791645056,1.9474882938866678e-14,300000000000000.0,50,52000000000000.0
517000.0,36945351000000.0,1.1505019e+33,25.19096113701159,2.8125875120844432e-14,-9.431596474892528,17.80891335181257,1.989130036040045e-14,17.264562105521637,1.9283298999323684e-14,300000000000000.0,50,52000000000000.0
518000.0,36775323000000.0,1.1506769e+33,25.191856293250982,2.784554336813021e-14,-9.43159623260071,17.809546427999727,1.969304276397065e-14,17.265175830978755,1.9091101383181578e-14,300000000000000.0,50,52000000000000.0
519000.0,36601501000000.0,1.1528745e+33,25.192751449490373,2.7565211615415986e-14,-9.43159599030889,17.810179504186888,1.9494785167540848e-14,17.265789556435873,1.8898903767039475e-14,300000000000000.0,50,52000000000000.0
520000.0,36422224000000.0,1.1574033e+33,25.193646605729764,2.7284879862701764e-14,-9.431595748017072,17.810812580374044,1.9296527571111047e-14,17.26640328189299,1.870670615089737e-14,300000000000000.0,50,52000000000000.0
521000.0,36236059000000.0,1.1669039e+33,25.19454176196916,2.7004548109987538e-14,-9.431595505725253,17.811445656561204,1.9098269974681248e-14,17.26701700735011,1.8514508534755262e-14,300000000000000.0,50,52000000000000.0
522000.0,36042165000000.0,1.1808617e+33,25.19543691820855,2.6724216357273315e-14,-9.431595263433435,17.812078732748365,1.8900012378251447e-14,17.267630732807227,1.832231091861316e-14,300000000000000.0,50,52000000000000.0
523000.0,35839972000000.0,1.1916382e+33,25.19633207444794,2.6443884604559092e-14,-9.431595021141614,17.81271180893552,1.8701754781821645e-14,17.268244458264345,1.8130113302471052e-14,300000000000000.0,50,52000000000000.0
524000.0,35631588000000.0,1.2024498e+33,25.197227230687332,2.616355285184487e-14,-9.431594778849796,17.81334488512268,1.8503497185391844e-14,17.26885818372146,1.7937915686328946e-14,300000000000000.0,50,52000000000000.0
525000.0,35417111000000.0,1.2142456e+33,25.19808297344042,2.5888315333014575e-14,-9.431594547296399,17.81395008711084,1.8308842379662658e-14,17.26944488698777,1.7749210737287802e-14,300000000000000.0,50,52000000000000.0
526000.0,35199319000000.0,1.2301883e+33,25.198903922134402,2.561757498232375e-14,-9.431594325222836,17.814530681873944,1.811736810233502e-14,17.270007735178257,1.7563589099999925e-14,300000000000000.0,50,52000000000000.0
527000.0,34983151000000.0,1.2516823e+33,25.199724870828383,2.534683463163293e-14,-9.431594103149271,17.815111276637044,1.7925893825007383e-14,17.270570583368745,1.7377967462712048e-14,300000000000000.0,50,52000000000000.0
528000.0,34772556000000.0,1.277089e+33,25.20054581952236,2.5076094280942107e-14,-9.431593881075706,17.815691871400148,1.7734419547679744e-14,17.271133431559228,1.719234582542417e-14,300000000000000.0,50,52000000000000.0
529000.0,34573777000000.0,1.2875827e+33,25.201366768216342,2.4805353930251283e-14,-9.431593659002143,17.81627246616325,1.7542945270352108e-14,17.271696279749715,1.700672418813629e-14,300000000000000.0,50,52000000000000.0
530000.0,34389704000000.0,1.2752014e+33,25.202187716910323,2.453461357956046e-14,-9.431593436928578,17.816853060926356,1.735147099302447e-14,17.272259127940202,1.6821102550848413e-14,300000000000000.0,50,52000000000000.0
531000.0,34221870000000.0,1.2601754e+33,25.2030086656043,2.4263873228869635e-14,-9.431593214855015,17.81743365568946,1.715999671569683e-14,17.27282197613069,1.6635480913560536e-14,300000000000000.0,50,52000000000000.0
532000.0,34067325000000.0,1.2449321e+33,25.203829614298282,2.3993132878178812e-14,-9.43159299278145,17.818014250452563,1.6968522438369194e-14,17.273384824321177,1.644985927627266e-14,300000000000000.0,50,52000000000000.0
533000.0,33922902000000.0,1.2330596e+33,25.204650519880524,2.3722449736628515e-14,-9.431592770719616,17.818594814725977,1.677708862074818e-14,17.273947642953928,1.6264276861992134e-14,300000000000000.0,50,52000000000000.0
534000.0,33787610000000.0,1.2261887e+33,25.205398634305084,2.35483602284333e-14,-9.431592568460783,17.819123899290968,1.6653968188563494e-14,17.274460555417043,1.614491975290606e-14,300000000000000.0,50,52000000000000.0
535000.0,33661093000000.0,1.2208034e+33,25.206146748729648,2.337427072023808e-14,-9.431592366201949,17.819652983855956,1.6530847756378812e-14,17.274973467880162,1.6025562643819986e-14,300000000000000.0,50,52000000000000.0
536000.0,33543561000000.0,1.2087732e+33,25.206894863154208,2.3200181212042865e-14,-9.431592163943115,17.820182068420948,1.6407727324194126e-14,17.275486380343278,1.590620553473391e-14,300000000000000.0,50,52000000000000.0
537000.0,33426551000000.0,1.1979333e+33,25.20764297757877,2.3026091703847648e-14,-9.431591961684282,17.820711152985936,1.628460689200944e-14,17.275999292806397,1.5786848425647835e-14,300000000000000.0,50,52000000000000.0
538000.0,33303621000000.0,1.1877601e+33,25.208391092003332,2.2852002195652434e-14,-9.43159175942545,17.821240237550928,1.6161486459824757e-14,17.276512205269512,1.566749131656176e-14,300000000000000.0,50,52000000000000.0
539000.0,33172581000000.0,1.1735291e+33,25.209139206427896,2.2677912687457217e-14,-9.431591557166616,17.821769322115916,1.6038366027640072e-14,17.27702511773263,1.5548134207475687e-14,300000000000000.0,50,52000000000000.0
540000.0,33047566000000.0,1.1557583e+33,25.209887320852456,2.2503823179262e-14,-9.431591354907782,17.822298406680908,1.5915245595455386e-14,17.27753803019575,1.5428777098389613e-14,300000000000000.0,50,52000000000000.0
541000.0,32920769000000.0,1.1316603e+33,25.21063543527702,2.2329733671066783e-14,-9.431591152648949,17.822827491245896,1.5792125163270703e-14,17.278050942658865,1.530941998930354e-14,300000000000000.0,50,52000000000000.0
542000.0,32785607000000.0,1.1184982e+33,25.21136778101632,2.216329349920188e-14,-9.43159095468559,17.823345423804287,1.5674414534137323e-14,17.27855304398979,1.5195307326175768e-14,300000000000000.0,50,52000000000000.0
543000.0,32648813000000.0,1.1078629e+33,25.21206830032522,2.201229222198035e-14,-9.431590765391913,17.82384084791914,1.5567622679619667e-14,17.27903332487464,1.509177969227364e-14,300000000000000.0,50,52000000000000.0
544000.0,32512880000000.0,1.0937648e+33,25.212768819634118,2.1861290944758824e-14,-9.43159057609824,17.82433627203399,1.546083082510201e-14,17.279513605759487,1.4988252058371514e-14,300000000000000.0,50,52000000000000.0
545000.0,32374588000000.0,1.0796897e+33,25.213469338943018,2.17102896675373e-14,-9.431590386804565,17.824831696148838,1.535403897058436e-14,17.279993886644338,1.4884724424469386e-14,300000000000000.0,50,52000000000000.0
546000.0,32248588000000.0,1.063999e+33,25.214169858251914,2.1559288390315774e-14,-9.43159019751089,17.82532712026369,1.5247247116066703e-14,17.280474167529185,1.4781196790567256e-14,300000000000000.0,50,52000000000000.0
547000.0,32136376000000.0,1.0484929e+33,25.21487037756081,2.1408287113094248e-14,-9.431590008217215,17.82582254437854,1.5140455261549047e-14,17.280954448414032,1.467766915666513e-14,300000000000000.0,50,52000000000000.0
548000.0,32034581000000.0,1.0336664e+33,25.21557089686971,2.125728583587272e-14,-9.431589818923541,17.826317968493388,1.5033663407031392e-14,17.281434729298883,1.4574141522763e-14,300000000000000.0,50,52000000000000.0
549000.0,31945509000000.0,1.0185312e+33,25.216271416178607,2.1106284558651194e-14,-9.431589629629865,17.82681339260824,1.4926871552513736e-14,17.28191501018373,1.4470613888860874e-14,300000000000000.0,50,52000000000000.0
550000.0,31869601000000.0,1.0050008e+33,25.216971935487507,2.095528328142967e-14,-9.431589440336191,17.82730881672309,1.4820079697996084e-14,17.282395291068582,1.4367086254958747e-14,300000000000000.0,50,52000000000000.0
551000.0,31799436000000.0,9.9641616e+32,25.217650595752833,2.0818517314713173e-14,-9.431589256994627,17.82778878157929,1.472335540758471e-14,17.282860585225492,1.427331845803835e-14,300000000000000.0,50,52000000000000.0
552000.0,31720786000000.0,9.9625357e+32,25.218309160671257,2.0694838082646172e-14,-9.431589079124926,17.828254534506943,1.4635886379991743e-14,17.283312101858424,1.418852302577112e-14,300000000000000.0,50,52000000000000.0
553000.0,31624982000000.0,9.8758768e+32,25.218967725589685,2.0571158850579168e-14,-9.431588901255225,17.828720287434592,1.4548417352398776e-14,17.28376361849136,1.4103727593503889e-14,300000000000000.0,50,52000000000000.0
554000.0,31523421000000.0,9.7131582e+32,25.21962629050811,2.0447479618512164e-14,-9.431588723385524,17.829186040362245,1.4460948324805812e-14,17.284215135124292,1.4018932161236659e-14,300000000000000.0,50,52000000000000.0
555000.0,31424866000000.0,9.5970076e+32,25.220284855426534,2.032380038644516e-14,-9.431588545515824,17.829651793289894,1.4373479297212845e-14,17.284666651757227,1.3934136728969428e-14,300000000000000.0,50,52000000000000.0
556000.0,31327992000000.0,9.5033309e+32,25.22094342034496,2.020012115437816e-14,-9.431588367646123,17.830117546217547,1.4286010269619878e-14,17.285118168390163,1.3849341296702198e-14,300000000000000.0,50,52000000000000.0
557000.0,31231456000000.0,9.4208893e+32,25.221601985263383,2.0076441922311156e-14,-9.431588189776422,17.830583299145196,1.4198541242026911e-14,17.285569685023095,1.3764545864434968e-14,300000000000000.0,50,52000000000000.0
558000.0,31132845000000.0,9.3292599e+32,25.222260550181808,1.9952762690244152e-14,-9.43158801190672,17.831049052072846,1.4111072214433945e-14,17.28602120165603,1.3679750432167737e-14,300000000000000.0,50,52000000000000.0
559000.0,31029960000000.0,9.2233673e+32,25.222919115100233,1.9829083458177148e-14,-9.43158783403702,17.8315148050005,1.4023603186840978e-14,17.286472718288962,1.3594954999900507e-14,300000000000000.0,50,52000000000000.0
560000.0,30923770000000.0,9.1195784e+32,25.223557864182478,1.9696822777682997e-14,-9.431587661563997,17.83196654367618,1.3930065163267335e-14,17.286910649032283,1.3504276077767097e-14,300000000000000.0,50,52000000000000.0
561000.0,30820591000000.0,9.0467493e+32,25.22418150698236,1.9558020168710776e-14,-9.431587493205043,17.83240759881343,1.38319005387211e-14,17.287338222792286,1.3409111972248532e-14,300000000000000.0,50,52000000000000.0
562000.0,30717268000000.0,9.0862131e+32,25.224805149782245,1.9419217559738552e-14,-9.43158732484609,17.83284865395068,1.3733735914174866e-14,17.28776579655229,1.3313947866729968e-14,300000000000000.0,50,52000000000000.0
563000.0,30602013000000.0,9.1988795e+32,25.225428792582125,1.9280414950766328e-14,-9.431587156487137,17.833289709087932,1.3635571289628631e-14,17.288193370312296,1.3218783761211402e-14,300000000000000.0,50,52000000000000.0
564000.0,30479755000000.0,9.1083506e+32,25.22605243538201,1.9141612341794107e-14,-9.431586988128181,17.833730764225184,1.3537406665082396e-14,17.2886209440723,1.3123619655692839e-14,300000000000000.0,50,52000000000000.0
565000.0,30357639000000.0,8.8045005e+32,25.226676078181892,1.9002809732821883e-14,-9.431586819769228,17.834171819362435,1.3439242040536162e-14,17.289048517832303,1.3028455550174273e-14,300000000000000.0,50,52000000000000.0
566000.0,30244017000000.0,8.7165992e+32,25.227299720981776,1.886400712384966e-14,-9.431586651410274,17.834612874499687,1.3341077415989926e-14,17.28947609159231,1.293329144465571e-14,300000000000000.0,50,52000000000000.0
567000.0,30143769000000.0,8.6688588e+32,25.22792336378166,1.872520451487744e-14,-9.431586483051321,17.83505392963694,1.3242912791443693e-14,17.289903665352313,1.2838127339137145e-14,300000000000000.0,50,52000000000000.0
568000.0,30038116000000.0,8.6290326e+32,25.228547006581543,1.8586401905905214e-14,-9.431586314692368,17.83549498477419,1.3144748166897457e-14,17.290331239112316,1.274296323361858e-14,300000000000000.0,50,52000000000000.0
569000.0,29931945000000.0,8.5683484e+32,25.229152000712592,1.845600289370349e-14,-9.43158615140101,17.835922851113423,1.3052526775217802e-14,17.29074602720567,1.2653560698953809e-14,300000000000000.0,50,52000000000000.0
570000.0,29828554000000.0,8.5172275e+32,25.229735813683785,1.8335148687524184e-14,-9.431585993865431,17.836335737614593,1.29670557080012e-14,17.291146293337608,1.257070215702045e-14,300000000000000.0,50,52000000000000.0
571000.0,29726567000000.0,8.4846395e+32,25.230319626654975,1.8214294481344877e-14,-9.431585836329852,17.836748624115764,1.2881584640784599e-14,17.29154655946955,1.2487843615087092e-14,300000000000000.0,50,52000000000000.0
572000.0,29625209000000.0,8.4577111e+32,25.230903439626168,1.809344027516557e-14,-9.431585678794272,17.837161510616934,1.2796113573567998e-14,17.291946825601485,1.2404985073153733e-14,300000000000000.0,50,52000000000000.0
573000.0,29524598000000.0,8.4161935e+32,25.231487252597358,1.7972586068986264e-14,-9.431585521258693,17.837574397118104,1.2710642506351397e-14,17.292347091733426,1.2322126531220374e-14,300000000000000.0,50,52000000000000.0
574000.0,29426115000000.0,8.3779899e+32,25.23207106556855,1.7851731862806955e-14,-9.431585363723114,17.837987283619277,1.2625171439134795e-14,17.292747357865363,1.2239267989287016e-14,300000000000000.0,50,52000000000000.0
575000.0,29328980000000.0,8.339459e+32,25.232654878539744,1.7730877656627648e-14,-9.431585206187535,17.838400170120448,1.2539700371918194e-14,17.293147623997303,1.2156409447353657e-14,300000000000000.0,50,52000000000000.0
576000.0,29233001000000.0,8.3018562e+32,25.233238691510934,1.7610023450448342e-14,-9.431585048651955,17.838813056621618,1.2454229304701593e-14,17.29354789012924,1.2073550905420299e-14,300000000000000.0,50,52000000000000.0
577000.0,29138326000000.0,8.2624103e+32,25.233822504482127,1.7489169244269035e-14,-9.431584891116376,17.839225943122788,1.2368758237484991e-14,17.29394815626118,1.199069236348694e-14,300000000000000.0,50,52000000000000.0
578000.0,29045116000000.0,8.2183042e+32,25.234398529045635,1.7371534549781027e-14,-9.43158473569641,17.839633321470476,1.2285564089035857e-14,17.294343082602925,1.1910041143578742e-14,300000000000000.0,50,52000000000000.0
579000.0,28952295000000.0,8.16975e+32,25.234947098471785,1.7265249047488766e-14,-9.431584587734248,17.84002128286972,1.2210396371668164e-14,17.294719185498458,1.1837171017297e-14,300000000000000.0,50,52000000000000.0
580000.0,28859824000000.0,8.120755e+32,25.235495667897936,1.71589635451965e-14,-9.431584439772086,17.84040924426897,1.2135228654300469e-14,17.29509528839399,1.1764300891015255e-14,300000000000000.0,50,52000000000000.0
581000.0,28767379000000.0,8.0694013e+32,25.23604423732409,1.705267804290424e-14,-9.431584291809923,17.840797205668213,1.2060060936932774e-14,17.295471391289524,1.1691430764733512e-14,300000000000000.0,50,52000000000000.0
582000.0,28676287000000.0,8.0145046e+32,25.23659280675024,1.694639254061198e-14,-9.431584143847761,17.841185167067458,1.198489321956508e-14,17.295847494185058,1.1618560638451768e-14,300000000000000.0,50,52000000000000.0
583000.0,28586258000000.0,7.9517616e+32,25.237141376176393,1.6840107038319717e-14,-9.4315839958856,17.841573128466706,1.1909725502197387e-14,17.29622359708059,1.1545690512170025e-14,300000000000000.0,50,52000000000000.0
584000.0,28497266000000.0,7.8874938e+32,25.237689945602547,1.6733821536027456e-14,-9.431583847923438,17.84196108986595,1.1834557784829692e-14,17.296599699976124,1.1472820385888281e-14,300000000000000.0,50,52000000000000.0
585000.0,28409457000000.0,7.8230939e+32,25.238238515028698,1.6627536033735194e-14,-9.431583699961276,17.842349051265195,1.1759390067461997e-14,17.296975802871657,1.1399950259606538e-14,300000000000000.0,50,52000000000000.0
586000.0,28322498000000.0,7.7573677e+32,25.23878708445485,1.652125053144293e-14,-9.431583551999113,17.842737012664443,1.1684222350094304e-14,17.29735190576719,1.1327080133324794e-14,300000000000000.0,50,52000000000000.0
587000.0,28236755000000.0,7.6911045e+32,25.239335653881003,1.641496502915067e-14,-9.431583404036951,17.843124974063688,1.160905463272661e-14,17.297728008662723,1.1254210007043051e-14,300000000000000.0,50,52000000000000.0
588000.0,28151958000000.0,7.624339e+32,25.23985828813675,1.6318890436989708e-14,-9.431583263117023,17.843494593473512,1.1541108324515763e-14,17.298086330213653,1.1188340558919981e-14,300000000000000.0,50,52000000000000.0
589000.0,28067976000000.0,7.5571924e+32,25.2403753584116,1.6225006434210585e-14,-9.431583123707894,17.843860277899402,1.1474711255502746e-14,17.298440837058138,1.1123972995647807e-14,300000000000000.0,50,52000000000000.0
590000.0,27984630000000.0,7.4895011e+32,25.240892428686454,1.6131122431431465e-14,-9.431582984298766,17.844225962325297,1.140831418648973e-14,17.298795343902626,1.1059605432375635e-14,300000000000000.0,50,52000000000000.0
591000.0,27901803000000.0,7.4219462e+32,25.241409498961303,1.6037238428652345e-14,-9.431582844889636,17.84459164675119,1.1341917117476712e-14,17.29914985074711,1.0995237869103462e-14,300000000000000.0,50,52000000000000.0
592000.0,27819429000000.0,7.3544595e+32,25.241926569236156,1.5943354425873222e-14,-9.431582705480508,17.844957331177085,1.1275520048463696e-14,17.299504357591598,1.093087030583129e-14,300000000000000.0,50,52000000000000.0
593000.0,27737666000000.0,7.286294e+32,25.242443639511006,1.5849470423094102e-14,-9.431582566071379,17.84532301560298,1.1209122979450679e-14,17.299858864436082,1.0866502742559117e-14,300000000000000.0,50,52000000000000.0
594000.0,27656853000000.0,7.2173601e+32,25.24296070978586,1.5755586420314983e-14,-9.431582426662251,17.84568870002887,1.1142725910437662e-14,17.300213371280567,1.0802135179286945e-14,300000000000000.0,50,52000000000000.0
595000.0,27577036000000.0,7.1474533e+32,25.243477780060708,1.566170241753586e-14,-9.431582287253121,17.846054384454764,1.1076328841424645e-14,17.300567878125054,1.0737767616014772e-14,300000000000000.0,50,52000000000000.0
596000.0,27498272000000.0,7.0772282e+32,25.24399485033556,1.556781841475674e-14,-9.431582147843994,17.846420068880658,1.1009931772411628e-14,17.30092238496954,1.06734000527426e-14,300000000000000.0,50,52000000000000.0
597000.0,27420811000000.0,7.0062349e+32,25.24450420454723,1.547759800899287e-14,-9.431582010529286,17.846780296317455,1.094612568921062e-14,17.30127160162432,1.0611544278705585e-14,300000000000000.0,50,52000000000000.0
598000.0,27344803000000.0,6.9345418e+32,25.244992998466927,1.539713965708285e-14,-9.431581878795399,17.84712598301158,1.0889223570317391e-14,17.301606721991604,1.0556381441058965e-14,300000000000000.0,50,52000000000000.0
599000.0,27270068000000.0,6.8619492e+32,25.24548179238662,1.5316681305172828e-14,-9.43158174706151,17.84747166970571,1.083232145142416e-14,17.301941842358886,1.0501218603412343e-14,300000000000000.0,50,52000000000000.0
600000.0,27197030000000.0,6.7892742e+32,25.245970586306314,1.5236222953262804e-14,-9.431581615327623,17.847817356399837,1.077541933253093e-14,17.302276962726168,1.0446055765765724e-14,300000000000000.0,50,52000000000000.0
601000.0,27125639000000.0,6.7180925e+32,25.24645938022601,1.5155764601352784e-14,-9.431581483593733,17.84816304309396,1.07185172136377e-14,17.30261208309345,1.0390892928119102e-14,300000000000000.0,50,52000000000000.0
602000.0,27058012000000.0,6.6473334e+32,25.246948174145704,1.5075306249442763e-14,-9.431581351859846,17.84850872978809,1.066161509474447e-14,17.302947203460732,1.0335730090472482e-14,300000000000000.0,50,52000000000000.0
603000.0,26992580000000.0,6.5910656e+32,25.2474369680654,1.499484789753274e-14,-9.431581220125958,17.84885441648222,1.060471297585124e-14,17.303282323828018,1.0280567252825861e-14,300000000000000.0,50,52000000000000.0
604000.0,26925134000000.0,6.5360827e+32,25.247925761985094,1.4914389545622718e-14,-9.43158108839207,17.849200103176344,1.054781085695801e-14,17.3036174441953,1.0225404415179241e-14,300000000000000.0,50,52000000000000.0
605000.0,26853004000000.0,6.4819345e+32,25.24841455590479,1.4833931193712697e-14,-9.43158095665818,17.849545789870472,1.049090873806478e-14,17.303952564562582,1.0170241577532621e-14,300000000000000.0,50,52000000000000.0
606000.0,26776186000000.0,6.4184664e+32,25.248903349824484,1.4753472841802673e-14,-9.431580824924293,17.849891476564597,1.043400661917155e-14,17.304287684929864,1.0115078739886e-14,300000000000000.0,50,52000000000000.0
607000.0,26702359000000.0,6.3483981e+32,25.249378178795798,1.4677155925514445e-14,-9.431580696980724,17.850227286904882,1.038003342686138e-14,17.304613230825858,1.006275530268234e-14,300000000000000.0,50,52000000000000.0
608000.0,26634494000000.0,6.2816465e+32,25.24984234580287,1.4604000914111855e-14,-9.431580571930992,17.850555556842675,1.0328296412562507e-14,17.304931466800774,1.0012599692037576e-14,300000000000000.0,50,52000000000000.0
609000.0,26568898000000.0,6.2249829e+32,25.250306512809935,1.4530845902709265e-14,-9.43158044688126,17.850883826780468,1.0276559398263633e-14,17.305249702775686,9.962444081392812e-15,300000000000000.0,50,52000000000000.0
610000.0,26504281000000.0,6.1737507e+32,25.250770679817006,1.4457690891306675e-14,-9.431580321831525,17.85121209671826,1.0224822383964759e-14,17.305567938750603,9.912288470748049e-15,300000000000000.0,50,52000000000000.0
611000.0,26442301000000.0,6.1386625e+32,25.251234846824072,1.4384535879904086e-14,-9.431580196781793,17.851540366656053,1.0173085369665885e-14,17.305886174725515,9.862132860103283e-15,300000000000000.0,50,52000000000000.0
612000.0,26375729000000.0,6.1920327e+32,25.251699013831143,1.4311380868501496e-14,-9.431580071732059,17.85186863659385,1.0121348355367011e-14,17.30620441070043,9.81197724945852e-15,300000000000000.0,50,52000000000000.0
613000.0,26303249000000.0,6.1001367e+32,25.25216318083821,1.4238225857098906e-14,-9.431579946682326,17.852196906531642,1.0069611341068137e-14,17.306522646675344,9.761821638813756e-15,300000000000000.0,50,52000000000000.0
614000.0,26237738000000.0,5.9873585e+32,25.25262734784528,1.4165070845696316e-14,-9.431579821632592,17.852525176469435,1.0017874326769263e-14,17.30684088265026,9.711666028168993e-15,300000000000000.0,50,52000000000000.0
615000.0,26173499000000.0,5.936646e+32,25.253091514852347,1.4091915834293725e-14,-9.43157969658286,17.852853446407227,9.96613731247039e-15,17.307159118625172,9.661510417524227e-15,300000000000000.0,50,52000000000000.0
616000.0,26104891000000.0,5.9313709e+32,25.253555681859417,1.4018760822891135e-14,-9.431579571533128,17.85318171634502,9.914400298171515e-15,17.30747735460009,9.611354806879464e-15,300000000000000.0,50,52000000000000.0
617000.0,26030367000000.0,5.9399534e+32,25.254003843097742,1.3947419191770684e-14,-9.431579450825781,17.85349866661147,9.863945754865384e-15,17.307784616902936,9.562442466969762e-15,300000000000000.0,50,52000000000000.0
618000.0,25953530000000.0,5.9324427e+32,25.254445254419117,1.3876842295321669e-14,-9.431579331949699,17.853810843171466,9.814032052354162e-15,17.308087251413376,9.51405443641009e-15,300000000000000.0,50,52000000000000.0
619000.0,25878590000000.0,5.8527008e+32,25.25488666574049,1.3806265398872655e-14,-9.431579213073615,17.854123019731464,9.764118349842939e-15,17.308389885923813,9.465666405850417e-15,300000000000000.0,50,52000000000000.0
620000.0,25809461000000.0,5.7437919e+32,25.255328077061865,1.373568850242364e-14,-9.431579094197533,17.854435196291462,9.714204647331715e-15,17.308692520434253,9.417278375290745e-15,300000000000000.0,50,52000000000000.0
621000.0,25745630000000.0,5.6404843e+32,25.25576948838324,1.3665111605974626e-14,-9.43157897532145,17.85474737285146,9.664290944820491e-15,17.30899515494469,9.368890344731073e-15,300000000000000.0,50,52000000000000.0
622000.0,25685081000000.0,5.5700662e+32,25.256210899704616,1.359453470952561e-14,-9.431578856445366,17.855059549411457,9.614377242309268e-15,17.30929778945513,9.3205023141714e-15,300000000000000.0,50,52000000000000.0
623000.0,25624685000000.0,5.516396e+32,25.25665231102599,1.3523957813076595e-14,-9.431578737569284,17.855371725971455,9.564463539798045e-15,17.30960042396557,9.272114283611728e-15,300000000000000.0,50,52000000000000.0
624000.0,25562962000000.0,5.4756729e+32,25.257093722347367,1.3453380916627581e-14,-9.4315786186932,17.855683902531453,9.514549837286822e-15,17.309903058476007,9.223726253052056e-15,300000000000000.0,50,52000000000000.0
625000.0,25500128000000.0,5.4315759e+32,25.257535133668743,1.3382804020178565e-14,-9.431578499817117,17.85599607909145,9.464636134775598e-15,17.310205692986447,9.175338222492384e-15,300000000000000.0,50,52000000000000.0
626000.0,25437347000000.0,5.3799776e+32,25.257976544990118,1.331222712372955e-14,-9.431578380941033,17.85630825565145,9.414722432264374e-15,17.310508327496887,9.12695019193271e-15,300000000000000.0,50,52000000000000.0
627000.0,25374838000000.0,5.3259682e+32,25.2584028015847,1.3245921562355866e-14,-9.431578266173114,17.856609714419044,9.367829523908818e-15,17.31080057181705,9.081490621346441e-15,300000000000000.0,50,52000000000000.0
628000.0,25312541000000.0,5.2737966e+32,25.258821902092468,1.3181632932401652e-14,-9.431578153345077,17.856906112227506,9.32236303950195e-15,17.311087909872345,9.037413874356739e-15,300000000000000.0,50,52000000000000.0
629000.0,25250373000000.0,5.2257865e+32,25.259241002600234,1.3117344302447438e-14,-9.431578040517039,17.857202510035968,9.276896555095083e-15,17.31137524792764,8.993337127367036e-15,300000000000000.0,50,52000000000000.0
630000.0,25188101000000.0,5.1826134e+32,25.259660103108,1.3053055672493224e-14,-9.431577927689,17.85749890784443,9.231430070688215e-15,17.311662585982937,8.949260380377334e-15,300000000000000.0,50,52000000000000.0
631000.0,25125584000000.0,5.142879e+32,25.260079203615767,1.298876704253901e-14,-9.431577814860962,17.857795305652893,9.185963586281347e-15,17.31194992403823,8.905183633387632e-15,300000000000000.0,50,52000000000000.0
632000.0,25062927000000.0,5.1047117e+32,25.26049830412353,1.2924478412584796e-14,-9.431577702032925,17.858091703461355,9.140497101874479e-15,17.312237262093525,8.86110688639793e-15,300000000000000.0,50,52000000000000.0
633000.0,25000382000000.0,5.0665014e+32,25.260917404631297,1.2860189782630582e-14,-9.431577589204887,17.858388101269817,9.09503061746761e-15,17.312524600148823,8.817030139408227e-15,300000000000000.0,50,52000000000000.0
634000.0,24938193000000.0,5.0285264e+32,25.261336505139063,1.2795901152676368e-14,-9.431577476376848,17.85868449907828,9.049564133060742e-15,17.312811938204117,8.772953392418525e-15,300000000000000.0,50,52000000000000.0
635000.0,24876595000000.0,4.9906367e+32,25.26175560564683,1.2731612522722154e-14,-9.43157736354881,17.85898089688674,9.004097648653874e-15,17.31309927625941,8.728876645428824e-15,300000000000000.0,50,52000000000000.0
636000.0,24815735000000.0,4.952129e+32,25.262174706154596,1.266732389276794e-14,-9.431577250720771,17.859277294695204,8.958631164247007e-15,17.31338661431471,8.684799898439121e-15,300000000000000.0,50,52000000000000.0
637000.0,24755597000000.0,4.9149524e+32,25.262583643234258,1.2605088222383629e-14,-9.431577140646718,17.85956650467985,8.914616584495643e-15,17.31366698425061,8.642130676904633e-15,300000000000000.0,50,52000000000000.0
638000.0,24696239000000.0,4.8774783e+32,25.262982090224433,1.2544971495468681e-14,-9.431577033415165,17.859848295817798,8.872100574873483e-15,17.313940162105727,8.600914219913106e-15,300000000000000.0,50,52000000000000.0
639000.0,24637601000000.0,4.8393339e+32,25.26338053721461,1.2484854768553735e-14,-9.431576926183611,17.860130086955746,8.829584565251323e-15,17.314213339960844,8.559697762921579e-15,300000000000000.0,50,52000000000000.0
640000.0,24577962000000.0,4.8038951e+32,25.26377898420478,1.2424738041638789e-14,-9.431576818952058,17.860411878093693,8.787068555629165e-15,17.31448651781596,8.518481305930054e-15,300000000000000.0,50,52000000000000.0
641000.0,24518223000000.0,4.7599713e+32,25.264177431194955,1.2364621314723843e-14,-9.431576711720504,17.86069366923164,8.744552546007005e-15,17.31475969567108,8.477264848938527e-15,300000000000000.0,50,52000000000000.0
642000.0,24458906000000.0,4.714295e+32,25.26457587818513,1.2304504587808896e-14,-9.431576604488953,17.860975460369588,8.702036536384847e-15,17.315032873526192,8.436048391947e-15,300000000000000.0,50,52000000000000.0
643000.0,24399792000000.0,4.6651626e+32,25.264974325175302,1.224438786089395e-14,-9.4315764972574,17.861257251507535,8.659520526762687e-15,17.31530605138131,8.394831934955475e-15,300000000000000.0,50,52000000000000.0
644000.0,24340485000000.0,4.6210911e+32,25.265372772165477,1.2184271133979004e-14,-9.431576390025846,17.861539042645482,8.617004517140528e-15,17.315579229236427,8.353615477963948e-15,300000000000000.0,50,52000000000000.0
645000.0,24280733000000.0,4.5758709e+32,25.265771219155653,1.2124154407064058e-14,-9.431576282794293,17.861820833783433,8.57448850751837e-15,17.315852407091544,8.312399020972421e-15,300000000000000.0,50,52000000000000.0
646000.0,24220772000000.0,4.5304399e+32,25.266169666145824,1.2064037680149112e-14,-9.43157617556274,17.86210262492138,8.53197249789621e-15,17.31612558494666,8.271182563980896e-15,300000000000000.0,50,52000000000000.0
647000.0,24160625000000.0,4.486242e+32,25.26656538034128,1.200407940704323e-14,-9.43157606907128,17.862382483360516,8.489568551350108e-15,17.316396889178215,8.230074744723689e-15,300000000000000.0,50,52000000000000.0
648000.0,24100319000000.0,4.4445907e+32,25.266944199957706,1.1945100721016579e-14,-9.431575967155204,17.862650393542964,8.44785739686759e-15,17.31665661036582,8.189638541513371e-15,300000000000000.0,50,52000000000000.0
649000.0,24039769000000.0,4.4063538e+32,25.267323019574135,1.1886122034989928e-14,-9.431575865239129,17.86291830372541,8.406146242385072e-15,17.316916331553426,8.149202338303053e-15,300000000000000.0,50,52000000000000.0
650000.0,23979083000000.0,4.3706429e+32,25.26770183919056,1.1827143348963278e-14,-9.431575763323053,17.863186213907863,8.364435087902556e-15,17.317176052741033,8.108766135092735e-15,300000000000000.0,50,52000000000000.0
651000.0,23918400000000.0,4.3344894e+32,25.26808065880699,1.1768164662936627e-14,-9.431575661406978,17.86345412409031,8.322723933420038e-15,17.31743577392864,8.068329931882418e-15,300000000000000.0,50,52000000000000.0
652000.0,23857927000000.0,4.2975508e+32,25.268459478423416,1.1709185976909976e-14,-9.431575559490902,17.863722034272758,8.28101277893752e-15,17.317695495116247,8.0278937286721e-15,300000000000000.0,50,52000000000000.0
653000.0,23797794000000.0,4.2606327e+32,25.268838298039846,1.1650207290883326e-14,-9.431575457574827,17.86398994445521,8.239301624455003e-15,17.317955216303854,7.98745752546178e-15,300000000000000.0,50,52000000000000.0
654000.0,23738030000000.0,4.2246854e+32,25.26921711765627,1.1591228604856675e-14,-9.431575355658751,17.864257854637657,8.197590469972487e-15,17.31821493749146,7.947021322251463e-15,300000000000000.0,50,52000000000000.0
655000.0,23678619000000.0,4.1902492e+32,25.2695959372727,1.1532249918830024e-14,-9.431575253742675,17.864525764820105,8.155879315489969e-15,17.318474658679065,7.906585119041145e-15,300000000000000.0,50,52000000000000.0
656000.0,23619527000000.0,4.1573752e+32,25.269974756889127,1.1473271232803374e-14,-9.4315751518266,17.864793675002552,8.114168161007451e-15,17.318734379866672,7.866148915830827e-15,300000000000000.0,50,52000000000000.0
657000.0,23560703000000.0,4.1258328e+32,25.270353576505556,1.1414292546776724e-14,-9.431575049910524,17.865061585185003,8.072457006524934e-15,17.31899410105428,7.82571271262051e-15,300000000000000.0,50,52000000000000.0
658000.0,23502109000000.0,4.0952197e+32,25.270720302751382,1.1357439105685144e-14,-9.431574951266839,17.865320942643013,8.032248878711649e-15,17.31924553094169,7.786733594273708e-15,300000000000000.0,50,52000000000000.0
659000.0,23443656000000.0,4.0654243e+32,25.271079553352862,1.130189940712362e-14,-9.431574854646014,17.865575013144372,7.992969862657008e-15,17.319491835474594,7.748655188274699e-15,300000000000000.0,50,52000000000000.0
660000.0,23385351000000.0,4.0359068e+32,25.27143880395434,1.1246359708562094e-14,-9.43157475802519,17.865829083645732,7.953690846602367e-15,17.3197381400075,7.710576782275691e-15,300000000000000.0,50,52000000000000.0
661000.0,23327569000000.0,4.0032758e+32,25.271798054555816,1.119082001000057e-14,-9.431574661404367,17.86608315414709,7.914411830547725e-15,17.319984444540406,7.672498376276682e-15,300000000000000.0,50,52000000000000.0
662000.0,23270117000000.0,3.9710355e+32,25.272157305157293,1.1135280311439045e-14,-9.431574564783542,17.86633722464845,7.875132814493084e-15,17.320230749073314,7.634419970277673e-15,300000000000000.0,50,52000000000000.0
663000.0,23212765000000.0,3.9408729e+32,25.272516555758774,1.107974061287752e-14,-9.431574468162719,17.866591295149814,7.835853798438443e-15,17.32047705360622,7.596341564278666e-15,300000000000000.0,50,52000000000000.0
664000.0,23155348000000.0,3.9133187e+32,25.27287580636025,1.1024200914315995e-14,-9.431574371541895,17.866845365651173,7.796574782383802e-15,17.320723358139123,7.558263158279657e-15,300000000000000.0,50,52000000000000.0
665000.0,23097757000000.0,3.8874187e+32,25.273235056961727,1.096866121575447e-14,-9.43157427492107,17.867099436152532,7.757295766329161e-15,17.32096966267203,7.520184752280648e-15,300000000000000.0,50,52000000000000.0
666000.0,23039882000000.0,3.8639405e+32,25.273594307563204,1.0913121517192943e-14,-9.431574178300247,17.86735350665389,7.71801675027452e-15,17.321215967204935,7.482106346281639e-15,300000000000000.0,50,52000000000000.0
667000.0,22981602000000.0,3.8427768e+32,25.273953558164685,1.0857581818631418e-14,-9.431574081679424,17.86760757715525,7.678737734219879e-15,17.321462271737843,7.444027940282631e-15,300000000000000.0,50,52000000000000.0
668000.0,22922664000000.0,3.8233321e+32,25.27431280876616,1.0802042120069893e-14,-9.431573985058598,17.867861647656614,7.639458718165238e-15,17.321708576270748,7.405949534283622e-15,300000000000000.0,50,52000000000000.0
669000.0,22864334000000.0,3.7963998e+32,25.27465472485248,1.0747223150987045e-14,-9.431573893125675,17.86810345877024,7.60068942354181e-15,17.321942996138755,7.368365269471706e-15,300000000000000.0,50,52000000000000.0
670000.0,22805254000000.0,3.7666679e+32,25.27499524775595,1.0692462107259439e-14,-9.43157380156952,17.868344284591313,7.5619610954611e-15,17.32217646083085,7.33082071901122e-15,300000000000000.0,50,52000000000000.0
671000.0,22744416000000.0,3.7485774e+32,25.275335770659417,1.0637701063531831e-14,-9.431573710013366,17.868585110412383,7.523232767380391e-15,17.322409925522944,7.293276168550735e-15,300000000000000.0,50,52000000000000.0
672000.0,22684402000000.0,3.7166645e+32,25.27567629356289,1.0582940019804224e-14,-9.431573618457211,17.868825936233456,7.484504439299681e-15,17.32264339021504,7.255731618090249e-15,300000000000000.0,50,52000000000000.0
673000.0,22623289000000.0,3.7054491e+32,25.276016816466356,1.0528178976076616e-14,-9.431573526901056,17.869066762054526,7.445776111218972e-15,17.322876854907136,7.218187067629763e-15,300000000000000.0,50,52000000000000.0
674000.0,22563142000000.0,3.6748301e+32,25.276357339369827,1.047341793234901e-14,-9.431573435344902,17.8693075878756,7.407047783138262e-15,17.32311031959923,7.180642517169279e-15,300000000000000.0,50,52000000000000.0
675000.0,22504704000000.0,3.6276897e+32,25.276697862273295,1.0418656888621403e-14,-9.431573343788745,17.86954841369667,7.368319455057554e-15,17.323343784291325,7.143097966708793e-15,300000000000000.0,50,52000000000000.0
676000.0,22446706000000.0,3.5851585e+32,25.277038385176766,1.0363895844893795e-14,-9.43157325223259,17.869789239517743,7.329591126976843e-15,17.323577248983423,7.105553416248307e-15,300000000000000.0,50,52000000000000.0
677000.0,22389159000000.0,3.5553556e+32,25.277378908080234,1.0309134801166189e-14,-9.431573160676436,17.870030065338813,7.290862798896135e-15,17.323810713675517,7.06800886578782e-15,300000000000000.0,50,52000000000000.0
678000.0,22332258000000.0,3.5355289e+32,25.2777194309837,1.0254373757438582e-14,-9.431573069120281,17.870270891159887,7.252134470815425e-15,17.32404417836761,7.030464315327335e-15,300000000000000.0,50,52000000000000.0
679000.0,22276192000000.0,3.518879e+32,25.278058840742915,1.0199986866798735e-14,-9.431572977864919,17.870510929738547,7.213670752871159e-15,17.3242768798803,6.9931762868783224e-15,300000000000000.0,50,52000000000000.0
680000.0,22220617000000.0,3.5054743e+32,25.278380598169594,1.0151533326372527e-14,-9.431572891379549,17.8707384841628,7.179403244074813e-15,17.324497478831677,6.959956205431126e-15,300000000000000.0,50,52000000000000.0
681000.0,22164566000000.0,3.4966368e+32,25.278702355596277,1.0103079785946318e-14,-9.431572804894179,17.87096603858705,7.145135735278467e-15,17.324718077783054,6.92673612398393e-15,300000000000000.0,50,52000000000000.0
682000.0,22108960000000.0,3.4865194e+32,25.27902411302296,1.005462624552011e-14,-9.431572718408807,17.871193593011302,7.110868226482121e-15,17.324938676734426,6.893516042536734e-15,300000000000000.0,50,52000000000000.0
683000.0,22054333000000.0,3.4698936e+32,25.27934587044964,1.0006172705093901e-14,-9.431572631923437,17.87142114743555,7.076600717685775e-15,17.325159275685802,6.860295961089538e-15,300000000000000.0,50,52000000000000.0
684000.0,22000701000000.0,3.4470201e+32,25.27966762787632,9.957719164667693e-15,-9.431572545438067,17.871648701859804,7.0423332088894294e-15,17.325379874637175,6.827075879642342e-15,300000000000000.0,50,52000000000000.0
685000.0,21947969000000.0,3.419252e+32,25.279989385303004,9.909265624241484e-15,-9.431572458952697,17.871876256284054,7.008065700093084e-15,17.32560047358855,6.793855798195146e-15,300000000000000.0,50,52000000000000.0
686000.0,21895845000000.0,3.3912709e+32,25.280311142729683,9.860812083815276e-15,-9.431572372467327,17.872103810708307,6.9737981912967384e-15,17.325821072539927,6.7606357167479494e-15,300000000000000.0,50,52000000000000.0
687000.0,21844159000000.0,3.3668173e+32,25.280632900156366,9.812358543389067e-15,-9.431572285981957,17.872331365132556,6.9395306825003925e-15,17.3260416714913,6.727415635300753e-15,300000000000000.0,50,52000000000000.0
688000.0,21792797000000.0,3.3468849e+32,25.28095465758305,9.763905002962859e-15,-9.431572199496586,17.872558919556806,6.9052631737040474e-15,17.326262270442676,6.694195553853557e-15,300000000000000.0,50,52000000000000.0
689000.0,21741134000000.0,3.3307247e+32,25.281276415009728,9.71545146253665e-15,-9.431572113011216,17.87278647398106,6.8709956649077015e-15,17.326482869394052,6.660975472406361e-15,300000000000000.0,50,52000000000000.0
690000.0,21688103000000.0,3.3104502e+32,25.281597897593617,9.667012748640646e-15,-9.431572026600096,17.873013834029877,6.836738641846613e-15,17.32670327991131,6.627765556185401e-15,300000000000000.0,50,52000000000000.0
691000.0,21635203000000.0,3.2818257e+32,25.281902780928434,9.619469489426057e-15,-9.431571944673356,17.873229454690645,6.803114909285394e-15,17.32691230986894,6.595169573183885e-15,300000000000000.0,50,52000000000000.0
692000.0,21579758000000.0,3.3608295e+32,25.282207664263254,9.571926230211466e-15,-9.431571862746615,17.873445075351412,6.7694911767241755e-15,17.327121339826576,6.562573590182369e-15,300000000000000.0,50,52000000000000.0
693000.0,21522421000000.0,3.3536297e+32,25.282512547598074,9.524382970996877e-15,-9.431571780819874,17.873660696012184,6.735867444162956e-15,17.327330369784207,6.529977607180853e-15,300000000000000.0,50,52000000000000.0
694000.0,21466555000000.0,3.3383632e+32,25.282817430932894,9.476839711782288e-15,-9.431571698893134,17.873876316672952,6.702243711601738e-15,17.327539399741838,6.4973816241793365e-15,300000000000000.0,50,52000000000000.0
695000.0,21412153000000.0,3.3164807e+32,25.283122314267715,9.429296452567699e-15,-9.431571616966393,17.874091937333723,6.6686199790405194e-15,17.327748429699472,6.4647856411778205e-15,300000000000000.0,50,52000000000000.0
696000.0,21357863000000.0,3.2834994e+32,25.283427197602535,9.38175319335311e-15,-9.431571535039653,17.87430755799449,6.6349962464793e-15,17.327957459657103,6.4321896581763044e-15,300000000000000.0,50,52000000000000.0
697000.0,21304139000000.0,3.2560766e+32,25.28373208093735,9.33420993413852e-15,-9.431571453112912,17.87452317865526,6.601372513918082e-15,17.328166489614738,6.3995936751747876e-15,300000000000000.0,50,52000000000000.0
698000.0,21252078000000.0,3.2263125e+32,25.284036964272172,9.28666667492393e-15,-9.431571371186172,17.87473879931603,6.5677487813568626e-15,17.32837551957237,6.3669976921732715e-15,300000000000000.0,50,52000000000000.0
699000.0,21200397000000.0,3.1997943e+32,25.284341847606992,9.239123415709342e-15,-9.43157128925943,17.8749544199768,6.534125048795644e-15,17.32858454953,6.3344017091717554e-15,300000000000000.0,50,52000000000000.0
700000.0,21148392000000.0,3.1785406e+32,25.284646730941812,9.191580156494753e-15,-9.43157120733269,17.875170040637567,6.500501316234426e-15,17.328793579487634,6.301805726170239e-15,300000000000000.0,50,52000000000000.0
701000.0,21094994000000.0,3.1699678e+32,25.284951614276633,9.144036897280162e-15,-9.43157112540595,17.87538566129834,6.4668775836732065e-15,17.329002609445265,6.269209743168723e-15,300000000000000.0,50,52000000000000.0
702000.0,21038796000000.0,3.170866e+32,25.28524314349987,9.097383175529159e-15,-9.431571047084285,17.87559183761129,6.4338829558528444e-15,17.329202483732857,6.237223635570263e-15,300000000000000.0,50,52000000000000.0
703000.0,20979783000000.0,3.1695934e+32,25.285531200448563,9.05096074720953e-15,-9.431570969699994,17.87579555824845,6.401051904947635e-15,17.32939997740532,6.205396104963169e-15,300000000000000.0,50,52000000000000.0
704000.0,20927433000000.0,3.1270965e+32,25.285819257397257,9.004538318889902e-15,-9.431570892315703,17.87599927888561,6.368220854042427e-15,17.329597471077783,6.173568574356076e-15,300000000000000.0,50,52000000000000.0
705000.0,20874720000000.0,3.0961891e+32,25.28610731434595,8.958115890570273e-15,-9.431570814931412,17.87620299952277,6.3353898031372176e-15,17.32979496475025,6.141741043748982e-15,300000000000000.0,50,52000000000000.0
706000.0,20824083000000.0,3.0632705e+32,25.286395371294645,8.911693462250643e-15,-9.431570737547121,17.876406720159935,6.3025587522320084e-15,17.329992458422712,6.109913513141888e-15,300000000000000.0,50,52000000000000.0
707000.0,20776899000000.0,3.0307762e+32,25.28668342824334,8.865271033931014e-15,-9.431570660162832,17.876610440797094,6.2697277013268e-15,17.330189952095175,6.078085982534795e-15,300000000000000.0,50,52000000000000.0
708000.0,20729225000000.0,3.0075726e+32,25.286971485192037,8.818848605611385e-15,-9.43157058277854,17.876814161434257,6.236896650421591e-15,17.33038744576764,6.046258451927701e-15,300000000000000.0,50,52000000000000.0
709000.0,20676950000000.0,2.9828581e+32,25.28725954214073,8.772426177291757e-15,-9.43157050539425,17.877017882071417,6.2040655995163816e-15,17.330584939440104,6.014430921320608e-15,300000000000000.0,50,52000000000000.0
710000.0,20629907000000.0,2.9507844e+32,25.287547599089425,8.726003748972128e-15,-9.431570428009959,17.877221602708577,6.171234548611173e-15,17.330782433112567,5.982603390713514e-15,300000000000000.0,50,52000000000000.0
711000.0,20581539000000.0,2.9797372e+32,25.28783565603812,8.679581320652499e-15,-9.431570350625668,17.87742532334574,6.138403497705964e-15,17.330979926785034,5.9507758601064205e-15,300000000000000.0,50,52000000000000.0
712000.0,20516552000000.0,2.9491113e+32,25.288123712986813,8.63315889233287e-15,-9.431570273241377,17.8776290439829,6.105572446800755e-15,17.331177420457497,5.9189483294993265e-15,300000000000000.0,50,52000000000000.0
713000.0,20431545000000.0,2.9002919e+32,25.28840528389434,8.572903794538714e-15,-9.43157019760687,17.877828177536717,6.062958609350445e-15,17.3313704672563,5.8776370349073825e-15,300000000000000.0,50,52000000000000.0
714000.0,20337688000000.0,2.9143948e+32,25.288676643907834,8.490872097053016e-15,-9.431570124727022,17.878020089702215,6.0049438525871445e-15,17.331556513397143,5.821395568503881e-15,300000000000000.0,50,52000000000000.0
715000.0,20234292000000.0,2.9388694e+32,25.288948003921334,8.408840399567319e-15,-9.431570051847174,17.878212001867713,5.946929095823844e-15,17.33174255953799,5.765154102100379e-15,300000000000000.0,50,52000000000000.0
716000.0,20138710000000.0,2.9289646e+32,25.28921936393483,8.32680870208162e-15,-9.431569978967326,17.878403914033207,5.888914339060542e-15,17.331928605678836,5.7089126356968776e-15,300000000000000.0,50,52000000000000.0
717000.0,20053178000000.0,2.9129358e+32,25.28949072394833,8.244777004595922e-15,-9.431569906087478,17.878595826198705,5.830899582297241e-15,17.33211465181968,5.652671169293376e-15,300000000000000.0,50,52000000000000.0
718000.0,19971028000000.0,2.8142515e+32,25.289762083961826,8.162745307110224e-15,-9.43156983320763,17.878787738364203,5.7728848255339405e-15,17.332300697960527,5.596429702889874e-15,300000000000000.0,50,52000000000000.0
719000.0,19874428000000.0,2.8106866e+32,25.290033443975325,8.080713609624527e-15,-9.431569760327783,17.8789796505297,5.71487006877064e-15,17.33248674410137,5.540188236486373e-15,300000000000000.0,50,52000000000000.0
720000.0,19754956000000.0,2.8297215e+32,25.29030480398882,7.998681912138829e-15,-9.431569687447935,17.879171562695195,5.656855312007339e-15,17.332672790242217,5.483946770082871e-15,300000000000000.0,50,52000000000000.0
721000.0,19628572000000.0,2.8242758e+32,25.29057616400232,7.91665021465313e-15,-9.431569614568087,17.879363474860693,5.598840555244037e-15,17.332858836383064,5.427705303679369e-15,300000000000000.0,50,52000000000000.0
722000.0,19503208000000.0,2.807703e+32,25.29084752401582,7.834618517167432e-15,-9.431569541688239,17.87955538702619,5.5408257984807364e-15,17.333044882523907,5.371463837275868e-15,300000000000000.0,50,52000000000000.0
723000.0,19395481000000.0,2.8220182e+32,25.291118884029316,7.752586819681735e-15,-9.43156946880839,17.87974729919169,5.482811041717436e-15,17.333230928664754,5.315222370872366e-15,300000000000000.0,50,52000000000000.0
724000.0,19312379000000.0,2.8206281e+32,25.291390244042816,7.670555122196037e-15,-9.431569395928543,17.879939211357186,5.424796284954135e-15,17.333416974805598,5.258980904468864e-15,300000000000000.0,50,52000000000000.0
725000.0,19261250000000.0,2.8295707e+32,25.291637683381367,7.633309963914367e-15,-9.431569329485994,17.880114206255563,5.398455621491674e-15,17.333586620775808,5.233445374857771e-15,300000000000000.0,50,52000000000000.0
726000.0,19224362000000.0,2.8166981e+32,25.291879058839523,7.60741817328049e-15,-9.431569264675295,17.880284912634295,5.380144326507915e-15,17.3337521093101,5.215693786483706e-15,300000000000000.0,50,52000000000000.0
727000.0,19185260000000.0,2.8106106e+32,25.29212043429768,7.581526382646613e-15,-9.431569199864597,17.880455619013027,5.361833031524155e-15,17.33391759784439,5.1979421981096406e-15,300000000000000.0,50,52000000000000.0
728000.0,19154167000000.0,2.8219976e+32,25.292361809755835,7.555634592012736e-15,-9.4315691350539,17.880626325391763,5.343521736540395e-15,17.334083086378683,5.180190609735576e-15,300000000000000.0,50,52000000000000.0
729000.0,19122049000000.0,2.8191119e+32,25.29260318521399,7.529742801378859e-15,-9.431569070243201,17.880797031770495,5.325210441556635e-15,17.334248574912976,5.162439021361511e-15,300000000000000.0,50,52000000000000.0
730000.0,19092802000000.0,2.7575193e+32,25.292844560672147,7.50385101074498e-15,-9.431569005432504,17.880967738149227,5.306899146572875e-15,17.334414063447266,5.144687432987446e-15,300000000000000.0,50,52000000000000.0
731000.0,19064473000000.0,2.7246606e+32,25.293085936130304,7.477959220111103e-15,-9.431568940621807,17.88113844452796,5.288587851589115e-15,17.33457955198156,5.126935844613382e-15,300000000000000.0,50,52000000000000.0
732000.0,19035976000000.0,2.785105e+32,25.29332731158846,7.452067429477226e-15,-9.431568875811108,17.88130915090669,5.2702765566053556e-15,17.334745040515852,5.109184256239317e-15,300000000000000.0,50,52000000000000.0
733000.0,19006473000000.0,2.75004764e+32,25.29356868704662,7.426175638843349e-15,-9.43156881100041,17.881479857285427,5.251965261621595e-15,17.33491052905014,5.091432667865252e-15,300000000000000.0,50,52000000000000.0
734000.0,18976648000000.0,2.7743437e+32,25.293810062504775,7.400283848209472e-15,-9.431568746189711,17.88165056366416,5.2336539666378356e-15,17.335076017584434,5.073681079491188e-15,300000000000000.0,50,52000000000000.0
735000.0,18946911000000.0,2.7452104e+32,25.29405143796293,7.374392057575595e-15,-9.431568681379014,17.88182127004289,5.215342671654076e-15,17.335241506118724,5.055929491117123e-15,300000000000000.0,50,52000000000000.0
736000.0,18914022000000.0,2.7412012e+32,25.2942926349833,7.348454483724462e-15,-9.431568616616488,17.881991850226147,5.196998997740441e-15,17.335406872314852,5.038146513513868e-15,300000000000000.0,50,52000000000000.0
737000.0,18878305000000.0,3.3257747e+32,25.29452439243625,7.32009492417313e-15,-9.431568554402267,17.882155754521044,5.176942440594778e-15,17.335565766679128,5.0187030090014665e-15,300000000000000.0,50,52000000000000.0
738000.0,18843213000000.0,3.2916309e+32,25.2947561498892,7.291735364621798e-15,-9.431568492188047,17.88231965881594,5.156885883449115e-15,17.335724661043407,4.999259504489065e-15,300000000000000.0,50,52000000000000.0
739000.0,18810106000000.0,3.199147e+32,25.294987907342147,7.263375805070467e-15,-9.431568429973826,17.882483563110842,5.136829326303452e-15,17.335883555407683,4.979815999976664e-15,300000000000000.0,50,52000000000000.0
740000.0,18776910000000.0,3.1585098e+32,25.295219664795095,7.235016245519136e-15,-9.431568367759606,17.88264746740574,5.116772769157789e-15,17.33604244977196,4.960372495464263e-15,300000000000000.0,50,52000000000000.0
741000.0,18741347000000.0,3.1098113e+32,25.295451422248046,7.206656685967805e-15,-9.431568305545387,17.88281137170064,5.096716212012127e-15,17.33620134413624,4.9409289909518614e-15,300000000000000.0,50,52000000000000.0
742000.0,18703473000000.0,3.0552637e+32,25.295683179700994,7.178297126416473e-15,-9.431568243331165,17.882975275995538,5.076659654866463e-15,17.336360238500514,4.92148548643946e-15,300000000000000.0,50,52000000000000.0
743000.0,18665368000000.0,2.9855157e+32,25.295914937153942,7.149937566865141e-15,-9.431568181116946,17.88313918029044,5.0566030977208006e-15,17.33651913286479,4.902041981927059e-15,300000000000000.0,50,52000000000000.0
744000.0,18627009000000.0,2.9219461e+32,25.296146694606893,7.12157800731381e-15,-9.431568118902725,17.883303084585336,5.036546540575137e-15,17.33667802722907,4.882598477414658e-15,300000000000000.0,50,52000000000000.0
745000.0,18587703000000.0,2.8766028e+32,25.29637845205984,7.093218447762479e-15,-9.431568056688505,17.883466988880233,5.0164899834294746e-15,17.336836921593346,4.863154972902256e-15,300000000000000.0,50,52000000000000.0
746000.0,18548922000000.0,2.9035884e+32,25.29661020951279,7.064858888211147e-15,-9.431567994474285,17.883630893175134,4.996433426283812e-15,17.33699581595762,4.843711468389855e-15,300000000000000.0,50,52000000000000.0
747000.0,18510062000000.0,2.8265631e+32,25.29684196696574,7.036499328659816e-15,-9.431567932260064,17.88379479747003,4.9763768691381485e-15,17.3371547103219,4.824267963877454e-15,300000000000000.0,50,52000000000000.0
748000.0,18471770000000.0,2.7468346e+32,25.297073213221356,7.0081361415515705e-15,-9.431567870183695,17.88395834023398,4.956317746586782e-15,17.337313254205853,4.804821972374049e-15,300000000000000.0,50,52000000000000.0
749000.0,18434610000000.0,2.6729277e+32,25.297294264620792,6.97970060973644e-15,-9.431567810856478,17.8841146729524,4.93620746190948e-15,17.33746480842793,4.785326382576403e-15,300000000000000.0,50,52000000000000.0
750000.0,18396789000000.0,2.6082521e+32,25.297515316020228,6.95126507792131e-15,-9.431567751529263,17.884271005670815,4.9160971772321774e-15,17.33761636265001,4.7658307927787565e-15,300000000000000.0,50,52000000000000.0
751000.0,18359721000000.0,2.5446602e+32,25.29773636741966,6.922829546106179e-15,-9.431567692202048,17.884427338389234,4.895986892554875e-15,17.337767916872085,4.746335202981111e-15,300000000000000.0,50,52000000000000.0
752000.0,18322606000000.0,2.4857994e+32,25.297957418819095,6.8943940142910496e-15,-9.431567632874833,17.884583671107652,4.8758766078775726e-15,17.337919471094164,4.726839613183464e-15,300000000000000.0,50,52000000000000.0
753000.0,18284571000000.0,2.4392159e+32,25.298178470218527,6.865958482475919e-15,-9.431567573547618,17.884740003826067,4.85576632320027e-15,17.33807102531624,4.707344023385818e-15,300000000000000.0,50,52000000000000.0
754000.0,18246273000000.0,2.3988722e+32,25.298399521617963,6.837522950660789e-15,-9.431567514220403,17.884896336544486,4.835656038522968e-15,17.338222579538318,4.687848433588172e-15,300000000000000.0,50,52000000000000.0
755000.0,18207903000000.0,2.3512603e+32,25.298620573017395,6.809087418845658e-15,-9.431567454893187,17.8850526692629,4.815545753845666e-15,17.338374133760396,4.668352843790526e-15,300000000000000.0,50,52000000000000.0
756000.0,18169110000000.0,2.3010552e+32,25.29884162441683,6.780651887030528e-15,-9.431567395565972,17.88520900198132,4.795435469168364e-15,17.33852568798247,4.6488572539928795e-15,300000000000000.0,50,52000000000000.0
757000.0,18130224000000.0,2.2547535e+32,25.299062675816266,6.752216355215398e-15,-9.431567336238757,17.885365334699735,4.775325184491061e-15,17.33867724220455,4.629361664195234e-15,300000000000000.0,50,52000000000000.0
758000.0,18091962000000.0,2.2134914e+32,25.2992837272157,6.723780823400268e-15,-9.43156727691154,17.885521667418153,4.755214899813759e-15,17.338828796426625,4.609866074397587e-15,300000000000000.0,50,52000000000000.0
759000.0,18054540000000.0,2.1707769e+32,25.299504778615134,6.695345291585137e-15,-9.431567217584325,17.88567800013657,4.735104615136456e-15,17.338980350648704,4.5903704845999414e-15,300000000000000.0,50,52000000000000.0
760000.0,18017336000000.0,2.1310097e+32,25.299725830014566,6.666909759770007e-15,-9.43156715825711,17.885834332854987,4.714994330459154e-15,17.339131904870783,4.570874894802295e-15,300000000000000.0,50,52000000000000.0
761000.0,17979951000000.0,2.0935578e+32,25.299937256781607,6.636846939526565e-15,-9.431567101523592,17.885983858804373,4.693733190986873e-15,17.339276860380856,4.5502636274618014e-15,300000000000000.0,50,52000000000000.0
762000.0,17941358000000.0,2.0582022e+32,25.300147398845734,6.606566907643231e-15,-9.431567045136285,17.886132476181288,4.672318434581696e-15,17.339420935090065,4.529503438673546e-15,300000000000000.0,50,52000000000000.0
763000.0,17900010000000.0,2.0377201e+32,25.30035754090986,6.576286875759898e-15,-9.431566988748976,17.886281093558207,4.650903678176519e-15,17.339565009799273,4.50874324988529e-15,300000000000000.0,50,52000000000000.0
764000.0,17857111000000.0,2.0148448e+32,25.300567682973988,6.546006843876564e-15,-9.431566932361667,17.886429710935126,4.629488921771342e-15,17.339709084508485,4.4879830610970344e-15,300000000000000.0,50,52000000000000.0
765000.0,17815269000000.0,1.973356e+32,25.300777825038114,6.515726811993231e-15,-9.43156687597436,17.88657832831204,4.608074165366165e-15,17.339853159217693,4.4672228723087785e-15,300000000000000.0,50,52000000000000.0
766000.0,17773920000000.0,1.9443474e+32,25.30098796710224,6.485446780109897e-15,-9.43156681958705,17.88672694568896,4.586659408960988e-15,17.3399972339269,4.4464626835205225e-15,300000000000000.0,50,52000000000000.0
767000.0,17732988000000.0,1.9433766e+32,25.301198109166368,6.4551667482265635e-15,-9.431566763199742,17.88687556306588,4.565244652555811e-15,17.34014130863611,4.4257024947322666e-15,300000000000000.0,50,52000000000000.0
768000.0,17692076000000.0,1.9189815e+32,25.301408251230495,6.4248867163432305e-15,-9.431566706812434,17.887024180442793,4.543829896150634e-15,17.340285383345318,4.404942305944011e-15,300000000000000.0,50,52000000000000.0
769000.0,17647694000000.0,2.0397071e+32,25.301618393294618,6.394606684459897e-15,-9.431566650425125,17.887172797819712,4.5224151397454566e-15,17.34042945805453,4.384182117155755e-15,300000000000000.0,50,52000000000000.0
770000.0,17605133000000.0,2.0063952e+32,25.301828535358744,6.364326652576564e-15,-9.431566594037816,17.88732141519663,4.5010003833402796e-15,17.340573532763738,4.363421928367499e-15,300000000000000.0,50,52000000000000.0
771000.0,17563544000000.0,2.0217116e+32,25.30203867742287,6.33404662069323e-15,-9.43156653765051,17.887470032573546,4.4795856269351025e-15,17.340717607472946,4.342661739579243e-15,300000000000000.0,50,52000000000000.0
772000.0,17521611000000.0,2.068526e+32,25.302248819486998,6.303766588809896e-15,-9.4315664812632,17.887618649950465,4.4581708705299255e-15,17.340861682182155,4.321901550790987e-15,300000000000000.0,50,52000000000000.0
773000.0,17477794000000.0,2.1287937e+32,25.30245283598603,6.268183642717943e-15,-9.431566426525231,17.88776293518253,4.4330057704689784e-15,17.341001557163697,4.297505652082205e-15,300000000000000.0,50,52000000000000.0
774000.0,17432067000000.0,2.1867529e+32,25.30265117211835,6.227683191559566e-15,-9.43156637331673,17.887903203124583,4.404362897017296e-15,17.341137537648496,4.269738282282081e-15,300000000000000.0,50,52000000000000.0
775000.0,17384770000000.0,2.2452273e+32,25.302849508250667,6.187182740401189e-15,-9.43156632010823,17.888043471066638,4.375720023565615e-15,17.341273518133296,4.2419709124819564e-15,300000000000000.0,50,52000000000000.0
776000.0,17335752000000.0,2.3022958e+32,25.30304784438298,6.146682289242811e-15,-9.431566266899729,17.888183739008692,4.347077150113934e-15,17.341409498618095,4.214203542681831e-15,300000000000000.0,50,52000000000000.0
777000.0,17285922000000.0,2.3545372e+32,25.3032461805153,6.106181838084434e-15,-9.431566213691228,17.888324006950747,4.3184342766622525e-15,17.341545479102894,4.186436172881707e-15,300000000000000.0,50,52000000000000.0
778000.0,17237251000000.0,2.4178281e+32,25.303444516647616,6.065681386926057e-15,-9.431566160482726,17.8884642748928,4.289791403210571e-15,17.341681459587694,4.158668803081582e-15,300000000000000.0,50,52000000000000.0
779000.0,17189694000000.0,2.5129568e+32,25.30364285277993,6.02518093576768e-15,-9.431566107274225,17.888604542834855,4.26114852975889e-15,17.341817440072493,4.130901433281457e-15,300000000000000.0,50,52000000000000.0
780000.0,17142878000000.0,2.4165919e+32,25.303841188912248,5.9846804846093024e-15,-9.431566054065724,17.888744810776913,4.232505656307208e-15,17.341953420557292,4.1031340634813324e-15,300000000000000.0,50,52000000000000.0
781000.0,17094765000000.0,2.3833164e+32,25.304039525044566,5.944180033450925e-15,-9.431566000857224,17.888885078718967,4.2038627828555265e-15,17.34208940104209,4.075366693681208e-15,300000000000000.0,50,52000000000000.0
782000.0,17037661000000.0,2.3195295e+32,25.30423786117688,5.903679582292548e-15,-9.431565947648723,17.889025346661022,4.175219909403845e-15,17.34222538152689,4.047599323881083e-15,300000000000000.0,50,52000000000000.0
783000.0,16967070000000.0,2.399423e+32,25.304436197309197,5.863179131134171e-15,-9.431565894440222,17.889165614603076,4.146577035952164e-15,17.34236136201169,4.019831954080958e-15,300000000000000.0,50,52000000000000.0
784000.0,16881323000000.0,2.114115e+32,25.30463453344151,5.8226786799757934e-15,-9.431565841231722,17.88930588254513,4.117934162500483e-15,17.34249734249649,3.992064584280834e-15,300000000000000.0,50,52000000000000.0
785000.0,16782738000000.0,2.1122842e+32,25.30483286957383,5.782178228817416e-15,-9.431565788023219,17.889446150487185,4.0892912890488006e-15,17.34263332298129,3.9642972144807085e-15,300000000000000.0,50,52000000000000.0
786000.0,16688270000000.0,2.130788e+32,25.3050158901726,5.74658837653867e-15,-9.431565738932676,17.88957558692301,4.064121307733905e-15,17.34275880303779,3.939896583719648e-15,300000000000000.0,50,52000000000000.0
787000.0,16605757000000.0,2.152602e+32,25.30519817867832,5.711233254269055e-15,-9.431565690038973,17.889704505605373,4.039117333055463e-15,17.34288378116658,3.9156568854038455e-15,300000000000000.0,50,52000000000000.0
788000.0,16531132000000.0,2.0252842e+32,25.305380467184044,5.6758781319994395e-15,-9.43156564114527,17.889833424287737,4.0141133583770215e-15,17.34300875929537,3.891417187088044e-15,300000000000000.0,50,52000000000000.0
789000.0,16466973000000.0,2.0227333e+32,25.305562755689763,5.640523009729825e-15,-9.431565592251566,17.8899623429701,3.98910938369858e-15,17.34313373742416,3.867177488772242e-15,300000000000000.0,50,52000000000000.0
790000.0,16411742000000.0,2.0335156e+32,25.305745044195483,5.60516788746021e-15,-9.431565543357863,17.890091261652465,3.9641054090201374e-15,17.343258715552953,3.84293779045644e-15,300000000000000.0,50,52000000000000.0
791000.0,16360802000000.0,2.0422914e+32,25.305927332701202,5.569812765190595e-15,-9.43156549446416,17.89022018033483,3.939101434341696e-15,17.343383693681744,3.818698092140638e-15,300000000000000.0,50,52000000000000.0
792000.0,16314495000000.0,2.0391649e+32,25.30610962120692,5.53445764292098e-15,-9.431565445570456,17.89034909901719,3.914097459663254e-15,17.343508671810536,3.7944583938248355e-15,300000000000000.0,50,52000000000000.0
793000.0,16271608000000.0,2.041778e+32,25.30629190971264,5.499102520651366e-15,-9.431565396676753,17.890478017699554,3.8890934849848125e-15,17.343633649939328,3.770218695509034e-15,300000000000000.0,50,52000000000000.0
794000.0,16232413000000.0,2.0500201e+32,25.30647419821836,5.463747398381751e-15,-9.43156534778305,17.890606936381918,3.86408951030637e-15,17.34375862806812,3.745978997193232e-15,300000000000000.0,50,52000000000000.0
795000.0,16196628000000.0,2.0626671e+32,25.30665648672408,5.4283922761121355e-15,-9.431565298889346,17.890735855064282,3.839085535627928e-15,17.34388360619691,3.721739298877429e-15,300000000000000.0,50,52000000000000.0
796000.0,16163387000000.0,2.3827619e+32,25.3068387752298,5.393037153842521e-15,-9.431565249995643,17.890864773746646,3.814081560949487e-15,17.344008584325703,3.697499600561628e-15,300000000000000.0,50,52000000000000.0
797000.0,16132881000000.0,2.3083346e+32,25.30702106373552,5.357682031572906e-15,-9.43156520110194,17.89099369242901,3.789077586271045e-15,17.344133562454495,3.6732599022458255e-15,300000000000000.0,50,52000000000000.0
798000.0,16105590000000.0,2.2229717e+32,25.30720071071829,5.325488137950178e-15,-9.431565152918287,17.891120742964166,3.766309306447445e-15,17.34425672953823,3.651187562100207e-15,300000000000000.0,50,52000000000000.0
799000.0,16079053000000.0,2.1606879e+32,25.307368762492334,5.3071707491708706e-15,-9.431565107851473,17.891239593094777,3.75335481548476e-15,17.344371946872585,3.638629040632521e-15,300000000000000.0,50,52000000000000.0
800000.0,16051346000000.0,2.1085423e+32,25.307536814266378,5.288853360391562e-15,-9.431565062784658,17.891358443225386,3.740400324522075e-15,17.344487164206935,3.6260705191648354e-15,300000000000000.0,50,52000000000000.0
801000.0,16023199000000.0,2.0581482e+32,25.30770486604042,5.270535971612254e-15,-9.431565017717844,17.891477293355997,3.7274458335593895e-15,17.34460238154129,3.6135119976971504e-15,300000000000000.0,50,52000000000000.0
802000.0,15995298000000.0,2.0053402e+32,25.307872917814464,5.252218582832946e-15,-9.431564972651028,17.891596143486606,3.714491342596704e-15,17.34471759887564,3.6009534762294646e-15,300000000000000.0,50,52000000000000.0
803000.0,15967383000000.0,1.9614497e+32,25.308040969588507,5.233901194053637e-15,-9.431564927584214,17.891714993617214,3.701536851634019e-15,17.344832816209994,3.588394954761779e-15,300000000000000.0,50,52000000000000.0
804000.0,15939776000000.0,1.919528e+32,25.30820902136255,5.215583805274329e-15,-9.4315648825174,17.891833843747825,3.688582360671333e-15,17.344948033544345,3.575836433294093e-15,300000000000000.0,50,52000000000000.0
805000.0,15912614000000.0,1.8780591e+32,25.308377073136594,5.197266416495021e-15,-9.431564837450585,17.891952693878434,3.675627869708648e-15,17.3450632508787,3.563277911826407e-15,300000000000000.0,50,52000000000000.0
806000.0,15885933000000.0,1.8341259e+32,25.308545124910637,5.1789490277157125e-15,-9.431564792383769,17.892071544009045,3.662673378745963e-15,17.34517846821305,3.550719390358722e-15,300000000000000.0,50,52000000000000.0
807000.0,15858348000000.0,1.796882e+32,25.30871317668468,5.160631638936404e-15,-9.431564747316955,17.892190394139654,3.649718887783278e-15,17.345293685547404,3.5381608688910364e-15,300000000000000.0,50,52000000000000.0
808000.0,15829305000000.0,1.7670068e+32,25.308881228458723,5.142314250157096e-15,-9.43156470225014,17.892309244270265,3.636764396820593e-15,17.345408902881754,3.5256023474233506e-15,300000000000000.0,50,52000000000000.0
809000.0,15799663000000.0,1.7301527e+32,25.309049280232767,5.1239968613777876e-15,-9.431564657183326,17.892428094400874,3.6238099058579076e-15,17.34552412021611,3.513043825955665e-15,300000000000000.0,50,52000000000000.0
810000.0,15770766000000.0,1.689182e+32,25.30921733200681,5.105679472598479e-15,-9.43156461211651,17.89254694453148,3.610855414895222e-15,17.34563933755046,3.5004853044879794e-15,300000000000000.0,50,52000000000000.0
811000.0,15741888000000.0,1.6561618e+32,25.30938381697577,5.087565202523447e-15,-9.43156456747142,17.89266468658045,3.59804457440032e-15,17.345753480673007,3.4880660426399e-15,300000000000000.0,50,52000000000000.0
812000.0,15712718000000.0,1.6214673e+32,25.30954437276796,5.07021958371084e-15,-9.431564524422239,17.892778235375243,3.5857773426971534e-15,17.34586355871321,3.4761737735313472e-15,300000000000000.0,50,52000000000000.0
813000.0,15683829000000.0,1.6059548e+32,25.309704928560148,5.052873964898234e-15,-9.431564481373057,17.892891784170036,3.573510110993987e-15,17.34597363675341,3.464281504422794e-15,300000000000000.0,50,52000000000000.0
814000.0,15653281000000.0,1.5645992e+32,25.309865484352336,5.035528346085628e-15,-9.431564438323875,17.89300533296483,3.56124287929082e-15,17.346083714793608,3.4523892353142414e-15,300000000000000.0,50,52000000000000.0
815000.0,15624591000000.0,1.5371304e+32,25.310026040144525,5.018182727273022e-15,-9.431564395274693,17.893118881759623,3.5489756475876534e-15,17.34619379283381,3.4404969662056886e-15,300000000000000.0,50,52000000000000.0
816000.0,15597556000000.0,1.5438771e+32,25.310186595936713,5.0008371084604164e-15,-9.43156435222551,17.893232430554416,3.5367084158844867e-15,17.34630387087401,3.4286046970971355e-15,300000000000000.0,50,52000000000000.0
817000.0,15571032000000.0,1.5097e+32,25.3103471517289,4.98349148964781e-15,-9.43156430917633,17.89334597934921,3.52444118418132e-15,17.346413948914208,3.4167124279885828e-15,300000000000000.0,50,52000000000000.0
818000.0,15544813000000.0,1.474066e+32,25.31050770752109,4.966145870835204e-15,-9.431564266127149,17.893459528144003,3.5121739524781534e-15,17.34652402695441,3.40482015888003e-15,300000000000000.0,50,52000000000000.0
819000.0,15519566000000.0,1.4833909e+32,25.310668263313282,4.948800252022598e-15,-9.431564223077967,17.893573076938797,3.4999067207749867e-15,17.34663410499461,3.392927889771477e-15,300000000000000.0,50,52000000000000.0
820000.0,15493118000000.0,1.4629959e+32,25.31082881910547,4.931454633209992e-15,-9.431564180028785,17.89368662573359,3.4876394890718197e-15,17.346744183034808,3.3810356206629242e-15,300000000000000.0,50,52000000000000.0
821000.0,15466774000000.0,1.4452698e+32,25.31098937489766,4.914109014397385e-15,-9.431564136979603,17.893800174528383,3.475372257368653e-15,17.34685426107501,3.3691433515543715e-15,300000000000000.0,50,52000000000000.0
822000.0,15440665000000.0,1.4255329e+32,25.311149930689847,4.896763395584779e-15,-9.43156409393042,17.893913723323177,3.4631050256654863e-15,17.34696433911521,3.3572510824458183e-15,300000000000000.0,50,52000000000000.0
823000.0,15415136000000.0,1.4046754e+32,25.311310486482036,4.879417776772173e-15,-9.431564050881239,17.89402727211797,3.4508377939623196e-15,17.347074417155408,3.3453588133372656e-15,300000000000000.0,50,52000000000000.0
824000.0,15390191000000.0,1.3836571e+32,25.311470887672158,4.86208148653852e-15,-9.431564007873657,17.89414071157453,3.438577159665366e-15,17.347184389199427,3.3334729399773234e-15,300000000000000.0,50,52000000000000.0
825000.0,15364959000000.0,1.3656035e+32,25.311624229703032,4.845171140965335e-15,-9.43156396676555,17.894249158626778,3.426617764170543e-15,17.347289521437936,3.3218790976956572e-15,300000000000000.0,50,52000000000000.0
826000.0,15339017000000.0,1.3478041e+32,25.31177757173391,4.82826079539215e-15,-9.431563925657443,17.894357605679023,3.4146583686757203e-15,17.34739465367645,3.3102852554139907e-15,300000000000000.0,50,52000000000000.0
827000.0,15312012000000.0,1.3310956e+32,25.311930913764783,4.8113504498189646e-15,-9.431563884549337,17.89446605273127,3.4026989731808974e-15,17.34749978591496,3.298691413132324e-15,300000000000000.0,50,52000000000000.0
828000.0,15284267000000.0,1.3119101e+32,25.312084255795657,4.7944401042457794e-15,-9.43156384344123,17.89457449978352,3.3907395776860746e-15,17.34760491815347,3.2870975708506577e-15,300000000000000.0,50,52000000000000.0
829000.0,15256124000000.0,1.2929245e+32,25.31223759782653,4.777529758672594e-15,-9.431563802333123,17.894682946835765,3.3787801821912517e-15,17.34771005039198,3.275503728568991e-15,300000000000000.0,50,52000000000000.0
830000.0,15228296000000.0,1.2769432e+32,25.31239093985741,4.760619413099409e-15,-9.431563761225016,17.894791393888013,3.366820786696429e-15,17.34781518263049,3.2639098862873246e-15,300000000000000.0,50,52000000000000.0
831000.0,15200721000000.0,1.2612007e+32,25.312544281888282,4.743709067526224e-15,-9.431563720116909,17.89489984094026,3.354861391201606e-15,17.347920314869,3.252316044005658e-15,300000000000000.0,50,52000000000000.0
832000.0,15173004000000.0,1.2523509e+32,25.312697623919156,4.7267987219530386e-15,-9.431563679008802,17.895008287992507,3.342901995706783e-15,17.34802544710751,3.240722201723992e-15,300000000000000.0,50,52000000000000.0
833000.0,15144889000000.0,1.2392321e+32,25.312850965950034,4.7098883763798534e-15,-9.431563637900695,17.895116735044756,3.33094260021196e-15,17.348130579346023,3.2291283594423254e-15,300000000000000.0,50,52000000000000.0
834000.0,15117865000000.0,1.2295023e+32,25.313004307980908,4.692978030806668e-15,-9.431563596792587,17.895225182097,3.3189832047171373e-15,17.348235711584532,3.217534517160659e-15,300000000000000.0,50,52000000000000.0
835000.0,15090490000000.0,1.2160068e+32,25.31315765001178,4.676067685233483e-15,-9.43156355568448,17.89533362914925,3.3070238092223144e-15,17.348340843823042,3.2059406748789923e-15,300000000000000.0,50,52000000000000.0
836000.0,15064308000000.0,1.2059813e+32,25.313310992042656,4.659157339660298e-15,-9.431563514576373,17.895442076201494,3.2950644137274916e-15,17.348445976061555,3.194346832597326e-15,300000000000000.0,50,52000000000000.0
837000.0,15039072000000.0,1.1960969e+32,25.313464334073533,4.642246994087113e-15,-9.431563473468266,17.895550523253743,3.2831050182326687e-15,17.348551108300065,3.1827529903156593e-15,300000000000000.0,50,52000000000000.0
838000.0,15010990000000.0,1.1853321e+32,25.313613249556905,4.620955251579416e-15,-9.431563433550775,17.895655839747125,3.2680469975172043e-15,17.34865320566898,3.168155235995877e-15,300000000000000.0,50,52000000000000.0
839000.0,14981688000000.0,1.1699515e+32,25.313759444461425,4.5969706799905314e-15,-9.43156339436504,17.895759232182932,3.2510845458107647e-15,17.348753437791444,3.1517112618940297e-15,300000000000000.0,50,52000000000000.0
840000.0,14955564000000.0,1.2140522e+32,25.313905639365945,4.5729861084016464e-15,-9.431563355179307,17.89586262461874,3.234122094104325e-15,17.348853669913904,3.135267287792183e-15,300000000000000.0,50,52000000000000.0
841000.0,14915906000000.0,1.383722e+32,25.31405183427046,4.5490015368127614e-15,-9.431563315993571,17.895966017054548,3.217159642397886e-15,17.348953902036367,3.118823313690336e-15,300000000000000.0,50,52000000000000.0
842000.0,14870256000000.0,1.3068812e+32,25.31419802917498,4.5250169652238764e-15,-9.431563276807838,17.896069409490355,3.2001971906914464e-15,17.34905413415883,3.102379339588489e-15,300000000000000.0,50,52000000000000.0
843000.0,14831654000000.0,1.2927692e+32,25.314344224079502,4.501032393634992e-15,-9.431563237622104,17.896172801926163,3.1832347389850068e-15,17.349154366281294,3.0859353654866422e-15,300000000000000.0,50,52000000000000.0
844000.0,14795747000000.0,1.3266446e+32,25.314490418984022,4.477047822046107e-15,-9.43156319843637,17.89627619436197,3.166272287278567e-15,17.349254598403753,3.0694913913847955e-15,300000000000000.0,50,52000000000000.0
845000.0,14758905000000.0,1.3284686e+32,25.314636613888542,4.453063250457222e-15,-9.431563159250635,17.896379586797778,3.149309835572128e-15,17.349354830526217,3.0530474172829483e-15,300000000000000.0,50,52000000000000.0
846000.0,14723825000000.0,1.3434837e+32,25.314782808793062,4.429078678868337e-15,-9.4315631200649,17.896482979233586,3.1323473838656884e-15,17.34945506264868,3.0366034431811016e-15,300000000000000.0,50,52000000000000.0
847000.0,14690194000000.0,1.4472269e+32,25.314929003697582,4.405094107279453e-15,-9.431563080879167,17.896586371669397,3.115384932159249e-15,17.34955529477114,3.020159469079255e-15,300000000000000.0,50,52000000000000.0
848000.0,14651030000000.0,1.680324e+32,25.315075198602102,4.381109535690568e-15,-9.431563041693433,17.896689764105204,3.0984224804528092e-15,17.349655526893603,3.0037154949774077e-15,300000000000000.0,50,52000000000000.0
849000.0,14598140000000.0,1.7281015e+32,25.315221393506622,4.357124964101683e-15,-9.431563002507698,17.896793156541012,3.08146002874637e-15,17.349755759016066,2.987271520875561e-15,300000000000000.0,50,52000000000000.0
850000.0,14540769000000.0,1.6422859e+32,25.315367588411142,4.333140392512798e-15,-9.431562963321964,17.89689654897682,3.0644975770399304e-15,17.349855991138526,2.970827546773714e-15,300000000000000.0,50,52000000000000.0
851000.0,14489808000000.0,1.5372081e+32,25.315513783315662,4.309155820923914e-15,-9.43156292413623,17.896999941412627,3.047535125333491e-15,17.34995622326099,2.954383572671867e-15,300000000000000.0,50,52000000000000.0
852000.0,14448363000000.0,1.4782561e+32,25.315649683771397,4.2939085788211096e-15,-9.43156288771552,17.897096053372746,3.036751917019561e-15,17.350049397444202,2.9439299660046464e-15,300000000000000.0,50,52000000000000.0
853000.0,14412544000000.0,1.4326322e+32,25.31578557676121,4.2786676733600365e-15,-9.431562851296816,17.89719216005279,3.025973190126598e-15,17.35014256650873,2.933480703778405e-15,300000000000000.0,50,52000000000000.0
854000.0,14381316000000.0,1.4513738e+32,25.31592146975102,4.263426767898963e-15,-9.431562814878111,17.897288266732836,3.0151944632336347e-15,17.35023573557326,2.923031441552164e-15,300000000000000.0,50,52000000000000.0
855000.0,14354251000000.0,1.3800097e+32,25.316057362740835,4.24818586243789e-15,-9.431562778459407,17.89738437341288,3.0044157363406715e-15,17.350328904637788,2.9125821793259228e-15,300000000000000.0,50,52000000000000.0
856000.0,14329319000000.0,1.348331e+32,25.31619325573065,4.232944956976817e-15,-9.431562742040702,17.897480480092923,2.9936370094477082e-15,17.350422073702315,2.902132917099682e-15,300000000000000.0,50,52000000000000.0
857000.0,14304756000000.0,1.3239236e+32,25.31632914872046,4.217704051515744e-15,-9.431562705622,17.897576586772967,2.982858282554745e-15,17.350515242766846,2.891683654873441e-15,300000000000000.0,50,52000000000000.0
858000.0,14283311000000.0,1.3539592e+32,25.316465041710273,4.202463146054671e-15,-9.431562669203295,17.89767269345301,2.9720795556617818e-15,17.350608411831374,2.8812343926471996e-15,300000000000000.0,50,52000000000000.0
859000.0,14262280000000.0,1.311281e+32,25.316600934700087,4.187222240593598e-15,-9.43156263278459,17.897768800133054,2.9613008287688185e-15,17.3507015808959,2.8707851304209586e-15,300000000000000.0,50,52000000000000.0
860000.0,14241276000000.0,1.279227e+32,25.316736827689898,4.171981335132526e-15,-9.431562596365886,17.897864906813098,2.9505221018758553e-15,17.350794749960432,2.8603358681947173e-15,300000000000000.0,50,52000000000000.0
861000.0,14219558000000.0,1.2520298e+32,25.31687272067971,4.1567404296714525e-15,-9.431562559947182,17.89796101349314,2.939743374982892e-15,17.35088791902496,2.8498866059684763e-15,300000000000000.0,50,52000000000000.0
862000.0,14197355000000.0,1.2271129e+32,25.317008613669525,4.1414995242103795e-15,-9.431562523528477,17.898057120173185,2.928964648089929e-15,17.350981088089487,2.839437343742235e-15,300000000000000.0,50,52000000000000.0
863000.0,14175143000000.0,1.2095134e+32,25.317144506659336,4.126258618749306e-15,-9.431562487109773,17.89815322685323,2.9181859211969656e-15,17.351074257154018,2.828988081515994e-15,300000000000000.0,50,52000000000000.0
864000.0,14151247000000.0,1.2020524e+32,25.31728039964915,4.111017713288233e-15,-9.431562450691068,17.898249333533272,2.9074071943040024e-15,17.351167426218545,2.8185388192897527e-15,300000000000000.0,50,52000000000000.0
865000.0,14127413000000.0,1.1768449e+32,25.317415243677548,4.095831636245821e-15,-9.431562414554293,17.89834469836313,2.896667243445644e-15,17.351259876108422,2.8081271478622957e-15,300000000000000.0,50,52000000000000.0
866000.0,14105610000000.0,1.1453269e+32,25.317544483878194,4.080938467036191e-15,-9.431562379923651,17.89843610003416,2.8861344443625414e-15,17.351348483978164,2.797916296368611e-15,300000000000000.0,50,52000000000000.0
867000.0,14081265000000.0,1.1337773e+32,25.317673724078837,4.066045297826561e-15,-9.431562345293012,17.898527501705196,2.8756016452794387e-15,17.351437091847902,2.7877054448749266e-15,300000000000000.0,50,52000000000000.0
868000.0,14055049000000.0,1.1416226e+32,25.317802964279483,4.051152128616931e-15,-9.43156231066237,17.898618903376228,2.865068846196336e-15,17.351525699717644,2.777494593381242e-15,300000000000000.0,50,52000000000000.0
869000.0,14025713000000.0,1.1488042e+32,25.317932204480126,4.036258959407301e-15,-9.431562276031729,17.898710305047263,2.8545360471132333e-15,17.351614307587386,2.767283741887558e-15,300000000000000.0,50,52000000000000.0
870000.0,13998339000000.0,1.1325785e+32,25.318061444680772,4.021365790197671e-15,-9.431562241401087,17.898801706718295,2.84400324803013e-15,17.351702915457125,2.7570728903938734e-15,300000000000000.0,50,52000000000000.0
871000.0,13970748000000.0,1.120174e+32,25.318190684881415,4.006472620988041e-15,-9.431562206770447,17.89889310838933,2.8334704489470275e-15,17.351791523326867,2.746862038900189e-15,300000000000000.0,50,52000000000000.0
872000.0,13942891000000.0,1.095951e+32,25.31831992508206,3.991579451778411e-15,-9.431562172139806,17.898984510060362,2.8229376498639248e-15,17.351880131196605,2.7366511874065044e-15,300000000000000.0,50,52000000000000.0
873000.0,13917687000000.0,1.0634005e+32,25.318449165282704,3.976686282568781e-15,-9.431562137509165,17.899075911731398,2.812404850780822e-15,17.351968739066347,2.72644033591282e-15,300000000000000.0,50,52000000000000.0
874000.0,13892262000000.0,1.0412337e+32,25.31857840548335,3.9617931133591514e-15,-9.431562102878525,17.89916731340243,2.8018720516977193e-15,17.352057346936085,2.7162294844191357e-15,300000000000000.0,50,52000000000000.0
875000.0,13867051000000.0,1.0302627e+32,25.318707645683993,3.9468999441495215e-15,-9.431562068247883,17.899258715073465,2.7913392526146166e-15,17.352145954805827,2.7060186329254512e-15,300000000000000.0,50,52000000000000.0
876000.0,13840942000000.0,1.0301189e+32,25.31883688588464,3.9320067749398915e-15,-9.431562033617242,17.899350116744497,2.780806453531514e-15,17.35223456267557,2.6958077814317667e-15,300000000000000.0,50,52000000000000.0
877000.0,13813659000000.0,1.0237439e+32,25.318966126085282,3.9171136057302616e-15,-9.4315619989866,17.899441518415532,2.770273654448411e-15,17.352323170545308,2.685596929938082e-15,300000000000000.0,50,52000000000000.0
878000.0,13787686000000.0,1.0052296e+32,25.31909536628593,3.9022204365206316e-15,-9.43156196435596,17.899532920086564,2.7597408553653085e-15,17.35241177841505,2.675386078444398e-15,300000000000000.0,50,52000000000000.0
879000.0,13763540000000.0,9.7912003e+31,25.31922400570506,3.8872932849567936e-15,-9.431561929886731,17.8996238968708,2.7491840232299858e-15,17.352499974385164,2.665151928497458e-15,300000000000000.0,50,52000000000000.0
880000.0,13738478000000.0,9.6333305e+31,25.31934663916713,3.872026414949759e-15,-9.431561897031122,17.899710626101133,2.7383869349006537e-15,17.35258405263294,2.6546848660742265e-15,300000000000000.0,50,52000000000000.0
881000.0,13713086000000.0,9.4943441e+31,25.319469272629203,3.856759544942724e-15,-9.431561864175512,17.899797355331465,2.7275898465713216e-15,17.352668130880712,2.6442178036509944e-15,300000000000000.0,50,52000000000000.0
882000.0,13683756000000.0,9.3714396e+31,25.319591906091276,3.8414926749356885e-15,-9.431561831319902,17.899884084561798,2.7167927582419896e-15,17.352752209128482,2.6337507412277627e-15,300000000000000.0,50,52000000000000.0
883000.0,13654342000000.0,9.2505148e+31,25.31971453955335,3.826225804928654e-15,-9.431561798464292,17.89997081379213,2.705995669912657e-15,17.352836287376256,2.623283678804531e-15,300000000000000.0,50,52000000000000.0
884000.0,13626584000000.0,9.1647914e+31,25.31983717301542,3.810958934921618e-15,-9.431561765608683,17.900057543022466,2.695198581583325e-15,17.35292036562403,2.612816616381299e-15,300000000000000.0,50,52000000000000.0
885000.0,13599239000000.0,9.1413835e+31,25.319959806477492,3.795692064914583e-15,-9.431561732753073,17.9001442722528,2.684401493253993e-15,17.353004443871804,2.6023495539580672e-15,300000000000000.0,50,52000000000000.0
886000.0,13572043000000.0,9.2706071e+31,25.320082439939565,3.780425194907548e-15,-9.431561699897463,17.90023100148313,2.673604404924661e-15,17.353088522119574,2.5918824915348356e-15,300000000000000.0,50,52000000000000.0
887000.0,13543716000000.0,9.3525797e+31,25.320205073401638,3.765158324900513e-15,-9.431561667041853,17.900317730713464,2.662807316595329e-15,17.353172600367348,2.5814154291116035e-15,300000000000000.0,50,52000000000000.0
888000.0,13515991000000.0,9.3124642e+31,25.320327706863708,3.749891454893478e-15,-9.431561634186243,17.900404459943797,2.6520102282659968e-15,17.35325667861512,2.5709483666883718e-15,300000000000000.0,50,52000000000000.0
889000.0,13488231000000.0,9.2720638e+31,25.32045034032578,3.7346245848864426e-15,-9.431561601330634,17.90049118917413,2.6412131399366643e-15,17.353340756862895,2.56048130426514e-15,300000000000000.0,50,52000000000000.0
890000.0,13460940000000.0,9.2262099e+31,25.320572973787854,3.719357714879408e-15,-9.431561568475024,17.900577918404462,2.6304160516073323e-15,17.353424835110665,2.550014241841908e-15,300000000000000.0,50,52000000000000.0
891000.0,13433944000000.0,9.1854709e+31,25.320695607249927,3.704090844872372e-15,-9.431561535619414,17.900664647634795,2.6196189632780002e-15,17.35350891335844,2.5395471794186763e-15,300000000000000.0,50,52000000000000.0
892000.0,13407375000000.0,9.0790422e+31,25.320818240711997,3.6888239748653374e-15,-9.431561502763804,17.900751376865127,2.608821874948668e-15,17.353592991606213,2.5290801169954446e-15,300000000000000.0,50,52000000000000.0
893000.0,13379911000000.0,9.2345821e+31,25.32094087417407,3.673557104858302e-15,-9.431561469908194,17.90083810609546,2.598024786619336e-15,17.353677069853987,2.5186130545722125e-15,300000000000000.0,50,52000000000000.0
894000.0,13352621000000.0,9.3362175e+31,25.321058033158618,3.658995031232127e-15,-9.431561438522706,17.900920963646964,2.5877261471171428e-15,17.353757394765417,2.5086292052921594e-15,300000000000000.0,50,52000000000000.0
895000.0,13325748000000.0,9.4941462e+31,25.321173783949643,3.6446142515634386e-15,-9.431561407515376,17.901002825291002,2.5775557230299694e-15,17.353836754210487,2.498769652369771e-15,300000000000000.0,50,52000000000000.0
896000.0,13299178000000.0,9.6731446e+31,25.32128953474067,3.63023347189475e-15,-9.431561376508046,17.90108468693504,2.567385298942796e-15,17.353916113655558,2.488910099447383e-15,300000000000000.0,50,52000000000000.0
897000.0,13272556000000.0,9.8517837e+31,25.321405285531696,3.6158526922260614e-15,-9.431561345500716,17.901166548579077,2.557214874855622e-15,17.353995473100625,2.479050546524994e-15,300000000000000.0,50,52000000000000.0
898000.0,13245673000000.0,1.0005126e+32,25.321521036322725,3.601471912557372e-15,-9.431561314493385,17.901248410223115,2.5470444507684488e-15,17.354074832545695,2.469190993602606e-15,300000000000000.0,50,52000000000000.0
899000.0,13218733000000.0,1.0134483e+32,25.32163678711375,3.5870911328886835e-15,-9.431561283486054,17.901330271867153,2.536874026681275e-15,17.354154191990762,2.4593314406802172e-15,300000000000000.0,50,52000000000000.0
900000.0,13191848000000.0,1.0257548e+32,25.32175253790478,3.572710353219995e-15,-9.431561252478724,17.90141213351119,2.5267036025941016e-15,17.354233551435833,2.449471887757829e-15,300000000000000.0,50,52000000000000.0
901000.0,13165160000000.0,1.0363547e+32,25.321868288695804,3.558329573551306e-15,-9.431561221471394,17.901493995155228,2.516533178506928e-15,17.354312910880903,2.4396123348354403e-15,300000000000000.0,50,52000000000000.0
902000.0,13138802000000.0,1.0478691e+32,25.321984039486832,3.5439487938826173e-15,-9.431561190464064,17.901575856799266,2.5063627544197544e-15,17.35439227032597,2.429752781913052e-15,300000000000000.0,50,52000000000000.0
903000.0,13112669000000.0,1.0602706e+32,25.32209979027786,3.5295680142139287e-15,-9.431561159456734,17.901657718443303,2.496192330332581e-15,17.35447162977104,2.4198932289906633e-15,300000000000000.0,50,52000000000000.0
904000.0,13086555000000.0,1.0725596e+32,25.322215541068886,3.5151872345452398e-15,-9.431561128449404,17.901739580087337,2.4860219062454072e-15,17.354550989216108,2.410033676068275e-15,300000000000000.0,50,52000000000000.0
905000.0,13060352000000.0,1.0833455e+32,25.322331291859914,3.500806454876551e-15,-9.431561097442072,17.901821441731375,2.475851482158234e-15,17.35463034866118,2.4001741231458863e-15,300000000000000.0,50,52000000000000.0
906000.0,13034108000000.0,1.0926118e+32,25.32244704265094,3.4864256752078622e-15,-9.431561066434742,17.901903303375413,2.46568105807106e-15,17.35470970810625,2.390314570223498e-15,300000000000000.0,50,52000000000000.0
907000.0,13007814000000.0,1.0996134e+32,25.322562793441968,3.4720448955391736e-15,-9.431561035427412,17.90198516501945,2.4555106339838866e-15,17.354789067551316,2.3804550173011098e-15,300000000000000.0,50,52000000000000.0
908000.0,12981510000000.0,1.1063767e+32,25.322676782773996,3.457725045988143e-15,-9.43156100489298,17.902065780918445,2.445383301236049e-15,17.354867219329027,2.3706372385797947e-15,300000000000000.0,50,52000000000000.0
909000.0,12955156000000.0,1.1110119e+32,25.322785944914916,3.4435721724059126e-15,-9.431560975654502,17.902142982914864,2.4353740581688e-15,17.354942061554173,2.3609339399869147e-15,300000000000000.0,50,52000000000000.0
910000.0,12928885000000.0,1.1128383e+32,25.322895107055835,3.429419298823682e-15,-9.431560946416022,17.90222018491128,2.425364815101551e-15,17.35501690377932,2.351230641394035e-15,300000000000000.0,50,52000000000000.0
911000.0,12902843000000.0,1.1141765e+32,25.323004269196755,3.4152664252414516e-15,-9.431560917177544,17.902297386907698,2.4153555720343018e-15,17.355091746004465,2.3415273428011552e-15,300000000000000.0,50,52000000000000.0
912000.0,12877086000000.0,1.1187854e+32,25.323113431337678,3.401113551659221e-15,-9.431560887939066,17.902374588904117,2.4053463289670527e-15,17.35516658822961,2.3318240442082757e-15,300000000000000.0,50,52000000000000.0
913000.0,12851247000000.0,1.1325158e+32,25.323222593478597,3.3869606780769906e-15,-9.431560858700587,17.902451790900532,2.3953370858998033e-15,17.355241430454758,2.3221207456153957e-15,300000000000000.0,50,52000000000000.0
914000.0,12824718000000.0,1.1519163e+32,25.323331755619517,3.37280780449476e-15,-9.431560829462107,17.90252899289695,2.3853278428325542e-15,17.355316272679907,2.312417447022516e-15,300000000000000.0,50,52000000000000.0
915000.0,12794673000000.0,1.203816e+32,25.323440917760436,3.3586549309125296e-15,-9.431560800223629,17.90260619489337,2.375318599765305e-15,17.355391114905053,2.3027141484296362e-15,300000000000000.0,50,52000000000000.0
916000.0,12762432000000.0,1.1720609e+32,25.323550079901356,3.344502057330299e-15,-9.43156077098515,17.902683396889785,2.365309356698056e-15,17.3554659571302,2.2930108498367567e-15,300000000000000.0,50,52000000000000.0
917000.0,12731851000000.0,1.0828915e+32,25.323659242042275,3.3303491837480686e-15,-9.431560741746672,17.902760598886204,2.355300113630807e-15,17.355540799355346,2.2833075512438767e-15,300000000000000.0,50,52000000000000.0
918000.0,12704677000000.0,1.0463508e+32,25.323768404183195,3.316196310165838e-15,-9.431560712508192,17.902837800882622,2.345290870563558e-15,17.355615641580492,2.273604252650997e-15,300000000000000.0,50,52000000000000.0
919000.0,12678671000000.0,1.0711368e+32,25.323877566324114,3.3020434365836076e-15,-9.431560683269714,17.902915002879038,2.335281627496309e-15,17.35569048380564,2.2639009540581172e-15,300000000000000.0,50,52000000000000.0
920000.0,12652519000000.0,1.0458726e+32,25.323986728465034,3.287890563001377e-15,-9.431560654031236,17.902992204875456,2.3252723844290595e-15,17.355765326030784,2.2541976554652377e-15,300000000000000.0,50,52000000000000.0
921000.0,12628159000000.0,1.0240453e+32,25.324095890605953,3.2737376894191466e-15,-9.431560624792757,17.903069406871875,2.3152631413618105e-15,17.35584016825593,2.2444943568723577e-15,300000000000000.0,50,52000000000000.0
922000.0,12604206000000.0,9.9970573e+31,25.324205052746873,3.259584815836916e-15,-9.431560595554277,17.903146608868294,2.3052538982945614e-15,17.355915010481077,2.234791058279478e-15,300000000000000.0,50,52000000000000.0
923000.0,12577246000000.0,9.8159197e+31,25.324310900303324,3.246373499105072e-15,-9.43156056720535,17.903221466713084,2.2959105462964903e-15,17.355987580206392,2.2257332969995807e-15,300000000000000.0,50,52000000000000.0
924000.0,12549422000000.0,9.5848127e+31,25.324413472744194,3.234092527501223e-15,-9.431560539735383,17.90329400831957,2.287225156174785e-15,17.356057904491994,2.217313386205107e-15,300000000000000.0,50,52000000000000.0
925000.0,12523236000000.0,9.3331373e+31,25.32451604518506,3.2218115558973745e-15,-9.431560512265417,17.90336654992606,2.2785397660530798e-15,17.356128228777596,2.2088934754106325e-15,300000000000000.0,50,52000000000000.0
926000.0,12498028000000.0,9.102796e+31,25.32461861762593,3.209530584293526e-15,-9.43156048479545,17.903439091532544,2.269854375931374e-15,17.356198553063198,2.2004735646161586e-15,300000000000000.0,50,52000000000000.0
927000.0,12473161000000.0,8.903798e+31,25.3247211900668,3.1972496126896774e-15,-9.431560457325482,17.90351163313903,2.261168985809669e-15,17.3562688773488,2.1920536538216843e-15,300000000000000.0,50,52000000000000.0
928000.0,12448716000000.0,8.7088352e+31,25.32482376250767,3.1849686410858284e-15,-9.431560429855514,17.903584174745514,2.2524835956879636e-15,17.356339201634402,2.1836337430272104e-15,300000000000000.0,50,52000000000000.0
929000.0,12424356000000.0,8.5212662e+31,25.32492633494854,3.17268766948198e-15,-9.431560402385548,17.903656716352003,2.243798205566258e-15,17.356409525920004,2.175213832232736e-15,300000000000000.0,50,52000000000000.0
930000.0,12400243000000.0,8.3448424e+31,25.32502890738941,3.1604066978781312e-15,-9.43156037491558,17.90372925795849,2.2351128154445527e-15,17.356479850205606,2.166793921438262e-15,300000000000000.0,50,52000000000000.0
931000.0,12376515000000.0,8.182322e+31,25.32513147983028,3.1481257262742826e-15,-9.431560347445613,17.903801799564974,2.2264274253228475e-15,17.356550174491208,2.158374010643788e-15,300000000000000.0,50,52000000000000.0
932000.0,12353152000000.0,8.0302898e+31,25.325234052271146,3.1358447546704337e-15,-9.431560319975645,17.90387434117146,2.217742035201142e-15,17.35662049877681,2.149954099849314e-15,300000000000000.0,50,52000000000000.0
933000.0,12330305000000.0,7.8940855e+31,25.325336624712016,3.123563783066585e-15,-9.431560292505678,17.903946882777948,2.2090566450794366e-15,17.356690823062415,2.1415341890548397e-15,300000000000000.0,50,52000000000000.0
934000.0,12307694000000.0,7.7718921e+31,25.325439197152885,3.1112828114627365e-15,-9.431560265035712,17.904019424384433,2.2003712549577313e-15,17.356761147348017,2.1331142782603658e-15,300000000000000.0,50,52000000000000.0
935000.0,12285085000000.0,7.7144759e+31,25.325541769593755,3.0990018398588875e-15,-9.431560237565744,17.90409196599092,2.1916858648360257e-15,17.35683147163362,2.1246943674658915e-15,300000000000000.0,50,52000000000000.0
936000.0,12262626000000.0,7.6227154e+31,25.325644342034625,3.086720868255039e-15,-9.431560210095776,17.904164507597404,2.1830004747143204e-15,17.35690179591922,2.1162744566714175e-15,300000000000000.0,50,52000000000000.0
937000.0,12240309000000.0,7.5454596e+31,25.325746914475495,3.0744398966511903e-15,-9.431560182625809,17.904237049203893,2.174315084592615e-15,17.356972120204823,2.1078545458769432e-15,300000000000000.0,50,52000000000000.0
938000.0,12218395000000.0,7.4516919e+31,25.325846590075773,3.0632005787301142e-15,-9.431560155933216,17.904307542097015,2.1663663762790476e-15,17.357040458398433,2.1001487993308793e-15,300000000000000.0,50,52000000000000.0
939000.0,12197942000000.0,7.3717175e+31,25.32594335138447,3.0530091895686047e-15,-9.43156013002268,17.904375973935025,2.159158787654456e-15,17.35710679853554,2.0931615192649327e-15,300000000000000.0,50,52000000000000.0
940000.0,12177252000000.0,7.2390572e+31,25.326040112693164,3.042817800407095e-15,-9.431560104112142,17.90444440577303,2.1519511990298647e-15,17.35717313867265,2.086174239198986e-15,300000000000000.0,50,52000000000000.0
941000.0,12156428000000.0,6.9515549e+31,25.32613687400186,3.0326264112455853e-15,-9.431560078201606,17.90451283761104,2.1447436104052733e-15,17.357239478809756,2.0791869591330394e-15,300000000000000.0,50,52000000000000.0
942000.0,12135316000000.0,7.149985e+31,25.326233635310555,3.0224350220840754e-15,-9.43156005229107,17.904581269449046,2.137536021780682e-15,17.357305818946866,2.0721996790670928e-15,300000000000000.0,50,52000000000000.0
943000.0,12114269000000.0,7.2670328e+31,25.326330396619248,3.012243632922566e-15,-9.431560026380533,17.904649701287056,2.1303284331560904e-15,17.357372159083972,2.065212399001146e-15,300000000000000.0,50,52000000000000.0
944000.0,12092941000000.0,7.3430218e+31,25.326427157927945,3.002052243761056e-15,-9.431560000469997,17.904718133125062,2.123120844531499e-15,17.35743849922108,2.0582251189351995e-15,300000000000000.0,50,52000000000000.0
945000.0,12071457000000.0,7.2291573e+31,25.32652391923664,2.991860854599546e-15,-9.43155997455946,17.90478656496307,2.1159132559069075e-15,17.35750483935819,2.051237838869253e-15,300000000000000.0,50,52000000000000.0
946000.0,12050586000000.0,7.1081139e+31,25.326620680545336,2.9816694654380366e-15,-9.431559948648923,17.904854996801078,2.108705667282316e-15,17.357571179495295,2.044250558803306e-15,300000000000000.0,50,52000000000000.0
947000.0,12030092000000.0,7.0275006e+31,25.32671744185403,2.9714780762765267e-15,-9.431559922738387,17.904923428639087,2.1014980786577247e-15,17.357637519632405,2.037263278737359e-15,300000000000000.0,50,52000000000000.0
948000.0,12010039000000.0,6.9342944e+31,25.326814203162723,2.961286687115017e-15,-9.431559896827851,17.904991860477093,2.0942904900331332e-15,17.35770385976951,2.0302759986714126e-15,300000000000000.0,50,52000000000000.0
949000.0,11991087000000.0,7.2306194e+31,25.32691096447142,2.9510952979535073e-15,-9.431559870917315,17.905060292315103,2.0870829014085418e-15,17.35777019990662,2.023288718605466e-15,300000000000000.0,50,52000000000000.0
950000.0,11971467000000.0,7.1553102e+31,25.327007725780113,2.9409039087919978e-15,-9.431559845006777,17.90512872415311,2.0798753127839503e-15,17.357836540043728,2.0163014385395193e-15,300000000000000.0,50,52000000000000.0
951000.0,11951266000000.0,7.0764802e+31,25.327104487088807,2.930712519630488e-15,-9.431559819096242,17.905197155991118,2.072667724159359e-15,17.357902880180834,2.0093141584735726e-15,300000000000000.0,50,52000000000000.0
952000.0,11930872000000.0,7.0419358e+31,25.327201248397504,2.920521130468978e-15,-9.431559793185706,17.905265587829124,2.0654601355347674e-15,17.357969220317944,2.002326878407626e-15,300000000000000.0,50,52000000000000.0
953000.0,11910969000000.0,6.9870464e+31,25.327296784733665,2.910614790232323e-15,-9.431559767603906,17.905333153337924,2.0584541401902734e-15,17.35803472060623,1.9955350296822892e-15,300000000000000.0,50,52000000000000.0
954000.0,11891493000000.0,6.8947042e+31,25.327388645226115,2.9015638122747864e-15,-9.431559743008565,17.905398119204136,2.0520530770959448e-15,17.35809770071311,1.989329622730064e-15,300000000000000.0,50,52000000000000.0
955000.0,11872207000000.0,6.7909835e+31,25.327480505718565,2.89251283431725e-15,-9.431559718413224,17.905463085070345,2.0456520140016157e-15,17.35816068081999,1.983124215777839e-15,300000000000000.0,50,52000000000000.0
956000.0,11853345000000.0,6.6575685e+31,25.327572366211015,2.8834618563597136e-15,-9.431559693817883,17.905528050936557,2.0392509509072867e-15,17.358223660926868,1.976918808825614e-15,300000000000000.0,50,52000000000000.0
957000.0,11835570000000.0,6.4968532e+31,25.327664226703465,2.874410878402177e-15,-9.431559669222542,17.905593016802765,2.0328498878129576e-15,17.358286641033747,1.970713401873389e-15,300000000000000.0,50,52000000000000.0
958000.0,11816416000000.0,6.3919699e+31,25.327756087195915,2.8653599004446404e-15,-9.431559644627201,17.905657982668977,2.0264488247186285e-15,17.358349621140626,1.964507994921164e-15,300000000000000.0,50,52000000000000.0
959000.0,11798452000000.0,6.316897e+31,25.32784794768837,2.856308922487104e-15,-9.43155962003186,17.905722948535185,2.0200477616243e-15,17.358412601247508,1.958302587968939e-15,300000000000000.0,50,52000000000000.0
960000.0,11779490000000.0,6.2302368e+31,25.32793980818082,2.8472579445295676e-15,-9.43155959543652,17.905787914401394,2.013646698529971e-15,17.358475581354387,1.952097181016714e-15,300000000000000.0,50,52000000000000.0
961000.0,11761179000000.0,6.143922e+31,25.32803166867327,2.8382069665720307e-15,-9.43155957084118,17.905852880267606,2.0072456354356418e-15,17.358538561461266,1.945891774064489e-15,300000000000000.0,50,52000000000000.0
962000.0,11743105000000.0,6.0615793e+31,25.32812352916572,2.8291559886144943e-15,-9.43155954624584,17.905917846133814,2.0008445723413127e-15,17.358601541568145,1.939686367112264e-15,300000000000000.0,50,52000000000000.0
963000.0,11725292000000.0,5.9842212e+31,25.32821538965817,2.820105010656958e-15,-9.431559521650499,17.905982812000026,1.9944435092469836e-15,17.358664521675024,1.933480960160039e-15,300000000000000.0,50,52000000000000.0
964000.0,11707317000000.0,5.9085651e+31,25.32830725015062,2.811054032699421e-15,-9.431559497055158,17.906047777866235,1.988042446152655e-15,17.358727501781903,1.9272755532078138e-15,300000000000000.0,50,52000000000000.0
965000.0,11688737000000.0,5.8360641e+31,25.32839911064307,2.8020030547418847e-15,-9.431559472459817,17.906112743732447,1.981641383058326e-15,17.358790481888782,1.9210701462555887e-15,300000000000000.0,50,52000000000000.0
966000.0,11669435000000.0,5.761491e+31,25.32849097113552,2.7929520767843483e-15,-9.431559447864476,17.906177709598655,1.975240319963997e-15,17.35885346199566,1.9148647393033637e-15,300000000000000.0,50,52000000000000.0
967000.0,11649904000000.0,5.6898382e+31,25.32858283162797,2.7839010988268115e-15,-9.431559423269135,17.906242675464863,1.9688392568696678e-15,17.35891644210254,1.9086593323511387e-15,300000000000000.0,50,52000000000000.0
968000.0,11630559000000.0,5.6238254e+31,25.32867469212042,2.774850120869275e-15,-9.431559398673794,17.906307641331075,1.962438193775339e-15,17.35897942220942,1.9024539253989136e-15,300000000000000.0,50,52000000000000.0
969000.0,11611451000000.0,5.5599177e+31,25.32876322021931,2.765864147023292e-15,-9.431559374972673,17.906370250450696,1.956083103315921e-15,17.359040117606487,1.8962930858731027e-15,300000000000000.0,50,52000000000000.0
970000.0,11592269000000.0,5.5027706e+31,25.328850657501878,2.75689945144023e-15,-9.431559351564264,17.906432088119523,1.949743061409425e-15,17.359100065133074,1.890146834923219e-15,300000000000000.0,50,52000000000000.0
971000.0,11573035000000.0,5.4419054e+31,25.32893809478444,2.7479347558571676e-15,-9.431559328155855,17.90649392578835,1.9434030195029283e-15,17.35916001265966,1.884000583973335e-15,300000000000000.0,50,52000000000000.0
972000.0,11553863000000.0,5.38258e+31,25.329025532067003,2.7389700602741055e-15,-9.431559304747445,17.906555763457177,1.937062977596432e-15,17.35921996018625,1.877854333023451e-15,300000000000000.0,50,52000000000000.0
973000.0,11534696000000.0,5.3256819e+31,25.329112969349566,2.7300053646910434e-15,-9.431559281339036,17.906617601126,1.9307229356899356e-15,17.359279907712835,1.871708082073567e-15,300000000000000.0,50,52000000000000.0
974000.0,11515596000000.0,5.2710515e+31,25.329200406632133,2.7210406691079813e-15,-9.431559257930624,17.90667943879483,1.924382893783439e-15,17.359339855239423,1.8655618311236834e-15,300000000000000.0,50,52000000000000.0
975000.0,11496603000000.0,5.2181198e+31,25.329287843914695,2.7120759735249193e-15,-9.431559234522215,17.906741276463656,1.918042851876943e-15,17.359399802766006,1.8594155801737996e-15,300000000000000.0,50,52000000000000.0
976000.0,11477667000000.0,5.1621592e+31,25.329375281197258,2.703111277941857e-15,-9.431559211113806,17.906803114132483,1.9117028099704463e-15,17.359459750292594,1.8532693292239154e-15,300000000000000.0,50,52000000000000.0
977000.0,11458456000000.0,5.1097724e+31,25.329462718479824,2.694146582358795e-15,-9.431559187705396,17.90686495180131,1.9053627680639497e-15,17.35951969781918,1.8471230782740317e-15,300000000000000.0,50,52000000000000.0
978000.0,11438332000000.0,4.9121008e+31,25.329550155762387,2.685181886775733e-15,-9.431559164296985,17.906926789470134,1.8990227261574535e-15,17.359579645345768,1.840976827324148e-15,300000000000000.0,50,52000000000000.0
979000.0,11419068000000.0,5.1378772e+31,25.32963759304495,2.6762171911926706e-15,-9.431559140888575,17.90698862713896,1.892682684250957e-15,17.359639592872355,1.8348305763742637e-15,300000000000000.0,50,52000000000000.0
980000.0,11400846000000.0,4.9508151e+31,25.329725030327513,2.6672524956096085e-15,-9.431559117480166,17.90705046480779,1.886342642344461e-15,17.359699540398942,1.82868432542438e-15,300000000000000.0,50,52000000000000.0
981000.0,11381164000000.0,4.8943506e+31,25.32981246761008,2.6582878000265464e-15,-9.431559094071757,17.907112302476616,1.8800026004379642e-15,17.35975948792553,1.822538074474496e-15,300000000000000.0,50,52000000000000.0
982000.0,11363216000000.0,4.8426038e+31,25.329899904892642,2.6493231044434843e-15,-9.431559070663347,17.90717414014544,1.8736625585314677e-15,17.359819435452117,1.8163918235246124e-15,300000000000000.0,50,52000000000000.0
983000.0,11343775000000.0,4.8912445e+31,25.329987342175205,2.6403584088604222e-15,-9.431559047254936,17.907235977814267,1.8673225166249715e-15,17.359879382978704,1.810245572574728e-15,300000000000000.0,50,52000000000000.0
984000.0,11326210000000.0,4.8945406e+31,25.330074758218633,2.631395790689838e-15,-9.431559023852225,17.90729780046228,1.860983943913947e-15,17.359939315943606,1.8041007459126014e-15,300000000000000.0,50,52000000000000.0
985000.0,11307199000000.0,4.8710988e+31,25.33015774319941,2.6228665773711764e-15,-9.431559001638185,17.90735648935939,1.854951885413669e-15,17.359996210944445,1.798253064488134e-15,300000000000000.0,50,52000000000000.0
986000.0,11289112000000.0,4.8625636e+31,25.330240728180186,2.6143373640525144e-15,-9.431558979424146,17.9074151782565,1.8489198269133913e-15,17.360053105945283,1.7924053830636663e-15,300000000000000.0,50,52000000000000.0
987000.0,11271510000000.0,4.8491715e+31,25.330323713160965,2.605808150733853e-15,-9.431558957210106,17.90747386715361,1.842887768413113e-15,17.360110000946126,1.786557701639199e-15,300000000000000.0,50,52000000000000.0
988000.0,11251681000000.0,4.7748568e+31,25.33040669814174,2.5972789374151912e-15,-9.431558934996065,17.907532556050718,1.8368557099128352e-15,17.360166895946964,1.780710020214731e-15,300000000000000.0,50,52000000000000.0
989000.0,11233845000000.0,4.7540414e+31,25.33048968312252,2.5887497240965296e-15,-9.431558912782027,17.907591244947824,1.8308236514125574e-15,17.360223790947803,1.7748623387902636e-15,300000000000000.0,50,52000000000000.0
990000.0,11216279000000.0,4.7852603e+31,25.330572668103294,2.5802205107778676e-15,-9.431558890567986,17.907649933844933,1.824791592912279e-15,17.36028068594864,1.769014657365796e-15,300000000000000.0,50,52000000000000.0
991000.0,11196570000000.0,4.7265619e+31,25.330655653084072,2.571691297459206e-15,-9.431558868353948,17.907708622742042,1.8187595344120013e-15,17.36033758094948,1.7631669759413286e-15,300000000000000.0,50,52000000000000.0
992000.0,11178109000000.0,4.6574919e+31,25.330738638064847,2.5631620841405444e-15,-9.431558846139907,17.90776731163915,1.8127274759117235e-15,17.360394475950322,1.757319294516861e-15,300000000000000.0,50,52000000000000.0
993000.0,11160532000000.0,4.6880494e+31,25.330821623045626,2.5546328708218828e-15,-9.431558823925869,17.90782600053626,1.8066954174114452e-15,17.36045137095116,1.7514716130923935e-15,300000000000000.0,50,52000000000000.0
994000.0,11143744000000.0,4.6600381e+31,25.3309046080264,2.5461036575032208e-15,-9.431558801711828,17.90788468943337,1.8006633589111674e-15,17.360508265952,1.745623931667926e-15,300000000000000.0,50,52000000000000.0
995000.0,11124051000000.0,4.6706742e+31,25.33098759300718,2.537574444184559e-15,-9.43155877949779,17.90794337833048,1.7946313004108895e-15,17.360565160952838,1.7397762502434582e-15,300000000000000.0,50,52000000000000.0
996000.0,11105417000000.0,4.6441924e+31,25.331070577987955,2.5290452308658975e-15,-9.43155875728375,17.90800206722759,1.7885992419106113e-15,17.360622055953677,1.7339285688189906e-15,300000000000000.0,50,52000000000000.0
997000.0,11087267000000.0,4.732104e+31,25.331153562968733,2.520516017547236e-15,-9.43155873506971,17.908060756124694,1.7825671834103335e-15,17.360678950954515,1.728080887394523e-15,300000000000000.0,50,52000000000000.0
998000.0,11068765000000.0,4.8479284e+31,25.33123654794951,2.511986804228574e-15,-9.43155871285567,17.908119445021804,1.7765351249100556e-15,17.360735845955357,1.7222332059700555e-15,300000000000000.0,50,52000000000000.0
999000.0,11049118000000.0,5.0126239e+31,25.331319532930287,2.5034575909099123e-15,-9.431558690641632,17.908178133918913,1.7705030664097776e-15,17.360792740956196,1.716385524545588e-15,300000000000000.0,50,52000000000000.0
1000000.0,11028890000000.0,5.0504839e+31,25.331402517911062,2.4949283775912507e-15,-9.431558668427591,17.908236822816022,1.7644710079094995e-15,17.360849635957035,1.7105378431211205e-15,300000000000000.0,50,52000000000000.0
2000000.0,,5.0504839E+29,,,,,,,,,,