t[yr],B[G],L[erg/s],P_fill[s],Pdot_fill[s/s],chi[rad],P_vac[s],Pdot_vac[s/s],P_vacObs[s],Pdot_vacObs[s/s],bpol,etor,btorAvg
0.0,100000000000000.0,3.1186781e+36,0.001,9.091174054220272e-09,1.0471975511965976,0.001,2.597478301205792e-09,0.001,2.441114974508591e-09,300000000000000.0,50,52000000000000.0
1.0,99940345000000.0,1.70137e+35,0.01797582410401124,2.970408884339568e-10,0.17088702269206382,0.012217876293583197,2.1237247336371523e-10,0.011846750377421491,2.0584058717172204e-10,300000000000000.0,50,52000000000000.0
2.0,99932394000000.0,1.4106017e+35,0.025659679985326856,2.051484850055608e-10,0.12085088732622891,0.017709364129325538,1.4649411427526822e-10,0.017169657171711178,1.4200309968719936e-10,300000000000000.0,50,52000000000000.0
3.0,99924251000000.0,1.2376601e+35,0.03147842384313607,1.6640570981080654e-10,0.09875174775671296,0.02186144825439364,1.1865097941834802e-10,0.02119452142261259,1.1501724152100607e-10,300000000000000.0,50,52000000000000.0
4.0,99915878000000.0,1.1208271e+35,0.036361565814997755,1.4369024061612665e-10,0.08556573801099397,0.0253413671692791,1.0234097663155272e-10,0.024567893241793353,9.920829538749271e-11,300000000000000.0,50,52000000000000.0
5.0,99907264000000.0,1.0347771e+35,0.040654142416414935,1.283107813915734e-10,0.07655620566735287,0.02839747377782668,9.131149013515985e-11,0.027530465258588963,8.851724570004047e-11,300000000000000.0,50,52000000000000.0
6.0,99898410000000.0,9.6795102e+34,0.0445299166197094,1.1700849231824818e-10,0.06989852826016651,0.031154813740146184,8.321486852357726e-11,0.03020343506519382,8.066888569946916e-11,300000000000000.0,50,52000000000000.0
7.0,99889324000000.0,9.1413204e+34,0.048090771238897524,1.0825031139831623e-10,0.06472079529755517,0.03368665029803421,7.694676066593156e-11,0.0326578143546106,7.459287728624092e-11,300000000000000.0,50,52000000000000.0
8.0,99880021000000.0,8.6971683e+34,0.051403038851309125,1.0120363808689791e-10,0.060544498296900284,0.03604064079045243,7.190770214192011e-11,0.0349397971611404,6.970819562931054e-11,300000000000000.0,50,52000000000000.0
9.0,99870518000000.0,8.3229594e+34,0.054512756407882404,9.537270121673446e-11,0.05708258307471051,0.03824983265464298,6.77409755885758e-11,0.037081416862083556,6.566908616336752e-11,300000000000000.0,50,52000000000000.0
10.0,99860836000000.0,8.0020774e+34,0.05745229987547517,9.044695880772888e-11,0.05415432732041732,0.040337452063153804,6.422327963349215e-11,0.039105187238680124,6.225910571695986e-11,300000000000000.0,50,52000000000000.0
20.0,99756589000000.0,6.762649e+34,0.08114870744211415,6.380833225380436e-11,0.03828083977663154,0.05714878894902421,4.523622799243085e-11,0.05540245848971645,4.385313896495963e-11,300000000000000.0,50,52000000000000.0
30.0,99647642000000.0,5.8473333e+34,0.09929605526944557,5.200753332970656e-11,0.03124647578853008,0.07000971660002449,3.6845657314573137e-11,0.06787018539478631,3.57192144466093e-11,300000000000000.0,50,52000000000000.0
40.0,99535672000000.0,5.2143066e+34,0.1145687037354403,4.496236968725033e-11,0.02705536230178274,0.08082786549460906,3.1842445508418433e-11,0.07835761047643444,3.0869006140976224e-11,300000000000000.0,50,52000000000000.0
50.0,99421819000000.0,4.7560166e+34,0.12800144026873989,4.014583958424761e-11,0.02419729623546469,0.09033983187661039,2.8424444598318543e-11,0.08757879533814775,2.755551961415851e-11,300000000000000.0,50,52000000000000.0
60.0,99306689000000.0,4.4091628e+34,0.14012392352955688,3.658450182715926e-11,0.022089749035029103,0.09892220810118654,2.5898453705900042e-11,0.09589881377551807,2.5106762139220255e-11,300000000000000.0,50,52000000000000.0
70.0,99190175000000.0,4.1375546e+34,0.15125376591116657,3.381017560108176e-11,0.02045260739160667,0.10680064092988174,2.3931403299153824e-11,0.10353641175931469,2.3199852384819275e-11,300000000000000.0,50,52000000000000.0
80.0,99072780000000.0,3.9188333e+34,0.16159305870548443,3.157073879726678e-11,0.019134848106243416,0.11411863044864672,2.2344053082555844e-11,0.11063070117118859,2.166103215370694e-11,300000000000000.0,50,52000000000000.0
90.0,98954865000000.0,3.7258516e+34,0.1712874357650058,2.971191727172389e-11,0.01804405531751466,0.12097953831855876,2.10267874092092e-11,0.11728188310610621,2.038403811197637e-11,300000000000000.0,50,52000000000000.0
100.0,98836672000000.0,3.5802626e+34,0.18044107893906178,2.813618312822539e-11,0.017121869518338224,0.1274572821171102,1.991033978096233e-11,0.12356161500949922,1.9301721962938783e-11,300000000000000.0,50,52000000000000.0
200.0,97644271000000.0,3.1064454e+34,0.2536283142535645,1.9534279318375986e-11,0.012149548207359348,0.17923823826886004,1.3818801275299755e-11,0.17375975993127976,1.3396400928564505e-11,300000000000000.0,50,52000000000000.0
300.0,96489564000000.0,2.5802484e+34,0.3087753891751337,1.5667751960194312e-11,0.00996462322751499,0.2182475146736403,1.1082224645048678e-11,0.21157664266767065,1.0743476578296999e-11,300000000000000.0,50,52000000000000.0
400.0,95416929000000.0,1.7551767e+34,0.3544758985088465,1.3345537660088634e-11,0.00867071396650693,0.2505716684871731,9.43904767062114e-12,0.24291275307527424,9.15052758784902e-12,300000000000000.0,50,52000000000000.0
500.0,94446907000000.0,1.1976368e+34,0.39410996758228944,1.1760540335515867e-11,0.007792463549686747,0.2786035434921588,8.317670175647405e-12,0.2700877886852108,8.063427553235052e-12,300000000000000.0,50,52000000000000.0
600.0,93566371000000.0,8.895637e+33,0.4294383739666147,1.0592766417318708e-11,0.007146789683085652,0.3035893091476135,7.491548532993538e-12,0.2943098259367037,7.262558036941633e-12,300000000000000.0,50,52000000000000.0
700.0,92755855000000.0,7.0730063e+33,0.4615110323327417,9.686573553278686e-12,0.0066465364166936845,0.3262719172812971,6.850517738882017e-12,0.3162991063212938,6.641121594655465e-12,300000000000000.0,50,52000000000000.0
800.0,91999873000000.0,5.9091584e+33,0.49101272377243266,8.956422427844672e-12,0.006244240382648442,0.3471358899016298,6.3340409948085245e-12,0.336525341239116,6.140431914334208e-12,300000000000000.0,50,52000000000000.0
900.0,91287574000000.0,5.1333699e+33,0.5184060024515968,8.352562584257706e-12,0.00591196440092586,0.36650848813608045,5.906912684542928e-12,0.35530578832818727,5.726359535781424e-12,300000000000000.0,50,52000000000000.0
1000.0,90610168000000.0,4.5778866e+33,0.5440451112073493,7.841409630698794e-12,0.005631312474523976,0.3846403247203222,5.545369317858054e-12,0.3728833998075744,5.375867359516464e-12,300000000000000.0,50,52000000000000.0
2000.0,85091081000000.0,2.9478561e+33,0.7418056784597133,5.072116607364575e-12,0.004120794320583682,0.5244908368698656,3.5867747879815734e-12,0.508459192580062,3.4771403177557857e-12,300000000000000.0,50,52000000000000.0
3000.0,80898644000000.0,2.6519774e+33,0.8816409719746888,3.857006248579833e-12,0.0034630587902175734,0.6233751970937457,2.7274536867826007e-12,0.6043210243118653,2.6440855719320947e-12,300000000000000.0,50,52000000000000.0
4000.0,77459395000000.0,2.5254509e+33,0.9919395811511693,3.143235230071039e-12,0.0030755927081560206,0.7013716778364238,2.2226945059021823e-12,0.6799334433191689,2.154755035047577e-12,300000000000000.0,50,52000000000000.0
5000.0,74580465000000.0,2.3871175e+33,1.0837282600479183,2.667300376554253e-12,0.00281350449617881,0.7662785605113155,1.886132582123952e-12,0.7428563652595503,1.8284805696423046e-12,300000000000000.0,50,52000000000000.0
6000.0,72131830000000.0,2.2977713e+33,1.162717105506133,2.3251501206558115e-12,0.0026211998687693805,0.822133965953821,1.6441804845162737e-12,0.7970044802100442,1.593924052085747e-12,300000000000000.0,50,52000000000000.0
7000.0,70012461000000.0,2.2516694e+33,1.2322563370642423,2.0672028752723875e-12,0.0024724166548007335,0.8713070860170395,1.4617741071479828e-12,0.8446745624733071,1.417093160271151e-12,300000000000000.0,50,52000000000000.0
8000.0,68145339000000.0,2.2232561e+33,1.2945368145090075,1.8640974322485322e-12,0.0023527684886074877,0.9153472204008625,1.3181497374094076e-12,0.8873685553459651,1.2778588528408087e-12,300000000000000.0,50,52000000000000.0
9000.0,66491303000000.0,2.2046607e+33,1.3510350445316248,1.7002538344850498e-12,0.0022538011554256226,0.9552984933113855,1.202289579203697e-12,0.9260986680066976,1.165540107572903e-12,300000000000000.0,50,52000000000000.0
10000.0,65015501000000.0,2.1922011e+33,1.4028007370452353,1.5658878298025396e-12,0.0021701747767030404,0.991903210565554,1.1072744978623443e-12,0.9615845167289845,1.073429282417646e-12,300000000000000.0,50,52000000000000.0
11000.0,63687417000000.0,2.1841077e+33,1.4506616978544633,1.4529874903106707e-12,0.002098173560429984,1.0257467536664595,1.0274387976754343e-12,0.99439359007468,9.960338610836323e-13,300000000000000.0,50,52000000000000.0
12000.0,62485174000000.0,2.1777458e+33,1.4952239566315817,1.356809863651582e-12,0.0020352854758514467,1.057257673771581,9.594284629792762e-13,1.0249413399846319,9.301023477931055e-13,300000000000000.0,50,52000000000000.0
13000.0,61387774000000.0,2.1731364e+33,1.5369457945264409,1.2740428735718385e-12,0.0019797336656578856,1.0867600413135703,9.009013436994032e-13,1.0535419312639949,8.733641833427308e-13,300000000000000.0,50,52000000000000.0
14000.0,60382869000000.0,2.1693592e+33,1.5762098202899972,1.2020492351793727e-12,0.0019301549646836985,1.1145244144752842,8.499924843670913e-13,1.080457652140063,8.240114170401467e-13,300000000000000.0,50,52000000000000.0
15000.0,59459462000000.0,2.1637313e+33,1.6133364214860577,1.1387112580848328e-12,0.0018854954597056423,1.140777351559703,8.052043695549495e-13,1.1059081358737564,7.805923069408124e-13,300000000000000.0,50,52000000000000.0
16000.0,58608820000000.0,2.1570841e+33,1.6485697631312608,1.082704702542143e-12,0.0018449821343728778,1.1656915107356591,7.656005658247342e-13,1.1300607631182389,7.421990429017583e-13,300000000000000.0,50,52000000000000.0
17000.0,57819101000000.0,2.1473153e+33,1.6821205596404094,1.0327382312274701e-12,0.0018079886362392975,1.1894158956532244,7.302679157509378e-13,1.1530599830387684,7.079463793181861e-13,300000000000000.0,50,52000000000000.0
18000.0,57088921000000.0,2.1352225e+33,1.7141850398832494,9.878288083201545e-13,0.0017739777140919713,1.2120892663139515,6.985112744599467e-13,1.17504031426273,6.771604193055424e-13,300000000000000.0,50,52000000000000.0
19000.0,56407481000000.0,2.1224521e+33,1.7448711630999758,9.475493023066318e-13,0.001742626272618269,1.233787964560231,6.700285952259622e-13,1.1960757651476233,6.495483485875528e-13,300000000000000.0,50,52000000000000.0
20000.0,55771451000000.0,2.1100023e+33,1.7743473609016571,9.109152345075362e-13,0.0017135260179987383,1.2546310935542515,6.441237213128924e-13,1.2162817983181915,6.244352893339885e-13,300000000000000.0,50,52000000000000.0
21000.0,55174812000000.0,2.0982694e+33,1.8027136898860292,8.774667163016176e-13,0.0016864219877705774,1.2746894065024212,6.204714482077303e-13,1.2357270043202413,6.015059773199495e-13,300000000000000.0,50,52000000000000.0
22000.0,54602749000000.0,2.0881618e+33,1.8300604549313,8.465250947469593e-13,0.0016610903198519254,1.2940267608068707,5.985918812799708e-13,1.2544732886743002,5.802951864936762e-13,300000000000000.0,50,52000000000000.0
23000.0,54054374000000.0,2.0757048e+33,1.8564676583970163,8.177778579327165e-13,0.0016373356656699907,1.3126997286137867,5.782640319157725e-13,1.2725754943279763,5.605886830379327e-13,300000000000000.0,50,52000000000000.0
24000.0,53528253000000.0,2.062856e+33,1.8819922806579124,7.910529452686896e-13,0.00161501379250817,1.3307486025593893,5.593662285771521e-13,1.2900726823224786,5.422685144608891e-13,300000000000000.0,50,52000000000000.0
25000.0,53022184000000.0,2.0478806e+33,1.9066914870536353,7.661537991335757e-13,0.0015939891754435758,1.3482138059911795,5.417594780529082e-13,1.3070040404150611,5.251999360548519e-13,300000000000000.0,50,52000000000000.0
26000.0,52541259000000.0,2.0334371e+33,1.9306376505315277,7.429691234076154e-13,0.0015741144182167062,1.3651465157943508,5.253650771304707e-13,1.32341918120563,5.093066502727437e-13,300000000000000.0,50,52000000000000.0
27000.0,52086881000000.0,2.0181704e+33,1.9538734584749713,7.214733332271076e-13,0.001555297119629867,1.3815769174324162,5.101649316180207e-13,1.3393473675013103,4.945711159975989e-13,300000000000000.0,50,52000000000000.0
28000.0,51658043000000.0,2.0048578e+33,1.976440485036891,7.015826815120724e-13,0.001537453215267631,1.3975344091166142,4.960998202535727e-13,1.354817098920377,4.809359221410644e-13,300000000000000.0,50,52000000000000.0
29000.0,51253689000000.0,1.9918633e+33,1.9984035073953137,6.830621055011784e-13,0.0015204707440290457,1.413064796370676,4.830035239142315e-13,1.3698727808838875,4.682399302747288e-13,300000000000000.0,50,52000000000000.0
30000.0,50875134000000.0,1.9794446e+33,2.0198003873238437,6.658782702616045e-13,0.0015042810756729962,1.4281948522082961,4.708524692067233e-13,1.3845403680551087,4.564602875572946e-13,300000000000000.0,50,52000000000000.0
31000.0,50523838000000.0,1.9678016e+33,2.040669813725806,6.499957775931852e-13,0.0014888189484619711,1.442951934481542,4.596216239330498e-13,1.3988463820594317,4.45572726932664e-13,300000000000000.0,50,52000000000000.0
32000.0,50199646000000.0,1.9575943e+33,2.0610507679395855,6.353193621728001e-13,0.0014740226892826435,1.4573636077917744,4.4924362313115644e-13,1.4128175449520428,4.3551194253315773e-13,300000000000000.0,50,52000000000000.0
33000.0,49894545000000.0,1.9487826e+33,2.0809795432983234,6.216119686663855e-13,0.0014598361133059752,1.471455535978722,4.395508402539965e-13,1.4264787361256468,4.2611543152375144e-13,300000000000000.0,50,52000000000000.0
34000.0,49606701000000.0,1.9403928e+33,2.1004871545709394,6.08762993178897e-13,0.0014462099246470741,1.485249650302561,4.3046506463713295e-13,1.4398512164842925,4.1730737384596386e-13,300000000000000.0,50,52000000000000.0
35000.0,49338501000000.0,1.932335e+33,2.119603204560285,5.967479058643529e-13,0.0014330985461906752,1.4987668835759107,4.2196894995460025e-13,1.452955279003277,4.090709533867045e-13,300000000000000.0,50,52000000000000.0
36000.0,49090558000000.0,1.9243842e+33,2.1383532308256026,5.855437710495699e-13,0.001420464265573878,1.512025293969816,4.140462773006135e-13,1.46580842988332,4.0139044699187614e-13,300000000000000.0,50,52000000000000.0
37000.0,48862918000000.0,1.9165177e+33,2.1567401518278277,5.752393886697899e-13,0.0014083000794599188,1.5250269452151526,4.0675983798102934e-13,1.4784126697747777,3.943267266748713e-13,300000000000000.0,50,52000000000000.0
38000.0,48655156000000.0,1.9082878e+33,2.174819504652282,5.656121523614858e-13,0.0013965333836931122,1.5378111087226842,3.9995222279022597e-13,1.4908060697093095,3.8772719463619135e-13,300000000000000.0,50,52000000000000.0
39000.0,48466179000000.0,1.8994943e+33,2.192609642879959,5.56629033613232e-13,0.0013851398613485665,1.5503907626871216,3.9360007634783426e-13,1.5030012111870943,3.815692093817993e-13,300000000000000.0,50,52000000000000.0
40000.0,48294201000000.0,1.8907873e+33,2.210105439633524,5.483526184341479e-13,0.001374125544685877,1.5627622817911488,3.8774765394868943e-13,1.5149945797031026,3.758956734895861e-13,300000000000000.0,50,52000000000000.0
41000.0,48136921000000.0,1.8817761e+33,2.227366197647621,5.405103799446056e-13,0.00136341478017528,1.5749676001979898,3.822022471131958e-13,1.5268268276511645,3.7051976885120966e-13,300000000000000.0,50,52000000000000.0
42000.0,47993643000000.0,1.8721423e+33,2.2443616467172687,5.33274237919976e-13,0.0013530457062130691,1.586985313233514,3.770854229237448e-13,1.538477204617396,3.655593467024375e-13,300000000000000.0,50,52000000000000.0
43000.0,47862153000000.0,1.8622253e+33,2.26115539329295,5.263705889638964e-13,0.0013429372146881637,1.5988603983070422,3.722037117482024e-13,1.5499893132211557,3.608268510478563e-13,300000000000000.0,50,52000000000000.0
44000.0,47739443000000.0,1.8520752e+33,2.277713036734747,5.19918310221628e-13,0.001333132450306786,1.6105685300324337,3.6764117355016404e-13,1.561339571611708,3.564037724552496e-13,300000000000000.0,50,52000000000000.0
45000.0,47629633000000.0,1.8414406e+33,2.294084848281559,5.138200750757279e-13,0.0013235669228992995,1.6221452562255445,3.633289866382968e-13,1.5725624410420915,3.522233928532261e-13,300000000000000.0,50,52000000000000.0
46000.0,47532900000000.0,1.8307174e+33,2.3102656280509994,5.081341014506992e-13,0.0013142478629705884,1.633586899935771,3.5930831766365856e-13,1.5836543569522379,3.4832562058394715e-13,300000000000000.0,50,52000000000000.0
47000.0,47444367000000.0,1.8199883e+33,2.3262627680681542,5.027696730742133e-13,0.0013051674656994277,1.6448986881958607,3.555150197983291e-13,1.5946203866042161,3.4464826954575034e-13,300000000000000.0,50,52000000000000.0
48000.0,47361421000000.0,1.8086395e+33,2.3421025489603884,4.976108170541093e-13,0.0012962916156121227,1.6560992045764322,3.518670867105485e-13,1.6054785455388925,3.411118400309353e-13,300000000000000.0,50,52000000000000.0
49000.0,47282244000000.0,1.7969098e+33,2.357782335198213,4.92639326266822e-13,0.0012876225303736348,1.6671865854509094,3.4835164387989433e-13,1.6162270270937193,3.3770385104453587e-13,300000000000000.0,50,52000000000000.0
50000.0,47204017000000.0,1.7846418e+33,2.3732951271726157,4.878127965101397e-13,0.0012791673709991415,1.6781558812693498,3.449387067648062e-13,1.6268610330078281,3.3439523455905157e-13,300000000000000.0,50,52000000000000.0
51000.0,47128397000000.0,1.7719761e+33,2.388663143629937,4.831238572658613e-13,0.0012708952784849612,1.6890228033841856,3.4162306326617777e-13,1.6373957943967627,3.3118093778994437e-13,300000000000000.0,50,52000000000000.0
52000.0,47055170000000.0,1.7589095e+33,2.403889335718002,4.785631254628284e-13,0.0012628007462479923,1.699789438628665,3.3839807841519333e-13,1.647833334307119,3.2805452857441427e-13,300000000000000.0,50,52000000000000.0
53000.0,46982321000000.0,1.745998e+33,2.4189764781522514,4.741028434622138e-13,0.0012548784726824642,1.7104577490773964,3.3524412435843823e-13,1.6581755548402537,3.2499697900841335e-13,300000000000000.0,50,52000000000000.0
54000.0,46909151000000.0,1.7326565e+33,2.433916826475169,4.697247200430442e-13,0.001247135418632693,1.7210222584948471,3.321482671736845e-13,1.668417147148486,3.219957505107759e-13,300000000000000.0,50,52000000000000.0
55000.0,46834474000000.0,1.7190492e+33,2.4487167022009646,4.654056281479035e-13,0.0012395608575698888,1.7314874369787294,3.2909415331372924e-13,1.6785624446954481,3.190349894005517e-13,300000000000000.0,50,52000000000000.0
56000.0,46760123000000.0,1.704972e+33,2.463383708883213,4.611679190761212e-13,0.0012321427419041185,1.7418586611800366,3.2609758754230113e-13,1.6886166597881371,3.1613001734975846e-13,300000000000000.0,50,52000000000000.0
57000.0,46686014000000.0,1.6907587e+33,2.4779197363395284,4.570118832614196e-13,0.0012248766392222233,1.7521372674471225,3.231587751720579e-13,1.698581087927746,3.132810333954966e-13,300000000000000.0,50,52000000000000.0
58000.0,46612318000000.0,1.6764141e+33,2.492326781362215,4.5293141083669476e-13,0.0012177581493511083,1.7623246677706794,3.2027339578535706e-13,1.7084570979457079,3.1048384917902567e-13,300000000000000.0,50,52000000000000.0
59000.0,46537822000000.0,1.6620368e+33,2.506606737603585,4.4890093502753496e-13,0.0012107830093678737,1.7724222012090272,3.174233707494783e-13,1.7182459879703504,3.0772093866313015e-13,300000000000000.0,50,52000000000000.0
60000.0,46459881000000.0,1.6479721e+33,2.5207607882486025,4.448594076879037e-13,0.0012039473833609273,1.7824307044395058,3.145655321282329e-13,1.7279485691049097,3.0495045339224314e-13,300000000000000.0,50,52000000000000.0
61000.0,46372207000000.0,1.6340119e+33,2.5347882945333495,4.407340885504975e-13,0.00119724837339386,1.7923497258164802,3.1164844436107917e-13,1.7375644035088085,3.0212252999643376e-13,300000000000000.0,50,52000000000000.0
62000.0,46275742000000.0,1.6200013e+33,2.548686458795974,4.3651734173824795e-13,0.001190684133451812,1.8021772871110273,3.0866670801033476e-13,1.7470915734200607,2.9923193407843296e-13,300000000000000.0,50,52000000000000.0
63000.0,46172462000000.0,1.6058256e+33,2.562452368450897,4.3224038057939967e-13,0.0011842528651790515,1.811911328830404,3.0564239438305653e-13,1.756528082296787,2.9630006230893425e-13,300000000000000.0,50,52000000000000.0
64000.0,46063391000000.0,1.5916596e+33,2.5760841813720377,4.2792828573101473e-13,0.001177952269946302,1.8215505484168455,3.025932382924177e-13,1.7658726673954475,2.9334410741497493e-13,300000000000000.0,50,52000000000000.0
65000.0,45949608000000.0,1.5774997e+33,2.589580944525953,4.236033779223673e-13,0.0011717796631264474,1.8310942720005512,2.9953502296703316e-13,1.7751246754438523,2.903793701916005e-13,300000000000000.0,50,52000000000000.0
66000.0,45832516000000.0,1.5632855e+33,2.6029425127523966,4.192928780287289e-13,0.0011657320370758125,1.8405423969681696,2.9648699658195427e-13,1.7842840069651131,2.8742451046999183e-13,300000000000000.0,50,52000000000000.0
67000.0,45714052000000.0,1.5490579e+33,2.6161696936294803,4.150302068617515e-13,0.0011598060184915741,1.8498954943984516,2.93472791355078e-13,1.793351215582225,2.8450243812057443e-13,300000000000000.0,50,52000000000000.0
68000.0,45596478000000.0,1.5347367e+33,2.6292644176874616,4.108448430651128e-13,0.001153997816355105,1.8591549294221938,2.905132519443451e-13,1.802327624699062,2.816333606589894e-13,300000000000000.0,50,52000000000000.0
69000.0,45480572000000.0,1.5205336e+33,2.6422296157213307,4.0675155593471347e-13,0.0011483032995607736,1.8683227744682664,2.8761882184941664e-13,1.811215243398146,2.7882740236667086e-13,300000000000000.0,50,52000000000000.0
70000.0,45366413000000.0,1.5065308e+33,2.655068784976445,4.0275070057501036e-13,0.0011427182050768514,1.8774015025081519,2.8478975212408526e-13,1.82001646906154,2.760848066237035e-13,300000000000000.0,50,52000000000000.0
71000.0,45253690000000.0,1.4926867e+33,2.667785543407837,3.988356895362281e-13,0.0011372383401466344,1.8863936718673493,2.820213846623032e-13,1.8287337818163756,2.7340105770477667e-13,300000000000000.0,50,52000000000000.0
72000.0,45141790000000.0,1.4791153e+33,2.6803712759201965,3.950021071306562e-13,0.001131869863322243,1.8952931906845403,2.7931059710847e-13,1.8373612760065239,2.707731286928548e-13,300000000000000.0,50,52000000000000.0
73000.0,45030116000000.0,1.4657636e+33,2.6928296821748865,3.912329378433155e-13,0.0011266081848899279,1.904102675064473,2.7664535754802277e-13,1.8459014877722684,2.681893554435484e-13,300000000000000.0,50,52000000000000.0
74000.0,44918099000000.0,1.4526489e+33,2.7051729195231378,3.875116053600739e-13,0.0011214417855616378,1.9128307216783826,2.740139445881189e-13,1.8543627510170408,2.656383748427663e-13,300000000000000.0,50,52000000000000.0
75000.0,44805252000000.0,1.4396896e+33,2.717403590385769,3.838310123821729e-13,0.0011163672827057053,1.9214791707519099,2.714113396159558e-13,1.8627468497177162,2.6311532167775374e-13,300000000000000.0,50,52000000000000.0
76000.0,44691430000000.0,1.4269259e+33,2.7295242047775217,3.801871823475654e-13,0.0011113814327198023,1.9300497971682855,2.688347307298699e-13,1.8710555045060306,2.6061746999608035e-13,300000000000000.0,50,52000000000000.0
77000.0,44576620000000.0,1.4143643e+33,2.7415372575099926,3.7657823965442653e-13,0.001106481097747344,1.938544365059429,2.662827916431022e-13,1.8792904255910372,2.5814353405059063e-13,300000000000000.0,50,52000000000000.0
78000.0,44460988000000.0,1.4019591e+33,2.7534250866411396,3.73010310673122e-13,0.001101678731082533,1.9469503854071415,2.6375985445515984e-13,1.8874395056966458,2.5569771352480857e-13,300000000000000.0,50,52000000000000.0
79000.0,44344750000000.0,1.3896666e+33,2.7651923873605253,3.694862042575594e-13,0.0010969689218211984,1.9552711782702739,2.612679052938243e-13,1.8955059634000229,2.532819338381596e-13,300000000000000.0,50,52000000000000.0
80000.0,44228073000000.0,1.3775551e+33,2.776856963191264,3.660018826250184e-13,0.0010923368734418123,1.9635193328039935,2.588040888955569e-13,1.9035020030533902,2.508934270018359e-13,300000000000000.0,50,52000000000000.0
81000.0,44111107000000.0,1.3655933e+33,2.788421683618357,3.625577722060884e-13,0.0010877796100956267,1.9716968780729593,2.563687067703702e-13,1.9114295917005526,2.485324853098596e-13,300000000000000.0,50,52000000000000.0
82000.0,43994044000000.0,1.353732e+33,2.7998868320057184,3.5915510704959563e-13,0.001083296165392914,1.9798040144557902,2.5396263151723474e-13,1.919288923595302,2.4619995468916575e-13,300000000000000.0,50,52000000000000.0
83000.0,43877049000000.0,1.342027e+33,2.8112137814649065,3.5581388405963183e-13,0.001078913467591333,1.987813428316482,2.5160000332867703e-13,1.9270535199763035,2.4390954311990063e-13,300000000000000.0,50,52000000000000.0
84000.0,43760237000000.0,1.3304677e+33,2.822447146443216,3.5251622010372614e-13,0.0010745979281291972,1.9957566672066485,2.4926817662704686e-13,1.9347539641056641,2.4164899155214356e-13,300000000000000.0,50,52000000000000.0
85000.0,43643813000000.0,1.3190222e+33,2.8335901322921435,3.4926225111474846e-13,0.0010703467614275664,2.003635997682708,2.469672475114866e-13,1.9423924532597279,2.3941839314767533e-13,300000000000000.0,50,52000000000000.0
86000.0,43528035000000.0,1.3076909e+33,2.8446339008354795,3.460583493863722e-13,0.0010661656547922241,2.011445170146257,2.4470172193164384e-13,1.9499629288666986,2.37222116126275e-13,300000000000000.0,50,52000000000000.0
87000.0,43412895000000.0,1.2965262e+33,2.8555504979119894,3.429197067598606e-13,0.0010620730274696474,2.0191644178132466,2.4248234230686607e-13,1.9574462283384297,2.35070574552054e-13,300000000000000.0,50,52000000000000.0
88000.0,43298144000000.0,1.2854756e+33,2.8663840544059003,3.3982013498841843e-13,0.0010580374640679498,2.026824946282004,2.402905904467825e-13,1.964872603435985,2.329458162658894e-13,300000000000000.0,50,52000000000000.0
89000.0,43183758000000.0,1.2745719e+33,2.877137853985313,3.3675769631867606e-13,0.0010540564619330969,2.0344290774843103,2.3812509612808525e-13,1.9722443051184588,2.308465129270357e-13,300000000000000.0,50,52000000000000.0
90000.0,43069839000000.0,1.2638055e+33,2.887766398882539,3.3375513767268784e-13,0.001050160038195561,2.0419446393027294,2.360019441156409e-13,1.9795301446484876,2.287882576497559e-13,300000000000000.0,50,52000000000000.0
91000.0,42956352000000.0,1.2532769e+33,2.8983067302136445,3.3078997895178094e-13,0.001046322295265277,2.0493978240512836,2.3390523832977094e-13,1.9867555137399993,2.2675564023756965e-13,300000000000000.0,50,52000000000000.0
92000.0,42842678000000.0,1.2428823e+33,2.90877452010599,3.278529261493203e-13,0.0010425325564254013,2.05679971371719,2.318284068148427e-13,1.9939311556457295,2.2474228961473625e-13,300000000000000.0,50,52000000000000.0
93000.0,42728435000000.0,1.2326266e+33,2.9191296653630086,3.249511037087838e-13,0.0010388165614909203,2.064121950768256,2.2977648748117725e-13,2.00102957961609,2.2275308970155223e-13,300000000000000.0,50,52000000000000.0
94000.0,42613669000000.0,1.2225631e+33,2.9293917301562664,3.220780023575501e-13,0.0010351604007124498,2.0713783693183316,2.277448774682547e-13,2.0080641969083284,2.2078357832962854e-13,300000000000000.0,50,52000000000000.0
95000.0,42498509000000.0,1.2125337e+33,2.9395878614080995,3.1922558354775317e-13,0.0010315463630687608,2.0785881653395273,2.2572789253353855e-13,2.0150536167462194,2.1882824500233348e-13,300000000000000.0,50,52000000000000.0
96000.0,42383083000000.0,1.2027355e+33,2.9496694474016216,3.164102421531765e-13,0.0010280046223192587,2.0857169648164207,2.2373712582936051e-13,2.0219645157980906,2.168983285130072e-13,300000000000000.0,50,52000000000000.0
97000.0,42267241000000.0,1.1930231e+33,2.9596660333285016,3.136215622269313e-13,0.0010245155766538778,2.0927856595746284,2.2176521201625536e-13,2.028817147305385,2.1498668865287612e-13,300000000000000.0,50,52000000000000.0
98000.0,42151025000000.0,1.1835342e+33,2.9696033978912726,3.108511380935479e-13,0.0010210631639186137,2.0998124780908642,2.1980620726488067e-13,2.0356291825691692,2.1308756327307257e-13,300000000000000.0,50,52000000000000.0
99000.0,42034259000000.0,1.1740529e+33,2.9794109742654418,3.0811571308203985e-13,0.0010176897684154947,2.1067475216050946,2.1787195118102045e-13,2.0423522480459146,2.1121243008717094e-13,300000000000000.0,50,52000000000000.0
100000.0,41916727000000.0,1.1648663e+33,2.9891553446193972,3.053921989974829e-13,0.0010143541291489876,2.113637871286147,2.1594611763504387e-13,2.049031985811042,2.0934546199380777e-13,300000000000000.0,50,52000000000000.0
101000.0,41797521000000.0,1.155748e+33,2.9988254918417807,3.026826719713619e-13,0.001011062827211555,2.1204757367853255,2.1403017471555195e-13,2.0556608436373707,2.0748808220763015e-13,300000000000000.0,50,52000000000000.0
102000.0,41678773000000.0,1.1463128e+33,3.008379308695839,3.0002431632308034e-13,0.0010078395893437049,2.1272313435200165,2.1215041596939493e-13,2.062209957038727,2.0566578058112288e-13,300000000000000.0,50,52000000000000.0
103000.0,41561711000000.0,1.1366313e+33,3.017884241592343,2.97395810173564e-13,0.0010046447150761505,2.1339523837548215,2.1029176426490844e-13,2.068725560507444,2.03863940833726e-13,300000000000000.0,50,52000000000000.0
104000.0,41448707000000.0,1.1268904e+33,3.027278611947119,2.948502787242661e-13,0.0010015135507133865,2.140595243742921,2.0849178517357795e-13,2.0751653734040856,2.0211898029935477e-13,300000000000000.0,50,52000000000000.0
105000.0,41333538000000.0,1.1172733e+33,3.036602725299115,2.9228389432796743e-13,0.0009984225434396597,2.147188424071373,2.066770609368745e-13,2.0815570251604867,2.003597253226667e-13,300000000000000.0,50,52000000000000.0
106000.0,41212031000000.0,1.1077097e+33,3.045862864432956,2.8969852177493273e-13,0.0009953681021774748,2.1537363673806182,2.0484891015036834e-13,2.087904822622364,1.9858745419477673e-13,300000000000000.0,50,52000000000000.0
107000.0,41083757000000.0,1.0981614e+33,3.0550088273998623,2.8702771637537856e-13,0.0009923769272971506,2.16020357522714,2.0296034919629233e-13,2.0941743523994107,1.9675661940915203e-13,300000000000000.0,50,52000000000000.0
108000.0,40949939000000.0,1.0887521e+33,3.064116193688873,2.8433402492070376e-13,0.0009894068276638092,2.1666434908606336,2.0105560537119233e-13,2.1004174241832048,1.9491009640150491e-13,300000000000000.0,50,52000000000000.0
109000.0,40812177000000.0,1.0794055e+33,3.0730913341039097,2.815971185857638e-13,0.0009865070988755683,2.1729899078780472,1.9912030418357387e-13,2.1065698552501244,1.9303395005386135e-13,300000000000000.0,50,52000000000000.0
110000.0,40672192000000.0,1.0701118e+33,3.082014657535633,2.788691665878239e-13,0.000983634089076031,2.1792996844492514,1.971913348281952e-13,2.1126867658307393,1.9116394199815747e-13,300000000000000.0,50,52000000000000.0
111000.0,40531631000000.0,1.061046e+33,3.0908383176950562,2.7615843710014326e-13,0.0009808124697989918,2.1855389878563645,1.9527454393401442e-13,2.118735357345431,1.8930574015389102e-13,300000000000000.0,50,52000000000000.0
112000.0,40391496000000.0,1.0521041e+33,3.0995768262365275,2.734843224250788e-13,0.0009780338302819728,2.1917180794840814,1.9338364395808057e-13,2.1247255775271516,1.8747263784024847e-13,300000000000000.0,50,52000000000000.0
113000.0,40252212000000.0,1.0433767e+33,3.1082480146822373,2.708391550883141e-13,0.0009752891701728616,2.1978495682258825,1.9151321310695803e-13,2.1306696498631843,1.8565937898755027e-13,300000000000000.0,50,52000000000000.0
114000.0,40114046000000.0,1.0348458e+33,3.116806424834911,2.6825279060840135e-13,0.0009726005355579955,2.203901310028539,1.8968436262690823e-13,2.1365364128224535,1.838864295510435e-13,300000000000000.0,50,52000000000000.0
115000.0,39977170000000.0,1.0265872e+33,3.125326409287763,2.6568646137521216e-13,0.0009699309898898253,2.2099258805390725,1.8786967936658033e-13,2.142376835013256,1.8212721429586592e-13,300000000000000.0,50,52000000000000.0
116000.0,39841651000000.0,1.0185375e+33,3.1337116550971835,2.6319508946706364e-13,0.000967327462944104,2.2158551756821305,1.861079995079862e-13,2.148124894044289,1.8041938232868204e-13,300000000000000.0,50,52000000000000.0
117000.0,39707514000000.0,1.0107155e+33,3.1420779041435045,2.607143184622068e-13,0.0009647332150173692,2.22177103797847,1.8435381569990553e-13,2.153859930819932,1.7871881728606876e-13,300000000000000.0,50,52000000000000.0
118000.0,39574758000000.0,1.0031025e+33,3.150302193189151,2.583135197603216e-13,0.0009622076409042366,2.227586518605255,1.8265618143981025e-13,2.15949765421406,1.7707307328542784e-13,300000000000000.0,50,52000000000000.0
119000.0,39443393000000.0,9.9566201e+32,3.1585078677512928,2.559231141248797e-13,0.0009596909611356353,2.233388836702042,1.8096589626291857e-13,2.165122617406955,1.7543445373428664e-13,300000000000000.0,50,52000000000000.0
120000.0,39313426000000.0,9.8845679e+32,3.166588115548415,2.536027382972632e-13,0.0009572342125953836,2.239102463992197,1.7932513014637852e-13,2.1706616007357793,1.7384383963293725e-13,300000000000000.0,50,52000000000000.0
121000.0,39184851000000.0,9.8144065e+32,3.174640663376512,2.512977541899581e-13,0.0009547905395084923,2.2447965042955964,1.7769524772932518e-13,2.176181595777959,1.7226377655750948e-13,300000000000000.0,50,52000000000000.0
122000.0,39057657000000.0,9.7457338e+32,3.1825794307117055,2.4905599316864693e-13,0.0009524005752010936,2.2504100890213867,1.761100712356295e-13,2.181623594465274,1.7072705291430064e-13,300000000000000.0,50,52000000000000.0
123000.0,38931828000000.0,9.6781805e+32,3.190486124324656,2.468319163891124e-13,0.0009500255712352332,2.256000994027938,1.74537399513128e-13,2.1870436066665944,1.692024518186872e-13,300000000000000.0,50,52000000000000.0
124000.0,38807355000000.0,9.6119757e+32,3.1982859813573334,2.446667452739036e-13,0.0009477003997059554,2.261516353588697,1.7300638079807445e-13,2.192390382560698,1.6771823055549436e-13,300000000000000.0,50,52000000000000.0
125000.0,38684236000000.0,9.5469483e+32,3.2060539271812876,2.425190705894545e-13,0.0009453899389534339,2.2670091483473334,1.7148773404830283e-13,2.1977152833733404,1.662460030933621e-13,300000000000000.0,50,52000000000000.0
126000.0,38562458000000.0,9.4836592e+32,3.213717437594322,2.4042865625361376e-13,0.0009431276219747449,2.2724280955622307,1.7000957687350472e-13,2.202968593882367,1.6481302759291863e-13,300000000000000.0,50,52000000000000.0
127000.0,38442015000000.0,9.4214595e+32,3.221353561170161,2.3835325088763846e-13,0.0009408777855274971,2.2778276772144257,1.6854203274435155e-13,2.208203130760702,1.633903407374271e-13,300000000000000.0,50,52000000000000.0
128000.0,38322922000000.0,9.360054e+32,3.2288832914781542,2.3633615285155454e-13,0.0009386764338510552,2.2831520269044585,1.6711571851699192e-13,2.2133647352334256,1.6200762354146114e-13,300000000000000.0,50,52000000000000.0
129000.0,38205178000000.0,9.2996172e+32,3.2363943434521167,2.3432937620006056e-13,0.0009364834991766037,2.2884631689203503,1.6569670267866591e-13,2.218513535740654,1.6063198165036259e-13,300000000000000.0,50,52000000000000.0
130000.0,38088811000000.0,9.239799e+32,3.243792886044081,2.323847706501052e-13,0.0009343412645105518,2.29369475420207,1.6432164885742471e-13,2.2235852112621775,1.5929895802365448e-13,300000000000000.0,50,52000000000000.0
131000.0,37973827000000.0,9.1808841e+32,3.251185452251764,2.3044353125928705e-13,0.0009322016940553317,2.2989221135110505,1.629489752916883e-13,2.228652789982965,1.57968241897038e-13,300000000000000.0,50,52000000000000.0
132000.0,37860246000000.0,9.1226159e+32,3.258455464789001,2.2857131941726385e-13,0.000930116756769755,2.304062813655216,1.6162511201575158e-13,2.2336363583818404,1.5668484411417102e-13,300000000000000.0,50,52000000000000.0
133000.0,37748066000000.0,9.0650871e+32,3.2657254773262383,2.2669910757524063e-13,0.0009280318194841783,2.3092035137993814,1.6030124873981485e-13,2.2386199267807156,1.5540144633130401e-13,300000000000000.0,50,52000000000000.0
134000.0,37637268000000.0,9.0080472e+32,3.27288022931466,2.2489154129941654e-13,0.0009259977421265447,2.3142627118376864,1.590230971889779e-13,2.24352448428484,1.5416236303890504e-13,300000000000000.0,50,52000000000000.0
135000.0,37527847000000.0,8.9518447e+32,3.2800244839837855,2.2308986259879846e-13,0.0009239682968213216,2.319314487096582,1.5774910881954913e-13,2.248421845895846,1.529273156751967e-13,300000000000000.0,50,52000000000000.0
136000.0,37419756000000.0,8.8957565e+32,3.2870762620006935,2.2133861773000136e-13,0.0009219792548386712,2.3243008710183157,1.5651078287015198e-13,2.253255814935531,1.5172684066615703e-13,300000000000000.0,50,52000000000000.0
137000.0,37312952000000.0,8.8403405e+32,3.2940975281626947,2.196040130587242e-13,0.0009200035435755753,2.329265679645705,1.5528422342137433e-13,2.2580688681560126,1.5053777250029473e-13,300000000000000.0,50,52000000000000.0
138000.0,37207385000000.0,8.7854354e+32,3.3010523580669933,2.1790403961466143e-13,0.0009180565707995333,2.3341835104106585,1.5408215216535893e-13,2.262836379449621,1.4937244401571604e-13,300000000000000.0,50,52000000000000.0
139000.0,37102983000000.0,8.7312011e+32,3.3079532884692684,2.1623216236333838e-13,0.0009161329134568807,2.339063228201177,1.5289994809393493e-13,2.267566942738261,1.4822637545100086e-13,300000000000000.0,50,52000000000000.0
140000.0,36999681000000.0,8.6772873e+32,3.314816914209321,2.1457853897271975e-13,0.0009142252287770552,2.3439165674262075,1.5173065156692534e-13,2.272271933754382,1.4709281989586105e-13,300000000000000.0,50,52000000000000.0
141000.0,36897408000000.0,8.6235645e+32,3.321599973986122,2.129643379969718e-13,0.000912352039865043,2.34871293751089,1.505892311467354e-13,2.2769216969612867,1.4598628838033395e-13,300000000000000.0,50,52000000000000.0
142000.0,36796097000000.0,8.5698409e+32,3.3283778843930856,2.1135251845701185e-13,0.0009104810321998283,2.3535056664158365,1.4944949467115924e-13,2.281567930285546,1.4488138933759935e-13,300000000000000.0,50,52000000000000.0
143000.0,36695674000000.0,8.5162433e+32,3.335045288797287,2.0979180477235037e-13,0.0009086568343137293,2.3582202552316605,1.4834589581902675e-13,2.286138411967632,1.4381152332776598e-13,300000000000000.0,50,52000000000000.0
144000.0,36596063000000.0,8.4631585e+32,3.3417126932014884,2.0823109108768892e-13,0.0009068326364276304,2.3629348440474844,1.4724229696689424e-13,2.2907088936497173,1.427416573179326e-13,300000000000000.0,50,52000000000000.0
145000.0,36497204000000.0,8.4104173e+32,3.3482965020762645,2.067053380326871e-13,0.0009050434566071499,2.367590321489311,1.4616341924339585e-13,2.2952220707689066,1.4169575680527292e-13,300000000000000.0,50,52000000000000.0
146000.0,36399038000000.0,8.3579594e+32,3.3548502645894125,2.051921507180872e-13,0.0009032668631710172,2.37222455279834,1.4509342692293176e-13,2.299714651169209,1.4065847010246214e-13,300000000000000.0,50,52000000000000.0
147000.0,36301505000000.0,8.3056675e+32,3.361360454710075,2.0369573805634845e-13,0.0009015083035458555,2.376827973562703,1.440352961862687e-13,2.304177362786646,1.396326824196676e-13,300000000000000.0,50,52000000000000.0
148000.0,36204557000000.0,8.2534062e+32,3.3678022438111133,2.0222565865964498e-13,0.000899778053843279,2.3813830271718546,1.4299578605729007e-13,2.3085931856498423,1.3862494618295898e-13,300000000000000.0,50,52000000000000.0
149000.0,36108137000000.0,8.2013101e+32,3.374243536229649,2.007557597990937e-13,0.000898048007112569,2.385937729571069,1.419564035878768e-13,2.3130086680382607,1.3761733370374525e-13,300000000000000.0,50,52000000000000.0
150000.0,36012200000000.0,8.1490867e+32,3.3805747724614434,1.9932586460362827e-13,0.000896362935410241,2.3904146099688797,1.4094530825338862e-13,2.3173487071494643,1.3663714372865312e-13,300000000000000.0,50,52000000000000.0
151000.0,35916713000000.0,8.0971709e+32,3.3869060086932383,1.9789596940816285e-13,0.000894677863707913,2.39489149036669,1.3993421291890046e-13,2.321688746260668,1.3565695375356097e-13,300000000000000.0,50,52000000000000.0
152000.0,35821635000000.0,8.0455178e+32,3.3931737459077533,1.9648711580298674e-13,0.0008930184037928533,2.399323469879233,1.3893799638286857e-13,2.3259852569368067,1.346911877882858e-13,300000000000000.0,50,52000000000000.0
153000.0,35726931000000.0,7.9941318e+32,3.3993957022011494,1.9509343256463717e-13,0.0008913774092220288,2.4037230771760374,1.379525070222743e-13,2.330250384893377,1.3373582110923495e-13,300000000000000.0,50,52000000000000.0
154000.0,35632576000000.0,7.9429079e+32,3.4056048612453433,1.9370380122351687e-13,0.0008897415057030072,2.408113635391539,1.3696988281414227e-13,2.334506740364827,1.3278323200576342e-13,300000000000000.0,50,52000000000000.0
155000.0,35538544000000.0,7.8919701e+32,3.4117185726699106,1.9234439074778674e-13,0.0008881435735298829,2.412436701503349,1.3600862819708955e-13,2.3386976667108654,1.318513593057305e-13,300000000000000.0,50,52000000000000.0
156000.0,35444809000000.0,7.8413388e+32,3.4178322840944784,1.909849802720566e-13,0.0008865456413567586,2.4167597676151593,1.3504737358003683e-13,2.3428885930569034,1.3091948660569762e-13,300000000000000.0,50,52000000000000.0
157000.0,35351352000000.0,7.7906727e+32,3.4238799710624743,1.8964523013347692e-13,0.0008849736096228103,2.42103614708239,1.3410002106046685e-13,2.3470342597924625,1.3000109106856346e-13,300000000000000.0,50,52000000000000.0
158000.0,35258162000000.0,7.7405564e+32,3.429886382205638,1.8831777084399333e-13,0.0008834177697978309,2.4252833399441758,1.3316135957101357e-13,2.351151632046686,1.2909112090959874e-13,300000000000000.0,50,52000000000000.0
159000.0,35165217000000.0,7.6908084e+32,3.435885157118668,1.8699251609961513e-13,0.0008818648827649309,2.429525133141198,1.3222425694594894e-13,2.355263769683469,1.2818266196642931e-13,300000000000000.0,50,52000000000000.0
160000.0,35072506000000.0,7.6413425e+32,3.4417850857060066,1.856957978424406e-13,0.0008803502178183866,2.433697030982456,1.3130733286636726e-13,2.3593081484010776,1.2729376478686354e-13,300000000000000.0,50,52000000000000.0
161000.0,34980017000000.0,7.5922539e+32,3.447685014293345,1.8439907958526605e-13,0.0008788355528718423,2.4378689288237143,1.303904087867856e-13,2.3633525271186864,1.2640486760729775e-13,300000000000000.0,50,52000000000000.0
162000.0,34887741000000.0,7.5435877e+32,3.4535334913164135,1.8311665298632913e-13,0.0008773404968523159,2.4420044446845766,1.2948359053669092e-13,2.367361635915392,1.2552576736020228e-13,300000000000000.0,50,52000000000000.0
163000.0,34795675000000.0,7.4949728e+32,3.45932771140912,1.8184929728983716e-13,0.0008758661189249482,2.4461015948590936,1.2858742913045516e-13,2.3713335517196312,1.2465699821752201e-13,300000000000000.0,50,52000000000000.0
164000.0,34703825000000.0,7.4469585e+32,3.4651219315018267,1.8058194159334522e-13,0.0008743917409975806,2.4501987450336102,1.2769126772421939e-13,2.3753054675238703,1.2378822907484175e-13,300000000000000.0,50,52000000000000.0
165000.0,34612176000000.0,7.3993627e+32,3.4708258868462663,1.7933939452556596e-13,0.0008729512631370975,2.4542320679937437,1.268126488400674e-13,2.379215507070179,1.2293646624564326e-13,300000000000000.0,50,52000000000000.0
166000.0,34520727000000.0,7.3520738e+32,3.476515111655389,1.7810089604140816e-13,0.0008715163175153022,2.4582549748273856,1.2593689276499724e-13,2.3831154488715733,1.2208747872027231e-13,300000000000000.0,50,52000000000000.0
167000.0,34429485000000.0,7.3052145e+32,3.482184530109982,1.768678151904293e-13,0.0008700887023779376,2.462263876367096,1.2506496757201268e-13,2.387001813467881,1.212422049814005e-13,300000000000000.0,50,52000000000000.0
168000.0,34338455000000.0,7.2588519e+32,3.4877694814659472,1.7565783862930734e-13,0.0008686923491646438,2.4662130502803996,1.2420937973654014e-13,2.3908302760853357,1.204127692287688e-13,300000000000000.0,50,52000000000000.0
169000.0,34247639000000.0,7.2126489e+32,3.493354432821912,1.7444786206818537e-13,0.0008672959959513501,2.4701622241937033,1.233537919010676e-13,2.3946587387027902,1.1958333347613706e-13,300000000000000.0,50,52000000000000.0
170000.0,34157056000000.0,7.1672117e+32,3.4988900250615136,1.7325153393390942e-13,0.0008659176471782102,2.474076495728823,1.2250785505119315e-13,2.398453365775702,1.1876325371495282e-13,300000000000000.0,50,52000000000000.0
171000.0,34066712000000.0,7.122299e+32,3.504371447364541,1.7207018447978552e-13,0.0008645590576603619,2.4779524631014733,1.2167250982686325e-13,2.4022108594994593,1.1795344183335483e-13,300000000000000.0,50,52000000000000.0
172000.0,33976618000000.0,7.0778522e+32,3.509852869667568,1.708888350256616e-13,0.0008632004681425137,2.481828430474123,1.2083716460253337e-13,2.4059683532232166,1.1714362995175684e-13,300000000000000.0,50,52000000000000.0
173000.0,33886772000000.0,7.0340176e+32,3.5152603868578365,1.697280828261334e-13,0.0008618684529343319,2.485652138726679,1.2001638396949918e-13,2.4096751851904425,1.1634793747695463e-13,300000000000000.0,50,52000000000000.0
174000.0,33797175000000.0,6.990646e+32,3.52063908545571,1.685753623291829e-13,0.0008605468001242286,2.4894554690348047,1.1920128265964415e-13,2.4133622620898936,1.1555775072989056e-13,300000000000000.0,50,52000000000000.0
175000.0,33707841000000.0,6.9476979e+32,3.526017784053584,1.674226418322324e-13,0.0008592251473141252,2.49325879934293,1.1838618134978912e-13,2.4170493389893446,1.147675639828265e-13,300000000000000.0,50,52000000000000.0
176000.0,33618777000000.0,6.9051946e+32,3.531303042570888,1.6629630289910858e-13,0.0008579366213602092,2.4969960571449565,1.1758973478798957e-13,2.4206723629691975,1.1399546177869288e-13,300000000000000.0,50,52000000000000.0
177000.0,33529987000000.0,6.8629971e+32,3.536579876561933,1.6517234251891264e-13,0.0008566510821125132,2.50072735787204,1.167949701320049e-13,2.424289611959347,1.1322499007087174e-13,300000000000000.0,50,52000000000000.0
178000.0,33441477000000.0,6.8209992e+32,3.5418496891617104,1.640503853006201e-13,0.0008553679977662544,2.5044536936966995,1.1600162193760694e-13,2.4279020478053535,1.1245589152876181e-13,300000000000000.0,50,52000000000000.0
179000.0,33353255000000.0,6.7796293e+32,3.547025584545695,1.6295522211524458e-13,0.0008541177498621245,2.5081136196327054,1.152272201490462e-13,2.4314501036617084,1.1170516027249362e-13,300000000000000.0,50,52000000000000.0
180000.0,33265330000000.0,6.7386586e+32,3.5522014799296793,1.618600589298691e-13,0.0008528675019579945,2.511773545568711,1.1445281836048544e-13,2.4349981595180634,1.1095442901622543e-13,300000000000000.0,50,52000000000000.0
181000.0,33177701000000.0,6.6981784e+32,3.557359833060122,1.6076988677918704e-13,0.0008516233041081703,2.515421067186621,1.1368194579624839e-13,2.438534190209388,1.1020711910923707e-13,300000000000000.0,50,52000000000000.0
182000.0,33090363000000.0,6.6580737e+32,3.5624357762923538,1.5970316148270085e-13,0.0008504075281688115,2.5190103158700294,1.1292765280182499e-13,2.4420137291493105,1.0947588199729916e-13,300000000000000.0,50,52000000000000.0
183000.0,33003317000000.0,6.6184093e+32,3.5675117195245853,1.5863643618621465e-13,0.0008491917522294527,2.522599564553438,1.121733598074016e-13,2.4454932680892325,1.0874464488536125e-13,300000000000000.0,50,52000000000000.0
184000.0,32916570000000.0,6.5791609e+32,3.5725644731496975,1.5757627630396182e-13,0.0008479838664597855,2.526172415614843,1.1142370930043698e-13,2.448956910620405,1.0801790835759426e-13,300000000000000.0,50,52000000000000.0
185000.0,32830121000000.0,6.5402585e+32,3.5775414761525592,1.565375628485914e-13,0.000846801754531854,2.529691702591965,1.1068922383322435e-13,2.4523686263186577,1.0730587333165467e-13,300000000000000.0,50,52000000000000.0
186000.0,32743963000000.0,6.501794e+32,3.5825184791554205,1.5549884939322093e-13,0.0008456196426039225,2.533210989569088,1.0995473836601173e-13,2.4557803420169106,1.0659383830571509e-13,300000000000000.0,50,52000000000000.0
187000.0,32658095000000.0,6.4636876e+32,3.5874714537242633,1.544668786963668e-13,0.0008444455972123838,2.536713285781823,1.0922502078799172e-13,2.459175586294146,1.0588642543262418e-13,300000000000000.0,50,52000000000000.0
188000.0,32572521000000.0,6.4259508e+32,3.5923505476215567,1.5345564008412926e-13,0.0008432963541498407,2.540163340176296,1.0850996312726597e-13,2.462520185587809,1.0519322437858893e-13,300000000000000.0,50,52000000000000.0
189000.0,32487243000000.0,6.3886024e+32,3.5972296415188496,1.524444014718917e-13,0.0008421471110872978,2.5436133945707695,1.0779490546654021e-13,2.465864784881472,1.0450002332455368e-13,300000000000000.0,50,52000000000000.0
190000.0,32402254000000.0,6.3512974e+32,3.602088602431659,1.5143875786815862e-13,0.0008410045372477326,2.547049212716138,1.0708380410604872e-13,2.469195583074291,1.03810657641615e-13,300000000000000.0,50,52000000000000.0
191000.0,32317555000000.0,6.3145199e+32,3.60687082662406,1.5045443959766838e-13,0.0008398873831018754,2.5504307695040755,1.0638778215443352e-13,2.472473778474034,1.0313591044704491e-13,300000000000000.0,50,52000000000000.0
192000.0,32233142000000.0,6.2780212e+32,3.6116530508164613,1.4947012132717817e-13,0.0008387702289560181,2.5538123262920127,1.056917602028183e-13,2.475751973873777,1.0246116325247482e-13,300000000000000.0,50,52000000000000.0
193000.0,32149014000000.0,6.2417148e+32,3.61642369468625,1.4848896494868684e-13,0.0008376568603490477,2.5571856945102702,1.0499797406422057e-13,2.4790222309974266,1.0178858353057307e-13,300000000000000.0,50,52000000000000.0
194000.0,32065167000000.0,6.2057325e+32,3.6211100943071073,1.4753081062510963e-13,0.0008365710306881854,2.560499492721233,1.0432045296371494e-13,2.4822347389434682,1.0113177168605588e-13,300000000000000.0,50,52000000000000.0
195000.0,31981588000000.0,6.1700323e+32,3.625796493927964,1.465726563015324e-13,0.000835485201027323,2.563813290932195,1.0364293186320931e-13,2.4854472468895095,1.0047495984153869e-13,300000000000000.0,50,52000000000000.0
196000.0,31898275000000.0,6.1345752e+32,3.6304828935488214,1.456145019779552e-13,0.0008343993713664607,2.5671270891431575,1.0296541076270369e-13,2.488659754835551,9.981814799702149e-14,300000000000000.0,50,52000000000000.0
197000.0,31815226000000.0,6.0994656e+32,3.6350760481724227,1.446813402577566e-13,0.0008333436218905153,2.570374952826035,1.0230556224014918e-13,2.4918083436225045,9.917846854657901e-14,300000000000000.0,50,52000000000000.0
198000.0,31732438000000.0,6.0646367e+32,3.639667653146997,1.4374859389242566e-13,0.0008322883723205235,2.5736217207356247,1.0164600742014194e-13,2.4949558701298122,9.853907382130761e-14,300000000000000.0,50,52000000000000.0
199000.0,31649910000000.0,6.0300678e+32,3.644259258121572,1.4281584752709468e-13,0.0008312331227505318,2.576868488645214,1.009864526001347e-13,2.4981033966371196,9.789967909603621e-14,300000000000000.0,50,52000000000000.0
200000.0,31567632000000.0,5.9958297e+32,3.648776266257276,1.4190257616413906e-13,0.0008302016212721052,2.580062508341073,1.0034066879354765e-13,2.501199787243963,9.727363445638297e-14,300000000000000.0,50,52000000000000.0
201000.0,31485598000000.0,5.9618556e+32,3.653274089355189,1.4099431344045284e-13,0.0008291762273987866,2.583242962093802,9.969842665731663e-14,2.5042830265672174,9.665102323161659e-14,300000000000000.0,50,52000000000000.0
202000.0,31403806000000.0,5.9281852e+32,3.6577719124531027,1.4008605071676662e-13,0.0008281508335254681,2.5864234158465313,9.905618452108561e-14,2.5073662658904716,9.602841200685022e-14,300000000000000.0,50,52000000000000.0
203000.0,31322253000000.0,5.8948111e+32,3.6622181960929963,1.3919099621962133e-13,0.0008271416309485774,2.5895674255057672,9.842328208325022e-14,2.5104141750782434,9.541485500122074e-14,300000000000000.0,50,52000000000000.0
204000.0,31240940000000.0,5.8614661e+32,3.6666232136617665,1.3830651714637066e-13,0.0008261453922486007,2.5926822554915656,9.779785765688566e-14,2.513433796504761,9.480854743253202e-14,300000000000000.0,50,52000000000000.0
205000.0,31159870000000.0,5.8285071e+32,3.6710282312305362,1.3742203807312002e-13,0.0008251491535486241,2.595797085477364,9.71724332305211e-14,2.5164534179312783,9.420223986384331e-14,300000000000000.0,50,52000000000000.0
206000.0,31079034000000.0,5.7957137e+32,3.6754091331026673,1.365436489775979e-13,0.0008241603910502597,2.5988948630012185,9.655131510138116e-14,2.5194565081250753,9.360010696515931e-14,300000000000000.0,50,52000000000000.0
207000.0,30998426000000.0,5.7631373e+32,3.679722305372988,1.3568236375316713e-13,0.0008231926256711507,2.601944748213495,9.594229132724446e-14,2.522413169894002,9.300969874278647e-14,300000000000000.0,50,52000000000000.0
208000.0,30918048000000.0,5.7308361e+32,3.684035477643309,1.3482107852873635e-13,0.0008222248602920417,2.604994633425772,9.533326755310777e-14,2.5253698316629287,9.241929052041365e-14,300000000000000.0,50,52000000000000.0
209000.0,30837899000000.0,5.6988347e+32,3.68834864991363,1.3395979330430558e-13,0.0008212570949129328,2.608044518638049,9.472424377897109e-14,2.5283264934318557,9.182888229804082e-14,300000000000000.0,50,52000000000000.0
210000.0,30757979000000.0,5.6671327e+32,3.692578544559723,1.3311933689923283e-13,0.0008203148076657707,2.6110355173728035,9.412994831421701e-14,2.5312260686600063,9.125275219633679e-14,300000000000000.0,50,52000000000000.0
211000.0,30678282000000.0,5.6357268e+32,3.696800825308932,1.322807848290191e-13,0.0008193748498302748,2.6140211322415814,9.353699942760977e-14,2.534120424586587,9.067792751297852e-14,300000000000000.0,50,52000000000000.0
212000.0,30598805000000.0,5.6046192e+32,3.7010231060581407,1.3144223275880535e-13,0.0008184348919947791,2.6170067471103593,9.294405054100251e-14,2.537014780513168,9.010310282962026e-14,300000000000000.0,50,52000000000000.0
213000.0,30519549000000.0,5.5737984e+32,3.7051990301205264,1.3061505905517216e-13,0.0008175089314808808,2.619959582683951,9.23591474339447e-14,2.5398773590835515,8.953607799676142e-14,300000000000000.0,50,52000000000000.0
214000.0,30440517000000.0,5.5431521e+32,3.7093313790425566,1.2979858098047041e-13,0.0008165961284054234,2.6228816058227813,9.17818073344518e-14,2.5427100670386844,8.897638499893109e-14,300000000000000.0,50,52000000000000.0
215000.0,30361710000000.0,5.5126172e+32,3.7134637279645872,1.2898210290576866e-13,0.000815683325329966,2.6258036289616116,9.120446723495892e-14,2.5455427749938178,8.841669200110078e-14,300000000000000.0,50,52000000000000.0
216000.0,30283129000000.0,5.4822919e+32,3.717590792310739,1.281669264026569e-13,0.0008147720971191548,2.628721915322128,9.062804749220644e-14,2.5483718603898065,8.785789122818646e-14,300000000000000.0,50,52000000000000.0
217000.0,30204768000000.0,5.4522601e+32,3.7216341525218506,1.2737236591994812e-13,0.0008138858137073309,2.6315810136221813,9.006620558250153e-14,2.5511435668803193,8.731322269910262e-14,300000000000000.0,50,52000000000000.0
218000.0,30126626000000.0,5.4223331e+32,3.7256775127329624,1.2657780543723936e-13,0.000812999530295507,2.6344401119222347,8.950436367279662e-14,2.553915273370832,8.676855417001877e-14,300000000000000.0,50,52000000000000.0
219000.0,30048710000000.0,5.3929122e+32,3.7297208729440743,1.257832449545306e-13,0.0008121132468836829,2.637299210222288,8.89425217630917e-14,2.556686979861345,8.622388564093494e-14,300000000000000.0,50,52000000000000.0
220000.0,29971022000000.0,5.3637883e+32,3.733716084492493,1.25000433863996e-13,0.0008112411277473569,2.6401242621065104,8.838898798727885e-14,2.559425680606094,8.568727129751588e-14,300000000000000.0,50,52000000000000.0
221000.0,29893565000000.0,5.3349378e+32,3.7376714362566026,1.2422734948676212e-13,0.0008103807344811728,2.6429211287262704,8.784233208525165e-14,2.562137057603235,8.515732459729661e-14,300000000000000.0,50,52000000000000.0
222000.0,29816337000000.0,5.3062014e+32,3.7416267880207124,1.2345426510952823e-13,0.0008095203412149887,2.6457179953460304,8.729567618322444e-14,2.5648484346003753,8.462737789707736e-14,300000000000000.0,50,52000000000000.0
223000.0,29739333000000.0,5.2775699e+32,3.745582139784822,1.2268118073229436e-13,0.0008086599479488045,2.6485148619657903,8.674902028119723e-14,2.567559811597516,8.409743119685811e-14,300000000000000.0,50,52000000000000.0
224000.0,29662555000000.0,5.2491859e+32,3.7494524122937816,1.2192899912301654e-13,0.0008078242633571843,2.6512515681705455,8.621714497068683e-14,2.5702128670558286,8.358181330138391e-14,300000000000000.0,50,52000000000000.0
225000.0,29586009000000.0,5.2210976e+32,3.7533207416091616,1.2117729492887838e-13,0.0008069891431068676,2.653986900323166,8.568560724600133e-14,2.5728645904615792,8.306652267301295e-14,300000000000000.0,50,52000000000000.0
226000.0,29509696000000.0,5.1933016e+32,3.7571890709245417,1.2042559073474022e-13,0.000806154022856551,2.6567222324757864,8.515406952131583e-14,2.5755163138673303,8.255123204464197e-14,300000000000000.0,50,52000000000000.0
227000.0,29433617000000.0,5.1657877e+32,3.7610272865001004,1.196812293052138e-13,0.0008053275382574684,2.6594362708949526,8.462772395071116e-14,2.578147394408459,8.20409748658428e-14,300000000000000.0,50,52000000000000.0
228000.0,29357767000000.0,5.1385744e+32,3.7648096237494824,1.1895049293183913e-13,0.0008045170777636368,2.6621107971781126,8.41110128154508e-14,2.580740170550022,8.154005763414517e-14,300000000000000.0,50,52000000000000.0
229000.0,29282149000000.0,5.1114263e+32,3.7685919609988647,1.1821975655846447e-13,0.0008037066172698052,2.664785323461273,8.359430168019045e-14,2.5833329466915846,8.103914040244756e-14,300000000000000.0,50,52000000000000.0
230000.0,29206767000000.0,5.0843563e+32,3.7723742982482467,1.174890201850898e-13,0.0008028961567759735,2.667459849744433,8.307759054493008e-14,2.5859257228331476,8.053822317074993e-14,300000000000000.0,50,52000000000000.0
231000.0,29131623000000.0,5.0575263e+32,3.77610025105901,1.1677204697477713e-13,0.0008021016639142613,2.670094506016531,8.257061150067349e-14,2.588479847638972,8.00467405568508e-14,300000000000000.0,50,52000000000000.0
232000.0,29056718000000.0,5.0309604e+32,3.779797635225791,1.160620472293994e-13,0.0008013152614691326,2.672708961109377,8.206856347373119e-14,2.5910143887391284,7.95600382377208e-14,300000000000000.0,50,52000000000000.0
233000.0,28982045000000.0,5.0046275e+32,3.783495019392572,1.1535204748402165e-13,0.0008005288590240038,2.6753234162022226,8.15665154467889e-14,2.5935489298392844,7.90733359185908e-14,300000000000000.0,50,52000000000000.0
234000.0,28907606000000.0,4.9786443e+32,3.787192403559353,1.146420477386439e-13,0.0007997424565788752,2.677937871295068,8.10644674198466e-14,2.596083470939441,7.858663359946081e-14,300000000000000.0,50,52000000000000.0
235000.0,28833406000000.0,4.9528717e+32,3.7908128424549754,1.1395085458712e-13,0.000798977576384384,2.68049791760563,8.057571775008384e-14,2.598565266327838,7.811282315704142e-14,300000000000000.0,50,52000000000000.0
236000.0,28759446000000.0,4.9270626e+32,3.7944263417554347,1.1326135757813704e-13,0.0007982146372540307,2.6830530568580104,8.008816744207216e-14,2.6010423046482476,7.764017541642178e-14,300000000000000.0,50,52000000000000.0
237000.0,28685726000000.0,4.9013891e+32,3.7980398410558944,1.1257186056915407e-13,0.0007974516981236773,2.6856081961103913,7.960061713406049e-14,2.6035193429686574,7.716752767580215e-14,300000000000000.0,50,52000000000000.0
238000.0,28612238000000.0,4.8759391e+32,3.8016442423491528,1.118845752437776e-13,0.0007966912729179456,2.6881569020698706,7.911463073259841e-14,2.605990144637578,7.669639603902564e-14,300000000000000.0,50,52000000000000.0
239000.0,28538985000000.0,4.850664e+32,3.805174954140211,1.1121520349665861e-13,0.0007959512092979814,2.6906535014371142,7.864131122538882e-14,2.608410432415549,7.623754411746707e-14,300000000000000.0,50,52000000000000.0
240000.0,28465969000000.0,4.8257696e+32,3.808705665931269,1.1054583174953962e-13,0.0007952111456780172,2.693150100804358,7.816799171817923e-14,2.610830720193519,7.57786921959085e-14,300000000000000.0,50,52000000000000.0
241000.0,28393196000000.0,4.800993e+32,3.812236377722327,1.0987646000242063e-13,0.0007944710820580529,2.6956467001716016,7.769467221096964e-14,2.6132510079714897,7.531984027434992e-14,300000000000000.0,50,52000000000000.0
242000.0,28320666000000.0,4.776311e+32,3.8157474383553684,1.0921184725456823e-13,0.0007937363832003366,2.698129404007,7.722471784571014e-14,2.6156578249514237,7.486425063508383e-14,300000000000000.0,50,52000000000000.0
243000.0,28248371000000.0,4.751677e+32,3.8191964718228317,1.0856225587264465e-13,0.0007930186177465422,2.7005682478086106,7.676538525738374e-14,2.618022122532777,7.441895810521685e-14,300000000000000.0,50,52000000000000.0
244000.0,28176310000000.0,4.7272042e+32,3.822645505290295,1.0791266449072108e-13,0.0007923008522927479,2.703007091610221,7.630605266905737e-14,2.62038642011413,7.397366557534988e-14,300000000000000.0,50,52000000000000.0
245000.0,28104485000000.0,4.7028997e+32,3.8260945387577583,1.072630731087975e-13,0.0007915830868389537,2.7054459354118316,7.584672008073097e-14,2.6227507176954834,7.352837304548292e-14,300000000000000.0,50,52000000000000.0
246000.0,28032898000000.0,4.6790795e+32,3.829518733124658,1.0661946507097256e-13,0.0007908720220271212,2.707867215236039,7.539161838192065e-14,2.625097988163736,7.308718208284734e-14,300000000000000.0,50,52000000000000.0
247000.0,27961553000000.0,4.6554893e+32,3.8328872126684153,1.0598927784753727e-13,0.0007901759869495944,2.710249098549402,7.494600669103267e-14,2.627407066323348,7.265519105449796e-14,300000000000000.0,50,52000000000000.0
248000.0,27890442000000.0,4.6317621e+32,3.836255692212172,1.0535909062410197e-13,0.0007894799518720675,2.7126309818627647,7.450039500014469e-14,2.6297161444829595,7.222320002614857e-14,300000000000000.0,50,52000000000000.0
249000.0,27819562000000.0,4.6080379e+32,3.8396241717559287,1.0472890340066667e-13,0.0007887839167945406,2.715012865176128,7.405478330925671e-14,2.6320252226425715,7.179120899779918e-14,300000000000000.0,50,52000000000000.0
250000.0,27748913000000.0,4.5844501e+32,3.8429678601721666,1.0410463230549925e-13,0.0007880944909789235,2.7173772184351797,7.361335497843238e-14,2.6343173065752734,7.136327346002475e-14,300000000000000.0,50,52000000000000.0
251000.0,27678496000000.0,4.5611667e+32,3.8462569209661965,1.0349339748791549e-13,0.0007874196287712904,2.7197029439560043,7.318114474440254e-14,2.636571943473481,7.094427425670406e-14,300000000000000.0,50,52000000000000.0
252000.0,27608315000000.0,4.5383509e+32,3.8495459817602264,1.0288216267033174e-13,0.0007867447665636573,2.7220286694768285,7.274893451037272e-14,2.6388265803716884,7.052527505338337e-14,300000000000000.0,50,52000000000000.0
253000.0,27538367000000.0,4.5155793e+32,3.8528350425542564,1.0227092785274798e-13,0.0007860699043560242,2.724354394997653,7.231672427634288e-14,2.641081217269896,7.010627585006266e-14,300000000000000.0,50,52000000000000.0
254000.0,27468647000000.0,4.4926385e+32,3.8561044572389567,1.0166435050398178e-13,0.0007854002188802776,2.726666228558683,7.1887807389967e-14,2.643322386832931,6.969046932921945e-14,300000000000000.0,50,52000000000000.0
255000.0,27399156000000.0,4.4697333e+32,3.8593152348377457,1.0107167414673503e-13,0.0007847459842231779,2.7289365992516044,7.146872004826473e-14,2.6455233608907776,6.928419190106205e-14,300000000000000.0,50,52000000000000.0
256000.0,27329895000000.0,4.4470567e+32,3.862526012436535,1.0047899778948829e-13,0.0007840917495660783,2.7312069699445263,7.104963270656248e-14,2.6477243349486237,6.887791447290466e-14,300000000000000.0,50,52000000000000.0
257000.0,27260867000000.0,4.4248543e+32,3.8657367900353243,9.988632143224154e-14,0.0007834375149089785,2.7334773406374477,7.063054536486022e-14,2.6499253090064703,6.847163704474726e-14,300000000000000.0,50,52000000000000.0
258000.0,27192067000000.0,4.4028417e+32,3.8689380244296006,9.929589442528002e-14,0.0007827857659643433,2.7357409632356267,7.021304856343987e-14,2.6521197412332844,6.806690154007379e-14,300000000000000.0,50,52000000000000.0
259000.0,27123495000000.0,4.3807108e+32,3.872071661063146,9.872140033080868e-14,0.0007821516241658396,2.7379567867854657,6.980681809936603e-14,2.6542678354477194,6.767308800344483e-14,300000000000000.0,50,52000000000000.0
260000.0,27055149000000.0,4.3584711e+32,3.875205297696692,9.814690623633734e-14,0.0007815174823673359,2.740172610335305,6.94005876352922e-14,2.6564159296621543,6.727927446681586e-14,300000000000000.0,50,52000000000000.0
261000.0,26987028000000.0,4.3364426e+32,3.8783389343302375,9.757241214186601e-14,0.0007808833405688322,2.7423884338851443,6.899435717121838e-14,2.6585640238765893,6.688546093018689e-14,300000000000000.0,50,52000000000000.0
262000.0,26919135000000.0,4.3148283e+32,3.881472570963783,9.699791804739466e-14,0.0007802491987703284,2.7446042574349834,6.858812670714456e-14,2.6607121180910243,6.649164739355792e-14,300000000000000.0,50,52000000000000.0
263000.0,26851469000000.0,4.2934603e+32,3.8845355871989975,9.643997273455202e-14,0.0007796332423579586,2.746770144601728,6.819359806714111e-14,2.6628118022885547,6.610917800051727e-14,300000000000000.0,50,52000000000000.0
264000.0,26784026000000.0,4.2720642e+32,3.887593233203152,9.588328585104707e-14,0.0007790186688282652,2.7489322344249025,6.779995927625437e-14,2.664907805212933,6.572757125727303e-14,300000000000000.0,50,52000000000000.0
265000.0,26716806000000.0,4.250456e+32,3.890650879207307,9.532659896754213e-14,0.0007784040952985717,2.7510943242480774,6.740632048536763e-14,2.667003808137311,6.534596451402878e-14,300000000000000.0,50,52000000000000.0
266000.0,26649807000000.0,4.2291026e+32,3.893708525211462,9.476991208403719e-14,0.0007777895217688782,2.753256414071252,6.701268169448089e-14,2.6690998110616895,6.496435777078454e-14,300000000000000.0,50,52000000000000.0
267000.0,26583033000000.0,4.2080758e+32,3.896716278076907,9.422478577105841e-14,0.0007771876518605669,2.7553832239635043,6.662721750851161e-14,2.6711616124290747,6.459067576571894e-14,300000000000000.0,50,52000000000000.0
268000.0,26516482000000.0,4.187326e+32,3.899699091199533,9.368543816158906e-14,0.0007765921320247973,2.757492398717407,6.624583950652586e-14,2.6732063176975283,6.422095504545504e-14,300000000000000.0,50,52000000000000.0
269000.0,26450152000000.0,4.1665626e+32,3.902681904322159,9.31460905521197e-14,0.0007759966121890278,2.7596015734713095,6.586446150454013e-14,2.675251022965982,6.385123432519114e-14,300000000000000.0,50,52000000000000.0
270000.0,26384039000000.0,4.1455386e+32,3.9056647174447847,9.260674294265035e-14,0.0007754010923532582,2.7617107482252123,6.54830835025544e-14,2.677295728234435,6.348151360492724e-14,300000000000000.0,50,52000000000000.0
271000.0,26318145000000.0,4.1248723e+32,3.9086228625861565,9.207307247996116e-14,0.0007748117834623409,2.7638024800068304,6.510571987233304e-14,2.6793235236962323,6.311568455227405e-14,300000000000000.0,50,52000000000000.0
272000.0,26252474000000.0,4.1044436e+32,3.911531994414673,9.155068205548826e-14,0.0007742348152238686,2.7658595539926236,6.473633247888518e-14,2.6813177207198176,6.27575879330199e-14,300000000000000.0,50,52000000000000.0
273000.0,26187023000000.0,4.0843102e+32,3.9144411262431893,9.102829163101537e-14,0.0007736578469853964,2.767916627978417,6.436694508543733e-14,2.6833119177434033,6.239949131376575e-14,300000000000000.0,50,52000000000000.0
274000.0,26121788000000.0,4.0639958e+32,3.917350258071706,9.050590120654247e-14,0.0007730808787469241,2.7699737019642106,6.399755769198948e-14,2.6853061147669886,6.20413946945116e-14,300000000000000.0,50,52000000000000.0
275000.0,26056768000000.0,4.0436765e+32,3.9202593899002225,8.998351078206958e-14,0.0007725039105084517,2.772030775950004,6.362817029854161e-14,2.687300311790574,6.168329807525744e-14,300000000000000.0,50,52000000000000.0
276000.0,25991965000000.0,4.0236211e+32,3.923100899014573,8.947666108306803e-14,0.0007719437810467935,2.7740400332512767,6.32697719187426e-14,2.68924815370466,6.133585457709075e-14,300000000000000.0,50,52000000000000.0
277000.0,25927383000000.0,4.0038112e+32,3.9259375053481094,8.897093811746695e-14,0.0007713848724298309,2.7760458237481425,6.291217026421482e-14,2.691192634781426,6.098918345131881e-14,300000000000000.0,50,52000000000000.0
278000.0,25863016000000.0,3.9841639e+32,3.9287741116816455,8.846521515186587e-14,0.0007708259638128683,2.7780516142450082,6.255456860968705e-14,2.693137115858192,6.064251232554688e-14,300000000000000.0,50,52000000000000.0
279000.0,25798862000000.0,3.9645374e+32,3.931610718015182,8.795949218626478e-14,0.0007702670551959057,2.780057404741874,6.219696695515927e-14,2.6950815969349575,6.029584119977495e-14,300000000000000.0,50,52000000000000.0
280000.0,25734923000000.0,3.9448911e+32,3.934414615905492,8.746120022169079e-14,0.0007697162030414094,2.782040066778673,6.184461984076584e-14,2.69700365650112,5.995426400273074e-14,300000000000000.0,50,52000000000000.0
281000.0,25671201000000.0,3.9254116e+32,3.937179868756098,8.697168798801818e-14,0.0007691748696007728,2.7839954025299813,6.149848096779537e-14,2.6988992250428865,5.961870528466363e-14,300000000000000.0,50,52000000000000.0
282000.0,25607697000000.0,3.9061538e+32,3.939945121606704,8.648217575434558e-14,0.0007686335361601363,2.7859507382812896,6.115234209482488e-14,2.7007947935846524,5.928314656659652e-14,300000000000000.0,50,52000000000000.0
283000.0,25544406000000.0,3.8869614e+32,3.9427103744573104,8.599266352067299e-14,0.0007680922027194998,2.787906074032598,6.08062032218544e-14,2.7026903621264187,5.89475878485294e-14,300000000000000.0,50,52000000000000.0
284000.0,25481325000000.0,3.8677914e+32,3.945475627307917,8.550315128700039e-14,0.0007675508692788632,2.789861409783906,6.046006434888392e-14,2.7045859306681845,5.861202913046229e-14,300000000000000.0,50,52000000000000.0
285000.0,25418455000000.0,3.8486564e+32,3.9481768931017824,8.502816118859509e-14,0.0007670251273194327,2.791771499663546,6.012419423179216e-14,2.7064376363332836,5.828642529126888e-14,300000000000000.0,50,52000000000000.0
286000.0,25355801000000.0,3.8297206e+32,3.950871956305452,8.455457879447301e-14,0.000766500896721415,2.7936772036311854,5.978931951733013e-14,2.708285090147107,5.796178642901388e-14,300000000000000.0,50,52000000000000.0
287000.0,25293359000000.0,3.811004e+32,3.953567019509121,8.408099640035095e-14,0.0007659766661233975,2.7955829075988246,5.945444480286808e-14,2.7101325439609307,5.763714756675888e-14,300000000000000.0,50,52000000000000.0
288000.0,25231124000000.0,3.792379e+32,3.95626208271279,8.360741400622888e-14,0.0007654524355253799,2.7974886115664637,5.911957008840603e-14,2.7119799977747543,5.73125087045039e-14,300000000000000.0,50,52000000000000.0
289000.0,25169095000000.0,3.7736094e+32,3.9589370703354825,8.313833623133717e-14,0.0007649330449637114,2.7993801198956443,5.878788063775722e-14,2.713813689857043,5.699095774460226e-14,300000000000000.0,50,52000000000000.0
290000.0,25107276000000.0,3.7550149e+32,3.9615631235334003,8.268023850983058e-14,0.0007644254520379326,2.8012370262173873,5.84639552987739e-14,2.715613837584261,5.6676933576856476e-14,300000000000000.0,50,52000000000000.0
291000.0,25045668000000.0,3.7366619e+32,3.964189176731318,8.2222140788324e-14,0.0007639178591121537,2.8030939325391304,5.814002995979056e-14,2.7174139853114783,5.6362909409110686e-14,300000000000000.0,50,52000000000000.0
292000.0,24984268000000.0,3.7185544e+32,3.966815229929236,8.176404306681741e-14,0.0007634102661863749,2.8049508388608735,5.781610462080724e-14,2.719214133038696,5.60488852413649e-14,300000000000000.0,50,52000000000000.0
293000.0,24923073000000.0,3.7001945e+32,3.9694412831271544,8.130594534531081e-14,0.000762902673260596,2.8068077451826166,5.749217928182391e-14,2.721014280765914,5.57348610736191e-14,300000000000000.0,50,52000000000000.0
294000.0,24862083000000.0,3.6819469e+32,3.972026969941439,8.085685059877799e-14,0.0007624047104429072,2.808636108043242,5.717462004098669e-14,2.722786757497555,5.5427008416492727e-14,300000000000000.0,50,52000000000000.0
295000.0,24801301000000.0,3.6639287e+32,3.974585183793185,8.041388318820957e-14,0.000761913301781796,2.810445044505775,5.686139350375436e-14,2.724540401622546,5.5123356028619935e-14,300000000000000.0,50,52000000000000.0
296000.0,24740729000000.0,3.6462725e+32,3.9771433976449315,7.997091577764115e-14,0.0007614218931206847,2.812253980968308,5.654816696652204e-14,2.726294045747537,5.481970364074714e-14,300000000000000.0,50,52000000000000.0
297000.0,24680359000000.0,3.6283494e+32,3.9797016114966777,7.952794836707272e-14,0.0007609304844595734,2.8140629174308414,5.623494042928972e-14,2.7280476898725277,5.451605125287435e-14,300000000000000.0,50,52000000000000.0
298000.0,24620189000000.0,3.6104155e+32,3.982259825348424,7.90849809565043e-14,0.0007604390757984621,2.8158718538933742,5.59217138920574e-14,2.7298013339975187,5.421239886500155e-14,300000000000000.0,50,52000000000000.0
299000.0,24560220000000.0,3.5927759e+32,3.984763188613161,7.86541525391172e-14,0.0007599606175717779,2.8176420049757103,5.5617070963744613e-14,2.731517378264542,5.391706771761056e-14,300000000000000.0,50,52000000000000.0
300000.0,24500459000000.0,3.5755082e+32,3.987254736786195,7.822593892177965e-14,0.0007594849489336595,2.819403801492511,5.531427698786905e-14,2.733225323333469,5.362352900717863e-14,300000000000000.0,50,52000000000000.0
301000.0,24440901000000.0,3.5580118e+32,3.9897462849592285,7.779772530444209e-14,0.000759009280295541,2.821165598009312,5.5011483011993483e-14,2.7349332684023953,5.33299902967467e-14,300000000000000.0,50,52000000000000.0
302000.0,24381537000000.0,3.5403557e+32,3.992237833132262,7.736951168710453e-14,0.0007585336116574226,2.8229273945261126,5.470868903611792e-14,2.7366412134713216,5.303645158631478e-14,300000000000000.0,50,52000000000000.0
303000.0,24322370000000.0,3.5231481e+32,3.9947293813052958,7.694129806976698e-14,0.0007580579430193042,2.8246891910429133,5.440589506024236e-14,2.738349158540248,5.274291287588285e-14,300000000000000.0,50,52000000000000.0
304000.0,24263406000000.0,3.5062389e+32,3.997157211422794,7.65271067865765e-14,0.0007575971650373985,2.8264059319085404,5.4113016422610914e-14,2.7400134251386734,5.2458986429332995e-14,300000000000000.0,50,52000000000000.0
305000.0,24204645000000.0,3.4891424e+32,3.9995832661244983,7.61133062163998e-14,0.0007571368019631042,2.8281214173605487,5.382041406221316e-14,2.741676474696721,5.217532781526746e-14,300000000000000.0,50,52000000000000.0
306000.0,24146077000000.0,3.4719703e+32,4.002009320826203,7.56995056462231e-14,0.0007566764388888098,2.829836902812557,5.3527811701815415e-14,2.7433395242547687,5.1891669201201936e-14,300000000000000.0,50,52000000000000.0
307000.0,24087706000000.0,3.4551599e+32,4.004435375527907,7.528570507604642e-14,0.0007562160758145155,2.8315523882645652,5.323520934141766e-14,2.7450025738128163,5.160801058713641e-14,300000000000000.0,50,52000000000000.0
308000.0,24029535000000.0,3.4385624e+32,4.006858591939098,7.487252295220438e-14,0.00075575636936789,2.8332658667340707,5.29430442908232e-14,2.7466636777342175,5.132477591596867e-14,300000000000000.0,50,52000000000000.0
309000.0,23971565000000.0,3.4217003e+32,4.009220328182242,7.44727369850965e-14,0.0007553108861233067,2.834935871985837,5.266035180128682e-14,2.748282637249552,5.105072426552042e-14,300000000000000.0,50,52000000000000.0
310000.0,23913783000000.0,3.4049039e+32,4.0115820644253875,7.407295101798863e-14,0.0007548654028787233,2.8366058772376035,5.237765931175044e-14,2.7499015967648863,5.0776672615072165e-14,300000000000000.0,50,52000000000000.0
311000.0,23856190000000.0,3.3883916e+32,4.013943800668533,7.367316505088074e-14,0.0007544199196341399,2.8382758824893703,5.209496682221406e-14,2.7515205562802207,5.050262096462391e-14,300000000000000.0,50,52000000000000.0
312000.0,23798790000000.0,3.3721148e+32,4.016305536911677,7.327337908377287e-14,0.0007539744363895566,2.8399458877411368,5.1812274332677686e-14,2.7531395157955547,5.0228569314175654e-14,300000000000000.0,50,52000000000000.0
313000.0,23741586000000.0,3.3555451e+32,4.0186650503128245,7.287407243824602e-14,0.0007535294622802171,2.8416143212000193,5.152992077636987e-14,2.7547569515617627,4.995484623705003e-14,300000000000000.0,50,52000000000000.0
314000.0,23684570000000.0,3.3391713e+32,4.020963635721187,7.248790397431767e-14,0.0007530984435435513,2.843239671891172,5.125685736363777e-14,2.7563326214373323,4.969012933897421e-14,300000000000000.0,50,52000000000000.0
315000.0,23627742000000.0,3.3229831e+32,4.02326222112955,7.210173551038933e-14,0.0007526674248068855,2.8448650225823244,5.0983793950905664e-14,2.7579082913129014,4.942541244089839e-14,300000000000000.0,50,52000000000000.0
316000.0,23571104000000.0,3.3069825e+32,4.025560806537913,7.1715567046461e-14,0.0007522364060702196,2.846490373273477,5.0710730538173563e-14,2.759483961188471,4.916069554282257e-14,300000000000000.0,50,52000000000000.0
317000.0,23514657000000.0,3.2908142e+32,4.027859391946276,7.132939858253266e-14,0.0007518053873335538,2.84811572396463,5.0437667125441456e-14,2.76105963106404,4.889597864474675e-14,300000000000000.0,50,52000000000000.0
318000.0,23458401000000.0,3.2747525e+32,4.030157977354639,7.094323011860431e-14,0.000751374368596888,2.8497410746557823,5.0164603712709356e-14,2.7626353009396096,4.863126174667093e-14,300000000000000.0,50,52000000000000.0
319000.0,23402330000000.0,3.2589287e+32,4.0323979928550635,7.056963141993754e-14,0.0007509566333258493,2.8513250100050858,4.9900428509865327e-14,2.7641708213835234,4.837516137954951e-14,300000000000000.0,50,52000000000000.0
320000.0,23346445000000.0,3.2431668e+32,4.034634586304292,7.01967671321954e-14,0.0007505396741649505,2.852906525589272,4.963677261651568e-14,2.7657039960253784,4.811956444859687e-14,300000000000000.0,50,52000000000000.0
321000.0,23290748000000.0,3.2273772e+32,4.03687117975352,6.982390284445329e-14,0.0007501227150040515,2.854488041173459,4.9373116723166036e-14,2.767237170667234,4.786396751764423e-14,300000000000000.0,50,52000000000000.0
322000.0,23235240000000.0,3.2118255e+32,4.0391077732027485,6.945103855671117e-14,0.0007497057558431526,2.8560695567576455,4.9109460829816394e-14,2.768770345309089,4.760837058669159e-14,300000000000000.0,50,52000000000000.0
323000.0,23179920000000.0,3.1962388e+32,4.041344366651978,6.907817426896904e-14,0.0007492887966822537,2.8576510723418322,4.8845804936466745e-14,2.770303519950944,4.7352773655738943e-14,300000000000000.0,50,52000000000000.0
324000.0,23124786000000.0,3.1809188e+32,4.043534023698607,6.87153367050828e-14,0.0007488823795560269,2.8591993987481743,4.858923904185712e-14,2.7718045198824592,4.710405000910164e-14,300000000000000.0,50,52000000000000.0
325000.0,23069839000000.0,3.1653962e+32,4.045709787352765,6.835546709787888e-14,0.0007484790829208699,2.8607379010042178,4.8334771819699296e-14,2.773295995950754,4.685736088644311e-14,300000000000000.0,50,52000000000000.0
326000.0,23015080000000.0,3.1499432e+32,4.047885551006924,6.799559749067497e-14,0.0007480757862857128,2.862276403260261,4.8080304597541465e-14,2.7747874720190486,4.661067176378457e-14,300000000000000.0,50,52000000000000.0
327000.0,22960504000000.0,3.1348421e+32,4.0500613146610815,6.763572788347105e-14,0.0007476724896505557,2.8638149055163042,4.782583737538364e-14,2.7762789480873433,4.636398264112604e-14,300000000000000.0,50,52000000000000.0
328000.0,22906109000000.0,3.1197213e+32,4.0522370783152395,6.727585827626713e-14,0.0007472691930153986,2.8653534077723477,4.757137015322581e-14,2.777770424155638,4.61172935184675e-14,300000000000000.0,50,52000000000000.0
329000.0,22851893000000.0,3.1044511e+32,4.054382158578346,6.692245476912716e-14,0.000746872722313527,2.8668702135107336,4.732147517614769e-14,2.779240866886671,4.587503688466357e-14,300000000000000.0,50,52000000000000.0
330000.0,22797860000000.0,3.0893599e+32,4.056498257494104,6.657515867989422e-14,0.0007464826989024131,2.868366526262752,4.707589881635033e-14,2.780691443024338,4.5636966864357064e-14,300000000000000.0,50,52000000000000.0
331000.0,22744008000000.0,3.0746784e+32,4.058614356409862,6.622786259066129e-14,0.000746092675491299,2.8698628390147705,4.6830322456552965e-14,2.7821420191620048,4.539889684405056e-14,300000000000000.0,50,52000000000000.0
332000.0,22690334000000.0,3.059682e+32,4.060730455325619,6.588056650142834e-14,0.000745702652080185,2.871359151766789,4.65847460967556e-14,2.783592595299672,4.5160826823744053e-14,300000000000000.0,50,52000000000000.0
333000.0,22636833000000.0,3.0446736e+32,4.062846554241377,6.553327041219541e-14,0.000745312628669071,2.8728554645188074,4.6339169736958237e-14,2.7850431714373385,4.492275680343754e-14,300000000000000.0,50,52000000000000.0
334000.0,22583512000000.0,3.030162e+32,4.064952622611422,6.518807839297077e-14,0.0007449248156534727,2.874344684576784,4.6095081186351036e-14,2.7864868716777655,4.468612911562606e-14,300000000000000.0,50,52000000000000.0
335000.0,22530372000000.0,3.0156013e+32,4.067010204875093,6.485305712269335e-14,0.0007445476873478769,2.8757996196489133,4.5858184475223925e-14,2.7878973348945486,4.4456473439985054e-14,300000000000000.0,50,52000000000000.0
336000.0,22477404000000.0,3.0009222e+32,4.069067787138763,6.451803585241593e-14,0.000744170559042281,2.877254554721042,4.5621287764096814e-14,2.7893077981113317,4.4226817764344045e-14,300000000000000.0,50,52000000000000.0
337000.0,22424612000000.0,2.9864761e+32,4.071125369402433,6.41830145821385e-14,0.0007437934307366852,2.8787094897931715,4.53843910529697e-14,2.7907182613281147,4.399716208870304e-14,300000000000000.0,50,52000000000000.0
338000.0,22372001000000.0,2.9722756e+32,4.073182951666103,6.384799331186109e-14,0.0007434163024310894,2.8801644248653004,4.514749434184259e-14,2.792128724544898,4.376750641306202e-14,300000000000000.0,50,52000000000000.0
339000.0,22319571000000.0,2.9577259e+32,4.075240533929774,6.351297204158367e-14,0.0007430391741254937,2.88161935993743,4.4910597630715487e-14,2.793539187761681,4.3537850737421014e-14,300000000000000.0,50,52000000000000.0
340000.0,22267311000000.0,2.9433735e+32,4.077255569596081,6.318682551469042e-14,0.0007426713346977232,2.8830442099078675,4.467997634002425e-14,2.7949204854644183,4.331427866636798e-14,300000000000000.0,50,52000000000000.0
341000.0,22215227000000.0,2.9293405e+32,4.079255785278899,6.286377027026314e-14,0.0007423067308052136,2.884458580527712,4.445154092630097e-14,2.7962916241306326,4.309282565829834e-14,300000000000000.0,50,52000000000000.0
342000.0,22163323000000.0,2.9151762e+32,4.081256000961718,6.254071502583585e-14,0.000741942126912704,2.8858729511475567,4.4223105512577686e-14,2.7976627627968464,4.28713726502287e-14,300000000000000.0,50,52000000000000.0
343000.0,22111593000000.0,2.9009683e+32,4.083256216644536,6.221765978140857e-14,0.0007415775230201943,2.8872873217674018,4.39946700988544e-14,2.7990339014630603,4.2649919642159064e-14,300000000000000.0,50,52000000000000.0
344000.0,22060030000000.0,2.8870376e+32,4.085256432327354,6.189460453698127e-14,0.0007412129191276847,2.8887016923872464,4.376623468513111e-14,2.800405040129274,4.2428466634089425e-14,300000000000000.0,50,52000000000000.0
345000.0,22008637000000.0,2.8732083e+32,4.087244078117897,6.157413299790688e-14,0.0007408510344709789,2.890107174717574,4.353962623539718e-14,2.8017675621873273,4.2208784746635834e-14,300000000000000.0,50,52000000000000.0
346000.0,21957413000000.0,2.8592301e+32,4.089188076448398,6.126263306922336e-14,0.0007404985920380796,2.891481793516774,4.331936170142446e-14,2.8031001640955377,4.1995252865453084e-14,300000000000000.0,50,52000000000000.0
347000.0,21906353000000.0,2.8460644e+32,4.0911320747788995,6.095113314053984e-14,0.0007401461496051804,2.892856412315973,4.309909716745174e-14,2.804432766003748,4.1781720984270334e-14,300000000000000.0,50,52000000000000.0
348000.0,21855453000000.0,2.8325932e+32,4.093076073109401,6.063963321185631e-14,0.0007397937071722811,2.8942310311151727,4.2878832633479015e-14,2.805765367911958,4.156818910308759e-14,300000000000000.0,50,52000000000000.0
349000.0,21804727000000.0,2.8188697e+32,4.095020071439902,6.032813328317279e-14,0.0007394412647393819,2.895605649914372,4.2658568099506293e-14,2.8070979698201683,4.135465722190484e-14,300000000000000.0,50,52000000000000.0
350000.0,21754175000000.0,2.8051305e+32,4.0969640697704035,6.001663335448926e-14,0.0007390888223064826,2.8969802687135715,4.243830356553357e-14,2.8084305717283784,4.114112534072209e-14,300000000000000.0,50,52000000000000.0
351000.0,21703797000000.0,2.7915848e+32,4.09887414614107,5.971209129734138e-14,0.0007387436518756319,2.8983309009754197,4.222295901204239e-14,2.809739920276861,4.093236305484217e-14,300000000000000.0,50,52000000000000.0
352000.0,21653584000000.0,2.7781996e+32,4.100763056275572,5.941189073322185e-14,0.0007384030189453709,2.8996665663922845,4.2010684371649045e-14,2.811034759460141,4.0726576846437867e-14,300000000000000.0,50,52000000000000.0
353000.0,21603537000000.0,2.7646626e+32,4.1026519664100745,5.911169016910233e-14,0.0007380623860151099,2.9010022318091497,4.179840973125569e-14,2.8123295986434207,4.0520790638033556e-14,300000000000000.0,50,52000000000000.0
354000.0,21553659000000.0,2.7512328e+32,4.1045408765445766,5.88114896049828e-14,0.0007377217530848489,2.9023378972260145,4.158613509086235e-14,2.8136244378267006,4.0315004429629245e-14,300000000000000.0,50,52000000000000.0
355000.0,21503946000000.0,2.7381388e+32,4.1064297866790795,5.851128904086328e-14,0.000737381120154588,2.90367356264288,4.1373860450469e-14,2.8149192770099805,4.010921822122494e-14,300000000000000.0,50,52000000000000.0
356000.0,21454394000000.0,2.7248321e+32,4.108318696813582,5.821108847674375e-14,0.000737040487224327,2.9050092280597446,4.1161585810075656e-14,2.8162141161932603,3.990343201282063e-14,300000000000000.0,50,52000000000000.0
357000.0,21404996000000.0,2.7120689e+32,4.110158145419327,5.792089796348913e-14,0.0007367103635255213,2.9063099187647503,4.095638937632039e-14,2.8174750497091927,3.9704507657072465e-14,300000000000000.0,50,52000000000000.0
358000.0,21355759000000.0,2.6991494e+32,4.111993102117549,5.763161652490162e-14,0.0007363811942350613,2.907607433199728,4.075183575831403e-14,2.818732904041645,3.950620646862918e-14,300000000000000.0,50,52000000000000.0
359000.0,21306685000000.0,2.6862159e+32,4.113828058815772,5.734233508631412e-14,0.0007360520249446015,2.908904947634706,4.054728214030767e-14,2.8199907583740966,3.930790528018589e-14,300000000000000.0,50,52000000000000.0
360000.0,21257773000000.0,2.6730187e+32,4.115663015513994,5.70530536477266e-14,0.0007357228556541415,2.910202462069684,4.0342728522301305e-14,2.821248612706549,3.91096040917426e-14,300000000000000.0,50,52000000000000.0
361000.0,21209027000000.0,2.660299e+32,4.117497972212216,5.67637722091391e-14,0.0007353936863636816,2.9114999765046616,4.013817490429495e-14,2.822506467039001,3.891130290329931e-14,300000000000000.0,50,52000000000000.0
362000.0,21160451000000.0,2.6474879e+32,4.119326323339443,5.6475828022017123e-14,0.0007350659082704722,2.9127928200784434,3.993456687005339e-14,2.823759793280798,3.8713918395704774e-14,300000000000000.0,50,52000000000000.0
363000.0,21112034000000.0,2.6344629e+32,4.121108443398947,5.6197242989933725e-14,0.0007347478668880407,2.9140529732307,3.973757678709836e-14,2.8249814283234733,3.8522949553679074e-14,300000000000000.0,50,52000000000000.0
364000.0,21063775000000.0,2.6220093e+32,4.122890563458451,5.591865795785032e-14,0.0007344298255056093,2.9153131263829564,3.954058670414334e-14,2.826203063366149,3.833198071165338e-14,300000000000000.0,50,52000000000000.0
365000.0,21015679000000.0,2.6096737e+32,4.1246726835179555,5.564007292576692e-14,0.0007341117841231778,2.916573279535213,3.934359662118831e-14,2.8274246984088243,3.814101186962769e-14,300000000000000.0,50,52000000000000.0
366000.0,20967742000000.0,2.5969872e+32,4.1264548035774595,5.536148789368352e-14,0.0007337937427407462,2.917833432687469,3.914660653823328e-14,2.8286463334514997,3.7950043027601994e-14,300000000000000.0,50,52000000000000.0
367000.0,20919958000000.0,2.5848891e+32,4.128236923636964,5.5082902861600114e-14,0.0007334757013583148,2.9190935858397253,3.894961645527825e-14,2.829867968494175,3.7759074185576295e-14,300000000000000.0,50,52000000000000.0
368000.0,20872328000000.0,2.5725454e+32,4.130006680222464,5.4806787197159854e-14,0.0007331602414768128,2.9203449966638266,3.87543724865775e-14,2.8310811284285644,3.756979808570237e-14,300000000000000.0,50,52000000000000.0
369000.0,20824857000000.0,2.5600578e+32,4.13173708970318,5.4538530364903774e-14,0.000732852997294842,2.921568584781957,3.856468557574819e-14,2.832267316091753,3.738590918547804e-14,300000000000000.0,50,52000000000000.0
370000.0,20777545000000.0,2.5477521e+32,4.1334674991838956,5.4270273532647693e-14,0.0007325457531128711,2.9227921729000874,3.837499866491888e-14,2.8334535037549418,3.720202028525371e-14,300000000000000.0,50,52000000000000.0
371000.0,20730388000000.0,2.535517e+32,4.135197908664612,5.400201670039161e-14,0.0007322385089309004,2.9240157610182176,3.8185311754089574e-14,2.83463969141813,3.7018131385029375e-14,300000000000000.0,50,52000000000000.0
372000.0,20683384000000.0,2.5231431e+32,4.136928318145328,5.373375986813553e-14,0.0007319312647489296,2.9252393491363478,3.799562484326027e-14,2.8358258790813187,3.6834242484805046e-14,300000000000000.0,50,52000000000000.0
373000.0,20636538000000.0,2.5109788e+32,4.138658727626043,5.346550303587945e-14,0.0007316240205669588,2.926462937254478,3.7805937932430956e-14,2.8370120667445073,3.6650353584580716e-14,300000000000000.0,50,52000000000000.0
374000.0,20589843000000.0,2.4988207e+32,4.1403761104963746,5.319981615098177e-14,0.0007313194732645886,2.9276773141347743,3.761806825668189e-14,2.8381893247225234,3.64682263734398e-14,300000000000000.0,50,52000000000000.0
375000.0,20543296000000.0,2.4867172e+32,4.142055916609579,5.294154257506135e-14,0.0007310227054218588,2.928865120139249,3.743544060470039e-14,2.8393408239957796,3.6291180957244816e-14,300000000000000.0,50,52000000000000.0
376000.0,20496900000000.0,2.47473e+32,4.143735722722784,5.268326899914092e-14,0.0007307259375791292,2.9300529261437234,3.725281295271889e-14,2.8404923232690362,3.6114135541049835e-14,300000000000000.0,50,52000000000000.0
377000.0,20450656000000.0,2.4632002e+32,4.145415528835989,5.242499542322049e-14,0.0007304291697363996,2.9312407321481975,3.7070185300737384e-14,2.8416438225422924,3.593709012485485e-14,300000000000000.0,50,52000000000000.0
378000.0,20404555000000.0,2.4514193e+32,4.147095334949194,5.216672184730006e-14,0.0007301324018936699,2.932428538152672,3.6887557648755875e-14,2.842795321815549,3.576004470865987e-14,300000000000000.0,50,52000000000000.0
379000.0,20358604000000.0,2.4396872e+32,4.148775141062399,5.190844827137963e-14,0.0007298356340509403,2.9336163441571466,3.670492999677437e-14,2.8439468210888053,3.558299929246488e-14,300000000000000.0,50,52000000000000.0
380000.0,20312814000000.0,2.4280333e+32,4.150446110695035,5.1651913637854944e-14,0.0007295406802841749,2.934797901803878,3.6523531968011993e-14,2.8450922629929547,3.5407145914562325e-14,300000000000000.0,50,52000000000000.0
381000.0,20267174000000.0,2.4162338e+32,4.152076404222256,5.140338370752078e-14,0.0007292540770755964,2.9359506969974727,3.634779414336524e-14,2.846209821603249,3.5236779729764005e-14,300000000000000.0,50,52000000000000.0
382000.0,20221681000000.0,2.4044686e+32,4.153706697749477,5.115485377718661e-14,0.0007289674738670179,2.937103492191068,3.617205631871848e-14,2.847327380213543,3.506641354496569e-14,300000000000000.0,50,52000000000000.0
383000.0,20176338000000.0,2.3930937e+32,4.155336991276698,5.090632384685244e-14,0.0007286808706584393,2.9382562873846627,3.5996318494071724e-14,2.848444938823837,3.489604736016738e-14,300000000000000.0,50,52000000000000.0
384000.0,20131146000000.0,2.3814566e+32,4.15696728480392,5.065779391651827e-14,0.0007283942674498608,2.939409082578258,3.582058066942497e-14,2.8495624974341314,3.472568117536906e-14,300000000000000.0,50,52000000000000.0
385000.0,20086095000000.0,2.3699065e+32,4.158597578331141,5.04092639861841e-14,0.0007281076642412823,2.940561877771853,3.564484284477821e-14,2.8506800560444256,3.4555314990570743e-14,300000000000000.0,50,52000000000000.0
386000.0,20041191000000.0,2.3586994e+32,4.160227840955413,5.016074005459523e-14,0.0007278210673247664,2.9417146511136854,3.546910926190289e-14,2.8517975934708826,3.438495291788897e-14,300000000000000.0,50,52000000000000.0
387000.0,19996435000000.0,2.3471809e+32,4.1618097148668305,4.9921609128193675e-14,0.0007275443226980463,2.9428332083467255,3.5300017564815726e-14,2.8528819606454303,3.422102971369201e-14,300000000000000.0,50,52000000000000.0
388000.0,19951820000000.0,2.3360748e+32,4.163391588778249,4.968247820179212e-14,0.0007272675780713262,2.9439517655797656,3.513092586772857e-14,2.8539663278199776,3.405710650949506e-14,300000000000000.0,50,52000000000000.0
389000.0,19907355000000.0,2.3249903e+32,4.164973462689667,4.944334727539057e-14,0.0007269908334446061,2.9450703228128057,3.4961834170641407e-14,2.8550506949945254,3.389318330529811e-14,300000000000000.0,50,52000000000000.0
390000.0,19863035000000.0,2.3145365e+32,4.166555336601085,4.9204216348989016e-14,0.000726714088817886,2.946188880045846,3.479274247355425e-14,2.856135062169073,3.372926010110115e-14,300000000000000.0,50,52000000000000.0
391000.0,19818836000000.0,2.3049067e+32,4.168137210512503,4.8965085422587467e-14,0.0007264373441911659,2.947307437278886,3.462365077646709e-14,2.857219429343621,3.35653368969042e-14,300000000000000.0,50,52000000000000.0
392000.0,19774768000000.0,2.2954297e+32,4.169719084423921,4.872595449618591e-14,0.0007261605995644458,2.9484259945119264,3.445455907937993e-14,2.858303796518168,3.340141369270725e-14,300000000000000.0,50,52000000000000.0
393000.0,19730827000000.0,2.2832329e+32,4.1712667590127435,4.849323533305343e-14,0.0007258907616649556,2.949520369086605,3.4290001202697486e-14,2.8593647202066492,3.3241885727189704e-14,300000000000000.0,50,52000000000000.0
394000.0,19687024000000.0,2.2765147e+32,4.172801286695159,4.826298098048473e-14,0.0007256235788501157,2.950605447361765,3.41271862176283e-14,2.8604166317482864,3.308404737968718e-14,300000000000000.0,50,52000000000000.0
395000.0,19643356000000.0,2.2667228e+32,4.1743358143775735,4.803272662791604e-14,0.0007253563960352759,2.9516905256369252,3.3964371232559114e-14,2.8614685432899236,3.292620903218465e-14,300000000000000.0,50,52000000000000.0
396000.0,19599821000000.0,2.2544073e+32,4.175870342059989,4.780247227534734e-14,0.000725089213220436,2.952775603912085,3.380155624748993e-14,2.862520454831561,3.2768370684682115e-14,300000000000000.0,50,52000000000000.0
397000.0,19556427000000.0,2.2451696e+32,4.1774048697424035,4.757221792277865e-14,0.0007248220304055962,2.9538606821872455,3.363874126242074e-14,2.863572366373198,3.261053233717959e-14,300000000000000.0,50,52000000000000.0
398000.0,19513165000000.0,2.2361971e+32,4.178939397424819,4.734196357020996e-14,0.0007245548475907563,2.9549457604624054,3.3475926277351555e-14,2.864624277914835,3.245269398967706e-14,300000000000000.0,50,52000000000000.0
399000.0,19470033000000.0,2.2271812e+32,4.180458085140769,4.711469563657159e-14,0.000724290837754819,2.9560196381505857,3.3315223018131285e-14,2.8656653312290232,3.2296902820559123e-14,300000000000000.0,50,52000000000000.0
400000.0,19427040000000.0,2.2181469e+32,4.181946282588129,4.6893176245110114e-14,0.000724032935569373,2.9570719558874776,3.3158584608951056e-14,2.8666854835979936,3.2145052254404804e-14,300000000000000.0,50,52000000000000.0
401000.0,19384183000000.0,2.2089397e+32,4.183434480035489,4.6671656853648634e-14,0.000723775033383927,2.95812427362437,3.300194619977083e-14,2.8677056359669644,3.199320168825048e-14,300000000000000.0,50,52000000000000.0
402000.0,19341457000000.0,2.1996779e+32,4.184922677482849,4.645013746218716e-14,0.000723517131198481,2.959176591361262,3.28453077905906e-14,2.868725788335935,3.184135112209616e-14,300000000000000.0,50,52000000000000.0
403000.0,19298867000000.0,2.1904371e+32,4.18641087493021,4.622861807072568e-14,0.0007232592290130351,2.9602289090981544,3.268866938141037e-14,2.869745940704906,3.168950055594184e-14,300000000000000.0,50,52000000000000.0
404000.0,19256412000000.0,2.1810127e+32,4.1878990723775695,4.6007098679264204e-14,0.0007230013268275891,2.961281226835047,3.253203097223014e-14,2.8707660930738763,3.153764998978752e-14,300000000000000.0,50,52000000000000.0
405000.0,19214087000000.0,2.1715526e+32,4.1893872698249295,4.5785579287802725e-14,0.0007227434246421431,2.9623335445719388,3.237539256304991e-14,2.871786245442847,3.138579942363319e-14,300000000000000.0,50,52000000000000.0
406000.0,19171903000000.0,2.1624045e+32,4.19083661627626,4.5571484270989264e-14,0.0007224932432139929,2.963358390410443,3.222400400097567e-14,2.8727797656253355,3.123903823663486e-14,300000000000000.0,50,52000000000000.0
407000.0,19129866000000.0,2.1528392e+32,4.192279516100746,4.5358621196153966e-14,0.0007222443429072122,2.9643786777795205,3.2073486556986835e-14,2.873768866673546,3.109312154094015e-14,300000000000000.0,50,52000000000000.0
408000.0,19087968000000.0,2.1433927e+32,4.193722415925233,4.514575812131867e-14,0.0007219954426004314,2.965398965148598,3.1922969112998e-14,2.8747579677217567,3.0947204845245434e-14,300000000000000.0,50,52000000000000.0
409000.0,19046206000000.0,2.133934e+32,4.195165315749719,4.4932895046483364e-14,0.0007217465422936506,2.9664192525176754,3.1772451669009174e-14,2.8757470687699676,3.0801288149550724e-14,300000000000000.0,50,52000000000000.0
410000.0,19004580000000.0,2.1242518e+32,4.196608215574206,4.4720031971648066e-14,0.0007214976419868698,2.967439539886753,3.162193422502034e-14,2.876736169818178,3.0655371453856006e-14,300000000000000.0,50,52000000000000.0
411000.0,18963084000000.0,2.1149462e+32,4.198051115398693,4.450716889681277e-14,0.000721248741680089,2.9684598272558307,3.147141678103151e-14,2.8777252708663887,3.0509454758161296e-14,300000000000000.0,50,52000000000000.0
412000.0,18921718000000.0,2.1053409e+32,4.199482159803036,4.4296547775913585e-14,0.0007210021792679279,2.9694717315479524,3.1322484644284133e-14,2.878706245076562,3.036507491286775e-14,300000000000000.0,50,52000000000000.0
413000.0,18880484000000.0,2.0957906e+32,4.200880824121429,4.409204998596972e-14,0.0007207620022244684,2.9704607395825757,3.117788237388632e-14,2.879665022881126,3.0224892586302635e-14,300000000000000.0,50,52000000000000.0
414000.0,18839385000000.0,2.086582e+32,4.202279488439822,4.388755219602585e-14,0.000720521825181009,2.9714497476171986,3.103328010348851e-14,2.88062380068569,3.0084710259737515e-14,300000000000000.0,50,52000000000000.0
415000.0,18798422000000.0,2.0769015e+32,4.203678152758214,4.3683054406081993e-14,0.0007202816481375496,2.9724387556518215,3.0888677833090695e-14,2.8815825784902542,2.99445279331724e-14,300000000000000.0,50,52000000000000.0
416000.0,18757593000000.0,2.0675548e+32,4.205076817076607,4.347855661613813e-14,0.0007200414710940902,2.973427763686445,3.0744075562692876e-14,2.8825413562948183,2.980434560660729e-14,300000000000000.0,50,52000000000000.0
417000.0,18716896000000.0,2.0580604e+32,4.206475481395,4.327405882619426e-14,0.0007198012940506307,2.9744167717210677,3.0599473292295063e-14,2.8835001340993824,2.9664163280042174e-14,300000000000000.0,50,52000000000000.0
418000.0,18676325000000.0,2.0485804e+32,4.207874145713392,4.3069561036250396e-14,0.0007195611170071713,2.975405779755691,3.045487102189725e-14,2.8844589119039465,2.952398095347706e-14,300000000000000.0,50,52000000000000.0
419000.0,18635885000000.0,2.0393006e+32,4.209248143057833,4.2869695751756923e-14,0.0007193257675126828,2.976377345545885,3.031354444061774e-14,2.885400780607445,2.938697419061605e-14,300000000000000.0,50,52000000000000.0
420000.0,18595575000000.0,2.0297867e+32,4.2106036190577845,4.267330881160603e-14,0.0007190940428121272,2.9773358147228364,3.017467743004671e-14,2.886329953011573,2.925235181869919e-14,300000000000000.0,50,52000000000000.0
421000.0,18555388000000.0,2.0204448e+32,4.211959095057736,4.247692187145514e-14,0.0007188623181115717,2.978294283899788,3.0035810419475676e-14,2.8872591254157016,2.9117729446782334e-14,300000000000000.0,50,52000000000000.0
422000.0,18515335000000.0,2.0112663e+32,4.213314571057687,4.228053493130424e-14,0.0007186305934110161,2.9792527530767394,2.989694340890465e-14,2.88818829781983,2.8983107074865483e-14,300000000000000.0,50,52000000000000.0
423000.0,18475418000000.0,2.0019211e+32,4.214670047057639,4.208414799115335e-14,0.0007183988687104606,2.9802112222536907,2.975807639833362e-14,2.889117470223958,2.8848484702948626e-14,300000000000000.0,50,52000000000000.0
424000.0,18435631000000.0,1.9926719e+32,4.21602552305759,4.188776105100245e-14,0.0007181671440099052,2.981169691430642,2.961920938776259e-14,2.8900466426280866,2.871386233103177e-14,300000000000000.0,50,52000000000000.0
425000.0,18395975000000.0,1.9834413e+32,4.217380999057542,4.169137411085156e-14,0.0007179354193093496,2.9821281606075933,2.9480342377191557e-14,2.890975815032215,2.857923995911491e-14,300000000000000.0,50,52000000000000.0
426000.0,18356444000000.0,1.9741801e+32,4.218704214879246,4.150097187343518e-14,0.0007177099613339262,2.9830638183159706,2.93457072072715e-14,2.8918828732279813,2.844872007650276e-14,300000000000000.0,50,52000000000000.0
427000.0,18317031000000.0,1.965086e+32,4.220017540907569,4.131240432747775e-14,0.000717486424507737,2.98399248286054,2.921236936526267e-14,2.8927831520144767,2.831945786739949e-14,300000000000000.0,50,52000000000000.0
428000.0,18277740000000.0,1.9558648e+32,4.221330866935892,4.112383678152032e-14,0.0007172628876815479,2.9849211474051103,2.907903152325385e-14,2.8936834308009716,2.8190195658296222e-14,300000000000000.0,50,52000000000000.0
429000.0,18238569000000.0,1.946832e+32,4.222644192964215,4.093526923556289e-14,0.0007170393508553588,2.9858498119496804,2.894569368124502e-14,2.894583709587467,2.8060933449192954e-14,300000000000000.0,50,52000000000000.0
430000.0,18199523000000.0,1.9378759e+32,4.223957518992538,4.074670168960546e-14,0.0007168158140291697,2.9867784764942504,2.88123558392362e-14,2.8954839883739623,2.7931671240089687e-14,300000000000000.0,50,52000000000000.0
431000.0,18160607000000.0,1.9286806e+32,4.225270845020861,4.055813414364803e-14,0.0007165922772029806,2.98770714103882,2.867901799722737e-14,2.896384267160457,2.780240903098642e-14,300000000000000.0,50,52000000000000.0
432000.0,18121817000000.0,1.9198556e+32,4.2265841710491845,4.03695665976906e-14,0.0007163687403767914,2.98863580558339,2.854568015521855e-14,2.8972845459469525,2.7673146821883152e-14,300000000000000.0,50,52000000000000.0
433000.0,18083151000000.0,1.9107775e+32,4.227862582351758,4.018742993137943e-14,0.0007161519363248931,2.9895397816050115,2.841688964964052e-14,2.898160890845155,2.7548292954353158e-14,300000000000000.0,50,52000000000000.0
434000.0,18044606000000.0,1.9018718e+32,4.229134778386738,4.000643804386873e-14,0.0007159363307929018,2.990439362753887,2.828890862808814e-14,2.899032975205229,2.742422382798703e-14,300000000000000.0,50,52000000000000.0
435000.0,18006183000000.0,1.8930326e+32,4.230406974421719,3.9825446156358023e-14,0.0007157207252609104,2.9913389439027633,2.816092760653576e-14,2.8999050595653033,2.7300154701620896e-14,300000000000000.0,50,52000000000000.0
436000.0,17967876000000.0,1.8840557e+32,4.231679170456699,3.9644454268847313e-14,0.0007155051197289191,2.992238525051639,2.8032946584983377e-14,2.9007771439253776,2.7176085575254764e-14,300000000000000.0,50,52000000000000.0
437000.0,17929691000000.0,1.8755288e+32,4.23295136649168,3.946346238133661e-14,0.0007152895141969279,2.993138106200515,2.7904965563430998e-14,2.901649228285452,2.7052016448888634e-14,300000000000000.0,50,52000000000000.0
438000.0,17891631000000.0,1.8665943e+32,4.23422356252666,3.92824704938259e-14,0.0007150739086649366,2.994037687349391,2.7776984541878618e-14,2.902521312645526,2.6927947322522502e-14,300000000000000.0,50,52000000000000.0
439000.0,17853693000000.0,1.85794e+32,4.23549575856164,3.9101478606315195e-14,0.0007148583031329453,2.994937268498267,2.764900352032624e-14,2.9033933970056003,2.680387819615637e-14,300000000000000.0,50,52000000000000.0
440000.0,17815882000000.0,1.849186e+32,4.236735060013888,3.892648742699596e-14,0.0007146489952793065,2.995813589586377,2.7525265656696576e-14,2.904242932276884,2.668392253044093e-14,300000000000000.0,50,52000000000000.0
441000.0,17778185000000.0,1.8405197e+32,4.237967136336915,3.875281427297155e-14,0.0007144410706789607,2.9966848017194323,2.7402459781307907e-14,2.905087514754523,2.6564870365614695e-14,300000000000000.0,50,52000000000000.0
442000.0,17740603000000.0,1.8319826e+32,4.239199212659941,3.857914111894713e-14,0.0007142331460786151,2.9975560138524875,2.7279653905919237e-14,2.9059320972321614,2.6445818200788462e-14,300000000000000.0,50,52000000000000.0
443000.0,17703139000000.0,1.8232962e+32,4.240431288982968,3.840546796492272e-14,0.0007140252214782694,2.9984272259855427,2.7156848030530565e-14,2.9067766797098,2.6326766035962226e-14,300000000000000.0,50,52000000000000.0
444000.0,17665786000000.0,1.8147939e+32,4.241663365305995,3.8231794810898306e-14,0.0007138172968779238,2.999298438118598,2.7034042155141895e-14,2.907621262187438,2.620771387113599e-14,300000000000000.0,50,52000000000000.0
445000.0,17628551000000.0,1.8064255e+32,4.242895441629022,3.8058121656873894e-14,0.000713609372277578,3.000169650251653,2.6911236279753226e-14,2.9084658446650766,2.6088661706309758e-14,300000000000000.0,50,52000000000000.0
446000.0,17591440000000.0,1.7979012e+32,4.244127517952048,3.7884448502849475e-14,0.0007134014476772324,3.0010408623847082,2.6788430404364556e-14,2.909310427142715,2.5969609541483522e-14,300000000000000.0,50,52000000000000.0
447000.0,17554446000000.0,1.7895662e+32,4.245333122985844,3.7715553958275974e-14,0.0007131985552504297,3.0018933564270776,2.6669003529113784e-14,2.9101368636708176,2.585383309355486e-14,300000000000000.0,50,52000000000000.0
448000.0,17517570000000.0,1.7810727e+32,4.24652607574621,3.754894340798992e-14,0.0007129980680119447,3.002736903931205,2.6551191687920824e-14,2.910954627122473,2.573962231420786e-14,300000000000000.0,50,52000000000000.0
449000.0,17480809000000.0,1.7727993e+32,4.247719028506578,3.738233285770386e-14,0.0007127975807734595,3.0035804514353326,2.6433379846727868e-14,2.9117723905741277,2.562541153486086e-14,300000000000000.0,50,52000000000000.0
450000.0,17444156000000.0,1.7644314e+32,4.248911981266944,3.72157223074178e-14,0.0007125970935349744,3.00442399893946,2.631556800553491e-14,2.912590154025783,2.551120075551386e-14,300000000000000.0,50,52000000000000.0
451000.0,17407617000000.0,1.7561418e+32,4.25010493402731,3.704911175713174e-14,0.0007123966062964893,3.005267546443587,2.6197756164341955e-14,2.913407917477438,2.5396989976166862e-14,300000000000000.0,50,52000000000000.0
452000.0,17371190000000.0,1.7481006e+32,4.251297886787677,3.688250120684568e-14,0.0007121961190580041,3.0061110939477147,2.6079944323149e-14,2.914225680929093,2.5282779196819864e-14,300000000000000.0,50,52000000000000.0
453000.0,17334881000000.0,1.7398195e+32,4.252490839548043,3.671589065655962e-14,0.000711995631819519,3.006954641451842,2.5962132481956042e-14,2.915043444380748,2.5168568417472863e-14,300000000000000.0,50,52000000000000.0
454000.0,17298696000000.0,1.7317581e+32,4.253667882184293,3.6552127191145865e-14,0.000711798148099039,3.007786938761954,2.5846333841447524e-14,2.915850301514215,2.5056309302888037e-14,300000000000000.0,50,52000000000000.0
455000.0,17262624000000.0,1.7235436e+32,4.254822691912869,3.639234226006911e-14,0.0007116048615135414,3.0086035149800723,2.5733348460258482e-14,2.9166419180899377,2.4946777456937232e-14,300000000000000.0,50,52000000000000.0
456000.0,17226660000000.0,1.7155133e+32,4.255977501641445,3.6232557328992365e-14,0.0007114115749280438,3.0094200911981903,2.562036307906944e-14,2.9174335346656597,2.4837245610986427e-14,300000000000000.0,50,52000000000000.0
457000.0,17190809000000.0,1.7074391e+32,4.257132311370022,3.607277239791562e-14,0.0007112182883425461,3.010236667416309,2.5507377697880396e-14,2.918225151241382,2.472771376503562e-14,300000000000000.0,50,52000000000000.0
458000.0,17155062000000.0,1.6994032e+32,4.258287121098598,3.5912987466838866e-14,0.0007110250017570486,3.0110532436344273,2.5394392316691354e-14,2.919016767817104,2.4618181919084816e-14,300000000000000.0,50,52000000000000.0
459000.0,17119425000000.0,1.6914935e+32,4.259441930827174,3.575320253576212e-14,0.000710831715171551,3.0118698198525453,2.5281406935502312e-14,2.9198083843928266,2.450865007313401e-14,300000000000000.0,50,52000000000000.0
460000.0,17083896000000.0,1.6836193e+32,4.2605967405557506,3.559341760468537e-14,0.0007106384285860533,3.012686396070664,2.5168421554313268e-14,2.920600000968549,2.4399118227183206e-14,300000000000000.0,50,52000000000000.0
461000.0,17048479000000.0,1.6758181e+32,4.261750079948672,3.543389403867455e-14,0.0007104454176799654,3.0135019326010384,2.50556209868313e-14,2.9213906096358446,2.4289765545884225e-14,300000000000000.0,50,52000000000000.0
462000.0,17013179000000.0,1.6678696e+32,4.262867714286867,3.5280717359477066e-14,0.0007102591012646007,3.0142922217617683,2.4947308362970158e-14,2.922156742649976,2.418476362876264e-14,300000000000000.0,50,52000000000000.0
463000.0,16977986000000.0,1.6601054e+32,4.263985348625063,3.512754068027958e-14,0.0007100727848492361,3.015082510922498,2.4838995739109015e-14,2.9229228756641077,2.4079761711641052e-14,300000000000000.0,50,52000000000000.0
464000.0,16942902000000.0,1.6522838e+32,4.265102982963259,3.497436400108209e-14,0.0007098864684338715,3.015872800083228,2.4730683115247873e-14,2.9236890086782394,2.3974759794519464e-14,300000000000000.0,50,52000000000000.0
465000.0,16907927000000.0,1.6445241e+32,4.266220617301454,3.48211873218846e-14,0.000709700152018507,3.016663089243958,2.462237049138673e-14,2.924455141692371,2.3869757877397876e-14,300000000000000.0,50,52000000000000.0
466000.0,16873057000000.0,1.6368522e+32,4.26733825163965,3.466801064268711e-14,0.0007095138356031424,3.0174533784046877,2.4514057867525587e-14,2.925221274706503,2.376475596027629e-14,300000000000000.0,50,52000000000000.0
467000.0,16838296000000.0,1.6292524e+32,4.268455885977845,3.451483396348962e-14,0.0007093275191877778,3.018243667565418,2.4405745243664445e-14,2.9259874077206343,2.3659754043154702e-14,300000000000000.0,50,52000000000000.0
468000.0,16803650000000.0,1.6217017e+32,4.269573520316041,3.436165728429214e-14,0.0007091412027724133,3.019033956726148,2.4297432619803302e-14,2.926753540734766,2.3554752126033114e-14,300000000000000.0,50,52000000000000.0
469000.0,16769108000000.0,1.6140119e+32,4.270671525147937,3.4211919249820317e-14,0.0007089585421986523,3.0198103656843327,2.4191551494035865e-14,2.9275062178115814,2.3452107385315168e-14,300000000000000.0,50,52000000000000.0
470000.0,16734672000000.0,1.6065285e+32,4.271752941910552,3.4065087069223025e-14,0.0007087789710227025,3.0205750450677686,2.4087725124929905e-14,2.9282475238423284,2.335145459512771e-14,300000000000000.0,50,52000000000000.0
471000.0,16700338000000.0,1.5989255e+32,4.272834358673169,3.391825488862574e-14,0.0007085993998467528,3.021339724451204,2.3983898755823942e-14,2.9289888298730755,2.3250801804940257e-14,300000000000000.0,50,52000000000000.0
472000.0,16666109000000.0,1.5914703e+32,4.2739157754357855,3.377142270802845e-14,0.000708419828670803,3.02210440383464,2.3880072386717978e-14,2.9297301359038226,2.31501490147528e-14,300000000000000.0,50,52000000000000.0
473000.0,16631985000000.0,1.5839908e+32,4.274997192198401,3.362459052743116e-14,0.0007082402574948533,3.022869083218076,2.3776246017612015e-14,2.93047144193457,2.3049496224565343e-14,300000000000000.0,50,52000000000000.0
474000.0,16597959000000.0,1.576693e+32,4.276078608961018,3.3477758346833867e-14,0.0007080606863189034,3.0236337626015115,2.3672419648506052e-14,2.931212747965317,2.2948843434377886e-14,300000000000000.0,50,52000000000000.0
475000.0,16564045000000.0,1.5693439e+32,4.277160025723634,3.3330926166236575e-14,0.0007078811151429537,3.0243984419849474,2.356859327940009e-14,2.9319540539960642,2.284819064419043e-14,300000000000000.0,50,52000000000000.0
476000.0,16530236000000.0,1.5619345e+32,4.27824144248625,3.318409398563929e-14,0.000707701543967004,3.0251631213683834,2.346476691029413e-14,2.9326953600268113,2.274753785400297e-14,300000000000000.0,50,52000000000000.0
477000.0,16496533000000.0,1.554692e+32,4.279290312282379,3.304294132604506e-14,0.0007075279945247093,3.0259047864960746,2.3364956583863217e-14,2.9334143552604584,2.2650778351272565e-14,300000000000000.0,50,52000000000000.0
478000.0,16462934000000.0,1.5473291e+32,4.280336446899981,3.290226596143606e-14,0.0007073549511362306,3.026644517554176,2.3265483757201788e-14,2.9341314755416987,2.2554346032221613e-14,300000000000000.0,50,52000000000000.0
479000.0,16429434000000.0,1.5401668e+32,4.281382581517583,3.2761590596827064e-14,0.0007071819077477518,3.027384248612278,2.3166010930540355e-14,2.934848595822939,2.245791371317066e-14,300000000000000.0,50,52000000000000.0
480000.0,16396041000000.0,1.5328717e+32,4.282428716135185,3.262091523221807e-14,0.0007070088643592731,3.0281239796703794,2.3066538103878925e-14,2.9355657161041795,2.2361481394119705e-14,300000000000000.0,50,52000000000000.0
481000.0,16362744000000.0,1.5257625e+32,4.283474850752787,3.248023986760907e-14,0.0007068358209707943,3.028863710728481,2.2967065277217492e-14,2.93628283638542,2.2265049075068753e-14,300000000000000.0,50,52000000000000.0
482000.0,16329549000000.0,1.5187007e+32,4.284520985370389,3.2339564503000073e-14,0.0007066627775823156,3.0296034417865827,2.2867592450556063e-14,2.9369999566666602,2.21686167560178e-14,300000000000000.0,50,52000000000000.0
483000.0,16296458000000.0,1.5116271e+32,4.2855671199879914,3.2198889138391076e-14,0.0007064897341938368,3.030343172844684,2.2768119623894633e-14,2.9377170769479006,2.2072184436966848e-14,300000000000000.0,50,52000000000000.0
484000.0,16263469000000.0,1.5045291e+32,4.286607104350796,3.2059273728721636e-14,0.0007063178213839583,3.0310785550018164,2.266939630130891e-14,2.938429981257605,2.197647871249e-14,300000000000000.0,50,52000000000000.0
485000.0,16230583000000.0,1.4974865e+32,4.287618886433571,3.192451879182993e-14,0.0007061510928949445,3.031793995070862,2.257410986459524e-14,2.9391235530333355,2.1884104821297837e-14,300000000000000.0,50,52000000000000.0
486000.0,16197794000000.0,1.4904942e+32,4.288630668516347,3.1789763854938224e-14,0.0007059843644059308,3.032509435139908,2.2478823427881575e-14,2.9398171248090663,2.1791730930105673e-14,300000000000000.0,50,52000000000000.0
487000.0,16165102000000.0,1.4834875e+32,4.289642450599122,3.165500891804652e-14,0.0007058176359169171,3.033224875208953,2.2383536991167906e-14,2.9405106965847967,2.169935703891351e-14,300000000000000.0,50,52000000000000.0
488000.0,16132505000000.0,1.4765937e+32,4.290654232681898,3.152025398115481e-14,0.0007056509074279034,3.0339403152779987,2.228825055445424e-14,2.941204268360527,2.1606983147721348e-14,300000000000000.0,50,52000000000000.0
489000.0,16100003000000.0,1.4697692e+32,4.291666014764673,3.138549904426311e-14,0.0007054841789388897,3.034655755347044,2.219296411774057e-14,2.9418978401362574,2.1514609256529184e-14,300000000000000.0,50,52000000000000.0
490000.0,16067610000000.0,1.462963e+32,4.292677796847449,3.125074410737141e-14,0.000705317450449876,3.0353711954160896,2.2097677681026905e-14,2.942591411911988,2.142223536533702e-14,300000000000000.0,50,52000000000000.0
491000.0,16035317000000.0,1.4560509e+32,4.293689578930224,3.11159891704797e-14,0.0007051507219608622,3.036086635485135,2.2002391244313235e-14,2.943284983687718,2.1329861474144855e-14,300000000000000.0,50,52000000000000.0
492000.0,16003128000000.0,1.4493199e+32,4.294691005952807,3.0983003902546787e-14,0.0007049858849603832,3.0367947533973045,2.1908356157071134e-14,2.9439714571171796,2.1238700683409186e-14,300000000000000.0,50,52000000000000.0
493000.0,15971035000000.0,1.4424694e+32,4.295669346021062,3.08539641709669e-14,0.0007048252650970914,3.0374865463149074,2.181711099548484e-14,2.944642104545336,2.1150244540866154e-14,300000000000000.0,50,52000000000000.0
494000.0,15939033000000.0,1.4358039e+32,4.296647686089315,3.072492443938701e-14,0.0007046646452337996,3.038178339232511,2.1725865833898542e-14,2.945312751973492,2.1061788398323122e-14,300000000000000.0,50,52000000000000.0
495000.0,15907126000000.0,1.429019e+32,4.29762602615757,3.059588470780712e-14,0.0007045040253705078,3.038870132150114,2.1634620672312244e-14,2.945983399401648,2.0973332255780087e-14,300000000000000.0,50,52000000000000.0
496000.0,15875308000000.0,1.4225525e+32,4.298604366225824,3.046684497622723e-14,0.000704343405507216,3.039561925067717,2.154337551072595e-14,2.946654046829804,2.0884876113237055e-14,300000000000000.0,50,52000000000000.0
497000.0,15843594000000.0,1.4158415e+32,4.299582706294078,3.033780524464735e-14,0.0007041827856439242,3.0402537179853204,2.1452130349139652e-14,2.9473246942579605,2.0796419970694024e-14,300000000000000.0,50,52000000000000.0
498000.0,15811975000000.0,1.409288e+32,4.300561046362332,3.020876551306746e-14,0.0007040221657806324,3.0409455109029233,2.1360885187553354e-14,2.947995341686117,2.0707963828150992e-14,300000000000000.0,50,52000000000000.0
499000.0,15780455000000.0,1.4026522e+32,4.301539386430586,3.007972578148757e-14,0.0007038615459173405,3.0416373038205267,2.126964002596706e-14,2.948665989114273,2.061950768560796e-14,300000000000000.0,50,52000000000000.0
500000.0,15749027000000.0,1.3961511e+32,4.302507564314487,2.9952405413501554e-14,0.0007037027707961994,3.0423219109656388,2.117961064242065e-14,2.9493296704117906,2.0532230159373756e-14,300000000000000.0,50,52000000000000.0
501000.0,15717692000000.0,1.3895905e+32,4.30345335983774,2.982887196914358e-14,0.0007035480587468033,3.042990691341051,2.1092259027905824e-14,2.9499780087040217,2.044754855291138e-14,300000000000000.0,50,52000000000000.0
502000.0,15686450000000.0,1.383139e+32,4.304399155360994,2.970533852478561e-14,0.0007033933466974073,3.043659471716463,2.1004907413390998e-14,2.950626346996253,2.036286694644901e-14,300000000000000.0,50,52000000000000.0
503000.0,15655302000000.0,1.376794e+32,4.305344950884248,2.9581805080427634e-14,0.0007032386346480114,3.044328252091875,2.0917555798876175e-14,2.951274685288484,2.0278185339986635e-14,300000000000000.0,50,52000000000000.0
504000.0,15624255000000.0,1.370399e+32,4.306290746407502,2.9458271636069665e-14,0.0007030839225986153,3.044997032467287,2.083020418436135e-14,2.951923023580715,2.019350373352426e-14,300000000000000.0,50,52000000000000.0
505000.0,15593299000000.0,1.3639852e+32,4.307236541930755,2.933473819171169e-14,0.0007029292105492193,3.045665812842699,2.0742852569846523e-14,2.952571361872946,2.0108822127061886e-14,300000000000000.0,50,52000000000000.0
506000.0,15562435000000.0,1.3576432e+32,4.308182337454009,2.921120474735372e-14,0.0007027744984998233,3.046334593218111,2.0655500955331697e-14,2.953219700165177,2.0024140520599514e-14,300000000000000.0,50,52000000000000.0
507000.0,15531662000000.0,1.3512979e+32,4.309128132977262,2.9087671302995745e-14,0.0007026197864504273,3.047003373593523,2.0568149340816875e-14,2.9538680384574083,1.993945891413714e-14,300000000000000.0,50,52000000000000.0
508000.0,15500979000000.0,1.345011e+32,4.310068077611247,2.896511983286773e-14,0.0007024661300480564,3.047668016752276,2.048149208942054e-14,2.9545123659920254,1.9855450446742002e-14,300000000000000.0,50,52000000000000.0
509000.0,15470386000000.0,1.3387329e+32,4.310982210553727,2.884690042488038e-14,0.000702317130721576,3.0483144082307807,2.0397898079487912e-14,2.9551389997311404,1.9774411589118287e-14,300000000000000.0,50,52000000000000.0
510000.0,15439880000000.0,1.3326422e+32,4.3118963434962065,2.872868101689302e-14,0.0007021681313950956,3.048960799709285,2.0314304069555285e-14,2.9557656334702553,1.9693372731494572e-14,300000000000000.0,50,52000000000000.0
511000.0,15409472000000.0,1.3264372e+32,4.3128104764386865,2.861046160890566e-14,0.0007020191320686153,3.04960719118779,2.0230710059622654e-14,2.9563922672093703,1.9612333873870857e-14,300000000000000.0,50,52000000000000.0
512000.0,15379154000000.0,1.320262e+32,4.313724609381166,2.849224220091831e-14,0.0007018701327421349,3.050253582666295,2.0147116049690026e-14,2.957018900948485,1.9531295016247146e-14,300000000000000.0,50,52000000000000.0
513000.0,15348929000000.0,1.3141148e+32,4.314638742323646,2.8374022792930953e-14,0.0007017211334156546,3.0508999741447997,2.0063522039757396e-14,2.9576455346876,1.945025615862343e-14,300000000000000.0,50,52000000000000.0
514000.0,15318795000000.0,1.3079993e+32,4.315552875266125,2.8255803384943595e-14,0.0007015721340891743,3.051546365623304,1.9979928029824768e-14,2.958272168426715,1.9369217300999716e-14,300000000000000.0,50,52000000000000.0
515000.0,15288762000000.0,1.3069878e+32,4.316467008208605,2.813758397695624e-14,0.0007014231347626939,3.052192757101809,1.989633401989214e-14,2.95889880216583,1.9288178443376002e-14,300000000000000.0,50,52000000000000.0
516000.0,15258816000000.0,1.2968751e+32,4.317381141151084,2.8019364568968886e-14,0.0007012741354362135,3.052839148580314,1.981274000995951e-14,2.9595254359049443,1.920713958575229e-14,300000000000000.0,50,52000000000000.0
517000.0,15228953000000.0,1.287945e+32,4.318266786233707,2.7905898492560093e-14,0.0007011302453804078,3.0534653960361036,1.9732507124923386e-14,2.9601325413478325,1.9129359116164345e-14,300000000000000.0,50,52000000000000.0
518000.0,15199183000000.0,1.2893661e+32,4.319150125783,2.7792817105083226e-14,0.0007009867688198204,3.054090013228476,1.9652546257003073e-14,2.9607380663582816,1.905184234915901e-14,300000000000000.0,50,52000000000000.0
519000.0,15169503000000.0,1.2792693e+32,4.320033465332292,2.7679735717606355e-14,0.0007008432922592329,3.0547146304208486,1.9572585389082756e-14,2.961343591368731,1.8974325582153676e-14,300000000000000.0,50,52000000000000.0
520000.0,15139910000000.0,1.270295e+32,4.320916804881586,2.7566654330129488e-14,0.0007006998156986455,3.0553392476132215,1.9492624521162442e-14,2.9619491163791807,1.889680881514834e-14,300000000000000.0,50,52000000000000.0
521000.0,15110404000000.0,1.271872e+32,4.3218001444308785,2.7453572942652617e-14,0.0007005563391380581,3.055963864805594,1.9412663653242128e-14,2.9625546413896298,1.8819292048143004e-14,300000000000000.0,50,52000000000000.0
522000.0,15080982000000.0,1.2617891e+32,4.322683483980171,2.7340491555175746e-14,0.0007004128625774707,3.0565884819979665,1.9332702785321814e-14,2.9631601664000793,1.874177528113767e-14,300000000000000.0,50,52000000000000.0
523000.0,15051644000000.0,1.2529074e+32,4.323566823529465,2.722741016769888e-14,0.0007002693860168833,3.057213099190339,1.92527419174015e-14,2.9637656914105284,1.8664258514132335e-14,300000000000000.0,50,52000000000000.0
524000.0,15022392000000.0,1.2547776e+32,4.324450163078757,2.7114328780222008e-14,0.0007001259094562959,3.0578377163827115,1.9172781049481183e-14,2.964371216420978,1.8586741747127e-14,300000000000000.0,50,52000000000000.0
525000.0,14993233000000.0,1.2447055e+32,4.325317603852142,2.7003849857019254e-14,0.0006999852676974413,3.058451091407395,1.9094660408172644e-14,2.9649658428942294,1.851100895797423e-14,300000000000000.0,50,52000000000000.0
526000.0,14964164000000.0,1.2359229e+32,4.326171009253358,2.6895668378277098e-14,0.0006998471284895739,3.0590545418939628,1.9018164311138362e-14,2.965550848184911,1.843685105692885e-14,300000000000000.0,50,52000000000000.0
527000.0,14935176000000.0,1.2378069e+32,4.3270244146545735,2.6787486899534944e-14,0.0006997089892817064,3.0596579923805307,1.8941668214104078e-14,2.9661358534755924,1.8362693155883473e-14,300000000000000.0,50,52000000000000.0
528000.0,14906269000000.0,1.2277403e+32,4.3278778200557895,2.667930542079279e-14,0.000699570850073839,3.060261442867099,1.8865172117069796e-14,2.966720858766274,1.8288535254838094e-14,300000000000000.0,50,52000000000000.0
529000.0,14877444000000.0,1.2190525e+32,4.328731225457005,2.6571123942050635e-14,0.0006994327108659715,3.060864893353667,1.8788676020035514e-14,2.9673058640569554,1.8214377353792715e-14,300000000000000.0,50,52000000000000.0
530000.0,14848702000000.0,1.2210879e+32,4.329584630858221,2.646294246330848e-14,0.000699294571658104,3.061468343840235,1.8712179923001233e-14,2.9678908693476367,1.8140219452747336e-14,300000000000000.0,50,52000000000000.0
531000.0,14820039000000.0,1.2111616e+32,4.330438036259437,2.6354760984566328e-14,0.0006991564324502366,3.062071794326803,1.863568382596695e-14,2.9684758746383184,1.806606155170196e-14,300000000000000.0,50,52000000000000.0
532000.0,14791466000000.0,1.2025751e+32,4.331291441660653,2.6246579505824175e-14,0.0006990182932423691,3.062675244813371,1.8559187728932666e-14,2.9690608799289997,1.7991903650656582e-14,300000000000000.0,50,52000000000000.0
533000.0,14762979000000.0,1.2047573e+32,4.332144829835432,2.6138400825661936e-14,0.0006988801570883542,3.06327868311897,1.848269361080013e-14,2.9696458734110385,1.7917747668025413e-14,300000000000000.0,50,52000000000000.0
534000.0,14734576000000.0,1.1946945e+32,4.332969132374999,2.6034947351996343e-14,0.0006987471771507555,3.0638615547101993,1.840954072988296e-14,2.970210928825278,1.7846830793640182e-14,300000000000000.0,50,52000000000000.0
535000.0,14706257000000.0,1.1862089e+32,4.3337934349145675,2.5931493878330753e-14,0.0006986141972131569,3.0644444263014288,1.8336387848965793e-14,2.970775984239517,1.7775913919254954e-14,300000000000000.0,50,52000000000000.0
536000.0,14678020000000.0,1.1885403e+32,4.334617737454135,2.582804040466516e-14,0.0006984812172755583,3.0650272978926583,1.826323496804863e-14,2.9713410396537565,1.7704997044869723e-14,300000000000000.0,50,52000000000000.0
537000.0,14649857000000.0,1.1784745e+32,4.335442039993703,2.5724586930999568e-14,0.0006983482373379596,3.0656101694838873,1.819008208713146e-14,2.971906095067996,1.7634080170484495e-14,300000000000000.0,50,52000000000000.0
538000.0,14621773000000.0,1.1702304e+32,4.336266342533271,2.5621133457333975e-14,0.0006982152574003609,3.066193041075117,1.8116929206214296e-14,2.972471150482235,1.7563163296099264e-14,300000000000000.0,50,52000000000000.0
539000.0,14593776000000.0,1.1727116e+32,4.337090645072839,2.5517679983668382e-14,0.0006980822774627622,3.0667759126663463,1.8043776325297128e-14,2.9730362058964745,1.7492246421714036e-14,300000000000000.0,50,52000000000000.0
540000.0,14565862000000.0,1.1626377e+32,4.337914947612407,2.541422651000279e-14,0.0006979492975251636,3.067358784257576,1.797062344437996e-14,2.973601261310714,1.7421329547328805e-14,300000000000000.0,50,52000000000000.0
541000.0,14538030000000.0,1.1543618e+32,4.338739250151975,2.5310773036337197e-14,0.0006978163175875649,3.067941655848805,1.7897470563462796e-14,2.9741663167249532,1.7350412672943577e-14,300000000000000.0,50,52000000000000.0
542000.0,14510275000000.0,1.1569922e+32,4.339554182079367,2.5208854144999e-14,0.0006976849894881131,3.068517901395956,1.7825402799860813e-14,2.9747249486281877,1.7280547747946258e-14,300000000000000.0,50,52000000000000.0
543000.0,14482606000000.0,1.1521828e+32,4.3403502010072685,2.511003254914517e-14,0.0006975569953452316,3.069080773391204,1.77555251624582e-14,2.9752706157583546,1.7212806005283828e-14,300000000000000.0,50,52000000000000.0
544000.0,14455029000000.0,1.1392014e+32,4.34114621993517,2.5011210953291342e-14,0.0006974290012023499,3.0696436453864524,1.768564752505559e-14,2.9758162828885215,1.7145064262621394e-14,300000000000000.0,50,52000000000000.0
545000.0,14427542000000.0,1.1339824e+32,4.341942238863071,2.4912389357437512e-14,0.0006973010070594683,3.070206517381701,1.761576988765298e-14,2.9763619500186884,1.707732251995896e-14,300000000000000.0,50,52000000000000.0
546000.0,14400140000000.0,1.1286741e+32,4.342738257790972,2.4813567761583684e-14,0.0006971730129165868,3.070769389376949,1.7545892250250367e-14,2.9769076171488553,1.700958077729653e-14,300000000000000.0,50,52000000000000.0
547000.0,14372820000000.0,1.123413e+32,4.343534276718874,2.4714746165729854e-14,0.0006970450187737052,3.0713322613721976,1.7476014612847758e-14,2.977453284279022,1.6941839034634097e-14,300000000000000.0,50,52000000000000.0
548000.0,14345579000000.0,1.1181994e+32,4.344330295646775,2.4615924569876023e-14,0.0006969170246308237,3.071895133367446,1.7406136975445145e-14,2.9779989514091887,1.6874097291971667e-14,300000000000000.0,50,52000000000000.0
549000.0,14318415000000.0,1.1130297e+32,4.345126314574676,2.4517102974022195e-14,0.000696789030487942,3.0724580053626944,1.7336259338042536e-14,2.9785446185393556,1.6806355549309234e-14,300000000000000.0,50,52000000000000.0
550000.0,14291329000000.0,1.1079032e+32,4.345922333502578,2.4418281378168365e-14,0.0006966610363450604,3.073020877357943,1.7266381700639924e-14,2.9790902856695225,1.6738613806646803e-14,300000000000000.0,50,52000000000000.0
551000.0,14264317000000.0,1.102819e+32,4.346704046951684,2.4321751227036956e-14,0.0006965355502096738,3.073573633820736,1.7198124364900554e-14,2.9796261464607525,1.6672442839161455e-14,300000000000000.0,50,52000000000000.0
552000.0,14237383000000.0,1.0979144e+32,4.347472609159378,2.4227327635438317e-14,0.0006964123697232278,3.074117090922688,1.7131356596804363e-14,2.980152992137384,1.6607715908877067e-14,300000000000000.0,50,52000000000000.0
553000.0,14210533000000.0,1.0929098e+32,4.348241171367072,2.4132904043839678e-14,0.000696289189236782,3.074660548024639,1.7064588828708172e-14,2.980679837814016,1.6542988978592678e-14,300000000000000.0,50,52000000000000.0
554000.0,14183766000000.0,1.0879437e+32,4.349009733574766,2.4038480452241035e-14,0.000696166008750336,3.075204005126591,1.6997821060611984e-14,2.9812066834906474,1.647826204830829e-14,300000000000000.0,50,52000000000000.0
555000.0,14157075000000.0,1.0830145e+32,4.3497782957824604,2.3944056860642396e-14,0.00069604282826389,3.075747462228543,1.6931053292515792e-14,2.981733529167279,1.64135351180239e-14,300000000000000.0,50,52000000000000.0
556000.0,14130455000000.0,1.0781199e+32,4.350546857990154,2.3849633269043754e-14,0.000695919647777444,3.0762909193304946,1.6864285524419604e-14,2.9822603748439107,1.6348808187739512e-14,300000000000000.0,50,52000000000000.0
557000.0,14103907000000.0,1.07326e+32,4.351315420197849,2.3755209677445115e-14,0.000695796467290998,3.0768343764324464,1.6797517756323413e-14,2.9827872205205423,1.6284081257455127e-14,300000000000000.0,50,52000000000000.0
558000.0,14077432000000.0,1.0684338e+32,4.352083982405542,2.3660786085846476e-14,0.0006956732868045521,3.0773778335343978,1.6730749988227222e-14,2.983314066197174,1.6219354327170738e-14,300000000000000.0,50,52000000000000.0
559000.0,14051032000000.0,1.0637805e+32,4.352852544613237,2.3566362494247834e-14,0.0006955501063181061,3.0779212906363496,1.6663982220131034e-14,2.9838409118738056,1.615462739688635e-14,300000000000000.0,50,52000000000000.0
560000.0,14024712000000.0,1.0590205e+32,4.353605978311549,2.3474317322490505e-14,0.0006954295638511912,3.0784540502336957,1.6598896254570557e-14,2.984357387028034,1.6091530862802775e-14,300000000000000.0,50,52000000000000.0
561000.0,13998468000000.0,1.0542921e+32,4.354347879035307,2.3384085300648923e-14,0.0006953110324358188,3.078978654761345,1.6535092383984642e-14,2.9848659563821625,1.60296772349054e-14,300000000000000.0,50,52000000000000.0
562000.0,13972299000000.0,1.0495946e+32,4.355089779759066,2.329385327880734e-14,0.0006951925010204462,3.0795032592889937,1.6471288513398726e-14,2.9853745257362907,1.596782360700803e-14,300000000000000.0,50,52000000000000.0
563000.0,13946206000000.0,1.0449284e+32,4.355831680482824,2.320362125696576e-14,0.0006950739696050738,3.080027863816643,1.6407484642812808e-14,2.985883095090419,1.5905969979110656e-14,300000000000000.0,50,52000000000000.0
564000.0,13920184000000.0,1.0402923e+32,4.3565735812065824,2.3113389235124178e-14,0.0006949554381897014,3.080552468344292,1.6343680772226892e-14,2.9863916644445467,1.584411635121328e-14,300000000000000.0,50,52000000000000.0
565000.0,13894229000000.0,1.0357996e+32,4.357315481930341,2.3023157213282593e-14,0.0006948369067743289,3.081077072871941,1.6279876901640977e-14,2.986900233798675,1.5782262723315907e-14,300000000000000.0,50,52000000000000.0
566000.0,13868349000000.0,1.031248e+32,4.358057382654099,2.293292519144101e-14,0.0006947183753589564,3.0816016773995902,1.6216073031055058e-14,2.987408803152803,1.5720409095418533e-14,300000000000000.0,50,52000000000000.0
567000.0,13842545000000.0,1.0267009e+32,4.3587992833778575,2.284269316959943e-14,0.0006945998439435839,3.0821262819272395,1.6152269160469143e-14,2.987917372506931,1.565855546752116e-14,300000000000000.0,50,52000000000000.0
568000.0,13816814000000.0,1.0221823e+32,4.359541184101615,2.2752461147757847e-14,0.0006944813125282115,3.0826508864548887,1.6088465289883227e-14,2.9884259418610593,1.5596701839623784e-14,300000000000000.0,50,52000000000000.0
569000.0,13791156000000.0,1.0176918e+32,4.360270961803293,2.2664112517677173e-14,0.0006943648838354678,3.0831669186850745,1.602599318289416e-14,2.988926200940393,1.553613926835324e-14,300000000000000.0,50,52000000000000.0
570000.0,13765568000000.0,1.0132296e+32,4.360986970175322,2.2577903044140178e-14,0.0006942508434152884,3.0836732144989747,1.596503369312684e-14,2.9894170212088134,1.547704307932396e-14,300000000000000.0,50,52000000000000.0
571000.0,13740052000000.0,1.0087955e+32,4.361702978547351,2.249169357060318e-14,0.0006941368029951092,3.084179510312875,1.590407420335952e-14,2.989907841477234,1.5417946890294675e-14,300000000000000.0,50,52000000000000.0
572000.0,13714608000000.0,1.0045265e+32,4.36241898691938,2.2405484097066184e-14,0.0006940227625749299,3.084685806126775,1.58431147135922e-14,2.9903986617456546,1.5358850701265395e-14,300000000000000.0,50,52000000000000.0
573000.0,13689235000000.0,1.0001508e+32,4.363134995291409,2.2319274623529188e-14,0.0006939087221547507,3.085192101940675,1.5782155223824877e-14,2.990889482014075,1.5299754512236115e-14,300000000000000.0,50,52000000000000.0
574000.0,13663935000000.0,9.958003e+31,4.363851003663439,2.2233065149992193e-14,0.0006937946817345715,3.0856983977545753,1.5721195734057556e-14,2.9913803022824954,1.5240658323206834e-14,300000000000000.0,50,52000000000000.0
575000.0,13638706000000.0,9.9147645e+31,4.364567012035468,2.2146855676455197e-14,0.0006936806413143922,3.0862046935684755,1.5660236244290237e-14,2.9918711225509163,1.5181562134177554e-14,300000000000000.0,50,52000000000000.0
576000.0,13613548000000.0,9.871802e+31,4.365283020407497,2.20606462029182e-14,0.000693566600894213,3.0867109893823756,1.5599276754522915e-14,2.9923619428193367,1.5122465945148274e-14,300000000000000.0,50,52000000000000.0
577000.0,13588459000000.0,9.8291093e+31,4.365999028779526,2.1974436729381206e-14,0.0006934525604740337,3.087217285196276,1.5538317264755594e-14,2.992852763087757,1.5063369756118994e-14,300000000000000.0,50,52000000000000.0
578000.0,13563438000000.0,9.7866879e+31,4.366709481411731,2.188908923557797e-14,0.0006933394786738737,3.0877196524968578,1.547796728875005e-14,2.993339774922634,1.5004864450323924e-14,300000000000000.0,50,52000000000000.0
579000.0,13538484000000.0,9.7459123e+31,4.367400349347531,2.180678033104083e-14,0.0006932297761323976,3.0882081712834526,1.541976592703501e-14,2.993813361540149,1.4948442083816956e-14,300000000000000.0,50,52000000000000.0
580000.0,13513606000000.0,9.7040457e+31,4.3680912172833315,2.1724471426503695e-14,0.0006931200735909215,3.0886966900700474,1.536156456531997e-14,2.9942869481576646,1.4892019717309987e-14,300000000000000.0,50,52000000000000.0
581000.0,13488801000000.0,9.6624273e+31,4.368782085219132,2.1642162521966556e-14,0.0006930103710494454,3.0891852088566423,1.530336320360493e-14,2.99476053477518,1.4835597350803018e-14,300000000000000.0,50,52000000000000.0
582000.0,13464065000000.0,9.6210729e+31,4.369472953154932,2.155985361742942e-14,0.0006929006685079692,3.089673727643237,1.5245161841889888e-14,2.995234121392695,1.477917498429605e-14,300000000000000.0,50,52000000000000.0
583000.0,13439396000000.0,9.5799823e+31,4.370163821090733,2.1477544712892282e-14,0.0006927909659664931,3.090162246429832,1.518696048017485e-14,2.9957077080102104,1.472275261778908e-14,300000000000000.0,50,52000000000000.0
584000.0,13414795000000.0,9.5391527e+31,4.370854689026533,2.1395235808355143e-14,0.000692681263425017,3.090650765216427,1.512875911845981e-14,2.9961812946277258,1.4666330251282112e-14,300000000000000.0,50,52000000000000.0
585000.0,13390274000000.0,9.5995662e+31,4.371545556962333,2.1312926903818007e-14,0.0006925715608835409,3.0911392840030216,1.5070557756744768e-14,2.996654881245241,1.4609907884775143e-14,300000000000000.0,50,52000000000000.0
586000.0,13365824000000.0,9.4575217e+31,4.372236424898134,2.123061799928087e-14,0.0006924618583420648,3.091627802789617,1.5012356395029727e-14,2.9971284678627566,1.4553485518268175e-14,300000000000000.0,50,52000000000000.0
587000.0,13341460000000.0,9.4128183e+31,4.372927292833934,2.1148309094743733e-14,0.0006923521558005886,3.0921163215762117,1.4954155033314686e-14,2.9976020544802715,1.4497063151761206e-14,300000000000000.0,50,52000000000000.0
588000.0,13317176000000.0,9.3687679e+31,4.373598076229332,2.106917813515931e-14,0.0006922459012064954,3.09259063840486,1.4898200825484736e-14,2.9980618732399096,1.444281925215477e-14,300000000000000.0,50,52000000000000.0
589000.0,13292965000000.0,9.3253136e+31,4.374264550804028,2.099072895343602e-14,0.0006921403863150171,3.093061908427898,1.484272870900382e-14,2.9985187383232454,1.438904270819045e-14,300000000000000.0,50,52000000000000.0
590000.0,13268822000000.0,9.2824248e+31,4.374931025378726,2.0912279771712728e-14,0.0006920348714235389,3.0935331784509357,1.47872565925229e-14,2.9989756034065813,1.433526616422613e-14,300000000000000.0,50,52000000000000.0
591000.0,13244744000000.0,9.2400784e+31,4.3755974999534235,2.0833830589989437e-14,0.0006919293565320606,3.094004448473974,1.473178447604198e-14,2.999432468489917,1.4281489620261807e-14,300000000000000.0,50,52000000000000.0
592000.0,13220730000000.0,9.1982354e+31,4.37626397452812,2.0755381408266145e-14,0.0006918238416405824,3.0944757184970118,1.467631235956106e-14,2.9998893335732535,1.4227713076297486e-14,300000000000000.0,50,52000000000000.0
593000.0,13196782000000.0,9.1582494e+31,4.376930449102818,2.0676932226542853e-14,0.0006917183267491041,3.0949469885200496,1.4620840243080144e-14,3.0003461986565894,1.4173936532333166e-14,300000000000000.0,50,52000000000000.0
594000.0,13172905000000.0,9.1173513e+31,4.377596923677515,2.0598483044819562e-14,0.0006916128118576259,3.0954182585430874,1.4565368126599224e-14,3.0008030637399252,1.4120159988368846e-14,300000000000000.0,50,52000000000000.0
595000.0,13149099000000.0,9.0768779e+31,4.378263398252213,2.052003386309627e-14,0.0006915072969661476,3.095889528566125,1.4509896010118305e-14,3.001259928823261,1.4066383444404524e-14,300000000000000.0,50,52000000000000.0
596000.0,13125365000000.0,9.0368188e+31,4.37892987282691,2.044158468137298e-14,0.0006914017820746694,3.096360798589163,1.4454423893637385e-14,3.001716793906597,1.4012606900440204e-14,300000000000000.0,50,52000000000000.0
597000.0,13101695000000.0,8.9971503e+31,4.37958989988313,2.0364162494396673e-14,0.0006912973686706422,3.0968275095143474,1.439967797449443e-14,3.0021692392464345,1.3959534356711273e-14,300000000000000.0,50,52000000000000.0
598000.0,13078099000000.0,8.9894329e+31,4.380232746823102,2.028947684694312e-14,0.0006911958903000733,3.0972820722260175,1.4346867087368424e-14,3.002609907697637,1.3908337698398341e-14,300000000000000.0,50,52000000000000.0
599000.0,13054579000000.0,8.8780592e+31,4.380875593763076,2.0214791199489565e-14,0.0006910944119295042,3.097736634937688,1.4294056200242417e-14,3.00305057614884,1.3857141040085409e-14,300000000000000.0,50,52000000000000.0
600000.0,13031122000000.0,8.847332e+31,4.381518440703049,2.014010555203601e-14,0.0006909929335589353,3.098191197649358,1.424124531311641e-14,3.003491244600043,1.3805944381772479e-14,300000000000000.0,50,52000000000000.0
601000.0,13007743000000.0,8.794683e+31,4.382161287643022,2.0065419904582456e-14,0.0006908914551883663,3.0986457603610282,1.4188434425990403e-14,3.0039319130512454,1.3754747723459546e-14,300000000000000.0,50,52000000000000.0
602000.0,12984448000000.0,8.820518e+31,4.382804134582996,1.9990734257128902e-14,0.0006907899768177974,3.099100323072699,1.4135623538864396e-14,3.004372581502448,1.3703551065146614e-14,300000000000000.0,50,52000000000000.0
603000.0,12961226000000.0,8.777658e+31,4.383446981522969,1.9916048609675348e-14,0.0006906884984472283,3.099554885784369,1.408281265173839e-14,3.004813249953651,1.3652354406833682e-14,300000000000000.0,50,52000000000000.0
604000.0,12938088000000.0,8.6603921e+31,4.384089828462942,1.9841362962221793e-14,0.0006905870200766594,3.100009448496039,1.4030001764612384e-14,3.0052539184048537,1.360115774852075e-14,300000000000000.0,50,52000000000000.0
605000.0,12915027000000.0,8.6132442e+31,4.384732675402915,1.976667731476824e-14,0.0006904855417060904,3.100464011207709,1.3977190877486377e-14,3.0056945868560563,1.3549961090207818e-14,300000000000000.0,50,52000000000000.0
606000.0,12892046000000.0,8.5668066e+31,4.385375522342888,1.9691991667314685e-14,0.0006903840633355214,3.1009185739193796,1.392437999036037e-14,3.006135255307259,1.3498764431894886e-14,300000000000000.0,50,52000000000000.0
607000.0,12869176000000.0,8.5136438e+31,4.386005406287885,1.961958693291315e-14,0.0006902847891852894,3.101363970381739,1.3873181957512125e-14,3.0065670376866778,1.3449131329012317e-14,300000000000000.0,50,52000000000000.0
608000.0,12846427000000.0,8.4535068e+31,4.386625393240416,1.9548923630899206e-14,0.000690187197914061,3.1018023685924954,1.3823215307277641e-14,3.006992035724541,1.3400691970040245e-14,300000000000000.0,50,52000000000000.0
609000.0,12823762000000.0,8.3955783e+31,4.3872453801929465,1.9478260328885262e-14,0.0006900896066428325,3.1022407668032517,1.3773248657043157e-14,3.007417033762404,1.3352252611068171e-14,300000000000000.0,50,52000000000000.0
610000.0,12801175000000.0,8.3396489e+31,4.387865367145477,1.9407597026871316e-14,0.0006899920153716041,3.102679165014008,1.372328200680867e-14,3.007842031800268,1.3303813252096099e-14,300000000000000.0,50,52000000000000.0
611000.0,12778665000000.0,8.2855563e+31,4.388485354098008,1.9336933724857373e-14,0.0006898944241003756,3.1031175632247643,1.3673315356574186e-14,3.008267029838131,1.3255373893124025e-14,300000000000000.0,50,52000000000000.0
612000.0,12756224000000.0,8.2331293e+31,4.389105341050539,1.9266270422843426e-14,0.0006897968328291472,3.1035559614355206,1.36233487063397e-14,3.0086920278759943,1.3206934534151953e-14,300000000000000.0,50,52000000000000.0
613000.0,12733843000000.0,8.1822273e+31,4.38972532800307,1.9195607120829483e-14,0.0006896992415579187,3.103994359646277,1.3573382056105216e-14,3.0091170259138575,1.3158495175179879e-14,300000000000000.0,50,52000000000000.0
614000.0,12711528000000.0,8.1341141e+31,4.390345314955601,1.9124943818815536e-14,0.0006896016502866904,3.104432757857033,1.3523415405870732e-14,3.0095420239517208,1.3110055816207807e-14,300000000000000.0,50,52000000000000.0
615000.0,12689282000000.0,8.0858975e+31,4.390965301908132,1.9054280516801593e-14,0.0006895040590154619,3.10487115606779,1.3473448755636246e-14,3.0099670219895844,1.3061616457235733e-14,300000000000000.0,50,52000000000000.0
616000.0,12667104000000.0,8.038868e+31,4.391585288860663,1.8983617214787646e-14,0.0006894064677442335,3.1053095542785463,1.3423482105401762e-14,3.0103920200274477,1.301317709826366e-14,300000000000000.0,50,52000000000000.0
617000.0,12644989000000.0,7.9929254e+31,4.392189815211807,1.8915308147522374e-14,0.0006893114944924205,3.1057370201603582,1.3375180155944765e-14,3.010806419896259,1.2966351556470451e-14,300000000000000.0,50,52000000000000.0
618000.0,12622937000000.0,7.9479881e+31,4.3927878215527585,1.8847991902862898e-14,0.0006892176253058924,3.106159875684891,1.3327580240371478e-14,3.011216350328953,1.2920206590043694e-14,300000000000000.0,50,52000000000000.0
619000.0,12600945000000.0,7.9039633e+31,4.39338582789371,1.878067565820342e-14,0.0006891237561193642,3.106582731209424,1.327998032479819e-14,3.0116262807616474,1.2874061623616937e-14,300000000000000.0,50,52000000000000.0
620000.0,12579007000000.0,7.8607815e+31,4.393983834234662,1.8713359413543944e-14,0.0006890298869328361,3.1070055867339574,1.3232380409224903e-14,3.0120362111943413,1.282791665719018e-14,300000000000000.0,50,52000000000000.0
621000.0,12557125000000.0,7.8197655e+31,4.394581840575614,1.8646043168884464e-14,0.0006889360177463079,3.1074284422584904,1.3184780493651615e-14,3.0124461416270356,1.2781771690763423e-14,300000000000000.0,50,52000000000000.0
622000.0,12535306000000.0,7.7780733e+31,4.395179846916566,1.8578726924224988e-14,0.0006888421485597797,3.1078512977830233,1.3137180578078326e-14,3.0128560720597295,1.2735626724336666e-14,300000000000000.0,50,52000000000000.0
623000.0,12513549000000.0,7.7370503e+31,4.395777853257518,1.851141067956551e-14,0.0006887482793732515,3.108274153307556,1.308958066250504e-14,3.013266002492424,1.268948175790991e-14,300000000000000.0,50,52000000000000.0
624000.0,12491849000000.0,7.6966349e+31,4.39637585959847,1.8444094434906034e-14,0.0006886544101867234,3.1086970088320895,1.3041980746931751e-14,3.013675932925118,1.2643336791483152e-14,300000000000000.0,50,52000000000000.0
625000.0,12470210000000.0,7.6567946e+31,4.3969738659394215,1.8376778190246554e-14,0.0006885605410001952,3.1091198643566225,1.2994380831358464e-14,3.014085863357812,1.2597191825056395e-14,300000000000000.0,50,52000000000000.0
626000.0,12448629000000.0,7.6174924e+31,4.397571872280373,1.8309461945587078e-14,0.0006884666718136671,3.1095427198811554,1.2946780915785176e-14,3.0144957937905064,1.255104685862964e-14,300000000000000.0,50,52000000000000.0
627000.0,12427099000000.0,7.5786824e+31,4.398155424042733,1.824422959103061e-14,0.0006883752392023032,3.1099553544445504,1.2900654537833887e-14,3.014895815678135,1.2506330389359994e-14,300000000000000.0,50,52000000000000.0
628000.0,12405620000000.0,7.5417246e+31,4.398732150329404,1.817998125279441e-14,0.0006882849571457234,3.110363162653353,1.2855223966761516e-14,3.0152911587345526,1.2462288458787967e-14,300000000000000.0,50,52000000000000.0
629000.0,12384201000000.0,7.5037927e+31,4.399308876616074,1.8115732914558214e-14,0.0006881946750891436,3.1107709708621556,1.2809793395689144e-14,3.01568650179097,1.2418246528215938e-14,300000000000000.0,50,52000000000000.0
630000.0,12362843000000.0,7.4662725e+31,4.399885602902745,1.805148457632202e-14,0.0006881043930325638,3.1111787790709577,1.2764362824616773e-14,3.0160818448473874,1.2374204597643911e-14,300000000000000.0,50,52000000000000.0
631000.0,12341542000000.0,7.429134e+31,4.400462329189415,1.7987236238085823e-14,0.000688014110975984,3.1115865872797603,1.2718932253544402e-14,3.016477187903805,1.2330162667071884e-14,300000000000000.0,50,52000000000000.0
632000.0,12320300000000.0,7.3923591e+31,4.401039055476086,1.7922987899849624e-14,0.0006879238289194042,3.111994395488563,1.267350168247203e-14,3.0168725309602227,1.2286120736499856e-14,300000000000000.0,50,52000000000000.0
633000.0,12299114000000.0,7.3559353e+31,4.401615781762756,1.7858739561613428e-14,0.0006878335468628243,3.1124022036973655,1.262807111139966e-14,3.0172678740166403,1.2242078805927829e-14,300000000000000.0,50,52000000000000.0
634000.0,12277977000000.0,7.319824e+31,4.402192508049427,1.7794491223377232e-14,0.0006877432648062445,3.1128100119061677,1.2582640540327289e-14,3.017663217073058,1.2198036875355802e-14,300000000000000.0,50,52000000000000.0
635000.0,12256891000000.0,7.2854032e+31,4.402769234336097,1.7730242885141036e-14,0.0006876529827496647,3.1132178201149703,1.2537209969254918e-14,3.0180585601294756,1.2153994944783775e-14,300000000000000.0,50,52000000000000.0
636000.0,12235863000000.0,7.2498839e+31,4.403345960622768,1.7665994546904837e-14,0.0006875627006930849,3.113625628323773,1.2491779398182545e-14,3.0184539031858932,1.2109953014211746e-14,300000000000000.0,50,52000000000000.0
637000.0,12214895000000.0,7.2146451e+31,4.403912529851078,1.7603202346724373e-14,0.0006874741229494639,3.1140262543863217,1.2447378475533421e-14,3.0188422836270674,1.2066909259609923e-14,300000000000000.0,50,52000000000000.0
638000.0,12193983000000.0,7.1796745e+31,4.404468615564369,1.7541913086138496e-14,0.0006873873042968967,3.1144194674622128,1.2404040295100053e-14,3.019223477668511,1.2024895763218904e-14,300000000000000.0,50,52000000000000.0
639000.0,12173129000000.0,7.144959e+31,4.40502470127766,1.7480623825552618e-14,0.0006873004856443296,3.114812680538104,1.2360702114666685e-14,3.019604671709955,1.1982882266827885e-14,300000000000000.0,50,52000000000000.0
640000.0,12152331000000.0,7.1105014e+31,4.405580786990951,1.741933456496674e-14,0.0006872136669917626,3.1152058936139952,1.2317363934233317e-14,3.0199858657513987,1.1940868770436865e-14,300000000000000.0,50,52000000000000.0
641000.0,12131583000000.0,7.0762732e+31,4.406136872704242,1.7358045304380863e-14,0.0006871268483391955,3.1155991066898863,1.2274025753799951e-14,3.0203670597928425,1.1898855274045846e-14,300000000000000.0,50,52000000000000.0
642000.0,12110884000000.0,7.0422644e+31,4.406692958417533,1.7296756043794986e-14,0.0006870400296866284,3.1159923197657773,1.2230687573366583e-14,3.0207482538342862,1.1856841777654827e-14,300000000000000.0,50,52000000000000.0
643000.0,12090239000000.0,7.0098802e+31,4.4072490441308245,1.7235466783209108e-14,0.0006869532110340612,3.1163855328416687,1.2187349392933216e-14,3.02112944787573,1.1814828281263808e-14,300000000000000.0,50,52000000000000.0
644000.0,12069654000000.0,6.976315e+31,4.407805129844116,1.7174177522623227e-14,0.0006868663923814942,3.1167787459175598,1.2144011212499848e-14,3.021510641917174,1.1772814784872789e-14,300000000000000.0,50,52000000000000.0
645000.0,12049127000000.0,6.9429576e+31,4.408361215557407,1.711288826203735e-14,0.0006867795737289271,3.117171958993451,1.210067303206648e-14,3.0218918359586175,1.1730801288481771e-14,300000000000000.0,50,52000000000000.0
646000.0,12028659000000.0,6.9098177e+31,4.408917301270698,1.7051599001451472e-14,0.00068669275507636,3.1175651720693422,1.2057334851633112e-14,3.0222730300000613,1.1688787792090752e-14,300000000000000.0,50,52000000000000.0
647000.0,12008243000000.0,6.8768885e+31,4.409470600888065,1.6990706894611478e-14,0.0006866064018313457,3.1179564150720642,1.2014277502208555e-14,3.0226523141860113,1.1647046542768111e-14,300000000000000.0,50,52000000000000.0
648000.0,11987876000000.0,6.8441323e+31,4.410006676409753,1.6932270056472402e-14,0.000686522925811108,3.1183354787637736,1.1972956295507888e-14,3.0230197913363606,1.160698836886107e-14,300000000000000.0,50,52000000000000.0
649000.0,11967558000000.0,6.8115608e+31,4.41054275193144,1.687383321833333e-14,0.0006864394497908703,3.1187145424554834,1.1931635088807222e-14,3.02338726848671,1.156693019495403e-14,300000000000000.0,50,52000000000000.0
650000.0,11947294000000.0,6.7805842e+31,4.411078827453128,1.6815396380194256e-14,0.0006863559737706325,3.119093606147193,1.1890313882106554e-14,3.023754745637059,1.1526872021046988e-14,300000000000000.0,50,52000000000000.0
651000.0,11927088000000.0,6.7483936e+31,4.411614902974815,1.6756959542055182e-14,0.0006862724977503948,3.119472669838903,1.1848992675405888e-14,3.0241222227874083,1.1486813847139946e-14,300000000000000.0,50,52000000000000.0
652000.0,11906941000000.0,6.7163935e+31,4.412150978496503,1.669852270391611e-14,0.000686189021730157,3.1198517335306124,1.180767146870522e-14,3.0244896999377575,1.1446755673232906e-14,300000000000000.0,50,52000000000000.0
653000.0,11886851000000.0,6.6845751e+31,4.41268705401819,1.6640085865777036e-14,0.0006861055457099193,3.120230797222322,1.1766350262004555e-14,3.0248571770881068,1.1406697499325865e-14,300000000000000.0,50,52000000000000.0
654000.0,11866811000000.0,6.6529275e+31,4.413223129539878,1.658164902763796e-14,0.0006860220696896815,3.120609860914032,1.1725029055303887e-14,3.025224654238456,1.1366639325418823e-14,300000000000000.0,50,52000000000000.0
655000.0,11846820000000.0,6.6214378e+31,4.413759205061565,1.6523212189498887e-14,0.0006859385936694438,3.120988924605742,1.1683707848603221e-14,3.0255921313888052,1.1326581151511783e-14,300000000000000.0,50,52000000000000.0
656000.0,11826879000000.0,6.5901231e+31,4.414295280583253,1.6464775351359813e-14,0.000685855117649206,3.1213679882974517,1.1642386641902553e-14,3.0259596085391545,1.1286522977604742e-14,300000000000000.0,50,52000000000000.0
657000.0,11806987000000.0,6.560375e+31,4.414831356104941,1.640633851322074e-14,0.0006857716416289683,3.121747051989161,1.1601065435201887e-14,3.0263270856895037,1.12464648036977e-14,300000000000000.0,50,52000000000000.0
658000.0,11787155000000.0,6.5293976e+31,4.415355449360017,1.634960629981727e-14,0.0006856901584869867,3.1221176429138433,1.1560949584054483e-14,3.0266863490532243,1.1207575142189376e-14,300000000000000.0,50,52000000000000.0
659000.0,11767383000000.0,6.4985974e+31,4.415872135650845,1.6293927818139493e-14,0.0006856099072636793,3.1224829963083907,1.1521578836131665e-14,3.0270405349782705,1.116940780892179e-14,300000000000000.0,50,52000000000000.0
660000.0,11747662000000.0,6.4679604e+31,4.416388821941672,1.6238249336461714e-14,0.0006855296560403718,3.122848349702938,1.1482208088208849e-14,3.0273947209033167,1.1131240475654203e-14,300000000000000.0,50,52000000000000.0
661000.0,11727991000000.0,6.4374692e+31,4.4169055082324995,1.6182570854783936e-14,0.0006854494048170643,3.123213703097485,1.1442837340286032e-14,3.027748906828363,1.1093073142386617e-14,300000000000000.0,50,52000000000000.0
662000.0,11708369000000.0,6.4071264e+31,4.417422194523327,1.6126892373106158e-14,0.0006853691535937568,3.1235790564920323,1.1403466592363214e-14,3.028103092753409,1.1054905809119031e-14,300000000000000.0,50,52000000000000.0
663000.0,11688796000000.0,6.3769518e+31,4.417938880814155,1.607121389142838e-14,0.0006852889023704493,3.1239444098865796,1.1364095844440396e-14,3.0284572786784554,1.1016738475851445e-14,300000000000000.0,50,52000000000000.0
664000.0,11669272000000.0,6.3483296e+31,4.418455567104983,1.60155354097506e-14,0.0006852086511471418,3.124309763281127,1.1324725096517579e-14,3.0288114646035016,1.0978571142583858e-14,300000000000000.0,50,52000000000000.0
665000.0,11649809000000.0,6.3184824e+31,4.418972253395811,1.5959856928072823e-14,0.0006851283999238343,3.1246751166756743,1.1285354348594761e-14,3.029165650528548,1.0940403809316272e-14,300000000000000.0,50,52000000000000.0
666000.0,11630398000000.0,6.288784e+31,4.419488939686639,1.5904178446395045e-14,0.0006850481487005268,3.1250404700702217,1.1245983600671945e-14,3.029519836453594,1.0902236476048687e-14,300000000000000.0,50,52000000000000.0
667000.0,11611039000000.0,6.2592237e+31,4.420005625977466,1.5848499964717267e-14,0.0006849678974772194,3.1254058234647686,1.1206612852749128e-14,3.0298740223786402,1.0864069142781099e-14,300000000000000.0,50,52000000000000.0
668000.0,11591731000000.0,6.2298122e+31,4.420522312268294,1.579282148303949e-14,0.0006848876462539118,3.125771176859316,1.116724210482631e-14,3.0302282083036864,1.0825901809513513e-14,300000000000000.0,50,52000000000000.0
669000.0,11572472000000.0,6.2005564e+31,4.421021620728315,1.573958896876355e-14,0.0006848102730582984,3.1261242422356643,1.1129600922522176e-14,3.0305704818087116,1.0789411175593597e-14,300000000000000.0,50,52000000000000.0
670000.0,11553260000000.0,6.1714445e+31,4.421519532524187,1.5686553037997587e-14,0.0006847331311710768,3.126476320018414,1.1092098746191626e-14,3.030911797907134,1.0753055298761079e-14,300000000000000.0,50,52000000000000.0
671000.0,11534100000000.0,6.143886e+31,4.42201744432006,1.5633517107231623e-14,0.0006846559892838551,3.1268283978011633,1.1054596569861078e-14,3.031253114005556,1.071669942192856e-14,300000000000000.0,50,52000000000000.0
672000.0,11514992000000.0,6.1150956e+31,4.422515356115934,1.558048117646566e-14,0.0006845788473966334,3.1271804755839128,1.101709439353053e-14,3.0315944301039788,1.0680343545096041e-14,300000000000000.0,50,52000000000000.0
673000.0,11495937000000.0,6.0864226e+31,4.423013267911807,1.5527445245699697e-14,0.0006845017055094118,3.1275325533666622,1.0979592217199983e-14,3.031935746202401,1.064398766826352e-14,300000000000000.0,50,52000000000000.0
674000.0,11476933000000.0,6.0578876e+31,4.423511179707679,1.5474409314933734e-14,0.00068442456362219,3.1278846311494117,1.0942090040869435e-14,3.0322770623008237,1.0607631791431002e-14,300000000000000.0,50,52000000000000.0
675000.0,11457979000000.0,6.0295018e+31,4.424009091503552,1.542137338416777e-14,0.0006843474217349683,3.128236708932161,1.0904587864538887e-14,3.032618378399246,1.0571275914598483e-14,300000000000000.0,50,52000000000000.0
676000.0,11439076000000.0,6.0012622e+31,4.424507003299426,1.5368337453401805e-14,0.0006842702798477467,3.1285887867149107,1.0867085688208339e-14,3.0329596944976687,1.0534920037765964e-14,300000000000000.0,50,52000000000000.0
677000.0,11420223000000.0,5.9731742e+31,4.425004915095299,1.531530152263584e-14,0.000684193137960525,3.1289408644976606,1.0829583511877791e-14,3.033301010596091,1.0498564160933446e-14,300000000000000.0,50,52000000000000.0
678000.0,11401411000000.0,5.9462198e+31,4.425502826891171,1.5262265591869878e-14,0.0006841159960733034,3.12929294228041,1.0792081335547241e-14,3.033642326694513,1.0462208284100925e-14,300000000000000.0,50,52000000000000.0
679000.0,11382650000000.0,5.9187912e+31,4.425999660609678,1.5209380592394826e-14,0.0006840390319927366,3.129644257745106,1.0754685884092103e-14,3.0339829037760584,1.042595586996855e-14,300000000000000.0,50,52000000000000.0
680000.0,11363943000000.0,5.8911007e+31,4.426479398089286,1.515888907365386e-14,0.0006839648875846202,3.129983484307873,1.0718982884424808e-14,3.034311761467621,1.0391344175782303e-14,300000000000000.0,50,52000000000000.0
681000.0,11345288000000.0,5.8635525e+31,4.426959135568894,1.5108397554912894e-14,0.0006838907431765039,3.1303227108706397,1.0683279884757514e-14,3.0346406191591844,1.0356732481596054e-14,300000000000000.0,50,52000000000000.0
682000.0,11326686000000.0,5.8361509e+31,4.4274388730485015,1.5057906036171932e-14,0.0006838165987683875,3.130661937433407,1.064757688509022e-14,3.034969476850747,1.0322120787409807e-14,300000000000000.0,50,52000000000000.0
683000.0,11308131000000.0,5.8088885e+31,4.42791861052811,1.5007414517430966e-14,0.0006837424543602711,3.1310011639961735,1.0611873885422925e-14,3.0352983345423104,1.0287509093223559e-14,300000000000000.0,50,52000000000000.0
684000.0,11289620000000.0,5.7817548e+31,4.428398348007717,1.495692299869e-14,0.0006836683099521548,3.13134039055894,1.0576170885755632e-14,3.035627192233873,1.0252897399037312e-14,300000000000000.0,50,52000000000000.0
685000.0,11271154000000.0,5.7547421e+31,4.428878085487326,1.4906431479949038e-14,0.0006835941655440384,3.131679617121707,1.0540467886088338e-14,3.0359560499254363,1.0218285704851063e-14,300000000000000.0,50,52000000000000.0
686000.0,11252734000000.0,5.7292604e+31,4.429357822966933,1.4855939961208072e-14,0.0006835200211359221,3.132018843684474,1.0504764886421044e-14,3.036284907616999,1.0183674010664816e-14,300000000000000.0,50,52000000000000.0
687000.0,11234369000000.0,5.7025193e+31,4.429837560446542,1.4805448442467107e-14,0.0006834458767278057,3.1323580702472404,1.046906188675375e-14,3.0366137653085623,1.0149062316478567e-14,300000000000000.0,50,52000000000000.0
688000.0,11216060000000.0,5.6759238e+31,4.430317297926149,1.4754956923726144e-14,0.0006833717323196893,3.1326972968100075,1.0433358887086455e-14,3.036942623000125,1.011445062229232e-14,300000000000000.0,50,52000000000000.0
689000.0,11197797000000.0,5.6494607e+31,4.430797035405757,1.470446540498518e-14,0.000683297587911573,3.133036523372774,1.039765588741916e-14,3.0372714806916883,1.0079838928106071e-14,300000000000000.0,50,52000000000000.0
690000.0,11179579000000.0,5.623109e+31,4.431276486482555,1.465401352699151e-14,0.0006832234905493484,3.1333755474175797,1.0361980918080878e-14,3.037600142055497,1.0045254407467832e-14,300000000000000.0,50,52000000000000.0
691000.0,11161406000000.0,5.5968789e+31,4.431738640138195,1.4605955769014607e-14,0.0006831522345440318,3.1337023403028312,1.0327998852543421e-14,3.037916946119976,1.0012311044972408e-14,300000000000000.0,50,52000000000000.0
692000.0,11143278000000.0,5.5707886e+31,4.432200793793835,1.4557898011037704e-14,0.0006830809785387153,3.134029133188083,1.0294016787005966e-14,3.0382337501844554,9.979367682476986e-15,300000000000000.0,50,52000000000000.0
693000.0,11125198000000.0,5.5462283e+31,4.432662947449475,1.4509840253060804e-14,0.0006830097225333988,3.1343559260733347,1.026003472146851e-14,3.038550554248934,9.946424319981562e-15,300000000000000.0,50,52000000000000.0
694000.0,11107169000000.0,5.5204053e+31,4.433125101105115,1.44617824950839e-14,0.0006829384665280823,3.134682718958586,1.0226052655931056e-14,3.0388673583134134,9.91348095748614e-15,300000000000000.0,50,52000000000000.0
695000.0,11089190000000.0,5.4946987e+31,4.433587254760755,1.4413724737107e-14,0.0006828672105227658,3.135009511843838,1.01920705903936e-14,3.0391841623778926,9.880537594990718e-15,300000000000000.0,50,52000000000000.0
696000.0,11071258000000.0,5.4691038e+31,4.434049408416395,1.4365666979130098e-14,0.0006827959545174493,3.1353363047290896,1.0158088524856144e-14,3.0395009664423718,9.847594232495294e-15,300000000000000.0,50,52000000000000.0
697000.0,11053373000000.0,5.4436421e+31,4.434511562072035,1.4317609221153198e-14,0.0006827246985121328,3.135663097614341,1.0124106459318689e-14,3.039817770506851,9.814650869999872e-15,300000000000000.0,50,52000000000000.0
698000.0,11035536000000.0,5.4183072e+31,4.434973715727675,1.4269551463176295e-14,0.0006826534425068163,3.135989890499593,1.0090124393781234e-14,3.04013457457133,9.781707507504449e-15,300000000000000.0,50,52000000000000.0
699000.0,11017742000000.0,5.3931035e+31,4.435435869383315,1.4221493705199392e-14,0.0006825821865014998,3.1363166833848446,1.0056142328243778e-14,3.0404513786358094,9.748764145009026e-15,300000000000000.0,50,52000000000000.0
700000.0,10999989000000.0,5.3694051e+31,4.435898023038955,1.4173435947222493e-14,0.0006825109304961832,3.1366434762700965,1.0022160262706323e-14,3.040768182700288,9.715820782513604e-15,300000000000000.0,50,52000000000000.0
701000.0,10982285000000.0,5.3444276e+31,4.436360176694595,1.412537818924559e-14,0.0006824396744908668,3.136970269155348,9.988178197168867e-15,3.0410849867647674,9.68287742001818e-15,300000000000000.0,50,52000000000000.0
702000.0,10964632000000.0,5.319565e+31,4.436808831724499,1.4079179201528427e-14,0.0006823706270982414,3.137287517043003,9.955510484777774e-15,3.041392537586076,9.651208235871041e-15,300000000000000.0,50,52000000000000.0
703000.0,10947030000000.0,5.2948415e+31,4.437253976903955,1.4033463522687066e-14,0.0006823021539789083,3.1376022830843753,9.923184524433901e-15,3.041697682421744,9.619870357705293e-15,300000000000000.0,50,52000000000000.0
704000.0,10929475000000.0,5.2702428e+31,4.437699122083412,1.3987747843845707e-14,0.0006822336808595751,3.137917049125748,9.890858564090029e-15,3.0420028272574116,9.588532479539543e-15,300000000000000.0,50,52000000000000.0
705000.0,10911961000000.0,5.2457584e+31,4.438144267262868,1.3942032165004348e-14,0.000682165207740242,3.1382318151671207,9.858532603746156e-15,3.0423079720930795,9.557194601373794e-15,300000000000000.0,50,52000000000000.0
706000.0,10894489000000.0,5.2213784e+31,4.438589412442325,1.3896316486162988e-14,0.0006820967346209089,3.138546581208493,9.826206643402284e-15,3.0426131169287474,9.525856723208044e-15,300000000000000.0,50,52000000000000.0
707000.0,10877058000000.0,5.1984212e+31,4.439034557621781,1.385060080732163e-14,0.0006820282615015758,3.138861347249866,9.793880683058411e-15,3.0429182617644153,9.494518845042296e-15,300000000000000.0,50,52000000000000.0
708000.0,10859676000000.0,5.1743702e+31,4.439479702801238,1.3804885128480268e-14,0.0006819597883822427,3.1391761132912386,9.761554722714538e-15,3.043223406600083,9.463180966876546e-15,300000000000000.0,50,52000000000000.0
709000.0,10842346000000.0,5.1503578e+31,4.439924847980694,1.3759169449638909e-14,0.0006818913152629096,3.1394908793326115,9.729228762370666e-15,3.043528551435751,9.431843088710798e-15,300000000000000.0,50,52000000000000.0
710000.0,10825061000000.0,5.1264584e+31,4.44036999316015,1.371345377079755e-14,0.0006818228421435765,3.139805645373984,9.696902802026793e-15,3.043833696271419,9.400505210545048e-15,300000000000000.0,50,52000000000000.0
711000.0,10807821000000.0,5.1026655e+31,4.440815138339607,1.366773809195619e-14,0.0006817543690242434,3.140120411415357,9.66457684168292e-15,3.044138841107087,9.3691673323793e-15,300000000000000.0,50,52000000000000.0
712000.0,10790623000000.0,5.0789848e+31,4.441260283519063,1.3622022413114831e-14,0.0006816858959049103,3.1404351774567294,9.63225088133905e-15,3.044443985942755,9.33782945421355e-15,300000000000000.0,50,52000000000000.0
713000.0,10773470000000.0,5.0554327e+31,4.441699041402858,1.3577172021838067e-14,0.0006816184638544125,3.1407454269849167,9.60053677359521e-15,3.044744752317939,9.307084726631016e-15,300000000000000.0,50,52000000000000.0
714000.0,10756358000000.0,5.0319982e+31,4.4421277438464495,1.3533683842023593e-14,0.0006815526707456477,3.1410485662225103,9.56978589779772e-15,3.0450386257371846,9.277273788642116e-15,300000000000000.0,50,52000000000000.0
715000.0,10739286000000.0,5.0100562e+31,4.44255644629004,1.349019566220912e-14,0.0006814868776368828,3.141351705460104,9.539035022000229e-15,3.0453324991564306,9.247462850653216e-15,300000000000000.0,50,52000000000000.0
716000.0,10722263000000.0,4.9868254e+31,4.442985148733632,1.3446707482394646e-14,0.000681421084528118,3.1416548446976975,9.508284146202739e-15,3.045626372575676,9.217651912664315e-15,300000000000000.0,50,52000000000000.0
717000.0,10705287000000.0,4.9637092e+31,4.443413851177223,1.3403219302580173e-14,0.0006813552914193531,3.141957983935291,9.477533270405249e-15,3.0459202459949215,9.187840974675415e-15,300000000000000.0,50,52000000000000.0
718000.0,10688360000000.0,4.940719e+31,4.443842553620815,1.33597311227657e-14,0.0006812894983105883,3.1422611231728848,9.446782394607759e-15,3.0462141194141674,9.158030036686515e-15,300000000000000.0,50,52000000000000.0
719000.0,10671474000000.0,4.917845e+31,4.444271256064407,1.3316242942951225e-14,0.0006812237052018234,3.1425642624104784,9.416031518810269e-15,3.046507992833413,9.128219098697616e-15,300000000000000.0,50,52000000000000.0
720000.0,10654628000000.0,4.8950701e+31,4.444699958507998,1.3272754763136752e-14,0.0006811579120930586,3.142867401648072,9.385280643012779e-15,3.0468018662526584,9.098408160708716e-15,300000000000000.0,50,52000000000000.0
721000.0,10637820000000.0,4.8723951e+31,4.44512866095159,1.3229266583322279e-14,0.0006810921189842937,3.1431705408856656,9.354529767215289e-15,3.0470957396719043,9.068597222719815e-15,300000000000000.0,50,52000000000000.0
722000.0,10621052000000.0,4.8512174e+31,4.445557363395181,1.3185778403507804e-14,0.0006810263258755288,3.1434736801232592,9.323778891417799e-15,3.0473896130911498,9.038786284730915e-15,300000000000000.0,50,52000000000000.0
723000.0,10604336000000.0,4.8287733e+31,4.445986065838772,1.314229022369333e-14,0.000680960532766764,3.143776819360853,9.293028015620307e-15,3.0476834865103952,9.008975346742015e-15,300000000000000.0,50,52000000000000.0
724000.0,10587664000000.0,4.8064424e+31,4.446414768282364,1.3098802043878858e-14,0.000680894739657999,3.1440799585984465,9.262277139822817e-15,3.047977359929641,8.979164408753114e-15,300000000000000.0,50,52000000000000.0
725000.0,10571036000000.0,4.7842054e+31,4.446830789449751,1.3057015334959014e-14,0.0006808310057085576,3.144374130793704,9.232729389339917e-15,3.048262540395073,8.95051982109435e-15,300000000000000.0,50,52000000000000.0
726000.0,10554449000000.0,4.7620689e+31,4.447243595919295,1.301565994814961e-14,0.000680767793755083,3.144666029847741,9.203486630585907e-15,3.0485455172006035,8.922170902722375e-15,300000000000000.0,50,52000000000000.0
727000.0,10537906000000.0,4.7400503e+31,4.447656402388838,1.2974304561340205e-14,0.0006807045818016086,3.144957928901779,9.174243871831899e-15,3.0488284940061336,8.893821984350401e-15,300000000000000.0,50,52000000000000.0
728000.0,10521402000000.0,4.7181422e+31,4.4480692088583815,1.2932949174530801e-14,0.0006806413698481341,3.1452498279558165,9.145001113077889e-15,3.049111470811664,8.865473065978425e-15,300000000000000.0,50,52000000000000.0
729000.0,10504933000000.0,4.6976855e+31,4.448482015327924,1.2891593787721397e-14,0.0006805781578946596,3.1455417270098542,9.11575835432388e-15,3.0493944476171944,8.83712414760645e-15,300000000000000.0,50,52000000000000.0
730000.0,10488507000000.0,4.6760087e+31,4.4488948217974675,1.2850238400911992e-14,0.0006805149459411851,3.1458336260638915,9.08651559556987e-15,3.0496774244227245,8.808775229234474e-15,300000000000000.0,50,52000000000000.0
731000.0,10472129000000.0,4.6543973e+31,4.449307628267011,1.2808883014102588e-14,0.0006804517339877107,3.146125525117929,9.057272836815862e-15,3.0499604012282546,8.780426310862498e-15,300000000000000.0,50,52000000000000.0
732000.0,10455798000000.0,4.6329089e+31,4.449720434736554,1.2767527627293184e-14,0.0006803885220342361,3.146417424171967,9.028030078061852e-15,3.050243378033785,8.752077392490524e-15,300000000000000.0,50,52000000000000.0
733000.0,10439508000000.0,4.6115208e+31,4.450133241206098,1.272617224048378e-14,0.0006803253100807617,3.1467093232260046,8.998787319307844e-15,3.0505263548393153,8.723728474118549e-15,300000000000000.0,50,52000000000000.0
734000.0,10423256000000.0,4.5902289e+31,4.450546047675641,1.2684816853674375e-14,0.0006802620981272872,3.147001222280042,8.969544560553834e-15,3.0508093316448455,8.695379555746573e-15,300000000000000.0,50,52000000000000.0
735000.0,10407042000000.0,4.5690294e+31,4.450958854145185,1.2643461466864971e-14,0.0006801988861738127,3.1472931213340796,8.940301801799824e-15,3.051092308450376,8.667030637374597e-15,300000000000000.0,50,52000000000000.0
736000.0,10390868000000.0,4.5479443e+31,4.451371375606875,1.2602143808344271e-14,0.0006801357203296076,3.1475848188565507,8.911085721056402e-15,3.0513750898843965,8.63870758156746e-15,300000000000000.0,50,52000000000000.0
737000.0,10374733000000.0,4.5283421e+31,4.451768819820045,1.2562822020389617e-14,0.000680074993719639,3.1478658551236163,8.883280938251917e-15,3.051647535937211,8.611752685666082e-15,300000000000000.0,50,52000000000000.0
738000.0,10358642000000.0,4.5074557e+31,4.452166264033216,1.2523500232434962e-14,0.0006800142671096704,3.1481468913906823,8.855476155447432e-15,3.051919981990026,8.584797789764707e-15,300000000000000.0,50,52000000000000.0
739000.0,10342594000000.0,4.4866602e+31,4.452563708246386,1.2484178444480308e-14,0.0006799535404997018,3.1484279276577483,8.827671372642946e-15,3.052192428042841,8.55784289386333e-15,300000000000000.0,50,52000000000000.0
740000.0,10326590000000.0,4.4659684e+31,4.452961152459555,1.2444856656525653e-14,0.0006798928138897333,3.148708963924814,8.799866589838462e-15,3.052464874095656,8.530887997961955e-15,300000000000000.0,50,52000000000000.0
741000.0,10310628000000.0,4.4453888e+31,4.453358596672725,1.2405534868570998e-14,0.0006798320872797647,3.14899000019188,8.772061807033976e-15,3.0527373201484704,8.503933102060578e-15,300000000000000.0,50,52000000000000.0
742000.0,10294701000000.0,4.4249106e+31,4.453756040885895,1.2366213080616344e-14,0.0006797713606697961,3.1492710364589453,8.744257024229492e-15,3.0530097662012854,8.476978206159202e-15,300000000000000.0,50,52000000000000.0
743000.0,10278810000000.0,4.4045129e+31,4.454153485099066,1.2326891292661688e-14,0.0006797106340598276,3.1495520727260113,8.716452241425006e-15,3.0532822122541003,8.450023310257825e-15,300000000000000.0,50,52000000000000.0
744000.0,10262955000000.0,4.3855902e+31,4.454550929312235,1.2287569504707035e-14,0.000679649907449859,3.1498331089930773,8.68864745862052e-15,3.0535546583069153,8.42306841435645e-15,300000000000000.0,50,52000000000000.0
745000.0,10247146000000.0,4.3654015e+31,4.454948373525405,1.224824771675238e-14,0.0006795891808398903,3.150114145260143,8.660842675816036e-15,3.0538271043597303,8.396113518455073e-15,300000000000000.0,50,52000000000000.0
746000.0,10231379000000.0,4.3453123e+31,4.455345817738575,1.2208925928797726e-14,0.0006795284542299218,3.150395181527209,8.63303789301155e-15,3.0540995504125448,8.369158622553696e-15,300000000000000.0,50,52000000000000.0
747000.0,10215653000000.0,4.3253095e+31,4.455743261951745,1.216960414084307e-14,0.0006794677276199532,3.1506762177942744,8.605233110207066e-15,3.0543719964653597,8.34220372665232e-15,300000000000000.0,50,52000000000000.0
748000.0,10199966000000.0,4.305396e+31,4.456139997367129,1.21303749321267e-14,0.0006794071152696209,3.150956752864179,8.577493791009537e-15,3.0546439566407124,8.315312293383359e-15,300000000000000.0,50,52000000000000.0
749000.0,10184321000000.0,4.285597e+31,4.456522597161951,1.2092992039820027e-14,0.0006793487816099025,3.1512272925122073,8.551060018649532e-15,3.054906226916379,8.28968650132944e-15,300000000000000.0,50,52000000000000.0
750000.0,10168710000000.0,4.2658926e+31,4.456905196956773,1.2055609147513354e-14,0.0006792904479501843,3.1514978321602363,8.524626246289528e-15,3.055168497192046,8.264060709275521e-15,300000000000000.0,50,52000000000000.0
751000.0,10153131000000.0,4.2462817e+31,4.4572877967515945,1.201822625520668e-14,0.000679232114290466,3.1517683718082647,8.498192473929523e-15,3.055430767467713,8.238434917221603e-15,300000000000000.0,50,52000000000000.0
752000.0,10137590000000.0,4.2281215e+31,4.457670396546416,1.1980843362900008e-14,0.0006791737806307477,3.1520389114562932,8.471758701569519e-15,3.0556930377433797,8.212809125167684e-15,300000000000000.0,50,52000000000000.0
753000.0,10122098000000.0,4.2086924e+31,4.458052996341238,1.1943460470593335e-14,0.0006791154469710293,3.1523094511043217,8.445324929209514e-15,3.0559553080190467,8.187183333113765e-15,300000000000000.0,50,52000000000000.0
754000.0,10106645000000.0,4.1893648e+31,4.45843559613606,1.1906077578286663e-14,0.000679057113311311,3.15257999075235,8.41889115684951e-15,3.0562175782947136,8.161557541059846e-15,300000000000000.0,50,52000000000000.0
755000.0,10091232000000.0,4.1701218e+31,4.458818195930882,1.186869468597999e-14,0.0006789987796515927,3.1528505304003787,8.392457384489506e-15,3.0564798485703806,8.135931749005927e-15,300000000000000.0,50,52000000000000.0
756000.0,10075856000000.0,4.150963e+31,4.459200795725704,1.1831311793673316e-14,0.0006789404459918745,3.153121070048407,8.366023612129501e-15,3.0567421188460475,8.110305956952008e-15,300000000000000.0,50,52000000000000.0
757000.0,10060519000000.0,4.131906e+31,4.459583395520527,1.1793928901366644e-14,0.0006788821123321561,3.1533916096964356,8.339589839769495e-15,3.057004389121714,8.08468016489809e-15,300000000000000.0,50,52000000000000.0
758000.0,10045214000000.0,4.1129505e+31,4.459965995315349,1.175654600905997e-14,0.0006788237786724378,3.153662149344464,8.31315606740949e-15,3.057266659397381,8.059054372844172e-15,300000000000000.0,50,52000000000000.0
759000.0,10029942000000.0,4.0954433e+31,4.460348595110171,1.1719163116753297e-14,0.0006787654450127195,3.153932688992493,8.286722295049486e-15,3.057528929673048,8.033428580790254e-15,300000000000000.0,50,52000000000000.0
760000.0,10014712000000.0,4.0766455e+31,4.460731194904993,1.1681780224446625e-14,0.0006787071113530011,3.1542032286405215,8.260288522689482e-15,3.057791199948715,8.007802788736335e-15,300000000000000.0,50,52000000000000.0
761000.0,9999528400000.0,4.0579497e+31,4.4611011416360835,1.1646036815683206e-14,0.0006786508102347234,3.1544648211957576,8.235014043779797e-15,3.05804479661033,7.983300854922434e-15,300000000000000.0,50,52000000000000.0
762000.0,9984382300000.0,4.0393492e+31,4.46146939942705,1.161051224637247e-14,0.0006785947804215515,3.154725219486558,8.209894308200842e-15,3.05829723551165,7.958948934521687e-15,300000000000000.0,50,52000000000000.0
763000.0,9969272300000.0,4.0208312e+31,4.461837657218015,1.1574987677061733e-14,0.0006785387506083797,3.1549856177773576,8.18477457262189e-15,3.058549674412969,7.934597014120941e-15,300000000000000.0,50,52000000000000.0
764000.0,9954199500000.0,4.0023941e+31,4.4622059150089814,1.1539463107750996e-14,0.0006784827207952079,3.1552460160681575,8.159654837042935e-15,3.0588021133142886,7.910245093720195e-15,300000000000000.0,50,52000000000000.0
765000.0,9939162700000.0,3.9840614e+31,4.462574172799947,1.1503938538440259e-14,0.0006784266909820361,3.1555064143589573,8.134535101463982e-15,3.059054552215608,7.885893173319449e-15,300000000000000.0,50,52000000000000.0
766000.0,9924155000000.0,3.9658157e+31,4.462942430590913,1.1468413969129523e-14,0.0006783706611688642,3.1557668126497576,8.109415365885028e-15,3.0593069911169275,7.861541252918703e-15,300000000000000.0,50,52000000000000.0
767000.0,9909183600000.0,3.9490138e+31,4.4633106883818785,1.1432889399818785e-14,0.0006783146313556924,3.1560272109405574,8.084295630306075e-15,3.0595594300182474,7.837189332517958e-15,300000000000000.0,50,52000000000000.0
768000.0,9894257600000.0,3.9309258e+31,4.463678946172844,1.1397364830508049e-14,0.0006782586015425206,3.156287609231357,8.05917589472712e-15,3.059811868919567,7.812837412117212e-15,300000000000000.0,50,52000000000000.0
769000.0,9879371400000.0,3.9129413e+31,4.46404720396381,1.1361840261197311e-14,0.0006782025717293488,3.156548007522157,8.034056159148168e-15,3.0600643078208862,7.788485491716466e-15,300000000000000.0,50,52000000000000.0
770000.0,9864521000000.0,3.8950433e+31,4.4644154617547755,1.1326315691886575e-14,0.0006781465419161769,3.1568084058129573,8.008936423569213e-15,3.0603167467222057,7.76413357131572e-15,300000000000000.0,50,52000000000000.0
771000.0,9849705300000.0,3.877221e+31,4.464783719545742,1.1290791122575837e-14,0.0006780905121030051,3.157068804103757,7.98381668799026e-15,3.060569185623525,7.739781650914973e-15,300000000000000.0,50,52000000000000.0
772000.0,9834926800000.0,3.8594934e+31,4.465151977336707,1.1255266553265101e-14,0.0006780344822898333,3.157329202394557,7.958696952411306e-15,3.060821624524845,7.715429730514229e-15,300000000000000.0,50,52000000000000.0
773000.0,9820177500000.0,3.8418585e+31,4.465513048607443,1.1220652724441517e-14,0.0006779796029471168,3.1575845190336604,7.934221209554527e-15,3.061069137101314,7.691702118417074e-15,300000000000000.0,50,52000000000000.0
774000.0,9805458400000.0,3.8256656e+31,4.465867455665211,1.1186883444630718e-14,0.0006779257904601086,3.1578351233491277,7.910342654837973e-15,3.061312081392033,7.668553440680379e-15,300000000000000.0,50,52000000000000.0
775000.0,9790782600000.0,3.8081816e+31,4.466221862722978,1.1153114164819919e-14,0.0006778719779731003,3.1580857276645955,7.886464100121419e-15,3.0615550256827526,7.645404762943683e-15,300000000000000.0,50,52000000000000.0
776000.0,9776148000000.0,3.790791e+31,4.466576269780745,1.111934488500912e-14,0.000677818165486092,3.1583363319800632,7.862585545404865e-15,3.061797969973472,7.622256085206988e-15,300000000000000.0,50,52000000000000.0
777000.0,9761548300000.0,3.7734942e+31,4.466930676838513,1.108557560519832e-14,0.0006777643529990837,3.1585869362955306,7.838706990688312e-15,3.0620409142641916,7.599107407470292e-15,300000000000000.0,50,52000000000000.0
778000.0,9746983600000.0,3.7562671e+31,4.46728508389628,1.1051806325387521e-14,0.0006777105405120754,3.1588375406109983,7.814828435971758e-15,3.062283858554911,7.575958729733595e-15,300000000000000.0,50,52000000000000.0
779000.0,9732455100000.0,3.7391312e+31,4.467639490954047,1.1018037045576723e-14,0.0006776567280250672,3.159088144926466,7.790949881255204e-15,3.0625268028456305,7.5528100519969e-15,300000000000000.0,50,52000000000000.0
780000.0,9717955600000.0,3.7220869e+31,4.467993898011815,1.0984267765765924e-14,0.0006776029155380589,3.1593387492419334,7.76707132653865e-15,3.0627697471363495,7.529661374260204e-15,300000000000000.0,50,52000000000000.0
781000.0,9703484200000.0,3.7060278e+31,4.468348305069582,1.0950498485955125e-14,0.0006775491030510506,3.159589353557401,7.743192771822097e-15,3.063012691427069,7.506512696523508e-15,300000000000000.0,50,52000000000000.0
782000.0,9689050900000.0,3.6895883e+31,4.4687027121273495,1.0916729206144327e-14,0.0006774952905640423,3.1598399578728684,7.719314217105543e-15,3.0632556357177885,7.483364018786813e-15,300000000000000.0,50,52000000000000.0
783000.0,9674658700000.0,3.6727768e+31,4.469057119185116,1.0882959926333528e-14,0.000677441478077034,3.160090562188336,7.695435662388989e-15,3.063498580008508,7.460215341050117e-15,300000000000000.0,50,52000000000000.0
784000.0,9660301400000.0,3.6560598e+31,4.469411526242884,1.084919064652273e-14,0.0006773876655900258,3.160341166503804,7.671557107672435e-15,3.0637415242992274,7.437066663313421e-15,300000000000000.0,50,52000000000000.0
785000.0,9645979600000.0,3.6394092e+31,4.469765933300651,1.081542136671193e-14,0.0006773338531030175,3.1605917708192712,7.647678552955881e-15,3.063984468589947,7.413917985576724e-15,300000000000000.0,50,52000000000000.0
786000.0,9631693600000.0,3.6228495e+31,4.470107570265176,1.0783241968150599e-14,0.0006772820780670275,3.1608333452895083,7.624924217438654e-15,3.064218659043605,7.391859163916103e-15,300000000000000.0,50,52000000000000.0
787000.0,9617435700000.0,3.6063763e+31,4.470448596810447,1.0751138567008188e-14,0.0006772304004225998,3.1610744881269235,7.602223620373577e-15,3.064452431057821,7.369852438126669e-15,300000000000000.0,50,52000000000000.0
788000.0,9603206200000.0,3.5899784e+31,4.470789623355717,1.0719035165865778e-14,0.0006771787227781721,3.161315630964338,7.5795230233085e-15,3.0646862030720374,7.347845712337235e-15,300000000000000.0,50,52000000000000.0
789000.0,9589009400000.0,3.5750146e+31,4.471130649900988,1.0686931764723368e-14,0.0006771270451337445,3.1615567738017534,7.556822426243425e-15,3.0649199750862537,7.325838986547801e-15,300000000000000.0,50,52000000000000.0
790000.0,9574850200000.0,3.5587734e+31,4.471471676446258,1.0654828363580957e-14,0.0006770753674893168,3.161797916639168,7.534121829178348e-15,3.06515374710047,7.303832260758367e-15,300000000000000.0,50,52000000000000.0
791000.0,9560727400000.0,3.5426091e+31,4.471812702991529,1.0622724962438547e-14,0.0006770236898448891,3.162039059476583,7.51142123211327e-15,3.065387519114686,7.281825534968933e-15,300000000000000.0,50,52000000000000.0
792000.0,9546642100000.0,3.5265224e+31,4.4721537295368,1.0590621561296137e-14,0.0006769720122004614,3.162280202313998,7.488720635048194e-15,3.0656212911289025,7.2598188091795e-15,300000000000000.0,50,52000000000000.0
793000.0,9532589700000.0,3.5105169e+31,4.472494756082071,1.0558518160153727e-14,0.0006769203345560337,3.1625213451514127,7.466020037983117e-15,3.0658550631431187,7.237812083390065e-15,300000000000000.0,50,52000000000000.0
794000.0,9518565900000.0,3.494601e+31,4.4728357826273415,1.0526414759011316e-14,0.000676868656911606,3.162762487988828,7.443319440918041e-15,3.066088835157335,7.215805357600631e-15,300000000000000.0,50,52000000000000.0
795000.0,9504572500000.0,3.4787504e+31,4.473176809172612,1.0494311357868906e-14,0.0006768169792671783,3.1630036308262426,7.420618843852964e-15,3.0663226071715513,7.193798631811198e-15,300000000000000.0,50,52000000000000.0
796000.0,9490607400000.0,3.4629857e+31,4.473517835717883,1.0462207956726496e-14,0.0006767653016227506,3.1632447736636573,7.397918246787887e-15,3.066556379185768,7.171791906021764e-15,300000000000000.0,50,52000000000000.0
797000.0,9476673000000.0,3.4486537e+31,4.473858862263153,1.0430104555584084e-14,0.0006767136239783229,3.1634859165010725,7.37521764972281e-15,3.066790151199984,7.14978518023233e-15,300000000000000.0,50,52000000000000.0
798000.0,9462777500000.0,3.4330266e+31,4.474197490234599,1.0398294350812152e-14,0.0006766623277596728,3.1637253632858573,7.352724374421603e-15,3.0670222790034756,7.12797943916562e-15,300000000000000.0,50,52000000000000.0
799000.0,9448920100000.0,3.4174836e+31,4.474525589444914,1.0367771158562711e-14,0.000676612705844669,3.163957365091123,7.331141157133223e-15,3.0672471893922744,7.10705593908489e-15,300000000000000.0,50,52000000000000.0
800000.0,9435093500000.0,3.4020267e+31,4.47485368865523,1.033724796631327e-14,0.0006765630839296652,3.1641893668963883,7.309557939844842e-15,3.067472099781073,7.086132439004162e-15,300000000000000.0,50,52000000000000.0
801000.0,9421297400000.0,3.3866382e+31,4.475181787865545,1.0306724774063828e-14,0.0006765134620146615,3.1644213687016536,7.287974722556461e-15,3.067697010169872,7.065208938923433e-15,300000000000000.0,50,52000000000000.0
802000.0,9407533500000.0,3.3713274e+31,4.4755098870758605,1.0276201581814387e-14,0.0006764638400996577,3.1646533705069193,7.266391505268081e-15,3.0679219205586707,7.044285438842704e-15,300000000000000.0,50,52000000000000.0
803000.0,9393794000000.0,3.3561014e+31,4.475837986286176,1.0245678389564946e-14,0.0006764142181846539,3.1648853723121846,7.2448082879797e-15,3.0681468309474695,7.023361938761975e-15,300000000000000.0,50,52000000000000.0
804000.0,9380080200000.0,3.3422937e+31,4.476166085496491,1.0215155197315506e-14,0.0006763645962696501,3.1651173741174503,7.22322507069132e-15,3.0683717413362683,7.002438438681247e-15,300000000000000.0,50,52000000000000.0
805000.0,9366405500000.0,3.3272049e+31,4.476494184706806,1.0184632005066064e-14,0.0006763149743546464,3.1653493759227156,7.201641853402939e-15,3.068596651725067,6.981514938600517e-15,300000000000000.0,50,52000000000000.0
806000.0,9352764700000.0,3.3121883e+31,4.476822283917121,1.0154108812816623e-14,0.0006762653524396425,3.165581377727981,7.180058636114558e-15,3.068821562113866,6.960591438519789e-15,300000000000000.0,50,52000000000000.0
807000.0,9339157100000.0,3.2972529e+31,4.477150383127436,1.0123585620567182e-14,0.0006762157305246387,3.1658133795332466,7.158475418826178e-15,3.0690464725026647,6.9396679384390594e-15,300000000000000.0,50,52000000000000.0
808000.0,9325584000000.0,3.2823847e+31,4.477478482337752,1.009306242831774e-14,0.0006761661086096349,3.166045381338512,7.136892201537799e-15,3.0692713828914635,6.918744438358331e-15,300000000000000.0,50,52000000000000.0
809000.0,9312038000000.0,3.267602e+31,4.477806581548067,1.0062539236068299e-14,0.0006761164866946311,3.166277383143777,7.115308984249418e-15,3.0694962932802623,6.897820938277602e-15,300000000000000.0,50,52000000000000.0
810000.0,9298518500000.0,3.2528867e+31,4.478134680758382,1.0032016043818857e-14,0.0006760668647796274,3.166509384949043,7.0937257669610366e-15,3.0697212036690606,6.876897438196873e-15,300000000000000.0,50,52000000000000.0
811000.0,9285027700000.0,3.2382473e+31,4.47846016912207,1.0001804114109205e-14,0.0006760176567008691,3.1667395406017302,7.072362646183576e-15,3.069944324335174,6.856187307110285e-15,300000000000000.0,50,52000000000000.0
812000.0,9271561000000.0,3.2250289e+31,4.478775777398334,9.972770078601899e-15,0.0006759700146805088,3.1669627099578346,7.051832424875307e-15,3.07016067224933,6.836284616910513e-15,300000000000000.0,50,52000000000000.0
813000.0,9258130000000.0,3.2105262e+31,4.4790913856745975,9.943736043094595e-15,0.0006759223726601483,3.167185879313939,7.0313022035670374e-15,3.0703770201634866,6.816381926710741e-15,300000000000000.0,50,52000000000000.0
814000.0,9244737000000.0,3.1960901e+31,4.47940699395086,9.914702007587289e-15,0.000675874730639788,3.1674090486700432,7.010771982258769e-15,3.0705933680776427,6.796479236510969e-15,300000000000000.0,50,52000000000000.0
815000.0,9231373400000.0,3.1817364e+31,4.479722602227124,9.885667972079983e-15,0.0006758270886194275,3.167632218026148,6.9902417609504995e-15,3.070809715991799,6.7765765463111965e-15,300000000000000.0,50,52000000000000.0
816000.0,9218039800000.0,3.167452e+31,4.480038210503388,9.856633936572677e-15,0.0006757794465990671,3.1678553873822524,6.96971153964223e-15,3.0710260639059554,6.756673856111424e-15,300000000000000.0,50,52000000000000.0
817000.0,9204736600000.0,3.1532378e+31,4.48035381877965,9.827599901065371e-15,0.0006757318045787067,3.1680785567383567,6.949181318333962e-15,3.0712424118201116,6.7367711659116524e-15,300000000000000.0,50,52000000000000.0
818000.0,9191456900000.0,3.1391022e+31,4.480669427055914,9.798565865558066e-15,0.0006756841625583462,3.168301726094461,6.928651097025692e-15,3.0714587597342677,6.71686847571188e-15,300000000000000.0,50,52000000000000.0
819000.0,9178201600000.0,3.1250351e+31,4.480985035332178,9.76953183005076e-15,0.0006756365205379858,3.1685248954505654,6.908120875717423e-15,3.0716751076484243,6.6969657855121076e-15,300000000000000.0,50,52000000000000.0
820000.0,9164974900000.0,3.112377e+31,4.48130064360844,9.740497794543454e-15,0.0006755888785176254,3.1687480648066697,6.887590654409154e-15,3.0718914555625805,6.677063095312335e-15,300000000000000.0,50,52000000000000.0
821000.0,9151781400000.0,3.0984422e+31,4.481616251884704,9.711463759036148e-15,0.000675541236497265,3.168971234162774,6.867060433100885e-15,3.0721078034767366,6.6571604051125636e-15,300000000000000.0,50,52000000000000.0
822000.0,9138622500000.0,3.0845735e+31,4.481931860160968,9.682429723528842e-15,0.0006754935944769045,3.1691944035188784,6.846530211792616e-15,3.072324151390893,6.637257714912791e-15,300000000000000.0,50,52000000000000.0
823000.0,9125495400000.0,3.0707742e+31,4.48224746843723,9.653395688021536e-15,0.0006754459524565442,3.1694175728749827,6.8259999904843465e-15,3.0725404993050494,6.617355024713019e-15,300000000000000.0,50,52000000000000.0
824000.0,9112394900000.0,3.0570558e+31,4.482562817932189,9.62439192394029e-15,0.0006753983513235588,3.169640559244556,6.805491174370505e-15,3.0727566698258792,6.597473085431947e-15,300000000000000.0,50,52000000000000.0
825000.0,9099323300000.0,3.0433992e+31,4.482866351424359,9.596770358836967e-15,0.00067535261711577,3.16985519041486,6.785959723439301e-15,3.0729647405342377,6.578538636981418e-15,300000000000000.0,50,52000000000000.0
826000.0,9086275900000.0,3.0298113e+31,4.48316988491653,9.569148793733646e-15,0.0006753068829079811,3.1700698215851646,6.766428272508099e-15,3.073172811242596,6.559604188530889e-15,300000000000000.0,50,52000000000000.0
827000.0,9073250200000.0,3.0163009e+31,4.4834734184087,9.541527228630324e-15,0.0006752611487001923,3.1702844527554688,6.746896821576896e-15,3.0733808819509543,6.5406697400803596e-15,300000000000000.0,50,52000000000000.0
828000.0,9060252900000.0,3.0041894e+31,4.48377695190087,9.513905663527001e-15,0.0006752154144924035,3.170499083925773,6.727365370645693e-15,3.0735889526593128,6.521735291629831e-15,300000000000000.0,50,52000000000000.0
829000.0,9047288900000.0,2.990795e+31,4.484080485393039,9.486284098423678e-15,0.0006751696802846145,3.170713715096077,6.707833919714491e-15,3.073797023367671,6.502800843179302e-15,300000000000000.0,50,52000000000000.0
830000.0,9034357000000.0,2.9774756e+31,4.484384018885209,9.458662533320357e-15,0.0006751239460768257,3.1709283462663818,6.6883024687832875e-15,3.0740050940760293,6.483866394728772e-15,300000000000000.0,50,52000000000000.0
831000.0,9021458500000.0,2.9642185e+31,4.4846875523773795,9.431040968217035e-15,0.0006750782118690369,3.171142977436686,6.668771017852085e-15,3.0742131647843878,6.464931946278243e-15,300000000000000.0,50,52000000000000.0
832000.0,9008585800000.0,2.9510351e+31,4.48499108586955,9.403419403113712e-15,0.000675032477661248,3.17135760860699,6.649239566920882e-15,3.074421235492746,6.4459974978277144e-15,300000000000000.0,50,52000000000000.0
833000.0,8995740400000.0,2.9379175e+31,4.48529461936172,9.375797838010391e-15,0.0006749867434534592,3.1715722397772947,6.6297081159896794e-15,3.0746293062011043,6.427063049377185e-15,300000000000000.0,50,52000000000000.0
834000.0,8982920600000.0,2.924863e+31,4.485598152853889,9.348176272907069e-15,0.0006749410092456704,3.171786870947599,6.610176665058477e-15,3.074837376909463,6.408128600926656e-15,300000000000000.0,50,52000000000000.0
835000.0,8970121600000.0,2.9118834e+31,4.485901686346059,9.320554707803746e-15,0.0006748952750378815,3.172001502117903,6.590645214127274e-15,3.075045447617821,6.389194152476127e-15,300000000000000.0,50,52000000000000.0
836000.0,8957348200000.0,2.9002967e+31,4.486205219838229,9.292933142700425e-15,0.0006748495408300927,3.1722161332882077,6.571113763196071e-15,3.0752535183261793,6.370259704025598e-15,300000000000000.0,50,52000000000000.0
837000.0,8944607700000.0,2.8874256e+31,4.4865087533304,9.265311577597102e-15,0.0006748038066223038,3.172430764458512,6.551582312264868e-15,3.0754615890345374,6.3513252555750684e-15,300000000000000.0,50,52000000000000.0
838000.0,8931898400000.0,2.8746254e+31,4.486805056445786,9.238524939463145e-15,0.0006747592112238673,3.172640282965981,6.5326412456073244e-15,3.0756647033548,6.3329631455868996e-15,300000000000000.0,50,52000000000000.0
839000.0,8919222100000.0,2.8618866e+31,4.48709691573443,9.21225145173701e-15,0.0006747153157435135,3.172846659204587,6.514063032159601e-15,3.0758647714534564,6.3149527977601526e-15,300000000000000.0,50,52000000000000.0
840000.0,8906571300000.0,2.8492146e+31,4.487388775023074,9.185977964010875e-15,0.0006746714202631596,3.173053035443193,6.495484818711877e-15,3.0760648395521133,6.296942449933405e-15,300000000000000.0,50,52000000000000.0
841000.0,8893946900000.0,2.8366111e+31,4.487680634311718,9.15970447628474e-15,0.0006746275247828059,3.173259411681799,6.4769066052641544e-15,3.07626490765077,6.278932102106657e-15,300000000000000.0,50,52000000000000.0
842000.0,8881348000000.0,2.8240655e+31,4.4879724936003615,9.133430988558605e-15,0.000674583629302452,3.173465787920405,6.458328391816431e-15,3.076464975749427,6.26092175427991e-15,300000000000000.0,50,52000000000000.0
843000.0,8868769300000.0,2.8115935e+31,4.488264352889006,9.10715750083247e-15,0.0006745397338220982,3.173672164159011,6.439750178368707e-15,3.076665043848084,6.242911406453162e-15,300000000000000.0,50,52000000000000.0
844000.0,8856213700000.0,2.8004956e+31,4.48855621217765,9.080884013106335e-15,0.0006744958383417444,3.173878540397617,6.4211719649209836e-15,3.076865111946741,6.2249010586264145e-15,300000000000000.0,50,52000000000000.0
845000.0,8843686000000.0,2.7881526e+31,4.488848071466293,9.0546105253802e-15,0.0006744519428613906,3.174084916636223,6.402593751473261e-15,3.077065180045398,6.206890710799667e-15,300000000000000.0,50,52000000000000.0
846000.0,8831189700000.0,2.775856e+31,4.489139930754938,9.028337037654065e-15,0.0006744080473810367,3.174291292874829,6.384015538025537e-15,3.0772652481440548,6.18888036297292e-15,300000000000000.0,50,52000000000000.0
847000.0,8818726200000.0,2.7636195e+31,4.489431790043581,9.00206354992793e-15,0.000674364151900683,3.174497669113435,6.3654373245778135e-15,3.0774653162427117,6.170870015146172e-15,300000000000000.0,50,52000000000000.0
848000.0,8806288100000.0,2.7514487e+31,4.489723649332225,8.975790062201795e-15,0.0006743202564203292,3.174704045352041,6.34685911113009e-15,3.0776653843413686,6.152859667319424e-15,300000000000000.0,50,52000000000000.0
849000.0,8793876600000.0,2.7393446e+31,4.4900155086208695,8.94951657447566e-15,0.0006742763609399753,3.174910421590647,6.328280897682366e-15,3.0778654524400255,6.1348493194926765e-15,300000000000000.0,50,52000000000000.0
850000.0,8781490200000.0,2.7272958e+31,4.490307367909513,8.923243086749525e-15,0.0006742324654596216,3.175116797829253,6.3097026842346435e-15,3.0780655205386824,6.1168389716659295e-15,300000000000000.0,50,52000000000000.0
851000.0,8769124200000.0,2.7153186e+31,4.490599227198157,8.89696959902339e-15,0.0006741885699792677,3.175323174067859,6.29112447078692e-15,3.0782655886373393,6.098828623839182e-15,300000000000000.0,50,52000000000000.0
852000.0,8756781500000.0,2.7033995e+31,4.490879809609382,8.87195612505756e-15,0.0006741464451899496,3.1755215763276046,6.273437224251107e-15,3.078457926491468,6.081682009440191e-15,300000000000000.0,50,52000000000000.0
853000.0,8744457700000.0,2.6928631e+31,4.491160383842188,8.846943564901353e-15,0.0006741043216848035,3.175719972804319,6.255750623878189e-15,3.078650258739332,6.064536021453342e-15,300000000000000.0,50,52000000000000.0
854000.0,8732162300000.0,2.6810617e+31,4.491440958074995,8.821931004745148e-15,0.0006740621981796575,3.1759183692810335,6.2380640235052706e-15,3.0788425909871955,6.047390033466494e-15,300000000000000.0,50,52000000000000.0
855000.0,8719900600000.0,2.6693092e+31,4.491721532307802,8.796918444588942e-15,0.0006740200746745115,3.176116765757748,6.220377423132353e-15,3.0790349232350587,6.030244045479645e-15,300000000000000.0,50,52000000000000.0
856000.0,8707664900000.0,2.6576218e+31,4.492002106540609,8.771905884432737e-15,0.0006739779511693654,3.1763151622344625,6.202690822759435e-15,3.0792272554829223,6.013098057492797e-15,300000000000000.0,50,52000000000000.0
857000.0,8695456900000.0,2.6459989e+31,4.492282680773416,8.74689332427653e-15,0.0006739358276642194,3.176513558711177,6.1850042223865166e-15,3.0794195877307855,5.995952069505948e-15,300000000000000.0,50,52000000000000.0
858000.0,8683274300000.0,2.6344286e+31,4.492563255006222,8.721880764120325e-15,0.0006738937041590733,3.1767119551878915,6.167317622013599e-15,3.079611919978649,5.978806081519099e-15,300000000000000.0,50,52000000000000.0
859000.0,8671113000000.0,2.6229272e+31,4.492843829239029,8.696868203964118e-15,0.0006738515806539272,3.176910351664606,6.149631021640681e-15,3.0798042522265123,5.961660093532251e-15,300000000000000.0,50,52000000000000.0
860000.0,8658976000000.0,2.61148e+31,4.493124403471835,8.671855643807913e-15,0.0006738094571487812,3.1771087481413205,6.131944421267763e-15,3.079996584474376,5.944514105545402e-15,300000000000000.0,50,52000000000000.0
861000.0,8646857800000.0,2.6000927e+31,4.4934049777046425,8.646843083651707e-15,0.0006737673336436352,3.1773071446180348,6.114257820894845e-15,3.0801889167222396,5.927368117558554e-15,300000000000000.0,50,52000000000000.0
862000.0,8634758100000.0,2.58877e+31,4.493685551937449,8.6218305234955e-15,0.0006737252101384891,3.1775055410947495,6.096571220521927e-15,3.080381248970103,5.910222129571705e-15,300000000000000.0,50,52000000000000.0
863000.0,8622685000000.0,2.5788088e+31,4.493966126170256,8.596817963339295e-15,0.0006736830866333431,3.1777039375714637,6.078884620149009e-15,3.0805735812179664,5.893076141584857e-15,300000000000000.0,50,52000000000000.0
864000.0,8610640000000.0,2.5675849e+31,4.494246700403062,8.571805403183088e-15,0.0006736409631281971,3.1779023340481785,6.061198019776091e-15,3.0807659134658296,5.875930153598008e-15,300000000000000.0,50,52000000000000.0
865000.0,8598624700000.0,2.5564218e+31,4.494525553136413,8.546981886838941e-15,0.0006735991091085551,3.1780995132375494,6.043645093958884e-15,3.0809570656342133,5.858913754241967e-15,300000000000000.0,50,52000000000000.0
866000.0,8586636000000.0,2.5453115e+31,4.494795209166907,8.523168292258785e-15,0.0006735586947513524,3.1782901893577744,6.0268062927757196e-15,3.0811419135076448,5.842589651434506e-15,300000000000000.0,50,52000000000000.0
867000.0,8574670400000.0,2.5342675e+31,4.495064865197399,8.499354697678628e-15,0.0006735182803941496,3.1784808654779995,6.0099674915925545e-15,3.0813267613810758,5.826265548627045e-15,300000000000000.0,50,52000000000000.0
868000.0,8562730500000.0,2.5232745e+31,4.495334521227892,8.47554110309847e-15,0.0006734778660369469,3.178671541598224,5.99312869040939e-15,3.081511609254507,5.809941445819584e-15,300000000000000.0,50,52000000000000.0
869000.0,8550810800000.0,2.5123385e+31,4.495604177258384,8.451727508518315e-15,0.0006734374516797442,3.178862217718449,5.976289889226225e-15,3.0816964571279386,5.7936173430121235e-15,300000000000000.0,50,52000000000000.0
870000.0,8538911100000.0,2.5014649e+31,4.495873833288877,8.427913913938158e-15,0.0006733970373225415,3.179052893838674,5.959451088043061e-15,3.0818813050013696,5.777293240204663e-15,300000000000000.0,50,52000000000000.0
871000.0,8527033200000.0,2.4906435e+31,4.49614348931937,8.404100319358e-15,0.0006733566229653389,3.1792435699588992,5.942612286859896e-15,3.082066152874801,5.760969137397202e-15,300000000000000.0,50,52000000000000.0
872000.0,8515170800000.0,2.4798823e+31,4.496413145349862,8.380286724777845e-15,0.0006733162086081362,3.1794342460791243,5.925773485676732e-15,3.0822510007482324,5.74464503458974e-15,300000000000000.0,50,52000000000000.0
873000.0,8503334000000.0,2.4704735e+31,4.496682801380355,8.356473130197688e-15,0.0006732757942509334,3.1796249221993493,5.908934684493567e-15,3.0824358486216634,5.7283209317822796e-15,300000000000000.0,50,52000000000000.0
874000.0,8491526700000.0,2.4598019e+31,4.496952457410847,8.33265953561753e-15,0.0006732353798937307,3.1798155983195744,5.892095883310402e-15,3.082620696495095,5.711996828974819e-15,300000000000000.0,50,52000000000000.0
875000.0,8479745000000.0,2.4491949e+31,4.49722211344134,8.308845941037375e-15,0.000673194965536528,3.1800062744397994,5.875257082127238e-15,3.0828055443685263,5.695672726167358e-15,300000000000000.0,50,52000000000000.0
876000.0,8467991300000.0,2.4386383e+31,4.497491769471832,8.285032346457218e-15,0.0006731545511793253,3.1801969505600245,5.858418280944073e-15,3.0829903922419573,5.679348623359897e-15,300000000000000.0,50,52000000000000.0
877000.0,8456260000000.0,2.4281361e+31,4.4977614255023255,8.26121875187706e-15,0.0006731141368221226,3.180387626680249,5.841579479760909e-15,3.0831752401153887,5.663024520552436e-15,300000000000000.0,50,52000000000000.0
878000.0,8444550800000.0,2.417693e+31,4.498031081532818,8.237405157296905e-15,0.00067307372246492,3.180578302800474,5.824740678577744e-15,3.08336008798882,5.6467004177449756e-15,300000000000000.0,50,52000000000000.0
879000.0,8432865300000.0,2.4072986e+31,4.4982997769371895,8.213694233114863e-15,0.000673033458035541,3.18076829965356,5.807974476542844e-15,3.0835442773577357,5.6304466950047714e-15,300000000000000.0,50,52000000000000.0
880000.0,8421197400000.0,2.3969617e+31,4.4985588690513225,8.191009695380243e-15,0.0006729946924207102,3.1809515059360547,5.791934041459675e-15,3.083721883718084,5.614896555269284e-15,300000000000000.0,50,52000000000000.0
881000.0,8409550100000.0,2.3866817e+31,4.4988179611654555,8.168325157645623e-15,0.0006729559268058794,3.181134712218549,5.7758936063765065e-15,3.0838994900784327,5.5993464155337966e-15,300000000000000.0,50,52000000000000.0
882000.0,8397920700000.0,2.3764508e+31,4.4990770532795885,8.145640619911002e-15,0.0006729171611910487,3.1813179185010436,5.7598531712933376e-15,3.084077096438781,5.5837962757983095e-15,300000000000000.0,50,52000000000000.0
883000.0,8386308100000.0,2.367569e+31,4.4993361453937215,8.122956082176383e-15,0.0006728783955762179,3.181501124783538,5.743812736210169e-15,3.0842547027991296,5.568246136062822e-15,300000000000000.0,50,52000000000000.0
884000.0,8374725100000.0,2.357434e+31,4.4995952375078545,8.100271544441762e-15,0.0006728396299613871,3.1816843310660325,5.727772301127e-15,3.084432309159478,5.552695996327335e-15,300000000000000.0,50,52000000000000.0
885000.0,8363168000000.0,2.3473479e+31,4.499854329621988,8.077587006707141e-15,0.0006728008643465563,3.1818675373485275,5.711731866043831e-15,3.0846099155198266,5.537145856591847e-15,300000000000000.0,50,52000000000000.0
886000.0,8351635900000.0,2.3373221e+31,4.500113421736121,8.054902468972522e-15,0.0006727620987317256,3.182050743631022,5.695691430960662e-15,3.084787521880175,5.521595716856359e-15,300000000000000.0,50,52000000000000.0
887000.0,8340130500000.0,2.3273437e+31,4.500372513850254,8.032217931237901e-15,0.0006727233331168948,3.1822339499135164,5.679650995877493e-15,3.0849651282405235,5.506045577120872e-15,300000000000000.0,50,52000000000000.0
888000.0,8328645600000.0,2.3174184e+31,4.500631605964387,8.009533393503282e-15,0.000672684567502064,3.182417156196011,5.663610560794324e-15,3.085142734600872,5.490495437385384e-15,300000000000000.0,50,52000000000000.0
889000.0,8317183800000.0,2.3075437e+31,4.50089069807852,7.98684885576866e-15,0.0006726458018872333,3.1826003624785058,5.647570125711155e-15,3.0853203409612204,5.474945297649897e-15,300000000000000.0,50,52000000000000.0
890000.0,8305742700000.0,2.2977114e+31,4.501149790192653,7.96416431803404e-15,0.0006726070362724025,3.182783568761,5.6315296906279864e-15,3.085497947321569,5.459395157914409e-15,300000000000000.0,50,52000000000000.0
891000.0,8294319500000.0,2.2879346e+31,4.501408882306787,7.94147978029942e-15,0.0006725682706575718,3.1829667750434947,5.6154892555448175e-15,3.0856755536819174,5.443845018178921e-15,300000000000000.0,50,52000000000000.0
892000.0,8282917300000.0,2.2782018e+31,4.50166797442092,7.9187952425648e-15,0.000672529505042741,3.183149981325989,5.599448820461649e-15,3.085853160042266,5.428294878443434e-15,300000000000000.0,50,52000000000000.0
893000.0,8271531200000.0,2.268517e+31,4.501927066535053,7.896110704830179e-15,0.0006724907394279103,3.1833331876084836,5.58340838537848e-15,3.0860307664026143,5.4127447387079464e-15,300000000000000.0,50,52000000000000.0
894000.0,8260161400000.0,2.2601541e+31,4.502178024303904,7.87428388490322e-15,0.0006724532396147563,3.1835106420242676,5.567974450150288e-15,3.086202796709032,5.397782560423876e-15,300000000000000.0,50,52000000000000.0
895000.0,8248818200000.0,2.2505635e+31,4.50242688968453,7.852677694735406e-15,0.0006724160654023028,3.183686616894033,5.552696524177973e-15,3.08637339269355,5.382971622783587e-15,300000000000000.0,50,52000000000000.0
896000.0,8237499800000.0,2.2410106e+31,4.502675755065157,7.831071504567592e-15,0.0006723788911898495,3.183862591763799,5.537418598205659e-15,3.0865439886780677,5.368160685143298e-15,300000000000000.0,50,52000000000000.0
897000.0,8226207600000.0,2.2315087e+31,4.502924620445784,7.809465314399779e-15,0.0006723417169773961,3.184038566633564,5.522140672233344e-15,3.0867145846625856,5.35334974750301e-15,300000000000000.0,50,52000000000000.0
898000.0,8214940300000.0,2.2220509e+31,4.5031734858264105,7.787859124231965e-15,0.0006723045427649427,3.18421454150333,5.50686274626103e-15,3.086885180647103,5.338538809862721e-15,300000000000000.0,50,52000000000000.0
899000.0,8203693800000.0,2.2126455e+31,4.503422351207036,7.766252934064154e-15,0.0006722673685524894,3.1843905163730954,5.491584820288714e-15,3.087055776631621,5.3237278722224324e-15,300000000000000.0,50,52000000000000.0
900000.0,8192470900000.0,2.2032864e+31,4.503671216587663,7.74464674389634e-15,0.0006722301943400359,3.184566491242861,5.4763068943164e-15,3.0872263726161386,5.3089169345821436e-15,300000000000000.0,50,52000000000000.0
901000.0,8181268000000.0,2.1939705e+31,4.50392008196829,7.723040553728527e-15,0.0006721930201275825,3.1847424661126267,5.461028968344085e-15,3.0873969686006566,5.294105996941855e-15,300000000000000.0,50,52000000000000.0
902000.0,8170083300000.0,2.1847112e+31,4.504168947348917,7.701434363560713e-15,0.0006721558459151291,3.184918440982392,5.445751042371771e-15,3.0875675645851746,5.279295059301566e-15,300000000000000.0,50,52000000000000.0
903000.0,8158920200000.0,2.1754925e+31,4.504417812729543,7.6798281733929e-15,0.0006721186717026758,3.185094415852158,5.430473116399456e-15,3.087738160569692,5.264484121661277e-15,300000000000000.0,50,52000000000000.0
904000.0,8147773100000.0,2.1663251e+31,4.504666678110169,7.658221983225086e-15,0.0006720814974902223,3.1852703907219233,5.4151951904271416e-15,3.08790875655421,5.249673184020988e-15,300000000000000.0,50,52000000000000.0
905000.0,8136642800000.0,2.1572088e+31,4.504915543490796,7.636615793057273e-15,0.0006720443232777689,3.185446365591689,5.399917264454827e-15,3.0880793525387276,5.2348622463806995e-15,300000000000000.0,50,52000000000000.0
906000.0,8125531300000.0,2.1481369e+31,4.505164408871423,7.61500960288946e-15,0.0006720071490653156,3.1856223404614545,5.3846393384825124e-15,3.0882499485232455,5.220051308740411e-15,300000000000000.0,50,52000000000000.0
907000.0,8114437400000.0,2.1403621e+31,4.505413274252049,7.593403412721646e-15,0.0006719699748528622,3.18579831533122,5.369361412510198e-15,3.0884205445077635,5.205240371100123e-15,300000000000000.0,50,52000000000000.0
908000.0,8103370000000.0,2.1313762e+31,4.505659493154605,7.572072668366151e-15,0.0006719332112732866,3.1859724188532033,5.354278256708007e-15,3.0885893263445126,5.190618250243515e-15,300000000000000.0,50,52000000000000.0
909000.0,8092329300000.0,2.1224269e+31,4.505898459515119,7.551496769612984e-15,0.0006718975730127688,3.1861413940392995,5.339728858907601e-15,3.0887531365991796,5.176513572428095e-15,300000000000000.0,50,52000000000000.0
910000.0,8081310000000.0,2.1135329e+31,4.506137425875633,7.530920870859815e-15,0.000671861934752251,3.186310369225396,5.325179461107195e-15,3.0889169468538467,5.162408894612675e-15,300000000000000.0,50,52000000000000.0
911000.0,8070314400000.0,2.1046809e+31,4.506376392236147,7.510344972106647e-15,0.0006718262964917332,3.186479344411492,5.310630063306788e-15,3.0890807571085137,5.148304216797255e-15,300000000000000.0,50,52000000000000.0
912000.0,8059340800000.0,2.0958725e+31,4.506615358596662,7.48976907335348e-15,0.0006717906582312154,3.1866483195975883,5.296080665506382e-15,3.0892445673631808,5.134199538981835e-15,300000000000000.0,50,52000000000000.0
913000.0,8048385900000.0,2.0871121e+31,4.5068543249571755,7.469193174600312e-15,0.0006717550199706975,3.1868172947836846,5.281531267705976e-15,3.089408377617848,5.120094861166415e-15,300000000000000.0,50,52000000000000.0
914000.0,8037452600000.0,2.0783962e+31,4.50709329131769,7.448617275847143e-15,0.0006717193817101797,3.186986269969781,5.266981869905569e-15,3.089572187872515,5.105990183350995e-15,300000000000000.0,50,52000000000000.0
915000.0,8026537800000.0,2.0697211e+31,4.507332257678204,7.428041377093976e-15,0.0006716837434496619,3.187155245155877,5.252432472105163e-15,3.089735998127182,5.091885505535575e-15,300000000000000.0,50,52000000000000.0
916000.0,8015639600000.0,2.0611004e+31,4.507571224038719,7.407465478340808e-15,0.0006716481051891441,3.1873242203419734,5.237883074304757e-15,3.089899808381849,5.077780827720155e-15,300000000000000.0,50,52000000000000.0
917000.0,8004761300000.0,2.0525174e+31,4.507810190399233,7.386889579587641e-15,0.0006716124669286263,3.1874931955280696,5.223333676504351e-15,3.090063618636516,5.063676149904735e-15,300000000000000.0,50,52000000000000.0
918000.0,7993898600000.0,2.043982e+31,4.508049156759747,7.366313680834472e-15,0.0006715768286681085,3.187662170714166,5.208784278703944e-15,3.090227428891183,5.049571472089315e-15,300000000000000.0,50,52000000000000.0
919000.0,7983051100000.0,2.035496e+31,4.508288123120262,7.345737782081304e-15,0.0006715411904075907,3.187831145900262,5.194234880903538e-15,3.09039123914585,5.035466794273895e-15,300000000000000.0,50,52000000000000.0
920000.0,7972221900000.0,2.028277e+31,4.508527089480776,7.325161883328137e-15,0.0006715055521470729,3.1880001210863584,5.179685483103132e-15,3.090555049400517,5.021362116458475e-15,300000000000000.0,50,52000000000000.0
921000.0,7961413400000.0,2.0198685e+31,4.50876605584129,7.304585984574968e-15,0.000671469913886555,3.1881690962724547,5.165136085302726e-15,3.0907188596551842,5.007257438643055e-15,300000000000000.0,50,52000000000000.0
922000.0,7950628800000.0,2.011501e+31,4.509005022201804,7.2840100858218e-15,0.0006714342756260372,3.188338071458551,5.1505866875023194e-15,3.0908826699098513,4.993152760827635e-15,300000000000000.0,50,52000000000000.0
923000.0,7939870300000.0,2.00317e+31,4.509239169713762,7.263927188107359e-15,0.0006713993829524128,3.188503639194726,5.136385895093299e-15,3.0910431768674353,4.979386032857073e-15,300000000000000.0,50,52000000000000.0
924000.0,7929132200000.0,1.9948847e+31,4.509468555758289,7.244331420951512e-15,0.0006713652269874995,3.1886658400556747,5.122529557007283e-15,3.091200419862417,4.965953230545427e-15,300000000000000.0,50,52000000000000.0
925000.0,7918414800000.0,1.9866448e+31,4.509697941802816,7.224735653795663e-15,0.0006713310710225862,3.1888280409166234,5.1086732189212655e-15,3.0913576628573987,4.952520428233779e-15,300000000000000.0,50,52000000000000.0
926000.0,7907720600000.0,1.9784389e+31,4.509927327847343,7.205139886639816e-15,0.0006712969150576729,3.188990241777572,5.094816880835248e-15,3.0915149058523803,4.939087625922133e-15,300000000000000.0,50,52000000000000.0
927000.0,7897044200000.0,1.9702772e+31,4.51015671389187,7.185544119483968e-15,0.0006712627590927596,3.1891524426385214,5.080960542749231e-15,3.091672148847362,4.925654823610486e-15,300000000000000.0,50,52000000000000.0
928000.0,7886386400000.0,1.9621597e+31,4.5103860999363965,7.165948352328121e-15,0.0006712286031278463,3.18931464349947,5.067104204663215e-15,3.0918293918423436,4.9122220212988386e-15,300000000000000.0,50,52000000000000.0
929000.0,7875749600000.0,1.9540766e+31,4.5106154859809235,7.146352585172272e-15,0.0006711944471629329,3.189476844360419,5.0532478665771974e-15,3.0919866348373253,4.898789218987192e-15,300000000000000.0,50,52000000000000.0
930000.0,7865128700000.0,1.9460381e+31,4.510844872025451,7.126756818016425e-15,0.0006711602911980197,3.189639045221368,5.03939152849118e-15,3.092143877832307,4.885356416675545e-15,300000000000000.0,50,52000000000000.0
931000.0,7854524700000.0,1.9380435e+31,4.511074258069978,7.107161050860577e-15,0.0006711261352331064,3.189801246082317,5.025535190405163e-15,3.092301120827289,4.871923614363899e-15,300000000000000.0,50,52000000000000.0
932000.0,7843940000000.0,1.9300832e+31,4.511303644114505,7.08756528370473e-15,0.0006710919792681931,3.1899634469432656,5.0116788523191466e-15,3.0924583638222707,4.858490812052251e-15,300000000000000.0,50,52000000000000.0
933000.0,7833369600000.0,1.9221676e+31,4.511533030159032,7.067969516548882e-15,0.0006710578233032798,3.190125647804215,4.997822514233129e-15,3.0926156068172523,4.845058009740605e-15,300000000000000.0,50,52000000000000.0
934000.0,7822814500000.0,1.9142952e+31,4.511762416203559,7.0483737493930345e-15,0.0006710236673383664,3.1902878486651636,4.983966176147112e-15,3.092772849812234,4.831625207428958e-15,300000000000000.0,50,52000000000000.0
935000.0,7812277300000.0,1.9064564e+31,4.511991802248086,7.028777982237187e-15,0.0006709895113734531,3.1904500495261123,4.970109838061095e-15,3.0929300928072156,4.8181924051173106e-15,300000000000000.0,50,52000000000000.0
936000.0,7801758000000.0,1.8998565e+31,4.512221188292613,7.009182215081339e-15,0.0006709553554085398,3.190612250387061,4.956253499975078e-15,3.0930873358021973,4.804759602805664e-15,300000000000000.0,50,52000000000000.0
937000.0,7791262000000.0,1.8920908e+31,4.51245057433714,6.989586447925491e-15,0.0006709211994436265,3.1907744512480103,4.942397161889061e-15,3.093244578797179,4.791326800494017e-15,300000000000000.0,50,52000000000000.0
938000.0,7780791500000.0,1.884356e+31,4.512675338124122,6.970459911729199e-15,0.0006708877566638365,3.1909333836702833,4.928872621157349e-15,3.093398653257276,4.778215653748188e-15,300000000000000.0,50,52000000000000.0
939000.0,7770340900000.0,1.8766632e+31,4.512895451808394,6.951805433209588e-15,0.0006708550313655031,3.1910890279643196,4.9156818765765794e-15,3.0935495400947626,4.765428100269171e-15,300000000000000.0,50,52000000000000.0
940000.0,7759910500000.0,1.8690116e+31,4.513115565492665,6.933150954689978e-15,0.0006708223060671696,3.191244672258356,4.9024911319958105e-15,3.0937004269322492,4.752640546790155e-15,300000000000000.0,50,52000000000000.0
941000.0,7749503100000.0,1.8613889e+31,4.513335679176936,6.914496476170367e-15,0.0006707895807688362,3.1914003165523925,4.889300387415041e-15,3.093851313769736,4.739852993311137e-15,300000000000000.0,50,52000000000000.0
942000.0,7739113600000.0,1.8538055e+31,4.513555792861207,6.8958419976507565e-15,0.0006707568554705028,3.191555960846429,4.876109642834271e-15,3.0940022006072225,4.727065439832121e-15,300000000000000.0,50,52000000000000.0
943000.0,7728742300000.0,1.8462629e+31,4.5137759065454786,6.877187519131146e-15,0.0006707241301721693,3.191711605140465,4.862918898253502e-15,3.094153087444709,4.714277886353104e-15,300000000000000.0,50,52000000000000.0
944000.0,7718392100000.0,1.8387497e+31,4.513996020229749,6.858533040611535e-15,0.0006706914048738359,3.1918672494345013,4.8497281536727324e-15,3.094303974282196,4.701490332874087e-15,300000000000000.0,50,52000000000000.0
945000.0,7708058500000.0,1.8312754e+31,4.5142161339140205,6.839878562091925e-15,0.0006706586795755025,3.192022893728538,4.836537409091963e-15,3.0944548611196825,4.68870277939507e-15,300000000000000.0,50,52000000000000.0
946000.0,7697741400000.0,1.8238431e+31,4.514436247598292,6.821224083572314e-15,0.000670625954277169,3.1921785380225742,4.823346664511194e-15,3.094605747957169,4.6759152259160534e-15,300000000000000.0,50,52000000000000.0
947000.0,7687443600000.0,1.8164408e+31,4.5146563612825625,6.8025696050527035e-15,0.0006705932289788356,3.1923341823166105,4.810155919930424e-15,3.094756634794656,4.663127672437036e-15,300000000000000.0,50,52000000000000.0
948000.0,7677161700000.0,1.809076e+31,4.514876474966834,6.783915126533093e-15,0.0006705605036805021,3.192489826610647,4.796965175349654e-15,3.0949075216321424,4.650340118958019e-15,300000000000000.0,50,52000000000000.0
949000.0,7666894600000.0,1.8017524e+31,4.515096588651105,6.765260648013482e-15,0.0006705277783821687,3.1926454709046834,4.783774430768885e-15,3.0950584084696295,4.637552565479003e-15,300000000000000.0,50,52000000000000.0
950000.0,7656645200000.0,1.7944595e+31,4.515316702335376,6.746606169493872e-15,0.0006704950530838353,3.1928011151987197,4.770583686188116e-15,3.095209295307116,4.624765011999985e-15,300000000000000.0,50,52000000000000.0
951000.0,7646411300000.0,1.7872033e+31,4.515536816019647,6.727951690974261e-15,0.0006704623277855018,3.192956759492756,4.757392941607346e-15,3.095360182144603,4.611977458520969e-15,300000000000000.0,50,52000000000000.0
952000.0,7636190900000.0,1.7799891e+31,4.515756929703919,6.7092972124546504e-15,0.0006704296024871684,3.1931124037867926,4.744202197026577e-15,3.0955110689820895,4.599189905041952e-15,300000000000000.0,50,52000000000000.0
953000.0,7625990800000.0,1.7739693e+31,4.515974801179258,6.69086917629094e-15,0.0006703972222117229,3.1932664625953224,4.7311715718329235e-15,3.095660418796357,4.586557576706818e-15,300000000000000.0,50,52000000000000.0
954000.0,7615814900000.0,1.766809e+31,4.516185944332631,6.6731206383913625e-15,0.0006703658772657874,3.193415763748665,4.718621425855126e-15,3.0958051563789355,4.5743910411576624e-15,300000000000000.0,50,52000000000000.0
955000.0,7605659000000.0,1.7596888e+31,4.516397087486005,6.655372100491785e-15,0.000670334532319852,3.1935650649020073,4.706071279877328e-15,3.0959498939615147,4.562224505608507e-15,300000000000000.0,50,52000000000000.0
956000.0,7595524100000.0,1.7526023e+31,4.516608230639378,6.6376235625922065e-15,0.0006703031873739165,3.19371436605535,4.693521133899531e-15,3.096094631544094,4.550057970059351e-15,300000000000000.0,50,52000000000000.0
957000.0,7585412100000.0,1.7455442e+31,4.516819373792752,6.619875024692629e-15,0.0006702718424279812,3.193863667208692,4.680970987921734e-15,3.0962393691266725,4.537891434510195e-15,300000000000000.0,50,52000000000000.0
958000.0,7575317800000.0,1.7385248e+31,4.517030516946126,6.6021264867930506e-15,0.0006702404974820457,3.194012968362035,4.668420841943936e-15,3.0963841067092517,4.52572489896104e-15,300000000000000.0,50,52000000000000.0
959000.0,7565242000000.0,1.7316249e+31,4.5172416600995,6.584377948893473e-15,0.0006702091525361103,3.194162269515377,4.655870695966139e-15,3.096528844291831,4.513558363411884e-15,300000000000000.0,50,52000000000000.0
960000.0,7555187300000.0,1.7248193e+31,4.517452803252874,6.5666294109938954e-15,0.0006701778075901748,3.1943115706687193,4.643320549988341e-15,3.09667358187441,4.501391827862729e-15,300000000000000.0,50,52000000000000.0
961000.0,7545149600000.0,1.7180758e+31,4.517663946406247,6.548880873094317e-15,0.0006701464626442395,3.194460871822062,4.630770404010544e-15,3.0968183194569887,4.489225292313573e-15,300000000000000.0,50,52000000000000.0
962000.0,7535128200000.0,1.7113925e+31,4.517875089559621,6.5311323351947394e-15,0.000670115117698304,3.194610172975404,4.618220258032746e-15,3.096963057039568,4.477058756764417e-15,300000000000000.0,50,52000000000000.0
963000.0,7525125300000.0,1.7047604e+31,4.518086232712995,6.513383797295161e-15,0.0006700837727523686,3.194759474128747,4.605670112054949e-15,3.097107794622147,4.464892221215262e-15,300000000000000.0,50,52000000000000.0
964000.0,7515140200000.0,1.6981813e+31,4.518297375866369,6.4956352593955835e-15,0.0006700524278064332,3.194908775282089,4.593119966077152e-15,3.0972525322047257,4.452725685666106e-15,300000000000000.0,50,52000000000000.0
965000.0,7505169800000.0,1.6916535e+31,4.5185085190197425,6.477886721496005e-15,0.0006700210828604978,3.1950580764354317,4.580569820099354e-15,3.097397269787305,4.440559150116951e-15,300000000000000.0,50,52000000000000.0
966000.0,7495215400000.0,1.6851708e+31,4.518719662173116,6.4601381835964275e-15,0.0006699897379145624,3.195207377588774,4.5680196741215565e-15,3.097542007369884,4.428392614567795e-15,300000000000000.0,50,52000000000000.0
967000.0,7485279400000.0,1.6787318e+31,4.51893080532649,6.44238964569685e-15,0.0006699583929686269,3.1953566787421166,4.555469528143759e-15,3.0976867449524628,4.416226079018639e-15,300000000000000.0,50,52000000000000.0
968000.0,7475357200000.0,1.6723362e+31,4.519141948479863,6.4246411077972716e-15,0.0006699270480226916,3.195505979895459,4.542919382165961e-15,3.097831482535042,4.404059543469484e-15,300000000000000.0,50,52000000000000.0
969000.0,7465449300000.0,1.6659826e+31,4.519346556967741,6.407537508177882e-15,0.0006698967059615272,3.195650660329824,4.530825277730828e-15,3.0979717406365217,4.392335110000233e-15,300000000000000.0,50,52000000000000.0
970000.0,7455558300000.0,1.6596647e+31,4.519549026416607,6.39064502083994e-15,0.0006698666921818412,3.195793828231044,4.518880452650734e-15,3.098110532437266,4.380755392981516e-15,300000000000000.0,50,52000000000000.0
971000.0,7445682000000.0,1.6533853e+31,4.5197514958654725,6.373752533501999e-15,0.0006698366784021551,3.195936996132264,4.50693562757064e-15,3.0982493242380102,4.3691756759628e-15,300000000000000.0,50,52000000000000.0
972000.0,7435818900000.0,1.6482329e+31,4.519953965314339,6.356860046164058e-15,0.0006698066646224692,3.196080164033484,4.494990802490547e-15,3.0983881160387545,4.357595958944083e-15,300000000000000.0,50,52000000000000.0
973000.0,7425976500000.0,1.6420205e+31,4.520156434763204,6.3399675588261166e-15,0.0006697766508427832,3.196223331934704,4.483045977410453e-15,3.098526907839499,4.346016241925366e-15,300000000000000.0,50,52000000000000.0
974000.0,7416157500000.0,1.6358395e+31,4.52035890421207,6.323075071488176e-15,0.0006697466370630972,3.196366499835924,4.471101152330359e-15,3.098665699640243,4.3344365249066495e-15,300000000000000.0,50,52000000000000.0
975000.0,7406356900000.0,1.6296936e+31,4.520561373660937,6.306182584150235e-15,0.0006697166232834111,3.196509667737144,4.4591563272502655e-15,3.0988044914409874,4.322856807887933e-15,300000000000000.0,50,52000000000000.0
976000.0,7396575500000.0,1.6236237e+31,4.520763843109802,6.289290096812294e-15,0.0006696866095037251,3.196652835638364,4.4472115021701726e-15,3.0989432832417316,4.3112770908692165e-15,300000000000000.0,50,52000000000000.0
977000.0,7386815700000.0,1.6176543e+31,4.520966312558668,6.272397609474352e-15,0.0006696565957240391,3.196796003539584,4.435266677090079e-15,3.099082075042476,4.2996973738505e-15,300000000000000.0,50,52000000000000.0
978000.0,7377073300000.0,1.6117353e+31,4.521168782007534,6.255505122136411e-15,0.0006696265819443532,3.1969391714408046,4.423321852009985e-15,3.09922086684322,4.288117656831783e-15,300000000000000.0,50,52000000000000.0
979000.0,7367347700000.0,1.605864e+31,4.5213712514564,6.238612634798471e-15,0.0006695965681646672,3.1970823393420247,4.4113770269298915e-15,3.0993596586439645,4.276537939813066e-15,300000000000000.0,50,52000000000000.0
980000.0,7357641600000.0,1.60004e+31,4.521573720905266,6.221720147460529e-15,0.0006695665543849811,3.1972255072432447,4.399432201849798e-15,3.0994984504447087,4.26495822279435e-15,300000000000000.0,50,52000000000000.0
981000.0,7347952900000.0,1.5942591e+31,4.521776190354132,6.204827660122588e-15,0.0006695365406052951,3.1973686751444648,4.387487376769704e-15,3.099637242245453,4.253378505775633e-15,300000000000000.0,50,52000000000000.0
982000.0,7338279400000.0,1.5885175e+31,4.521978659802998,6.187935172784647e-15,0.0006695065268256091,3.197511843045685,4.37554255168961e-15,3.0997760340461973,4.241798788756916e-15,300000000000000.0,50,52000000000000.0
983000.0,7328623200000.0,1.5828155e+31,4.522181129251863,6.1710426854467056e-15,0.0006694765130459231,3.197655010946905,4.3635977266095174e-15,3.0999148258469416,4.2302190717381995e-15,300000000000000.0,50,52000000000000.0
984000.0,7318984800000.0,1.5771536e+31,4.522383558679087,6.154154119600044e-15,0.0006694465053925222,3.197798150548472,4.351655674450441e-15,3.1000535902130464,4.218642042882807e-15,300000000000000.0,50,52000000000000.0
985000.0,7309360300000.0,1.5715233e+31,4.522577638501014,6.1380836836939105e-15,0.0006694177758491249,3.197935386071336,4.340292129177062e-15,3.1001866309657715,4.207625838148646e-15,300000000000000.0,50,52000000000000.0
986000.0,7299751200000.0,1.5659269e+31,4.522771718322941,6.122013247787777e-15,0.0006693890463057276,3.1980726215941995,4.328928583903682e-15,3.1003196717184967,4.196609633414485e-15,300000000000000.0,50,52000000000000.0
987000.0,7290159600000.0,1.5603664e+31,4.5229657981448685,6.105942811881645e-15,0.0006693603167623304,3.198209857117063,4.317565038630304e-15,3.100452712471222,4.1855934286803245e-15,300000000000000.0,50,52000000000000.0
988000.0,7280581300000.0,1.5548328e+31,4.523159877966796,6.089872375975512e-15,0.0006693315872189331,3.198347092639927,4.306201493356924e-15,3.100585753223947,4.174577223946164e-15,300000000000000.0,50,52000000000000.0
989000.0,7271016900000.0,1.5493287e+31,4.523353957788723,6.0738019400693786e-15,0.0006693028576755358,3.1984843281627904,4.294837948083546e-15,3.100718793976672,4.163561019212003e-15,300000000000000.0,50,52000000000000.0
990000.0,7261469300000.0,1.5438568e+31,4.5235480376106505,6.057731504163246e-15,0.0006692741281321386,3.1986215636856543,4.2834744028101665e-15,3.1008518347293976,4.152544814477842e-15,300000000000000.0,50,52000000000000.0
991000.0,7251934600000.0,1.5384096e+31,4.523742117432578,6.041661068257113e-15,0.0006692453985887413,3.198758799208518,4.272110857536787e-15,3.1009848754821228,4.141528609743681e-15,300000000000000.0,50,52000000000000.0
992000.0,7242412800000.0,1.5329887e+31,4.523936197254504,6.02559063235098e-15,0.000669216669045344,3.1988960347313817,4.2607473122634085e-15,3.101117916234848,4.13051240500952e-15,300000000000000.0,50,52000000000000.0
993000.0,7232907900000.0,1.5286128e+31,4.524130277076432,6.0095201964448475e-15,0.0006691879395019467,3.199033270254245,4.249383766990029e-15,3.101250956987573,4.119496200275359e-15,300000000000000.0,50,52000000000000.0
994000.0,7223423500000.0,1.523244e+31,4.524324356898359,5.993449760538714e-15,0.0006691592099585496,3.1991705057771087,4.238020221716651e-15,3.101383997740298,4.108479995541198e-15,300000000000000.0,50,52000000000000.0
995000.0,7213957600000.0,1.5178987e+31,4.524518436720286,5.977379324632581e-15,0.0006691304804151523,3.1993077412999726,4.226656676443271e-15,3.1015170384930233,4.097463790807037e-15,300000000000000.0,50,52000000000000.0
996000.0,7204512300000.0,1.512582e+31,4.5247125165422135,5.961308888726449e-15,0.000669101750871755,3.199444976822836,4.215293131169892e-15,3.1016500792457484,4.0864475860728765e-15,300000000000000.0,50,52000000000000.0
997000.0,7195086900000.0,1.5072923e+31,4.524906596364141,5.945238452820316e-15,0.0006690730213283578,3.1995822123457,4.203929585896513e-15,3.101783119998474,4.075431381338716e-15,300000000000000.0,50,52000000000000.0
998000.0,7185678200000.0,1.5020241e+31,4.525100676186068,5.9291680169141825e-15,0.0006690442917849605,3.1997194478685635,4.192566040623134e-15,3.101916160751199,4.064415176604555e-15,300000000000000.0,50,52000000000000.0
999000.0,7176287600000.0,1.4967812e+31,4.5252947560079955,5.91309758100805e-15,0.0006690155622415632,3.1998566833914275,4.1812024953497554e-15,3.1020492015039243,4.053398971870394e-15,300000000000000.0,50,52000000000000.0
1000000.0,7166916500000.0,1.4915655e+31,4.525488835829923,5.897027145101917e-15,0.000668986832698166,3.199993918914291,4.169838950076376e-15,3.1021822422566494,4.042382767136233e-15,300000000000000.0,50,52000000000000.0
2000000.0,,1.4915655E+29,,,,,,,,,,