t[yr],B[G],L[erg/s],P_fill[s],Pdot_fill[s/s],chi[rad],P_vac[s],Pdot_vac[s/s],P_vacObs[s],Pdot_vacObs[s/s],bpol,etor,btorAvg
0.0,3000000000000000.0,2.1122362e+37,0.001,8.178706812426018e-06,1.0471975511965976,0.001,2.336773374978862e-06,0.001,2.196103996343621e-06,300000000000000.0,50,52000000000000.0
1.0,2992068900000000.0,1.7410702e+36,0.7608260502918365,8.801788303527459e-09,-102.94759714327645,0.3837162906397467,6.0609844141749595e-09,0.3709041016408567,5.892887418830759e-09,300000000000000.0,50,52000000000000.0
2.0,2984794400000000.0,1.7293886e+36,0.9935106963280629,6.281864855275053e-09,-103.04126750849015,0.5423689473921902,4.2672130181315545e-09,0.5250269902762428,4.1427989080543245e-09,300000000000000.0,50,52000000000000.0
3.0,2977647400000000.0,1.7576754e+36,1.1716991273789084,5.086616592950899e-09,-103.09972532610045,0.6636169008404306,3.4708662577189563e-09,0.6427095789602884,3.368037115118586e-09,300000000000000.0,50,52000000000000.0
4.0,2970739000000000.0,1.8166523e+36,1.320518613650116,4.362266281085116e-09,-103.14173568925878,0.7654550684388073,2.9951641250055064e-09,0.7415185202061318,2.9057259481644494e-09,300000000000000.0,50,52000000000000.0
5.0,2964039000000000.0,1.8894034e+36,1.4503924135841515,3.866205210061112e-09,-103.17421029634173,0.8548655279766306,2.669821051310699e-09,0.8282529305059072,2.58972291544691e-09,300000000000000.0,50,52000000000000.0
6.0,2957542000000000.0,1.9590047e+36,1.566796813455281,3.500421113598151e-09,-103.20047557283404,0.9354320066220722,2.4291779666605415e-09,0.906398704888072,2.356072222490925e-09,300000000000000.0,50,52000000000000.0
7.0,2951197800000000.0,2.0242585e+36,1.673006624740621,3.2169358238809514e-09,-103.222384824972,1.0092785120253722,2.241799548133046e-09,0.9780205088257699,2.1741833183663166e-09,300000000000000.0,50,52000000000000.0
8.0,2945004200000000.0,2.1070855e+36,1.7711744286506914,2.989189793490866e-09,-103.2410822966478,1.0777977327274777,2.0904829547772854e-09,1.0444715165910237,2.027326102235509e-09,300000000000000.0,50,52000000000000.0
9.0,2938951400000000.0,2.1623754e+36,1.8628016219207966,2.80114709955546e-09,-103.25732236233694,1.1419618181363196,1.9648979887641955e-09,1.1066959913485646,1.9054588077466517e-09,300000000000000.0,50,52000000000000.0
10.0,2932986700000000.0,2.2101791e+36,1.9489455380510514,2.642653708291473e-09,-103.27161510150586,1.2024561884374882,1.8585170134845951e-09,1.1653595515435824,1.8022381452871436e-09,300000000000000.0,50,52000000000000.0
20.0,2877360100000000.0,2.495681e+36,2.6281891710356864,1.7924781871411567e-09,-103.3589885714102,1.6837092216601712,1.2774444563063469e-09,1.632000955097573,1.238582725094992e-09,300000000000000.0,50,52000000000000.0
30.0,2825940200000000.0,2.5756375e+36,3.130990680333687,1.4187880330997422e-09,-103.40364725696266,2.0428891316096247,1.015553853960824e-09,1.9802452420663514,9.846119162305672e-10,300000000000000.0,50,52000000000000.0
40.0,2777288200000000.0,2.5719327e+36,3.5427106164785025,1.195396750590974e-09,-103.43211267330223,2.3378636313701007,8.571241052553098e-10,2.2662289710007455,8.30989249687922e-10,300000000000000.0,50,52000000000000.0
50.0,2730799300000000.0,2.4876099e+36,3.8959676627366284,1.0419803902115562e-09,-103.45230519202515,2.5912479920973936,7.476286738511286e-10,2.5118855711789903,7.248220296850934e-10,300000000000000.0,50,52000000000000.0
60.0,2686080100000000.0,2.3966921e+36,4.2073818092599975,9.279224123930289e-10,-103.46757686288029,2.81471656858316,6.659295199239592e-10,2.7285361763604943,6.456089294076661e-10,300000000000000.0,50,52000000000000.0
70.0,2642998600000000.0,2.3689724e+36,4.486928239866844,8.386072775686744e-10,-103.47964318822258,3.0153355275791123,6.01818239552429e-10,2.9230327028487815,5.834499717551133e-10,300000000000000.0,50,52000000000000.0
80.0,2601607000000000.0,2.2575444e+36,4.740994312273935,7.663630943083345e-10,-103.48947103719081,3.197653662592964,5.498957062289559e-10,3.0997858389251296,5.331094362837538e-10,300000000000000.0,50,52000000000000.0
90.0,2562056000000000.0,2.2040728e+36,4.974249321259456,7.06421854681291e-10,-103.4976747608622,3.365009642581517,5.067841879968166e-10,3.2620327742472677,4.913119829642485e-10,300000000000000.0,50,52000000000000.0
100.0,2524196700000000.0,2.0934629e+36,5.190073037615204,6.557592286839256e-10,-103.50465301098079,3.519826198838237,4.703315036475056e-10,3.412122546512252,4.559707410898569e-10,300000000000000.0,50,52000000000000.0
200.0,2250294200000000.0,1.5553924e+36,6.793067107675842,3.9384676503225426e-10,-103.54323979463261,4.668354040478568,2.8186199379336723e-10,4.525572925218387,2.7325180768763026e-10,300000000000000.0,50,52000000000000.0
300.0,2075202100000000.0,1.2793656e+36,7.861253380803559,2.882982758011406e-10,-103.56051240041883,5.432278685896595,2.0602796063412508e-10,5.266159625052259,1.9973330730496205e-10,300000000000000.0,50,52000000000000.0
400.0,1948816000000000.0,9.2240204e+35,8.677909518579353,2.2975155761980994e-10,-103.57092234807435,6.015613631956313,1.6402718260538608e-10,5.8316715350968495,1.5901533633138862e-10,300000000000000.0,50,52000000000000.0
500.0,1849860600000000.0,7.1221754e+35,9.344574427996603,1.9198628264138715e-10,-103.57809874653964,6.491405671018277,1.369665909099539e-10,6.292925395281001,1.327813624311339e-10,300000000000000.0,50,52000000000000.0
600.0,1770112500000000.0,5.6012567e+35,9.910552779770732,1.65609051625045e-10,-103.58344674070725,6.895081006639882,1.1808281581362485e-10,6.684265590413858,1.1447448085674435e-10,300000000000000.0,50,52000000000000.0
700.0,1705735900000000.0,4.5096132e+35,10.404664786830612,1.4637760555886364e-10,-103.58764738940378,7.247321817321984,1.0432366149298146e-10,7.025742613121087,1.0113568937928719e-10,300000000000000.0,50,52000000000000.0
800.0,1653067400000000.0,3.7838089e+35,10.845475448881372,1.3177993596434102e-10,-103.59107676450311,7.561436750941851,9.388497767058807e-11,7.330258584035128,9.101593658474006e-11,300000000000000.0,50,52000000000000.0
900.0,1608761900000000.0,3.3498278e+35,11.245006577635237,1.2034236339202625e-10,-103.59395506623181,7.846038381283218,8.570939488448745e-11,7.606162978820216,8.309014886116587e-11,300000000000000.0,50,52000000000000.0
1000.0,1569342700000000.0,3.1249834e+35,11.611542930167627,1.1088812130311286e-10,-103.59642403610972,8.107059898344211,7.895441469542979e-11,7.859207731959888,7.65415651751878e-11,300000000000000.0,50,52000000000000.0
2000.0,1354756200000000.0,2.5734296e+35,14.344029705584592,6.680904185557634e-11,-103.61088823766408,10.05099338366803,4.749206260376996e-11,9.743732266915977,4.6040600900010415e-11,300000000000000.0,50,52000000000000.0
3000.0,1302343000000000.0,2.070139e+35,16.249082737146132,5.440217156835684e-11,-103.61811397928993,11.404671722196788,3.864098511229269e-11,11.056038601042449,3.7459997053120276e-11,300000000000000.0,50,52000000000000.0
4000.0,1298354100000000.0,1.5689388e+35,17.881586380282833,4.911513523622178e-11,-103.62308829469268,12.563898129903187,3.486634092489345e-11,12.179835146752765,3.380069850325051e-11,300000000000000.0,50,52000000000000.0
5000.0,1313020500000000.0,1.6020837e+35,19.38718985751773,4.632634407147071e-11,-103.62693755443279,13.632494400349346,3.2872695978048686e-11,13.215771020822991,3.186797387051241e-11,300000000000000.0,50,52000000000000.0
6000.0,1348295400000000.0,1.3352816e+35,20.833987888955438,4.541161817642408e-11,-103.63011541112093,14.658962067085215,3.221254529374322e-11,14.210865554181469,3.122799053893016e-11,300000000000000.0,50,52000000000000.0
7000.0,1374479800000000.0,6.9561607e+34,22.248117507689482,4.4166658602188543e-11,-103.63282337348062,15.661936046324591,3.132042524886739e-11,15.183184199878978,3.03631302084469e-11,300000000000000.0,50,52000000000000.0
8000.0,1388800600000000.0,5.7972359e+34,23.617213090403634,4.247091174919177e-11,-103.63513746671036,16.63271324430908,3.0110623965953645e-11,16.124289936481826,2.919030032405925e-11,300000000000000.0,50,52000000000000.0
9000.0,1389950900000000.0,5.006761e+34,24.926744850802248,4.031543971118825e-11,-103.6371135747197,17.56104968949063,2.8576661290426556e-11,17.02425194969847,2.7703218516250104e-11,300000000000000.0,50,52000000000000.0
10000.0,1379394200000000.0,4.5455242e+34,26.163807865770927,3.780929797046719e-11,-103.6387979401725,18.437848139640224,2.6795686598308495e-11,17.874251096653502,2.5976675866502983e-11,300000000000000.0,50,52000000000000.0
11000.0,1360227900000000.0,4.2885587e+34,27.321559736495747,3.521819864488957e-11,-103.64023625908347,19.258304390260243,2.4955791151568614e-11,18.669630049676332,2.419301438149436e-11,300000000000000.0,50,52000000000000.0
12000.0,1339351500000000.0,4.1910336e+34,28.401201995601365,3.2848254575576906e-11,-103.64147182149885,20.023306038667066,2.3273619522945644e-11,19.411249304305343,2.256225662451559e-11,300000000000000.0,50,52000000000000.0
13000.0,1318602600000000.0,3.9185774e+34,29.40995445477902,3.0747416702602105e-11,-103.6425437863167,20.737996427856075,2.1782879633579322e-11,20.104095016889527,2.111708001125378e-11,300000000000000.0,50,52000000000000.0
14000.0,1300146700000000.0,3.6833749e+34,30.35683392859941,2.8954778953484856e-11,-103.64348486979856,21.40878516136049,2.0511052059712177e-11,20.754380895222386,1.9884125001140776e-11,300000000000000.0,50,52000000000000.0
15000.0,1281165500000000.0,3.7633366e+34,31.249741142626224,2.7307420796690183e-11,-103.64432007631464,22.041285452610797,1.934256977737339e-11,21.367548594519583,1.8751356797620122e-11,300000000000000.0,50,52000000000000.0
16000.0,1260054700000000.0,3.50787e+34,32.09186014670979,2.573394407445381e-11,-103.64506499608777,22.63776488519773,1.8226768924291888e-11,21.945796397194027,1.766966003091804e-11,300000000000000.0,50,52000000000000.0
17000.0,1242983900000000.0,3.4338392e+34,32.88781096326806,2.4429488669952744e-11,-103.64573382964336,23.201505794570767,1.7301785428341154e-11,22.492306319466206,1.6772948390519738e-11,300000000000000.0,50,52000000000000.0
18000.0,1227201400000000.0,3.3830034e+34,33.64520653394941,2.3272429506548977e-11,-103.64634108663824,23.73790826254289,1.6481402217627548e-11,23.012313392621515,1.597764001592673e-11,300000000000000.0,50,52000000000000.0
19000.0,1213553500000000.0,3.3106448e+34,34.3676399030466,2.2284696940952355e-11,-103.64689480410235,24.249522117015445,1.5781105807445783e-11,23.50828951125554,1.5298748039200305e-11,300000000000000.0,50,52000000000000.0
20000.0,1202103900000000.0,3.2497564e+34,35.06089664969155,2.143084974341621e-11,-103.64740484192033,24.74045020466321,1.5175752359331814e-11,23.984212120022892,1.4711897126313837e-11,300000000000000.0,50,52000000000000.0
21000.0,1191703200000000.0,3.2047307e+34,35.72848344173241,2.0666702225805493e-11,-103.64787725879435,25.213179358318378,1.4634024651253305e-11,24.442492042666547,1.4186727264941956e-11,300000000000000.0,50,52000000000000.0
22000.0,1182000600000000.0,3.1630589e+34,36.37289793611442,1.9969789585959877e-11,-103.64831678537497,25.669481310739297,1.413999509162197e-11,24.884846859885464,1.3707797686211657e-11,300000000000000.0,50,52000000000000.0
23000.0,1172584600000000.0,3.1285172e+34,36.99614792036002,1.9320685087199573e-11,-103.64872735444757,26.11078047038255,1.3679892581843752e-11,25.312657443941553,1.3261758203245589e-11,300000000000000.0,50,52000000000000.0
24000.0,1163279100000000.0,3.0975084e+34,37.59939548653696,1.8709627280662776e-11,-103.6491116851394,26.537901747994397,1.324679482375334e-11,25.726723492965764,1.2841898095194394e-11,300000000000000.0,50,52000000000000.0
25000.0,1153989200000000.0,3.06826e+34,38.183678096227915,1.812949520845052e-11,-103.64947223274858,26.951581638314934,1.2835650920118988e-11,26.12775899145184,1.2443320842832831e-11,300000000000000.0,50,52000000000000.0
26000.0,1144501100000000.0,3.02898e+34,38.75025963005126,1.757234457025544e-11,-103.64981157413666,27.352716963096242,1.2440827801924378e-11,26.516633350394475,1.2060565550180456e-11,300000000000000.0,50,52000000000000.0
27000.0,1135149600000000.0,2.9982387e+34,39.299653027372024,1.704399322954301e-11,-103.65013123573814,27.741672213242037,1.2066438856380997e-11,26.893699920590556,1.1697619872470227e-11,300000000000000.0,50,52000000000000.0
28000.0,1125724800000000.0,2.9761106e+34,39.832456442288326,1.6537005731010095e-11,-103.6504326589574,28.118872072060324,1.1707214996840261e-11,27.2593704053314,1.1349375773097337e-11,300000000000000.0,50,52000000000000.0
29000.0,1115977500000000.0,2.9463773e+34,40.3496929301874,1.604449418322391e-11,-103.65071772144533,28.485042286136817,1.1358274440693241e-11,27.61434836910648,1.1011100681127029e-11,300000000000000.0,50,52000000000000.0
30000.0,1106273700000000.0,2.9203764e+34,40.851741849715005,1.5572260620318817e-11,-103.65098750925466,28.840452406254855,1.10237210658744e-11,27.95889512426315,1.0686773034348777e-11,300000000000000.0,50,52000000000000.0
31000.0,1096468300000000.0,2.8853996e+34,41.339144557042765,1.511798619754276e-11,-103.65124312629544,29.185486594622688,1.0701909868714018e-11,28.29338309134791,1.0374798107704731e-11,300000000000000.0,50,52000000000000.0
32000.0,1086932600000000.0,2.8917921e+34,41.812479984463685,1.4683530929680692e-11,-103.65148562361301,29.5205555382171,1.0394154374565792e-11,28.61821040487933,1.0076449275770645e-11,300000000000000.0,50,52000000000000.0
33000.0,1076246400000000.0,2.846248e+34,42.27216197505394,1.424944690708328e-11,-103.65171590072784,29.845952988818695,1.0086685188651505e-11,28.93366183834669,9.778378014024634e-12,300000000000000.0,50,52000000000000.0
34000.0,1067410500000000.0,2.8060847e+34,42.71863837438149,1.3862925267157188e-11,-103.65193481294402,30.16199670275901,9.812904733470527e-12,29.24004543603294,9.512965773117552e-12,300000000000000.0,50,52000000000000.0
35000.0,1058389300000000.0,2.7604371e+34,43.15332190669295,1.3492428844466877e-11,-103.6521436205474,30.469687362517785,9.550485959791765e-12,29.53833129416805,9.258567945281955e-12,300000000000000.0,50,52000000000000.0
36000.0,1049250700000000.0,2.7316847e+34,43.57660816681128,1.3131568604649104e-11,-103.65234297107415,30.769305529635144,9.294904635913437e-12,29.828791399011575,9.010798584410638e-12,300000000000000.0,50,52000000000000.0
37000.0,1040030300000000.0,2.7035572e+34,43.98806202673604,1.278177274174287e-11,-103.65253285712984,31.060543423914748,9.047171141572654e-12,30.1111273780374,8.770637186838162e-12,300000000000000.0,50,52000000000000.0
38000.0,1030942400000000.0,2.6875122e+34,44.38902392031675,1.2441664037517971e-11,-103.65271462002123,31.344350720404847,8.80630791899895e-12,30.386259879200434,8.537136073081034e-12,300000000000000.0,50,52000000000000.0
39000.0,1020674600000000.0,2.6341787e+34,44.77959603337402,1.2093824894368667e-11,-103.65288860704722,31.62080010873289,8.559985776626962e-12,30.65425937050832,8.298342902659468e-12,300000000000000.0,50,52000000000000.0
40000.0,1012109300000000.0,2.6141453e+34,45.1588630284668,1.1789778659910634e-11,-103.65305447949855,31.889243776373018,8.344672851390036e-12,30.9144978403893,8.089611134433637e-12,300000000000000.0,50,52000000000000.0
41000.0,1003414900000000.0,2.5854689e+34,45.52947087537091,1.1493796722642366e-11,-103.6532141079726,32.1515554184154,8.135077308342403e-12,31.16879171339297,7.88642199707519e-12,300000000000000.0,50,52000000000000.0
42000.0,994541040000000.0,2.5580548e+34,45.889937181028905,1.1204099569696004e-11,-103.65336663959857,32.4066855296025,7.929940613066038e-12,31.41612356310561,7.687555424792741e-12,300000000000000.0,50,52000000000000.0
43000.0,985949510000000.0,2.5251523e+34,46.24232241880335,1.092567111287871e-11,-103.65351368029715,32.65609339178925,7.732787567694252e-12,31.65790806771144,7.496428479788922e-12,300000000000000.0,50,52000000000000.0
44000.0,976358030000000.0,2.5353898e+34,46.58500254699907,1.0636781608734502e-11,-103.65365430103556,32.898629223712064,7.528239828566328e-12,31.89303058979862,7.298132870870274e-12,300000000000000.0,50,52000000000000.0
45000.0,966991760000000.0,2.4411839e+34,46.9193434879813,1.036158377272671e-11,-103.65378965458501,33.13526052374953,7.333389778179687e-12,32.12242905573721,7.109238536553708e-12,300000000000000.0,50,52000000000000.0
46000.0,958898620000000.0,2.4237551e+34,47.24510149276801,1.011537124118126e-11,-103.65391966066869,33.36581479306596,7.159061184796071e-12,32.34593623927518,6.9402384073459715e-12,300000000000000.0,50,52000000000000.0
47000.0,950820770000000.0,2.4117031e+34,47.562900563361865,9.878676826452723e-12,-103.6540446935969,33.59073382120564,6.991475492979669e-12,32.56398042636831,6.777775080605004e-12,300000000000000.0,50,52000000000000.0
48000.0,942586040000000.0,2.3898109e+34,47.87373911723084,9.646075787451064e-12,-103.65416546843177,33.81072463916621,6.826792292498566e-12,32.77724703722138,6.618125530911703e-12,300000000000000.0,50,52000000000000.0
49000.0,934485460000000.0,2.3653679e+34,48.17735436076833,9.420969215454515e-12,-103.65428193000602,34.025601314324774,6.667418543037207e-12,32.985555822431444,6.463623147108253e-12,300000000000000.0,50,52000000000000.0
50000.0,926603580000000.0,2.3461785e+34,48.47342712305986,9.205537081955157e-12,-103.65439397630827,34.23513798121365,6.5148970011798115e-12,33.18868782031601,6.3157635300554574e-12,300000000000000.0,50,52000000000000.0
51000.0,918568590000000.0,2.323488e+34,48.763027942558075,8.987415675211548e-12,-103.65450230306776,34.44009265660217,6.360476724599498e-12,33.387377878397054,6.166063217058949e-12,300000000000000.0,50,52000000000000.0
52000.0,909026070000000.0,2.3128902e+34,49.04599094971322,8.761558569166924e-12,-103.65460694244116,34.640348071626065,6.200586221041032e-12,33.58151231229614,6.011059881576318e-12,300000000000000.0,50,52000000000000.0
53000.0,901134300000000.0,2.2506168e+34,49.32205311762411,8.55783875065626e-12,-103.65470789077402,34.835718199073206,6.056366539376625e-12,33.77091078094582,5.87124837774038e-12,300000000000000.0,50,52000000000000.0
54000.0,894259810000000.0,2.2387653e+34,49.591487791107426,8.381008154421802e-12,-103.65480526598839,35.02639650552781,5.931180237761517e-12,33.95576083746673,5.749888483970901e-12,300000000000000.0,50,52000000000000.0
55000.0,887393740000000.0,2.3136689e+34,49.85525948388611,8.205532048016703e-12,-103.65489954380305,35.21306573955172,5.806955873342437e-12,34.13672436169393,5.6294611266474885e-12,300000000000000.0,50,52000000000000.0
56000.0,879259320000000.0,2.2561686e+34,50.11358894753493,8.022045931008237e-12,-103.65499092631876,35.39588228559582,5.6770660227978314e-12,34.3139529581298,5.503541455361466e-12,300000000000000.0,50,52000000000000.0
57000.0,872231560000000.0,2.1784375e+34,50.36626332995137,7.849896596224214e-12,-103.65507940696739,35.5746955994392,5.555202037556456e-12,34.48730068411561,5.385402333189624e-12,300000000000000.0,50,52000000000000.0
58000.0,865018300000000.0,2.2931317e+34,50.61360294353275,7.6829579207655e-12,-103.65516516542166,35.749732448000636,5.437028309287823e-12,34.65698737528166,5.270840673391478e-12,300000000000000.0,50,52000000000000.0
59000.0,857648660000000.0,2.1449019e+34,50.85574078078642,7.520421047143564e-12,-103.65524831089938,35.92108702903898,5.321972225984154e-12,34.823104350189354,5.159301366251946e-12,300000000000000.0,50,52000000000000.0
60000.0,851062070000000.0,2.1702717e+34,51.09280614135896,7.363601274895378e-12,-103.6553289474745,36.08885092214862,5.210964416124825e-12,34.985740389259654,5.0516865946677255e-12,300000000000000.0,50,52000000000000.0
61000.0,843393060000000.0,2.1057635e+34,51.32496421627289,7.2085085746263465e-12,-103.65540718814277,36.25314110208233,5.101181104074575e-12,35.14500889184396,4.945258894161662e-12,300000000000000.0,50,52000000000000.0
62000.0,837182010000000.0,2.0968887e+34,51.55226099864986,7.066417787433617e-12,-103.655483102361,36.41399018718483,5.0006008756292365e-12,35.300941479313,4.847752977753228e-12,300000000000000.0,50,52000000000000.0
63000.0,831114000000000.0,2.1353979e+34,51.77510432413804,6.932311214393682e-12,-103.65555687669986,36.571686852932196,4.905672689174945e-12,35.45381800354885,4.7557263445181205e-12,300000000000000.0,50,52000000000000.0
64000.0,824651540000000.0,2.0674677e+34,51.99374284136774,6.791605866046905e-12,-103.6556286400206,36.72640711848379,4.806076702670602e-12,35.60380910355601,4.659174587695053e-12,300000000000000.0,50,52000000000000.0
65000.0,816647490000000.0,2.0465196e+34,52.2079770573863,6.6489423175310044e-12,-103.65569837108508,36.878009870320916,4.705096802057942e-12,35.750777979107546,4.561281218248008e-12,300000000000000.0,50,52000000000000.0
66000.0,811025560000000.0,2.027524e+34,52.41774997688303,6.5210145943068435e-12,-103.65576609481813,37.02645483326146,4.614546338044665e-12,35.894685586097275,4.473498500968814e-12,300000000000000.0,50,52000000000000.0
67000.0,805239830000000.0,2.0172531e+34,52.623515959381734,6.4028340608416055e-12,-103.65583199890223,37.17206358737374,4.530894935642247e-12,36.0358436752315,4.39240396991424e-12,300000000000000.0,50,52000000000000.0
68000.0,799214500000000.0,2.0041481e+34,52.82561368102599,6.285285160770841e-12,-103.6558962294219,37.31507584427186,4.44769188419976e-12,36.17448463114369,4.311744086237658e-12,300000000000000.0,50,52000000000000.0
69000.0,793449410000000.0,1.9885759e+34,53.02407320528054,6.165809086055355e-12,-103.65595882989655,37.455512923239844,4.3631264452390305e-12,36.310629121496476,4.229763458330853e-12,300000000000000.0,50,52000000000000.0
70000.0,786301110000000.0,1.9897496e+34,53.218893464579445,6.0414931074245794e-12,-103.65601983303225,37.59337411294052,4.27513742281108e-12,36.444276456716835,4.144463892573387e-12,300000000000000.0,50,52000000000000.0
71000.0,780624190000000.0,1.9630183e+34,53.40986555968726,5.929779735754722e-12,-103.6560792050507,37.728511631782524,4.196067642348163e-12,36.57528337231469,4.067810944514901e-12,300000000000000.0,50,52000000000000.0
72000.0,775230530000000.0,1.9462724e+34,53.597081454399934,5.8276990796258256e-12,-103.65613696694594,37.860990544617245,4.123815442554006e-12,36.70371294436915,3.9977671920425236e-12,300000000000000.0,50,52000000000000.0
73000.0,770054960000000.0,1.9387123e+34,53.780906904731786,5.72885336297789e-12,-103.65619326663293,37.99106971714773,4.053853451200378e-12,36.82981612613589,3.9299436461901444e-12,300000000000000.0,50,52000000000000.0
74000.0,764403500000000.0,1.9231583e+34,53.961711211782855,5.6287070280036076e-12,-103.65624827561348,38.11901055493165,3.98297207670131e-12,36.953846333106796,3.861228819458812e-12,300000000000000.0,50,52000000000000.0
75000.0,759014100000000.0,1.911889e+34,54.139492664578796,5.529363344682658e-12,-103.65630201784505,38.244811880293184,3.91265959311354e-12,37.075802423618725,3.7930654954015345e-12,300000000000000.0,50,52000000000000.0
76000.0,753402540000000.0,1.8971542e+34,54.314299355773386,5.432413176535506e-12,-103.6563545310826,38.36850775586644,3.8440416746878565e-12,37.1957174191647,3.726544940961215e-12,300000000000000.0,50,52000000000000.0
77000.0,748113690000000.0,1.8999515e+34,54.486229407501945,5.338331385748352e-12,-103.65640586683672,38.49016764424932,3.777454283947523e-12,37.313658659167736,3.661992849624552e-12,300000000000000.0,50,52000000000000.0
78000.0,742850280000000.0,1.8722144e+34,54.65488627153306,5.247416534680596e-12,-103.65645587429383,38.60951089731119,3.713108766675797e-12,37.42935407374899,3.5996141072305402e-12,300000000000000.0,50,52000000000000.0
79000.0,737708940000000.0,1.8584141e+34,54.82047193581156,5.152173456526939e-12,-103.65650464790706,38.72668049079593,3.645701421655821e-12,37.54294226848707,3.534267125141102e-12,300000000000000.0,50,52000000000000.0
80000.0,730742470000000.0,1.8487176e+34,54.98329086621179,5.054280768650814e-12,-103.65655233998741,38.84189195331281,3.5764199394933e-12,37.65463218419744,3.467103291028117e-12,300000000000000.0,50,52000000000000.0
81000.0,725336470000000.0,1.8368975e+34,55.14332742916048,4.961150127221008e-12,-103.65659896403612,38.9551342472253,3.5105087795095115e-12,37.76441312063109,3.4032067623458747e-12,300000000000000.0,50,52000000000000.0
82000.0,720817630000000.0,1.8237352e+34,55.3005087389398,4.882740936304977e-12,-103.65664450959838,39.066355813049455,3.4550151947175834e-12,37.8722350942753,3.349409386152137e-12,300000000000000.0,50,52000000000000.0
83000.0,715980400000000.0,1.8058589e+34,55.45450546673848,4.804350809762567e-12,-103.65668880604578,39.17532351209976,3.3995358892557376e-12,37.97787209249978,3.295625853203291e-12,300000000000000.0,50,52000000000000.0
84000.0,711183030000000.0,1.7993367e+34,55.606306928480706,4.7252136522790376e-12,-103.6567322574206,39.28273754798614,3.3435285161516562e-12,38.08200291660621,3.241330393750926e-12,300000000000000.0,50,52000000000000.0
85000.0,705952930000000.0,1.7805303e+34,55.75595368788012,4.645094165137448e-12,-103.6567748884213,39.388626641472904,3.2868265622626134e-12,38.18465540949004,3.1863615842759427e-12,300000000000000.0,50,52000000000000.0
86000.0,700632540000000.0,1.7677083e+34,55.90319027697625,4.563576710824763e-12,-103.65681661312561,39.49281000639959,3.2291359762761682e-12,38.28565431088277,3.1304343614470586e-12,300000000000000.0,50,52000000000000.0
87000.0,695481460000000.0,1.7548987e+34,56.04719121931546,4.485260101237852e-12,-103.6568571511442,39.594703476983696,3.1737109754556743e-12,38.38443331055391,3.0767034743491894e-12,300000000000000.0,50,52000000000000.0
88000.0,690356680000000.0,1.7593071e+34,56.18911756688692,4.408247877791716e-12,-103.65689693420521,39.69512874740666,3.1192093808554363e-12,38.48178898688824,3.023867768887706e-12,300000000000000.0,50,52000000000000.0
89000.0,685258750000000.0,1.7237829e+34,56.32905901834979,4.331808492158117e-12,-103.65693599740523,39.79414930115272,3.065113537737356e-12,38.57778288294329,2.9714254129250587e-12,300000000000000.0,50,52000000000000.0
90000.0,680409420000000.0,1.7209895e+34,56.46589550714363,4.251577200567832e-12,-103.65697394708012,39.89097248105335,3.0083352537750513e-12,38.67164656982046,2.91638260779064e-12,300000000000000.0,50,52000000000000.0
91000.0,672730290000000.0,1.7239704e+34,56.60037484352842,4.169844403910562e-12,-103.65701107650607,39.98612754535756,2.9504950001633927e-12,38.76389312854038,2.8603102933443482e-12,300000000000000.0,50,52000000000000.0
92000.0,668243600000000.0,1.672286e+34,56.73288439319893,4.090322906678924e-12,-103.657047526069,40.079888633780335,2.894219784633913e-12,38.85478831949708,2.8057551802644646e-12,300000000000000.0,50,52000000000000.0
93000.0,663692410000000.0,1.6709423e+34,56.86223545797654,4.025178017889047e-12,-103.65708290296067,40.171414554375914,2.8481176891510384e-12,38.9435166625395,2.761062236318129e-12,300000000000000.0,50,52000000000000.0
94000.0,658918770000000.0,1.674853e+34,56.98949689922119,3.949184005065349e-12,-103.65711754873482,40.26146167862339,2.794339437185411e-12,39.03081140995896,2.7089277651807463e-12,300000000000000.0,50,52000000000000.0
95000.0,651861710000000.0,1.6668806e+34,57.11514632724056,3.871010000293393e-12,-103.6571516436381,40.350368022913806,2.7390189652362335e-12,39.11700024638351,2.655298213629987e-12,300000000000000.0,50,52000000000000.0
96000.0,647765400000000.0,1.6120197e+34,57.237548218065626,3.8077154080938456e-12,-103.65718466967874,40.43697622690033,2.694227278933121e-12,39.20096118724954,2.6118756255013578e-12,300000000000000.0,50,52000000000000.0
97000.0,642620000000000.0,1.6649286e+34,57.358039134766756,3.746257186689384e-12,-103.65721704846295,40.52223209176089,2.650735272728653e-12,39.283611124451205,2.56971299164488e-12,300000000000000.0,50,52000000000000.0
98000.0,638513530000000.0,1.6099553e+34,57.47720386016213,3.686298897708369e-12,-103.6572489784792,40.60654945134559,2.608304792841273e-12,39.365351242635064,2.5285794376322873e-12,300000000000000.0,50,52000000000000.0
99000.0,634691380000000.0,1.5923502e+34,57.5935439856422,3.6330817492407834e-12,-103.65727995928208,40.68886793642971,2.5706445707410056e-12,39.44515358371997,2.492070334078212e-12,300000000000000.0,50,52000000000000.0
100000.0,630387430000000.0,1.5807054e+34,57.70865445059508,3.579279799445376e-12,-103.65731052318225,40.77031622666319,2.532570761567375e-12,39.52411232824219,2.4551602852317843e-12,300000000000000.0,50,52000000000000.0
101000.0,626224090000000.0,1.5560947e+34,57.82232091931483,3.5247911146561826e-12,-103.65734059751159,40.85074264292527,2.4940112751171314e-12,39.60208043328963,2.4177794044125957e-12,300000000000000.0,50,52000000000000.0
102000.0,622154580000000.0,1.5446086e+34,57.93364798019329,3.474686802717321e-12,-103.65736989597713,40.929513552813745,2.458554355822712e-12,39.67844363401536,2.383406257939912e-12,300000000000000.0,50,52000000000000.0
103000.0,618602610000000.0,1.532222e+34,58.044032465607174,3.426382579693309e-12,-103.65739888120773,41.00761743837193,2.4243712483302325e-12,39.754160198613235,2.3502679880404376e-12,300000000000000.0,50,52000000000000.0
104000.0,615336990000000.0,1.5197694e+34,58.152360095771016,3.382071317452861e-12,-103.65742718169047,41.084265764872825,2.3930136993425443e-12,39.8284656946332,2.3198689108463424e-12,300000000000000.0,50,52000000000000.0
105000.0,611561220000000.0,1.5076322e+34,58.25946472926936,3.3357234881025658e-12,-103.65745507251032,41.160048618897626,2.3602153441730396e-12,39.901932172124624,2.288073067196497e-12,300000000000000.0,50,52000000000000.0
106000.0,607628430000000.0,1.4971329e+34,58.36545573348685,3.2875212131679637e-12,-103.6574825903017,41.23504339596494,2.3261050279840367e-12,39.97463466094222,2.2550053639680253e-12,300000000000000.0,50,52000000000000.0
107000.0,603785170000000.0,1.4876067e+34,58.4693180112339,3.24103478963573e-12,-103.65750941899778,41.308531780790716,2.293209065082835e-12,40.04587680177264,2.223114896272364e-12,300000000000000.0,50,52000000000000.0
108000.0,600093710000000.0,1.4818324e+34,58.57248192038311,3.1950131053264307e-12,-103.65753602223639,41.38152596626764,2.2606420260379464e-12,40.11663984890896,2.191543298599026e-12,300000000000000.0,50,52000000000000.0
109000.0,596313380000000.0,1.4742083e+34,58.67337800575685,3.149906684573839e-12,-103.65756189705252,41.45291533523287,2.2287228886589837e-12,40.18584713221933,2.1605997989856918e-12,300000000000000.0,50,52000000000000.0
110000.0,592604650000000.0,1.470003e+34,58.77342010551127,3.104875440205124e-12,-103.65758750084879,41.5237003892503,2.196857053411376e-12,40.254468572023605,2.1297079723231137e-12,300000000000000.0,50,52000000000000.0
111000.0,588777120000000.0,1.4478498e+34,58.87181967426761,3.059988787897503e-12,-103.65761258337338,41.59332312154719,2.165093737926437e-12,40.32196321753882,2.098915531904823e-12,300000000000000.0,50,52000000000000.0
112000.0,584934250000000.0,1.4425723e+34,58.96880922734892,3.0158171365334588e-12,-103.65763722520725,41.66194807899516,2.133836495850961e-12,40.38849058611468,2.068613696347954e-12,300000000000000.0,50,52000000000000.0
113000.0,581209490000000.0,1.4334594e+34,59.064684034844035,2.9722107584213985e-12,-103.65766151863504,41.729784204709865,2.1029793508165872e-12,40.454253234327574,2.038699728538599e-12,300000000000000.0,50,52000000000000.0
114000.0,577444490000000.0,1.423908e+34,59.158699658301664,2.9296419711695487e-12,-103.65768523721694,41.79630471757219,2.0728565725380493e-12,40.51874048261375,2.0094976809483105e-12,300000000000000.0,50,52000000000000.0
115000.0,573784570000000.0,1.4188389e+34,59.252081822555276,2.8874267107698844e-12,-103.65770875993796,41.862376976225434,2.0429840069179842e-12,40.58279317799602,1.980538198056407e-12,300000000000000.0,50,52000000000000.0
116000.0,569954000000000.0,1.4193403e+34,59.34324758103959,2.8450503259263305e-12,-103.65773160423991,41.92688085116726,2.0129976973530542e-12,40.64532542877247,1.951468448033299e-12,300000000000000.0,50,52000000000000.0
117000.0,566161040000000.0,1.41896e+34,59.434097959523065,2.802686070364619e-12,-103.65775435240393,41.99116155595906,1.9830200061316627e-12,40.7076413308022,1.9224070529422354e-12,300000000000000.0,50,52000000000000.0
118000.0,562398200000000.0,1.3879723e+34,59.52252496398619,2.7612154314142178e-12,-103.65777637090238,42.05372743835562,1.9536748565833848e-12,40.76829482558459,1.8939588653903467e-12,300000000000000.0,50,52000000000000.0
119000.0,558550300000000.0,1.3949681e+34,59.61063042773702,2.719840073846934e-12,-103.6577982937333,42.116065794470295,1.924397156971667e-12,40.828727748639125,1.8655760661171336e-12,300000000000000.0,50,52000000000000.0
120000.0,554727670000000.0,1.378594e+34,59.69656930914058,2.679106734396772e-12,-103.657819571944,42.176871049465746,1.895573943638946e-12,40.887674431246886,1.8376338614090266e-12,300000000000000.0,50,52000000000000.0
121000.0,550935350000000.0,1.3592257e+34,59.78202192783289,2.638450875643909e-12,-103.65784070727499,42.23733222135751,1.8668056011516152e-12,40.946287547974634,1.8097448503877947e-12,300000000000000.0,50,52000000000000.0
122000.0,547010470000000.0,1.361539e+34,59.86547717205462,2.5981132768833675e-12,-103.65786125571266,42.296380036248635,1.838262646347175e-12,41.003530508287774,1.7820743379470733e-12,300000000000000.0,50,52000000000000.0
123000.0,543224660000000.0,1.4580344e+34,59.9483552910046,2.5582778634480054e-12,-103.65788163687704,42.35501947629709,1.8100750625857635e-12,41.06037757612089,1.7547483343089153e-12,300000000000000.0,50,52000000000000.0
124000.0,539491990000000.0,1.3220757e+34,60.02931102346155,2.520115213853351e-12,-103.65790146085921,42.41229863233078,1.7830712088160664e-12,41.11590593830454,1.7285698788742588e-12,300000000000000.0,50,52000000000000.0
125000.0,535826950000000.0,1.349166e+34,60.10970429862905,2.4824585669429372e-12,-103.65792112290082,42.46917979413302,1.7564254225299826e-12,41.1710484713269,1.7027385462613246e-12,300000000000000.0,50,52000000000000.0
126000.0,532341230000000.0,1.3158904e+34,60.188256826908585,2.4464579086449636e-12,-103.6579402549616,42.52475844522603,1.7309514791882485e-12,41.224928306111984,1.678043238135599e-12,300000000000000.0,50,52000000000000.0
127000.0,528714440000000.0,1.2977044e+34,60.26633770507035,2.4106184034211216e-12,-103.65795925204213,42.58000335830019,1.7055916002201053e-12,41.278484603897006,1.6534585079128179e-12,300000000000000.0,50,52000000000000.0
128000.0,525342020000000.0,1.3844963e+34,60.34258630165267,2.3754049508538356e-12,-103.65797772474706,42.633951755161945,1.6806748422069296e-12,41.33078401471616,1.6293033542914621e-12,300000000000000.0,50,52000000000000.0
129000.0,521591150000000.0,1.3063654e+34,60.41850882155571,2.3403261045866807e-12,-103.6579961051788,42.68766942276771,1.6558533510408943e-12,41.38285974873834,1.605240555604833e-12,300000000000000.0,50,52000000000000.0
130000.0,518086460000000.0,1.4522876e+34,60.49246721095268,2.306058062517383e-12,-103.6580139298008,42.73999728730228,1.6316057019573094e-12,41.43358816034118,1.5817340590281072e-12,300000000000000.0,50,52000000000000.0
131000.0,514563610000000.0,1.2673448e+34,60.566320283881765,2.2718481899708713e-12,-103.65803172493011,42.79225063118722,1.6073992183975727e-12,41.48424432908909,1.5582674697142466e-12,300000000000000.0,50,52000000000000.0
132000.0,511105430000000.0,1.301928e+34,60.638013703232424,2.2388311604863693e-12,-103.658048915273,42.84297583051096,1.584036888393944e-12,41.53341906247091,1.535619231649508e-12,300000000000000.0,50,52000000000000.0
133000.0,507644570000000.0,1.2671034e+34,60.70970712258308,2.2058141310018673e-12,-103.65806610561589,42.89370102983469,1.5606745583903152e-12,41.58259379585273,1.5129709935847696e-12,300000000000000.0,50,52000000000000.0
134000.0,504022280000000.0,1.2452623e+34,60.77936788683926,2.173857887078655e-12,-103.65808273181709,42.94298795443042,1.53806292824133e-12,41.63037421674787,1.491050509563859e-12,300000000000000.0,50,52000000000000.0
135000.0,500810930000000.0,1.2592569e+34,60.84884352765325,2.1419982538765918e-12,-103.65809930663924,42.9921438885944,1.5155196678524262e-12,41.678027651058954,1.4691963055203152e-12,300000000000000.0,50,52000000000000.0
136000.0,497366940000000.0,1.2358223e+34,60.91668387566037,2.1104219424471266e-12,-103.65811543170193,43.04014272118963,1.4931769932663964e-12,41.724559351718995,1.4475365562333547e-12,300000000000000.0,50,52000000000000.0
137000.0,494010290000000.0,1.2800075e+34,60.983984673244144,2.0789391105350308e-12,-103.65813140837047,43.08775977833852,1.4709005001950165e-12,41.77072094626487,1.4259409655764532e-12,300000000000000.0,50,52000000000000.0
138000.0,490359760000000.0,1.2117662e+34,61.05007966205272,2.048630530133805e-12,-103.65814705739447,43.13452363426011,1.449454907625321e-12,41.816055418498735,1.4051508781621083e-12,300000000000000.0,50,52000000000000.0
139000.0,487395200000000.0,1.2089584e+34,61.115196382446335,2.019274615850071e-12,-103.65816244060163,43.180595291029206,1.4286834217079345e-12,41.86071884931228,1.3850142926931393e-12,300000000000000.0,50,52000000000000.0
140000.0,483986220000000.0,1.1983656e+34,61.17965808318124,1.9901148594002237e-12,-103.65817764663795,43.226203472824054,1.4080507691598606e-12,41.904932971710004,1.3650122970347388e-12,300000000000000.0,50,52000000000000.0
141000.0,480764980000000.0,1.1826971e+34,61.242705154038525,1.9613787402089724e-12,-103.65819247004275,43.27081069909433,1.3877179516314327e-12,41.94817673375165,1.3453009716863364e-12,300000000000000.0,50,52000000000000.0
142000.0,477491940000000.0,1.178226e+34,61.305660555452164,1.932679684191681e-12,-103.65820726891255,43.315353062811035,1.3674113634065141e-12,41.99135761582624,1.3256150739195136e-12,300000000000000.0,50,52000000000000.0
143000.0,474390250000000.0,1.3080057e+34,61.366648721239976,1.9047760076739634e-12,-103.65822154125878,43.358503469501485,1.347667658714503e-12,42.033189087383704,1.3064748546510837e-12,300000000000000.0,50,52000000000000.0
144000.0,470929120000000.0,1.2152113e+34,61.42763688702779,1.8768723311562452e-12,-103.65823581360502,43.401653876191936,1.3279239540224916e-12,42.075020558941176,1.2873346353826537e-12,300000000000000.0,50,52000000000000.0
145000.0,467995430000000.0,1.1530331e+34,61.487130465669786,1.850830071705358e-12,-103.65824968969528,43.443746763195875,1.309497335089042e-12,42.115826834923844,1.2694712438777404e-12,300000000000000.0,50,52000000000000.0
146000.0,465021730000000.0,1.1498714e+34,61.54608685163919,1.8254568529402123e-12,-103.65826342336105,43.48545955069989,1.2915441103103953e-12,42.156264629515306,1.252066776779237e-12,300000000000000.0,50,52000000000000.0
147000.0,461920240000000.0,1.1527335e+34,61.60431261302828,1.8002011715796825e-12,-103.65827696359644,43.52665537315346,1.2736740922227147e-12,42.196201260593114,1.234742973097195e-12,300000000000000.0,50,52000000000000.0
148000.0,458860950000000.0,1.1888234e+34,61.66139142187691,1.7751300033445765e-12,-103.65829020018005,43.56703965108207,1.2559346940568914e-12,42.235351152789306,1.2175457968417778e-12,300000000000000.0,50,52000000000000.0
149000.0,455903930000000.0,1.1253199e+34,61.71846176015544,1.7500662232882746e-12,-103.65830343454583,43.60741793555978,1.2382005236609386e-12,42.27449523473025,1.2003536885644552e-12,300000000000000.0,50,52000000000000.0
150000.0,453041630000000.0,1.1194549e+34,61.77365516771901,1.7266395348996284e-12,-103.65831617747835,43.646468175768874,1.2216247359628673e-12,42.31235186536371,1.1842845559122168e-12,300000000000000.0,50,52000000000000.0
151000.0,450161890000000.0,1.1137586e+34,61.82884857528258,1.7032128465109825e-12,-103.65832892041088,43.68551841597796,1.205048948264796e-12,42.35020849599717,1.1682154232599784e-12,300000000000000.0,50,52000000000000.0
152000.0,447263180000000.0,1.1108593e+34,61.883001646676405,1.6801874261991627e-12,-103.65834139218241,43.72383255592404,1.1887571249477142e-12,42.3873515259869,1.152421575361039e-12,300000000000000.0,50,52000000000000.0
153000.0,444442450000000.0,1.1208817e+34,61.936404666334546,1.6574513083515365e-12,-103.65835366845485,43.76161598926204,1.1726700315852633e-12,42.42398007093134,1.136826199660821e-12,300000000000000.0,50,52000000000000.0
154000.0,441595160000000.0,1.1222919e+34,61.98959891562222,1.6348953596667963e-12,-103.65836589078258,43.79925170571788,1.1567104219902499e-12,42.46046541410385,1.1213544110643919e-12,300000000000000.0,50,52000000000000.0
155000.0,438849430000000.0,1.095794e+34,62.04123606192667,1.6136831933415209e-12,-103.65837771076642,43.83578568346731,1.1417016434645298e-12,42.49588269428557,1.10680439047348e-12,300000000000000.0,50,52000000000000.0
156000.0,436197520000000.0,1.0827899e+34,62.09287320823112,1.5924710270162456e-12,-103.65838953075026,43.872319661216736,1.12669286493881e-12,42.53129997446728,1.0922543698825682e-12,300000000000000.0,50,52000000000000.0
157000.0,433503490000000.0,1.0773191e+34,62.143480112545134,1.5714888282704475e-12,-103.65840108563556,43.908124685891536,1.1118468474742688e-12,42.56601058273513,1.0778621354231404e-12,300000000000000.0,50,52000000000000.0
158000.0,430770690000000.0,1.0720668e+34,62.19344295115774,1.550650395971517e-12,-103.65841247479194,43.94347399853202,1.0971025816544906e-12,42.60027940825087,1.0635685424832695e-12,300000000000000.0,50,52000000000000.0
159000.0,428063340000000.0,1.0772354e+34,62.24328591636563,1.5299222609375842e-12,-103.65842383340065,43.97873849455489,1.0824363584962008e-12,42.63446600965172,1.0493506067554967e-12,300000000000000.0,50,52000000000000.0
160000.0,425416080000000.0,1.0698677e+34,62.29157719371217,1.510621856496914e-12,-103.65843479658844,44.01290509137072,1.0687803498286173e-12,42.66758827020669,1.0361120073359804e-12,300000000000000.0,50,52000000000000.0
161000.0,422896280000000.0,1.0629481e+34,62.339868471058715,1.491321452056244e-12,-103.65844575977623,44.04707168818655,1.0551243411610339e-12,42.70071053076166,1.0228734079164638e-12,300000000000000.0,50,52000000000000.0
162000.0,420459600000000.0,1.0566303e+34,62.38739394134268,1.4727193993270634e-12,-103.6584565284531,44.08069643791744,1.0419624607788562e-12,42.73330750631728,1.010113833272722e-12,300000000000000.0,50,52000000000000.0
163000.0,418044240000000.0,1.0514904e+34,62.43411184938719,1.4548537755231434e-12,-103.65846709201345,44.11374979667177,1.0293216507344116e-12,42.76535055601984,9.97859401947158e-13,300000000000000.0,50,52000000000000.0
164000.0,415653810000000.0,1.0464278e+34,62.480829757431714,1.4369881517192237e-12,-103.65847765557382,44.14680315542609,1.016680840689967e-12,42.79739360572239,9.856049706215939e-13,300000000000000.0,50,52000000000000.0
165000.0,413280800000000.0,1.0418356e+34,62.52627522393535,1.4198144527669189e-12,-103.65848789689161,44.1789561990284,1.004529634313708e-12,42.82856385928586,9.738251777640124e-13,300000000000000.0,50,52000000000000.0
166000.0,410928000000000.0,1.0253243e+34,62.571513037446906,1.4027536708022464e-12,-103.65849808562183,44.210962317896545,9.924583276132823e-13,42.85959167901331,9.621228423729375e-13,300000000000000.0,50,52000000000000.0
167000.0,408632960000000.0,9.9744193e+33,62.61647801098291,1.3857387434748813e-12,-103.65850820567545,44.242775389632854,9.804194761452333e-13,42.890432352283554,9.504519701931353e-13,300000000000000.0,50,52000000000000.0
168000.0,406342640000000.0,9.9320435e+33,62.660279418498185,1.3689193699616342e-12,-103.65851803284767,44.27376518361253,9.685190347672425e-13,42.92047491208793,9.38915277484158e-13,300000000000000.0,50,52000000000000.0
169000.0,403948990000000.0,1.0042118e+34,62.70408082601346,1.3520999964483872e-12,-103.65852786001987,44.30475497759221,9.566185933892517e-13,42.95051747189231,9.273785847751807e-13,300000000000000.0,50,52000000000000.0
170000.0,401513170000000.0,1.0005199e+34,62.74719611328387,1.3353559586564937e-12,-103.65853751609447,44.33525931153107,9.44771483326493e-13,42.98008941021841,9.158935932698763e-13,300000000000000.0,50,52000000000000.0
171000.0,399098730000000.0,9.8929558e+33,62.78955840712804,1.3186945992338298e-12,-103.6585469843953,44.36523086973247,9.329829025522708e-13,43.00914485762031,9.044653420616059e-13,300000000000000.0,50,52000000000000.0
172000.0,396741310000000.0,9.7915489e+33,62.831920700972205,1.3020332398111658e-12,-103.65855645269613,44.395202427933874,9.211943217780488e-13,43.03820030502221,8.930370908533356e-13,300000000000000.0,50,52000000000000.0
173000.0,394445810000000.0,9.7429229e+33,62.873240661709474,1.2862496478445274e-12,-103.65856566358285,44.424436493610656,9.100268093448541e-13,43.06654080208385,8.822109244270893e-13,300000000000000.0,50,52000000000000.0
174000.0,392188020000000.0,9.6868517e+33,62.91415417461349,1.2708083329083741e-12,-103.6585747740934,44.45338298112581,8.991014765755737e-13,43.094602511093235,8.716195352073535e-13,300000000000000.0,50,52000000000000.0
175000.0,389971570000000.0,9.641372e+33,62.95506768751751,1.2553670179722208e-12,-103.65858388460396,44.48232946864098,8.881761438062933e-13,43.122664220102614,8.610281459876177e-13,300000000000000.0,50,52000000000000.0
176000.0,387791460000000.0,9.5418988e+33,62.99472951997033,1.2407958232049336e-12,-103.65859268698712,44.51039034340187,8.778664748860877e-13,43.14986738598324,8.510336022543281e-13,300000000000000.0,50,52000000000000.0
177000.0,385645070000000.0,9.4503549e+33,63.03427850133435,1.2263030781796289e-12,-103.65860146158961,44.53837137161449,8.676123140115935e-13,43.17699314590393,8.410928699095001e-13,300000000000000.0,50,52000000000000.0
178000.0,383518610000000.0,9.3837534e+33,63.07373694638129,1.2118589137870343e-12,-103.65861021399803,44.566288341985846,8.57392527602237e-13,43.20405680597439,8.311854613412376e-13,300000000000000.0,50,52000000000000.0
179000.0,381413860000000.0,9.333532e+33,63.11198438943389,1.1980645576150201e-12,-103.65861866954123,44.5933484830093,8.476325295648794e-13,43.230289826530125,8.217237872713772e-13,300000000000000.0,50,52000000000000.0
180000.0,379330230000000.0,9.2861143e+33,63.150231832486504,1.1842702014430057e-12,-103.65862712508441,44.62040862403276,8.378725315275216e-13,43.25652284708586,8.122621132015168e-13,300000000000000.0,50,52000000000000.0
181000.0,377268440000000.0,9.2392658e+33,63.188258318428204,1.170598133234235e-12,-103.65863552675341,44.64731243003472,8.281990607037933e-13,43.282604311154245,8.028843215574847e-13,300000000000000.0,50,52000000000000.0
182000.0,375230370000000.0,9.1948468e+33,63.22524679331985,1.157500548718766e-12,-103.6586436753326,44.67348180626808,8.189320769286545e-13,43.30797379402436,7.939005922930593e-13,300000000000000.0,50,52000000000000.0
183000.0,373217790000000.0,9.155473e+33,63.2622352682115,1.1444029642032971e-12,-103.65865182391178,44.69965118250145,8.096650931535158e-13,43.33334327689448,7.84916863028634e-13,300000000000000.0,50,52000000000000.0
184000.0,371231370000000.0,9.1260083e+33,63.29893901390424,1.1314410493681912e-12,-103.65865990341811,44.725619103202035,8.004941060469961e-13,43.35851746191914,7.760261962024166e-13,300000000000000.0,50,52000000000000.0
185000.0,369262410000000.0,9.0836925e+33,63.33471266992882,1.1189223099027787e-12,-103.65866775729265,44.750928954023095,7.916366993881547e-13,43.38305369162001,7.674395249362023e-13,300000000000000.0,50,52000000000000.0
186000.0,367300490000000.0,9.0241107e+33,63.3704863259534,1.1064035704373661e-12,-103.65867561116718,44.776238804844155,7.827792927293132e-13,43.407589921320884,7.58852853669988e-13,300000000000000.0,50,52000000000000.0
187000.0,365343750000000.0,8.9690408e+33,63.40597038747654,1.094007514631475e-12,-103.65868339517888,44.80134375833729,7.740086947874793e-13,43.43192751658326,7.503503377292228e-13,300000000000000.0,50,52000000000000.0
188000.0,363400400000000.0,8.9187569e+33,63.44056402741722,1.0819886765479936e-12,-103.65869096438207,44.825818710217604,7.655050092172081e-13,43.45565436685505,7.421065757278029e-13,300000000000000.0,50,52000000000000.0
189000.0,361481050000000.0,8.8763884e+33,63.47515766735789,1.069969838464512e-12,-103.65869853358525,44.850293662097926,7.57001323646937e-13,43.47938121712684,7.338628137263832e-13,300000000000000.0,50,52000000000000.0
190000.0,359589940000000.0,8.8393376e+33,63.50951202145869,1.0580805624471772e-12,-103.65870604540125,44.87459931212646,7.485893109908978e-13,43.50294394042558,7.257079225675366e-13,300000000000000.0,50,52000000000000.0
191000.0,357722450000000.0,8.8017245e+33,63.542954339363,1.0466851112799783e-12,-103.6587133384864,44.89825966940792,7.405267089646707e-13,43.52588109498895,7.178917619632453e-13,300000000000000.0,50,52000000000000.0
192000.0,355873340000000.0,8.75653e+33,63.57639665726732,1.0352896601127793e-12,-103.65872063157153,44.92192002668937,7.324641069384435e-13,43.54881824955231,7.10075601358954e-13,300000000000000.0,50,52000000000000.0
193000.0,354026390000000.0,8.7164722e+33,63.609704909793805,1.0239414748850159e-12,-103.65872789265498,44.94548552894745,7.244349497743535e-13,43.5716634484301,7.022918633427135e-13,300000000000000.0,50,52000000000000.0
194000.0,352186280000000.0,8.6786415e+33,63.642037866774544,1.0129371387624187e-12,-103.65873492093327,44.96836098219141,7.166490964788762e-13,43.593839690325815,6.947439923804574e-13,300000000000000.0,50,52000000000000.0
195000.0,350358570000000.0,8.64125e+33,63.674370823755275,1.0019328026398213e-12,-103.65874194921157,44.99123643543537,7.088632431833988e-13,43.61601593222152,6.871961214182013e-13,300000000000000.0,50,52000000000000.0
196000.0,348541560000000.0,8.605516e+33,63.706703780736014,9.90928466517224e-13,-103.65874897748986,45.014111888679324,7.010773898879214e-13,43.63819217411723,6.796482504559454e-13,300000000000000.0,50,52000000000000.0
197000.0,346737860000000.0,8.5732108e+33,63.737965825373806,9.803694434996931e-13,-103.65875575171826,45.03622964365766,6.936066271185942e-13,43.659633877546796,6.724058389740022e-13,300000000000000.0,50,52000000000000.0
198000.0,344948590000000.0,8.5334443e+33,63.76921007239974,9.698178211904039e-13,-103.65876252172458,45.058334806363874,6.861411008739218e-13,43.68106337359953,6.65168503957287e-13,300000000000000.0,50,52000000000000.0
199000.0,343172520000000.0,8.4940905e+33,63.80045431942567,9.592661988811145e-13,-103.65876929173089,45.080439969070085,6.786755746292495e-13,43.70249286965227,6.579311689405719e-13,300000000000000.0,50,52000000000000.0
200000.0,341409720000000.0,8.4554385e+33,63.83085469538602,9.49020080214778e-13,-103.65877586265175,45.10194807272674,6.714262159512906e-13,43.723343556358586,6.50903394121326e-13,300000000000000.0,50,52000000000000.0
201000.0,339654310000000.0,8.4188859e+33,63.86103804206566,9.388525318876668e-13,-103.65878238237123,45.12330262295403,6.64232451893684e-13,43.74404538314868,6.439295146194784e-13,300000000000000.0,50,52000000000000.0
202000.0,337898180000000.0,8.385168e+33,63.891221388745286,9.286849835605557e-13,-103.6587889020907,45.14465717318132,6.570386878360774e-13,43.764747209938776,6.369556351176308e-13,300000000000000.0,50,52000000000000.0
203000.0,336144930000000.0,8.3503284e+33,63.92082777689024,9.186683113716394e-13,-103.65879528648948,45.165603512556196,6.499516844202455e-13,43.78505330324731,6.300852530178028e-13,300000000000000.0,50,52000000000000.0
204000.0,334396210000000.0,8.3165721e+33,63.94997221194444,9.087724411020461e-13,-103.65880156254111,45.18622300995957,6.429501609920965e-13,43.805042544834386,6.232977381291754e-13,300000000000000.0,50,52000000000000.0
205000.0,332653730000000.0,8.2863594e+33,63.979116646998634,8.98876570832453e-13,-103.65880783859275,45.20684250736294,6.359486375639476e-13,43.82503178642146,6.16510223240548e-13,300000000000000.0,50,52000000000000.0
206000.0,330913850000000.0,8.2637402e+33,64.00799126695759,8.890849028381025e-13,-103.65881405177618,45.22727110526388,6.290208439544903e-13,43.844835963539595,6.09794184547292e-13,300000000000000.0,50,52000000000000.0
207000.0,329180890000000.0,8.2404307e+33,64.03610810374992,8.795858898192905e-13,-103.65882008839252,45.247163556625914,6.22300122582519e-13,43.86412038197197,6.032788887280211e-13,300000000000000.0,50,52000000000000.0
208000.0,327474480000000.0,8.2034953e+33,64.06422494054226,8.700868768004785e-13,-103.65882612500886,45.26705600798795,6.155794012105477e-13,43.88340480040435,5.967635929087501e-13,300000000000000.0,50,52000000000000.0
209000.0,325789120000000.0,8.1536816e+33,64.0923417773346,8.605878637816664e-13,-103.65883216162518,45.28694845934998,6.088586798385764e-13,43.902689218836734,5.902482970894791e-13,300000000000000.0,50,52000000000000.0
210000.0,324118820000000.0,8.1088514e+33,64.11954015504476,8.51495006890797e-13,-103.65883798539853,45.30619108450685,6.024253349202386e-13,43.92134367365011,5.840115937819245e-13,300000000000000.0,50,52000000000000.0
211000.0,322456820000000.0,8.068382e+33,64.14665455998544,8.42439283994867e-13,-103.65884378971211,45.32537429742946,5.960182642226766e-13,43.939940532223446,5.778003615979318e-13,300000000000000.0,50,52000000000000.0
212000.0,320796550000000.0,8.0297514e+33,64.1737689649261,8.333835610989371e-13,-103.65884959402567,45.34455751035208,5.896111935251145e-13,43.95853739079678,5.71589129413939e-13,300000000000000.0,50,52000000000000.0
213000.0,319140050000000.0,7.9928859e+33,64.20038275299972,8.244837704008365e-13,-103.65885528288895,45.363386528728725,5.833144562296866e-13,43.97679088113411,5.654848581853562e-13,300000000000000.0,50,52000000000000.0
214000.0,317492830000000.0,7.956361e+33,64.226525962787,8.157305554800799e-13,-103.65886086322932,45.38188260534203,5.771214319865333e-13,43.994721606405555,5.594811299196948e-13,300000000000000.0,50,52000000000000.0
215000.0,315854990000000.0,7.9200757e+33,64.25266917257429,8.069773405593231e-13,-103.65886644356969,45.40037868195533,5.709284077433801e-13,44.012652331676996,5.534774016540333e-13,300000000000000.0,50,52000000000000.0
216000.0,314225330000000.0,7.8840271e+33,64.27875572801914,7.982453794643772e-13,-103.65887201091981,45.41883467481435,5.647504217533256e-13,44.030544198394175,5.474882519826113e-13,300000000000000.0,50,52000000000000.0
217000.0,312605850000000.0,7.8468971e+33,64.30394491670489,7.898500647052355e-13,-103.65887737251302,45.436655767908604,5.588106315990529e-13,44.047820571692654,5.417300174591531e-13,300000000000000.0,50,52000000000000.0
218000.0,310997480000000.0,7.8100671e+33,64.32913410539066,7.814547499460938e-13,-103.65888273410623,45.45447686100286,5.528708414447802e-13,44.065096944991126,5.35971782935695e-13,300000000000000.0,50,52000000000000.0
219000.0,309399160000000.0,7.7744375e+33,64.35432329407642,7.730594351869522e-13,-103.65888809569944,45.472297954097115,5.469310512905075e-13,44.0823733182896,5.30213548412237e-13,300000000000000.0,50,52000000000000.0
220000.0,307806900000000.0,7.7392371e+33,64.37900374467701,7.648177651274905e-13,-103.65889334124387,45.48975910863562,5.410999750416107e-13,44.099300754914516,5.245607048484961e-13,300000000000000.0,50,52000000000000.0
221000.0,306218580000000.0,7.7034458e+33,64.4032630373635,7.567032895579061e-13,-103.65889849071752,45.5069222886844,5.353588974048733e-13,44.11593932493821,5.189951090022935e-13,300000000000000.0,50,52000000000000.0
222000.0,304632930000000.0,7.6688855e+33,64.42752233005,7.485888139883217e-13,-103.65890364019117,45.524085468733176,5.296178197681359e-13,44.132577894961905,5.134295131560908e-13,300000000000000.0,50,52000000000000.0
223000.0,303050070000000.0,7.6295697e+33,64.45178162273649,7.404743384187374e-13,-103.65890878966482,45.54124864878196,5.238767421313985e-13,44.1492164649856,5.078639173098881e-13,300000000000000.0,50,52000000000000.0
224000.0,301470420000000.0,7.5952692e+33,64.47514790353745,7.325995617005487e-13,-103.65891373656831,45.557780013438425,5.183052687452957e-13,44.165242531687525,5.024627415969209e-13,300000000000000.0,50,52000000000000.0
225000.0,299895430000000.0,7.5611662e+33,64.49849378812127,7.247302596573341e-13,-103.65891867884513,45.574296947554664,5.12737669087169e-13,44.18125460893315,4.970653212077001e-13,300000000000000.0,50,52000000000000.0
226000.0,298326670000000.0,7.527101e+33,64.52183967270508,7.168609576141194e-13,-103.65892362112194,45.590813881670904,5.071700694290421e-13,44.19726668617878,4.916679008184792e-13,300000000000000.0,50,52000000000000.0
227000.0,296762780000000.0,7.493481e+33,64.54487030813084,7.090821653698554e-13,-103.65892849229608,45.607107774265174,5.01666511109212e-13,44.21306253939029,4.863325642819343e-13,300000000000000.0,50,52000000000000.0
228000.0,295202440000000.0,7.4593761e+33,64.56731597485512,7.014713209161309e-13,-103.65893323153385,45.62298779641393,4.962817863454705e-13,44.22845717252167,4.811124290385752e-13,300000000000000.0,50,52000000000000.0
229000.0,293646690000000.0,7.4265671e+33,64.58976164157939,6.938604764624063e-13,-103.6589379707716,45.638867818562694,4.908970615817289e-13,44.243851805653044,4.758922937952161e-13,300000000000000.0,50,52000000000000.0
230000.0,292097250000000.0,7.3942194e+33,64.61220730830365,6.862496320086818e-13,-103.65894271000936,45.65474784071146,4.855123368179874e-13,44.259246438784416,4.706721585518568e-13,300000000000000.0,50,52000000000000.0
231000.0,290554130000000.0,7.3627416e+33,64.63406571372882,6.788182135997889e-13,-103.65894731751675,45.67021237145458,4.802545656701211e-13,44.27423828042225,4.655750964632985e-13,300000000000000.0,50,52000000000000.0
232000.0,289016710000000.0,7.3315952e+33,64.65562656792548,6.714777060684619e-13,-103.65895185827952,45.68546638265835,4.750611188773963e-13,44.289026037261884,4.605403925932376e-13,300000000000000.0,50,52000000000000.0
233000.0,287484780000000.0,7.2988329e+33,64.67718742212215,6.641371985371349e-13,-103.6589563990423,45.70072039386211,4.698676720846714e-13,44.30381379410151,4.555056887231765e-13,300000000000000.0,50,52000000000000.0
234000.0,285958230000000.0,7.266999e+33,64.69874827631881,6.567966910058077e-13,-103.65896093980506,45.71597440506588,4.646742252919464e-13,44.31860155094113,4.5047098485311555e-13,300000000000000.0,50,52000000000000.0
235000.0,284437840000000.0,7.234706e+33,64.71951361284646,6.497032300369242e-13,-103.65896530305301,45.73066558343158,4.596555760870098e-13,44.332843678494264,4.4560573571158293e-13,300000000000000.0,50,52000000000000.0
236000.0,282923620000000.0,7.2030708e+33,64.74020720265744,6.42632049880154e-13,-103.65896965029113,45.74530600062663,4.546526916519725e-13,44.34703659644295,4.4075576947433654e-13,300000000000000.0,50,52000000000000.0
237000.0,281415450000000.0,7.1711373e+33,64.76090079246845,6.355608697233837e-13,-103.65897399752924,45.75994641782167,4.496498072169353e-13,44.36122951439163,4.3590580323709015e-13,300000000000000.0,50,52000000000000.0
238000.0,279912650000000.0,7.1414205e+33,64.78150107709153,6.285227803125106e-13,-103.6589783240522,45.774520821273335,4.4467033573862446e-13,44.37535843637344,4.3107853431648185e-13,300000000000000.0,50,52000000000000.0
239000.0,278415790000000.0,7.1115425e+33,64.8013456343671,6.217527100995372e-13,-103.65898248279233,45.788560545010974,4.398804979996613e-13,44.38896902166479,4.264351027931557e-13,300000000000000.0,50,52000000000000.0
240000.0,276927890000000.0,7.0818332e+33,64.82119019164267,6.149826398865639e-13,-103.65898664153244,45.80260026874861,4.350906602606982e-13,44.402579606956145,4.217916712698295e-13,300000000000000.0,50,52000000000000.0
241000.0,275454240000000.0,7.0515609e+33,64.84103474891825,6.082125696735904e-13,-103.65899080027255,45.816639992486245,4.3030082252173504e-13,44.416190192247505,4.1714823974650333e-13,300000000000000.0,50,52000000000000.0
242000.0,273998490000000.0,7.0197128e+33,64.86068055307925,6.0153661264242e-13,-103.65899491509131,45.830539098011826,4.2557757191529466e-13,44.429664457464106,4.1256936005373553e-13,300000000000000.0,50,52000000000000.0
243000.0,272559280000000.0,6.9876494e+33,64.87969901037675,5.951577156575732e-13,-103.65899889127616,45.843994354420964,4.2106449778246686e-13,44.442708440259636,4.0819423258152387e-13,300000000000000.0,50,52000000000000.0
244000.0,271131550000000.0,6.9562785e+33,64.89871746767425,5.887788186727264e-13,-103.659002867461,45.8574496108301,4.1655142364963905e-13,44.455752423055166,4.038191051093122e-13,300000000000000.0,50,52000000000000.0
245000.0,269712070000000.0,6.9258519e+33,64.91773592497175,5.823999216878796e-13,-103.65900684364584,45.87090486723925,4.1203834951681125e-13,44.468796405850696,3.9944397763710055e-13,300000000000000.0,50,52000000000000.0
246000.0,268303090000000.0,6.8953562e+33,64.93651046575789,5.76126016789609e-13,-103.65901076612953,45.884187552543914,4.0759955970994837e-13,44.481673092351535,3.9514086391656847e-13,300000000000000.0,50,52000000000000.0
247000.0,266906250000000.0,6.8647484e+33,64.95473789473306,5.700876121873418e-13,-103.65901456815998,45.89708315585498,4.033273918012077e-13,44.494174528410134,3.9099927913016736e-13,300000000000000.0,50,52000000000000.0
248000.0,265521890000000.0,6.8346269e+33,64.97296532370821,5.640492075850745e-13,-103.65901837019044,45.909978759166044,3.99055223892467e-13,44.50667596446873,3.868576943437663e-13,300000000000000.0,50,52000000000000.0
249000.0,264150080000000.0,6.8040642e+33,64.99119275268338,5.580108029828073e-13,-103.65902217222089,45.92287436247711,3.947830559837263e-13,44.519177400527326,3.8271610955736524e-13,300000000000000.0,50,52000000000000.0
250000.0,262791370000000.0,6.7731951e+33,65.00918263501694,5.520743305761579e-13,-103.65902592215424,45.93560190167092,3.905830072146291e-13,44.53151590951798,3.786444395172885e-13,300000000000000.0,50,52000000000000.0
251000.0,261443980000000.0,6.7429746e+33,65.02664907975436,5.463624672950415e-13,-103.6590295572909,45.94795910905564,3.8654187405400417e-13,44.5434954062649,3.7472682767186365e-13,300000000000000.0,50,52000000000000.0
252000.0,260105810000000.0,6.7131491e+33,65.04411552449179,5.406506040139252e-13,-103.65903319242756,45.96031631644035,3.8250074089337917e-13,44.55547490301183,3.708092158264388e-13,300000000000000.0,50,52000000000000.0
253000.0,258775870000000.0,6.6797239e+33,65.06158196922921,5.349387407328089e-13,-103.65903682756421,45.972673523825065,3.784596077327542e-13,44.56745439975876,3.6689160398101393e-13,300000000000000.0,50,52000000000000.0
254000.0,257453090000000.0,6.650368e+33,65.07886482512767,5.292761396396895e-13,-103.65904042258744,45.98490084243119,3.7445332956249176e-13,44.57930797790875,3.6300778174888484e-13,300000000000000.0,50,52000000000000.0
255000.0,256133950000000.0,6.6214524e+33,65.0955997295543,5.237605697526612e-13,-103.6590438978855,45.99674048634094,3.705510819170534e-13,44.590785731030884,3.5922481024625525e-13,300000000000000.0,50,52000000000000.0
256000.0,254814740000000.0,6.5931728e+33,65.11233463398094,5.182449998656327e-13,-103.65904737318357,46.00858013025069,3.6664883427161504e-13,44.60226348415302,3.5544183874362566e-13,300000000000000.0,50,52000000000000.0
257000.0,253492070000000.0,6.5660109e+33,65.12906953840756,5.127294299786044e-13,-103.65905084848163,46.020419774160445,3.627465866261766e-13,44.61374123727516,3.516588672409961e-13,300000000000000.0,50,52000000000000.0
258000.0,252164920000000.0,6.5394666e+33,65.14571563178109,5.072248651603013e-13,-103.65905430446435,46.032196584540756,3.5885212619767977e-13,44.62515807743818,3.4788344493165976e-13,300000000000000.0,50,52000000000000.0
259000.0,250834110000000.0,6.5130063e+33,65.1617326462839,5.017982529837459e-13,-103.65905762362983,46.043528323678686,3.5501282527319037e-13,44.636143450411126,3.4416149612393997e-13,300000000000000.0,50,52000000000000.0
260000.0,249501280000000.0,6.4867822e+33,65.1777496607867,4.963716408071905e-13,-103.65906094279532,46.05486006281662,3.511735243487009e-13,44.64712882338407,3.404395473162202e-13,300000000000000.0,50,52000000000000.0
261000.0,248167010000000.0,6.4613759e+33,65.19376667528951,4.909450286306353e-13,-103.65906426196081,46.06619180195455,3.4733422342421145e-13,44.65811419635702,3.367175985085004e-13,300000000000000.0,50,52000000000000.0
262000.0,246831510000000.0,6.4374334e+33,65.20978368979232,4.855184164540799e-13,-103.6590675811263,46.07752354109249,3.43494922499722e-13,44.669099569329966,3.329956497007806e-13,300000000000000.0,50,52000000000000.0
263000.0,245500250000000.0,6.4127701e+33,65.22513363127004,4.803180947169707e-13,-103.65907075598788,46.088383329407584,3.39815727160084e-13,44.67962741713442,3.2942891269145113e-13,300000000000000.0,50,52000000000000.0
264000.0,244181550000000.0,6.3861814e+33,65.24043284609705,4.751349809250888e-13,-103.65907391987608,46.09920722887148,3.3614870682943633e-13,44.69012047306672,3.258739785498515e-13,300000000000000.0,50,52000000000000.0
265000.0,242880020000000.0,6.3594568e+33,65.25573206092407,4.699518671332069e-13,-103.65907708376429,46.11003112833538,3.324816864987887e-13,44.70061352899902,3.223190444082519e-13,300000000000000.0,50,52000000000000.0
266000.0,241596570000000.0,6.332161e+33,65.27103127575108,4.64768753341325e-13,-103.65908024765248,46.12085502779927,3.2881466616814106e-13,44.71110658493132,3.187641102666523e-13,300000000000000.0,50,52000000000000.0
267000.0,240329140000000.0,6.3054631e+33,65.28586595328967,4.598204759923382e-13,-103.65908331145292,46.131350270060295,3.2531379416853544e-13,44.7212810294009,3.1537024596545876e-13,300000000000000.0,50,52000000000000.0
268000.0,239074830000000.0,6.2783329e+33,65.3004684257435,4.549895847337374e-13,-103.65908632522316,46.141681228687794,3.218959736015131e-13,44.731296211732534,3.120568945463857e-13,300000000000000.0,50,52000000000000.0
269000.0,237830550000000.0,6.2519556e+33,65.31507089819733,4.5015869347513675e-13,-103.65908933899341,46.15201218731529,3.184781530344908e-13,44.74131139406418,3.0874354312731266e-13,300000000000000.0,50,52000000000000.0
270000.0,236594450000000.0,6.2266088e+33,65.32967337065115,4.45327802216536e-13,-103.65909235276365,46.16234314594279,3.1506033246746846e-13,44.75132657639581,3.054301917082396e-13,300000000000000.0,50,52000000000000.0
271000.0,235363240000000.0,6.2013665e+33,65.34405489406781,4.405583074017329e-13,-103.65909531906821,46.17251778472721,3.116859514706709e-13,44.76119021695873,3.02158952085804e-13,300000000000000.0,50,52000000000000.0
272000.0,234133870000000.0,6.1761081e+33,65.357997409356,4.3591080242781323e-13,-103.65909819106226,46.18238182844123,3.083978814380267e-13,44.770752756104216,2.9897138524721983e-13,300000000000000.0,50,52000000000000.0
273000.0,232903950000000.0,6.1521047e+33,65.3719399246442,4.3126329745389355e-13,-103.6591010630563,46.19224587215524,3.051098114053825e-13,44.7803152952497,2.9578381840863564e-13,300000000000000.0,50,52000000000000.0
274000.0,231672990000000.0,6.129179e+33,65.38588243993239,4.266157924799739e-13,-103.65910393505034,46.20210991586926,3.018217413727383e-13,44.78987783439518,2.9259625157005145e-13,300000000000000.0,50,52000000000000.0
275000.0,230445730000000.0,6.1051806e+33,65.39982495522058,4.2196828750605425e-13,-103.65910680704438,46.211973959583275,2.985336713400941e-13,44.79944037354066,2.894086847314673e-13,300000000000000.0,50,52000000000000.0
276000.0,229227550000000.0,6.0827284e+33,65.41316585745135,4.175706079201716e-13,-103.65910955032153,46.22141236720299,2.9542235482075995e-13,44.80859028659058,2.8639246875768097e-13,300000000000000.0,50,52000000000000.0
277000.0,228023970000000.0,6.0595634e+33,65.42646314154298,4.1319104117010907e-13,-103.65911228426646,46.23081991536219,2.9232385328148997e-13,44.817710283430685,2.833886760612329e-13,300000000000000.0,50,52000000000000.0
278000.0,226836490000000.0,6.0361721e+33,65.4397604256346,4.0881147442004657e-13,-103.65911501821138,46.2402274635214,2.8922535174222e-13,44.8268302802708,2.803848833647849e-13,300000000000000.0,50,52000000000000.0
279000.0,225669000000000.0,6.012443e+33,65.45305770972624,4.0443190766998403e-13,-103.6591177521563,46.2496350116806,2.8612685020294997e-13,44.8359502771109,2.773810906683368e-13,300000000000000.0,50,52000000000000.0
280000.0,224525290000000.0,5.9887594e+33,65.46607173832001,4.003087009324466e-13,-103.65912042569228,46.258842159287376,2.832097210239242e-13,44.84487599884476,2.745531265019983e-13,300000000000000.0,50,52000000000000.0
281000.0,223409720000000.0,5.9663097e+33,65.47875110042153,3.964883836596859e-13,-103.65912302785506,46.267812533555485,2.8050688336633564e-13,44.85357218445724,2.719329038194147e-13,300000000000000.0,50,52000000000000.0
282000.0,222336430000000.0,5.9494243e+33,65.49143046252307,3.9266806638692526e-13,-103.65912563001784,46.27678290782359,2.778040457087471e-13,44.86226837006972,2.6931268113683107e-13,300000000000000.0,50,52000000000000.0
283000.0,221347820000000.0,5.9069141e+33,65.5041098246246,3.8884774911416456e-13,-103.65912823218062,46.28575328209169,2.751012080511585e-13,44.8709645556822,2.666924584542474e-13,300000000000000.0,50,52000000000000.0
284000.0,220332190000000.0,5.9038583e+33,65.51678918672613,3.8502743184140385e-13,-103.6591308343434,46.2947236563598,2.7239837039357e-13,44.87966074129468,2.640722357716638e-13,300000000000000.0,50,52000000000000.0
285000.0,219192330000000.0,5.9280407e+33,65.52896917242543,3.8109287245321357e-13,-103.65913333002753,46.303340726635355,2.696147146503868e-13,44.88801442200957,2.613736652933386e-13,300000000000000.0,50,52000000000000.0
286000.0,218007000000000.0,5.9360829e+33,65.54110075103533,3.77147238996902e-13,-103.65913581539014,46.31192354936161,2.6682322479994867e-13,44.89633490198624,2.5866750016549274e-13,300000000000000.0,50,52000000000000.0
287000.0,216838170000000.0,5.9100226e+33,65.55323232964521,3.7320160554059047e-13,-103.65913830075276,46.32050637208787,2.6403173494951054e-13,44.90465538196292,2.5596133503764686e-13,300000000000000.0,50,52000000000000.0
288000.0,215751180000000.0,5.8783151e+33,65.56536390825511,3.692559720842789e-13,-103.65914078611536,46.329089194814124,2.6124024509907245e-13,44.91297586193959,2.53255169909801e-13,300000000000000.0,50,52000000000000.0
289000.0,214750140000000.0,5.7872743e+33,65.57732822793616,3.655139885322794e-13,-103.65914323603508,46.33755368379057,2.585928346145913e-13,44.921181625157715,2.5068868021550317e-13,300000000000000.0,50,52000000000000.0
290000.0,213788870000000.0,5.7378214e+33,65.58888485234401,3.622684036117444e-13,-103.65914559956235,46.345729733095716,2.562966189923171e-13,44.929107765156054,2.484626507551381e-13,300000000000000.0,50,52000000000000.0
291000.0,212832530000000.0,5.6970552e+33,65.60044147675185,3.590228186912094e-13,-103.65914796308964,46.353905782400865,2.540004033700429e-13,44.937033905154394,2.462366212947731e-13,300000000000000.0,50,52000000000000.0
292000.0,211905730000000.0,5.6722832e+33,65.6119981011597,3.5577723377067443e-13,-103.65915032661691,46.362081831706014,2.517041877477688e-13,44.94496004515274,2.44010591834408e-13,300000000000000.0,50,52000000000000.0
293000.0,210995210000000.0,5.6718652e+33,65.62355472556756,3.525316488501394e-13,-103.65915269014418,46.37025788101116,2.494079721254946e-13,44.95288618515108,2.41784562374043e-13,300000000000000.0,50,52000000000000.0
294000.0,210042130000000.0,5.693034e+33,65.63482535744616,3.492000962765941e-13,-103.65915499295296,46.378231593748446,2.470509393484561e-13,44.9606161732042,2.394995746987343e-13,300000000000000.0,50,52000000000000.0
295000.0,209052250000000.0,5.6877166e+33,65.64590134563029,3.458100349663701e-13,-103.65915725443733,46.386067598213444,2.4465251501576786e-13,44.96821266217818,2.3717446064388177e-13,300000000000000.0,50,52000000000000.0
296000.0,208055910000000.0,5.6474742e+33,65.65697733381444,3.424199736561461e-13,-103.6591595159217,46.393903602678435,2.4225409068307964e-13,44.97580915115217,2.3484934658902924e-13,300000000000000.0,50,52000000000000.0
297000.0,207041470000000.0,5.6009534e+33,65.66805332199858,3.3902991234592213e-13,-103.65916177740606,46.401739607143426,2.3985566635039143e-13,44.98340564012615,2.3252423253417677e-13,300000000000000.0,50,52000000000000.0
298000.0,205975990000000.0,5.5503484e+33,65.67912931018273,3.356398510356981e-13,-103.65916403889042,46.40957561160842,2.374572420177032e-13,44.99100212910014,2.3019911847932424e-13,300000000000000.0,50,52000000000000.0
299000.0,204893950000000.0,5.5149679e+33,65.68978552289711,3.3218308128207164e-13,-103.65916621180988,46.41711463038236,2.3501162715493147e-13,44.99831071005261,2.2782825632299834e-13,300000000000000.0,50,52000000000000.0
300000.0,203827700000000.0,5.4886273e+33,65.7003513138687,3.2871194219496687e-13,-103.659168365652,46.424589676948045,2.3255584721515894e-13,45.00555727417241,2.2544753979603293e-13,300000000000000.0,50,52000000000000.0
301000.0,202775630000000.0,5.4610855e+33,65.71091710484029,3.252408031078621e-13,-103.65917051949413,46.43206472351373,2.301000672753864e-13,45.012803838292214,2.2306682326906756e-13,300000000000000.0,50,52000000000000.0
302000.0,201717970000000.0,5.4332095e+33,65.72148289581187,3.217696640207573e-13,-103.65917267333624,46.43953977007942,2.276442873356139e-13,45.02005040241201,2.2068610674210218e-13,300000000000000.0,50,52000000000000.0
303000.0,200654180000000.0,5.4087142e+33,65.73204868678346,3.182985249336525e-13,-103.65917482717836,46.44701481664511,2.2518850739584136e-13,45.027296966531814,2.183053902151368e-13,300000000000000.0,50,52000000000000.0
304000.0,199609030000000.0,5.3880256e+33,65.74209797331856,3.1515045873277886e-13,-103.65917687262923,46.45412444390546,2.229612983165267e-13,45.034189280759186,2.1614625804835763e-13,300000000000000.0,50,52000000000000.0
305000.0,198601570000000.0,5.3746087e+33,65.75213286816944,3.120113945125833e-13,-103.65917891505993,46.46122388926052,2.207404580491957e-13,45.041071724301574,2.1399330002436163e-13,300000000000000.0,50,52000000000000.0
306000.0,197627140000000.0,5.3719164e+33,65.76216776302032,3.088723302923877e-13,-103.65918095749063,46.46832333461559,2.1851961778186468e-13,45.04795416784396,2.1184034200036564e-13,300000000000000.0,50,52000000000000.0
307000.0,196670050000000.0,5.3702688e+33,65.77220265787119,3.057332660721921e-13,-103.65918299992133,46.47542277997066,2.1629877751453366e-13,45.05483661138634,2.0968738397636962e-13,300000000000000.0,50,52000000000000.0
308000.0,195719350000000.0,5.3624078e+33,65.78221602163478,3.026050786776634e-13,-103.65918503784086,46.482506992408425,2.1408563251660562e-13,45.061704287621055,2.0754188600806922e-13,300000000000000.0,50,52000000000000.0
309000.0,194773420000000.0,5.347492e+33,65.79176300084099,2.9971249403997595e-13,-103.65918697804403,46.48926124485416,2.1203917463323761e-13,45.06825208942676,2.0555798019375824e-13,300000000000000.0,50,52000000000000.0
310000.0,193833870000000.0,5.3322556e+33,65.8013099800472,2.968199094022885e-13,-103.65918891824721,46.4960154972999,2.099927167498696e-13,45.07479989123245,2.0357407437944724e-13,300000000000000.0,50,52000000000000.0
311000.0,192901640000000.0,5.3168505e+33,65.8108569592534,2.939273247646011e-13,-103.65919085845037,46.50276974974564,2.079462588665016e-13,45.08134769303815,2.0159016856513624e-13,300000000000000.0,50,52000000000000.0
312000.0,191975910000000.0,5.3016729e+33,65.8204039384596,2.9103474012691366e-13,-103.65919279865355,46.50952400219138,2.058998009831336e-13,45.08789549484385,1.9960626275082526e-13,300000000000000.0,50,52000000000000.0
313000.0,191056390000000.0,5.2849616e+33,65.82993483466355,2.8814749944678264e-13,-103.6591947354938,46.51626687616737,2.038571239468698e-13,45.09443226597432,1.9762602221821209e-13,300000000000000.0,50,52000000000000.0
314000.0,190142410000000.0,5.266311e+33,65.83902489654504,2.854067363875446e-13,-103.65919658015638,46.522697866832274,2.019180797488044e-13,45.10066668682468,1.9574624688153917e-13,300000000000000.0,50,52000000000000.0
315000.0,189233310000000.0,5.245337e+33,65.84811495842655,2.8266597332830655e-13,-103.65919842481894,46.52912885749718,1.9997903555073901e-13,45.10690110767504,1.9386647154486625e-13,300000000000000.0,50,52000000000000.0
316000.0,188328150000000.0,5.2222511e+33,65.85720502030804,2.7992521026906846e-13,-103.6592002694815,46.53555984816208,1.9803999135267362e-13,45.113135528525405,1.9198669620819333e-13,300000000000000.0,50,52000000000000.0
317000.0,187425200000000.0,5.1967352e+33,65.86629508218955,2.771844472098304e-13,-103.65920211414407,46.54199083882698,1.9610094715460824e-13,45.119369949375766,1.901069208715204e-13,300000000000000.0,50,52000000000000.0
318000.0,186522320000000.0,5.169564e+33,65.87538514407105,2.7444368415059237e-13,-103.65920395880663,46.54842182949188,1.9416190295654287e-13,45.12560437022613,1.8822714553484752e-13,300000000000000.0,50,52000000000000.0
319000.0,185617770000000.0,5.141574e+33,65.88405951628584,2.7176391387712964e-13,-103.65920571678372,46.554558726643776,1.9226601284955335e-13,45.131553686831325,1.8638920524166287e-13,300000000000000.0,50,52000000000000.0
320000.0,184710540000000.0,5.1122714e+33,65.89270960109144,2.6908770721581617e-13,-103.65920746969604,46.56067844085833,1.90372644097201e-13,45.13748634571317,1.845537092354106e-13,300000000000000.0,50,52000000000000.0
321000.0,183800450000000.0,5.0835895e+33,65.90135968589703,2.664115005545027e-13,-103.65920922260838,46.56679815507289,1.8847927534484865e-13,45.14341900459502,1.827182132291583e-13,300000000000000.0,50,52000000000000.0
322000.0,182888640000000.0,5.0565809e+33,65.91000977070263,2.6373529389318924e-13,-103.65921097552071,46.572917869287444,1.865859065924963e-13,45.14935166347687,1.8088271722290603e-13,300000000000000.0,50,52000000000000.0
323000.0,181975810000000.0,5.0298173e+33,65.91865985550821,2.610590872318757e-13,-103.65921272843303,46.579037583502,1.8469253784014394e-13,45.15528432235872,1.7904722121665376e-13,300000000000000.0,50,52000000000000.0
324000.0,181062500000000.0,5.00397e+33,65.92697305765323,2.584346378545744e-13,-103.65921441133433,46.58491895920855,1.8283578852015404e-13,45.160985927792034,1.772472253333767e-13,300000000000000.0,50,52000000000000.0
325000.0,180149420000000.0,4.9787147e+33,65.93518654097102,2.558255088729627e-13,-103.65921607351204,46.5907297856133,1.8098987872168136e-13,45.166619140334866,1.7545773765085618e-13,300000000000000.0,50,52000000000000.0
326000.0,179237320000000.0,4.9544231e+33,65.94340002428882,2.532163798913511e-13,-103.65921773568974,46.59654061201804,1.791439689232087e-13,45.1722523528777,1.7366824996833566e-13,300000000000000.0,50,52000000000000.0
327000.0,178326510000000.0,4.9320654e+33,65.95161350760662,2.506072509097394e-13,-103.65921939786745,46.60235143842278,1.77298059124736e-13,45.17788556542054,1.7187876228581514e-13,300000000000000.0,50,52000000000000.0
328000.0,177416410000000.0,4.911955e+33,65.95982699092441,2.4799812192812775e-13,-103.65922106004516,46.60816226482753,1.7545214932626331e-13,45.18351877796337,1.7008927460329462e-13,300000000000000.0,50,52000000000000.0
329000.0,176505270000000.0,4.8959855e+33,65.96781801331959,2.4546116824438693e-13,-103.65922267614332,46.61381570430362,1.7365730319432822e-13,45.18899941426958,1.6834928977468603e-13,300000000000000.0,50,52000000000000.0
330000.0,175588620000000.0,4.8924852e+33,65.97559891496051,2.429923862100644e-13,-103.65922424871802,46.61932048728866,1.7191068816743748e-13,45.19433593792202,1.666560618186037e-13,300000000000000.0,50,52000000000000.0
331000.0,174671210000000.0,4.8735451e+33,65.98337981660144,2.4052360417574195e-13,-103.65922582129272,46.624825270273696,1.7016407314054674e-13,45.19967246157446,1.6496283386252135e-13,300000000000000.0,50,52000000000000.0
332000.0,173789830000000.0,4.8472212e+33,65.99116071824236,2.3805482214141944e-13,-103.65922739386743,46.63033005325873,1.68417458113656e-13,45.2050089852269,1.6326960590643903e-13,300000000000000.0,50,52000000000000.0
333000.0,172932190000000.0,4.8258745e+33,65.99894161988328,2.3558604010709693e-13,-103.65922896644213,46.63583483624377,1.6667084308676522e-13,45.210345508879335,1.6157637795035668e-13,300000000000000.0,50,52000000000000.0
334000.0,172087850000000.0,4.8052244e+33,66.00665121858756,2.331496674915331e-13,-103.65923052428475,46.64128917379504,1.6494715732169984e-13,45.21563312901417,1.5990537839991157e-13,300000000000000.0,50,52000000000000.0
335000.0,171239970000000.0,4.7864261e+33,66.01401614992574,2.3086995699292363e-13,-103.65923201091476,46.64649966592271,1.6333430806143313e-13,45.22068435710964,1.5834182752386507e-13,300000000000000.0,50,52000000000000.0
336000.0,170384950000000.0,4.7690651e+33,66.02138108126391,2.285902464943142e-13,-103.65923349754479,46.651710158050385,1.617214588011664e-13,45.225735585205115,1.5677827664781858e-13,300000000000000.0,50,52000000000000.0
337000.0,169537070000000.0,4.7501831e+33,66.02874601260208,2.2631053599570474e-13,-103.6592349841748,46.656920650178066,1.6010860954089966e-13,45.23078681330058,1.5521472577177209e-13,300000000000000.0,50,52000000000000.0
338000.0,168707700000000.0,4.7309833e+33,66.03611094394026,2.2403082549709529e-13,-103.65923647080481,46.66213114230574,1.5849576028063295e-13,45.23583804139606,1.5365117489572562e-13,300000000000000.0,50,52000000000000.0
339000.0,167875540000000.0,4.7148357e+33,66.04347587527843,2.2175111499848581e-13,-103.65923795743483,46.66734163443341,1.5688291102036621e-13,45.240889269491525,1.5208762401967912e-13,300000000000000.0,50,52000000000000.0
340000.0,167028950000000.0,4.6992229e+33,66.05055129089538,2.1967210021709713e-13,-103.6592393843615,46.672347300019695,1.5541205029897974e-13,45.24574193177795,1.5066172165802059e-13,300000000000000.0,50,52000000000000.0
341000.0,166199290000000.0,4.6813516e+33,66.05752586135728,2.176629924882032e-13,-103.65924079049209,46.67728161968998,1.5399064753503556e-13,45.25052542890914,1.4928376552089737e-13,300000000000000.0,50,52000000000000.0
342000.0,165405880000000.0,4.6637052e+33,66.06450043181917,2.1565388475930927e-13,-103.65924219662267,46.68221593936026,1.5256924477109138e-13,45.25530892604033,1.4790580938377418e-13,300000000000000.0,50,52000000000000.0
343000.0,164649540000000.0,4.6486652e+33,66.07147500228108,2.1364477703041535e-13,-103.65924360275326,46.687150259030545,1.511478420071472e-13,45.260092423171514,1.4652785324665096e-13,300000000000000.0,50,52000000000000.0
344000.0,163945210000000.0,4.6359294e+33,66.07844957274297,2.1163566930152143e-13,-103.65924500888384,46.69208457870083,1.4972643924320302e-13,45.26487592030271,1.4514989710952775e-13,300000000000000.0,50,52000000000000.0
345000.0,163305180000000.0,4.6246644e+33,66.08534596998787,2.097303883454972e-13,-103.65924639890638,46.6969635924136,1.4837849150375526e-13,45.26960580195944,1.438431507689459e-13,300000000000000.0,50,52000000000000.0
346000.0,162693830000000.0,4.612487e+33,66.09197092000873,2.0818563354361848e-13,-103.65924773299558,46.70165056274861,1.4728560762454695e-13,45.27414951024035,1.4278367200083043e-13,300000000000000.0,50,52000000000000.0
347000.0,162100040000000.0,4.6006013e+33,66.09859587002958,2.0664087874173973e-13,-103.6592490670848,46.70633753308363,1.4619272374533863e-13,45.278693218521255,1.41724193232715e-13,300000000000000.0,50,52000000000000.0
348000.0,161514050000000.0,4.588981e+33,66.10522082005043,2.0509612393986098e-13,-103.659250401174,46.71102450341864,1.4509983986613032e-13,45.28323692680217,1.4066471446459954e-13,300000000000000.0,50,52000000000000.0
349000.0,160919500000000.0,4.5833113e+33,66.11184577007128,2.0355136913798222e-13,-103.65925173526323,46.71571147375365,1.44006955986922e-13,45.287780635083074,1.3960523569648409e-13,300000000000000.0,50,52000000000000.0
350000.0,160324820000000.0,4.5821262e+33,66.11847072009213,2.0200661433610347e-13,-103.65925306935245,46.720398444088666,1.4291407210771369e-13,45.29232434336398,1.3854575692836865e-13,300000000000000.0,50,52000000000000.0
351000.0,159708000000000.0,4.6315586e+33,66.12492744821142,1.9995033907393244e-13,-103.65925436868153,46.72496640071086,1.4145930284582976e-13,45.296752675707666,1.3713545417592303e-13,300000000000000.0,50,52000000000000.0
352000.0,158971590000000.0,4.6019534e+33,66.13127921115432,1.975748911307408e-13,-103.6592556463214,46.729460096518984,1.3977872848566154e-13,45.301109017094845,1.3550624828990377e-13,300000000000000.0,50,52000000000000.0
353000.0,157651270000000.0,4.6140171e+33,66.13763097409723,1.9519944318754917e-13,-103.65925692396125,46.73395379232711,1.3809815412549328e-13,45.30546535848202,1.338770424038845e-13,300000000000000.0,50,52000000000000.0
354000.0,156422360000000.0,4.6632909e+33,66.14398273704015,1.928239952443575e-13,-103.65925820160112,46.73844748813523,1.3641757976532506e-13,45.3098216998692,1.3224783651786528e-13,300000000000000.0,50,52000000000000.0
355000.0,155425910000000.0,4.5570906e+33,66.15033449998306,1.9044854730116587e-13,-103.65925947924099,46.74294118394335,1.3473700540515683e-13,45.31417804125637,1.3061863063184602e-13,300000000000000.0,50,52000000000000.0
356000.0,154706530000000.0,4.4766085e+33,66.15668626292596,1.8807309935797423e-13,-103.65926075688085,46.747434879751474,1.3305643104498858e-13,45.31853438264355,1.2898942474582678e-13,300000000000000.0,50,52000000000000.0
357000.0,154105830000000.0,4.4293765e+33,66.16264664323741,1.8649892665372044e-13,-103.65926195460008,46.75165168141955,1.3194273823015537e-13,45.32262229344327,1.279097730900151e-13,300000000000000.0,50,52000000000000.0
358000.0,153546890000000.0,4.3920525e+33,66.16857147966999,1.8499752271267623e-13,-103.65926314506123,46.75584333661719,1.3088052743664987e-13,45.32668582640014,1.268800298548128e-13,300000000000000.0,50,52000000000000.0
359000.0,152925850000000.0,4.4655475e+33,66.17449631610256,1.8349611877163199e-13,-103.65926433552238,46.76003499181483,1.2981831664314433e-13,45.330749359357,1.258502866196105e-13,300000000000000.0,50,52000000000000.0
360000.0,152260360000000.0,4.3911936e+33,66.18042115253515,1.8199471483058777e-13,-103.65926552598353,46.764226647012464,1.2875610584963883e-13,45.33481289231387,1.248205433844082e-13,300000000000000.0,50,52000000000000.0
361000.0,151631960000000.0,4.3437159e+33,66.18634598896773,1.8049331088954353e-13,-103.65926671644468,46.76841830221011,1.276938950561333e-13,45.33887642527073,1.237908001492059e-13,300000000000000.0,50,52000000000000.0
362000.0,150994500000000.0,4.3177077e+33,66.19223654172703,1.789659008464196e-13,-103.6592678998702,46.7725857024509,1.2661328586644285e-13,45.3429164446483,1.2274322088375228e-13,300000000000000.0,50,52000000000000.0
363000.0,150275430000000.0,4.3016522e+33,66.1978871499271,1.7725647930614246e-13,-103.65926903405476,46.77658334710913,1.2540390998866624e-13,45.34679189719615,1.215708108166905e-13,300000000000000.0,50,52000000000000.0
364000.0,149623650000000.0,4.3955408e+33,66.20353775812715,1.7554705776586533e-13,-103.6592701682393,46.78058099176737,1.2419453411088964e-13,45.350667349744,1.203984007496287e-13,300000000000000.0,50,52000000000000.0
365000.0,148961250000000.0,4.3384016e+33,66.20918836632723,1.7383763622558818e-13,-103.65927130242386,46.78457863642561,1.22985158233113e-13,45.354542802291846,1.1922599068256692e-13,300000000000000.0,50,52000000000000.0
366000.0,148252040000000.0,4.3371982e+33,66.21483897452728,1.7212821468531106e-13,-103.65927243660842,46.78857628108384,1.217757823553364e-13,45.3584182548397,1.1805358061550515e-13,300000000000000.0,50,52000000000000.0
367000.0,147460230000000.0,4.3735253e+33,66.22048958272735,1.704187931450339e-13,-103.65927357079298,46.792573925742076,1.2056640647755977e-13,45.36229370738754,1.1688117054844335e-13,300000000000000.0,50,52000000000000.0
368000.0,146603240000000.0,4.3176879e+33,66.22606432759542,1.6867120523728066e-13,-103.65927468949334,46.79651789886199,1.1933002936566335e-13,45.36611712892254,1.1568258456785081e-13,300000000000000.0,50,52000000000000.0
369000.0,145664730000000.0,4.3197143e+33,66.2313976352694,1.6680215178837626e-13,-103.65927575891489,46.80029106079715,1.1800772006448644e-13,45.369774960291345,1.144006930040343e-13,300000000000000.0,50,52000000000000.0
370000.0,144839640000000.0,4.27134391e+33,66.23673094294338,1.6493309833947186e-13,-103.65927682833642,46.8040642227323,1.166854107633095e-13,45.37343279166016,1.1311880144021779e-13,300000000000000.0,50,52000000000000.0
371000.0,143958050000000.0,4.2698977e+33,66.24206425061735,1.6306404489056746e-13,-103.65927789775796,46.80783738466746,1.1536310146213256e-13,45.37709062302896,1.1183690987640128e-13,300000000000000.0,50,52000000000000.0
372000.0,143245280000000.0,4.3258378e+33,66.24739755829133,1.6119499144166306e-13,-103.6592789671795,46.81161054660261,1.1404079216095564e-13,45.380748454397775,1.1055501831258478e-13,300000000000000.0,50,52000000000000.0
373000.0,142537510000000.0,4.3640275e+33,66.2527308659653,1.5932593799275866e-13,-103.65928003660103,46.81538370853776,1.127184828597787e-13,45.38440628576658,1.0927312674876827e-13,300000000000000.0,50,52000000000000.0
374000.0,141688100000000.0,4.3168271e+33,66.25797341199542,1.575274061421721e-13,-103.6592810875758,46.81909265884434,1.114460659291783e-13,45.38800186820097,1.0803960254418255e-13,300000000000000.0,50,52000000000000.0
375000.0,141019050000000.0,4.3032593e+33,66.26295414561648,1.5593230195954572e-13,-103.65928208533875,46.82261638331702,1.1031756928452552e-13,45.39141788641868,1.0694559955477636e-13,300000000000000.0,50,52000000000000.0
376000.0,140374600000000.0,4.2530611e+33,66.26793487923753,1.5433719777691931e-13,-103.65928308310168,46.82614010778969,1.0918907263987274e-13,45.39483390463638,1.0585159656537015e-13,300000000000000.0,50,52000000000000.0
377000.0,139590620000000.0,4.2314053e+33,66.27291561285858,1.5274209359429293e-13,-103.65928408086462,46.82966383226236,1.0806057599521996e-13,45.398249922854085,1.0475759357596395e-13,300000000000000.0,50,52000000000000.0
378000.0,138907220000000.0,4.2461738e+33,66.27789634647964,1.5114698941166654e-13,-103.65928507862756,46.83318755673504,1.0693207935056719e-13,45.40166594107179,1.0366359058655776e-13,300000000000000.0,50,52000000000000.0
379000.0,138161230000000.0,4.2660333e+33,66.28287708010069,1.4955188522904016e-13,-103.6592860763905,46.83671128120771,1.058035827059144e-13,45.4050819592895,1.0256958759715157e-13,300000000000000.0,50,52000000000000.0
380000.0,137372200000000.0,4.2074966e+33,66.2878032393927,1.4805155903198935e-13,-103.65928706306825,46.84019639569624,1.0474213891261729e-13,45.408460547676746,1.0154058791995814e-13,300000000000000.0,50,52000000000000.0
381000.0,136791520000000.0,4.1865161e+33,66.29247818202172,1.4698751505186717e-13,-103.6592879987186,46.84350378062681,1.0398935294173724e-13,45.411666838991934,1.0081081162240999e-13,300000000000000.0,50,52000000000000.0
382000.0,136253550000000.0,4.1176216e+33,66.29715312465075,1.45923471071745e-13,-103.65928893436896,46.84681116555739,1.0323656697085718e-13,45.41487313030712,1.0008103532486185e-13,300000000000000.0,50,52000000000000.0
383000.0,135797640000000.0,4.0202706e+33,66.30182806727977,1.4485942709162283e-13,-103.65928987001932,46.85011855048797,1.0248378099997712e-13,45.41807942162231,9.93512590273137e-14,300000000000000.0,50,52000000000000.0
384000.0,135372510000000.0,4.048154e+33,66.3065030099088,1.437953831115007e-13,-103.65929080566968,46.85342593541854,1.0173099502909707e-13,45.421285712937504,9.862148272976557e-14,300000000000000.0,50,52000000000000.0
385000.0,134935160000000.0,3.9418155e+33,66.31117795253782,1.4273133913137852e-13,-103.65929174132005,46.85673332034912,1.0097820905821702e-13,45.42449200425269,9.789170643221743e-14,300000000000000.0,50,52000000000000.0
386000.0,134458560000000.0,3.8815961e+33,66.31585276286044,1.4166724237488545e-13,-103.65929267694342,46.860040611676055,1.0022538575015507e-13,45.427698204825326,9.716189393873691e-14,300000000000000.0,50,52000000000000.0
387000.0,133851940000000.0,4.1967179e+33,66.32032040409666,1.405205068829064e-13,-103.65929357032567,46.86320133577007,9.94140988257606e-14,45.43076231814247,9.637540482974244e-14,300000000000000.0,50,52000000000000.0
388000.0,133301900000000.0,4.0756159e+33,66.32478804533287,1.3937377139092735e-13,-103.65929446370792,46.866362059864095,9.860281190136612e-14,45.433826431459615,9.558891572074798e-14,300000000000000.0,50,52000000000000.0
389000.0,132744300000000.0,4.0611685e+33,66.32925568656907,1.382270358989483e-13,-103.65929535709017,46.86952278395811,9.779152497697165e-14,45.43689054477675,9.48024266117535e-14,300000000000000.0,50,52000000000000.0
390000.0,132210580000000.0,3.9045759e+33,66.33372332780527,1.3708030040696926e-13,-103.65929625047242,46.872683508052134,9.698023805257719e-14,45.439954658093896,9.401593750275905e-14,300000000000000.0,50,52000000000000.0
391000.0,131741380000000.0,3.8848387e+33,66.33819096904148,1.359335649149902e-13,-103.65929714385467,46.87584423214615,9.616895112818272e-14,45.44301877141104,9.322944839376457e-14,300000000000000.0,50,52000000000000.0
392000.0,131229270000000.0,3.7465599e+33,66.3426586102777,1.3478682942301113e-13,-103.65929803723692,46.87900495624017,9.535766420378824e-14,45.44608288472818,9.244295928477011e-14,300000000000000.0,50,52000000000000.0
393000.0,130495170000000.0,3.7426317e+33,66.34696225107442,1.3354512194852934e-13,-103.65929889730675,46.88204965409007,9.447918807683657e-14,45.44903451826213,9.159133468046108e-14,300000000000000.0,50,52000000000000.0
394000.0,129878790000000.0,3.8700114e+33,66.3512028468087,1.3226690533671456e-13,-103.6592997445706,46.88504974912164,9.357488307110598e-14,45.45194291230857,9.071467068368047e-14,300000000000000.0,50,52000000000000.0
395000.0,129174720000000.0,4.0781526e+33,66.355443442543,1.3098868872489977e-13,-103.65930059183447,46.888049844153215,9.267057806537537e-14,45.454851306354996,8.983800668689986e-14,300000000000000.0,50,52000000000000.0
396000.0,128489520000000.0,3.7904975e+33,66.3596840382773,1.29710472113085e-13,-103.65930143909833,46.891049939184796,9.176627305964478e-14,45.45775970040143,8.896134269011924e-14,300000000000000.0,50,52000000000000.0
397000.0,127962700000000.0,3.8137358e+33,66.36392463401158,1.284322555012702e-13,-103.65930228636219,46.89405003421637,9.086196805391419e-14,45.46066809444787,8.808467869333861e-14,300000000000000.0,50,52000000000000.0
398000.0,127470920000000.0,3.7129555e+33,66.36816522974587,1.2715403888945542e-13,-103.65930313362604,46.897050129247944,8.99576630481836e-14,45.463576488494304,8.7208014696558e-14,300000000000000.0,50,52000000000000.0
399000.0,126779370000000.0,3.8581755e+33,66.37231789268739,1.259464444704563e-13,-103.65930396309932,46.89998801411582,8.910332141655877e-14,45.46642457389443,8.637978689217094e-14,300000000000000.0,50,52000000000000.0
400000.0,126195330000000.0,3.7514976e+33,66.37630129425612,1.248747903409798e-13,-103.65930475832761,46.90280615096503,8.834515402238921e-14,45.46915657149675,8.564479366115013e-14,300000000000000.0,50,52000000000000.0
401000.0,125720570000000.0,3.6744332e+33,66.38028469582484,1.238031362115033e-13,-103.6593055535559,46.90562428781423,8.758698662821965e-14,45.47188856909907,8.490980043012932e-14,300000000000000.0,50,52000000000000.0
402000.0,125136460000000.0,3.6169252e+33,66.38426809739357,1.2273148208202684e-13,-103.65930634878418,46.90844242466343,8.68288192340501e-14,45.47462056670139,8.41748071991085e-14,300000000000000.0,50,52000000000000.0
403000.0,124542140000000.0,3.5981576e+33,66.38825149896229,1.2165982795255035e-13,-103.65930714401247,46.911260561512634,8.607065183988054e-14,45.477352564303715,8.343981396808769e-14,300000000000000.0,50,52000000000000.0
404000.0,124043360000000.0,3.5753937e+33,66.39223490053102,1.2058817382307385e-13,-103.65930793924076,46.914078698361834,8.531248444571099e-14,45.48008456190603,8.270482073706688e-14,300000000000000.0,50,52000000000000.0
405000.0,123569280000000.0,3.5625094e+33,66.39621830209974,1.1951651969359736e-13,-103.65930873446905,46.916896835211034,8.455431705154143e-14,45.48281655950835,8.196982750604606e-14,300000000000000.0,50,52000000000000.0
406000.0,123059060000000.0,3.5345243e+33,66.40001375249157,1.1844984535235543e-13,-103.65930949167438,46.91958200149623,8.379967333501124e-14,45.485419650928186,8.123825024810853e-14,300000000000000.0,50,52000000000000.0
407000.0,122547720000000.0,3.4959778e+33,66.40377801575241,1.1738399731776684e-13,-103.65931024257047,46.922245103698266,8.304561430966476e-14,45.488001352676164,8.050723980971299e-14,300000000000000.0,50,52000000000000.0
408000.0,122019670000000.0,3.4675163e+33,66.40754227901326,1.1631814928317822e-13,-103.65931099346656,46.924908205900294,8.229155528431831e-14,45.490583054424135,7.977622937131744e-14,300000000000000.0,50,52000000000000.0
409000.0,121463060000000.0,3.5370665e+33,66.41130654227409,1.1525230124858963e-13,-103.65931174436265,46.92757130810233,8.153749625897184e-14,45.49316475617211,7.904521893292189e-14,300000000000000.0,50,52000000000000.0
410000.0,120812460000000.0,3.5597977e+33,66.41507080553494,1.1418645321400104e-13,-103.65931249525875,46.930234410304365,8.078343723362538e-14,45.49574645792009,7.831420849452636e-14,300000000000000.0,50,52000000000000.0
411000.0,120222160000000.0,3.511945e+33,66.41883506879577,1.1312060517941243e-13,-103.65931324615484,46.9328975125064,8.00293782082789e-14,45.49832815966807,7.758319805613081e-14,300000000000000.0,50,52000000000000.0
412000.0,119687220000000.0,3.4812831e+33,66.4225399695943,1.1209868595371254e-13,-103.65931398506788,46.93551861735138,7.93063976519564e-14,45.50086914775125,7.688231614150515e-14,300000000000000.0,50,52000000000000.0
413000.0,119168990000000.0,3.4329165e+33,66.42608273681941,1.1119674717496318e-13,-103.65931469125228,46.93802501702228,7.866830008468735e-14,45.503298936741565,7.626372268038677e-14,300000000000000.0,50,52000000000000.0
414000.0,118697820000000.0,3.4029075e+33,66.42962550404452,1.1029480839621383e-13,-103.65931539743667,46.94053141669318,7.80302025174183e-14,45.505728725731885,7.56451292192684e-14,300000000000000.0,50,52000000000000.0
415000.0,118225930000000.0,3.3802856e+33,66.43316827126964,1.0939286961746447e-13,-103.65931610362108,46.94303781636409,7.739210495014923e-14,45.5081585147222,7.502653575815003e-14,300000000000000.0,50,52000000000000.0
416000.0,117745770000000.0,3.353547e+33,66.43671103849475,1.0849093083871512e-13,-103.65931680980547,46.94554421603499,7.675400738288018e-14,45.51058830371252,7.440794229703165e-14,300000000000000.0,50,52000000000000.0
417000.0,117267760000000.0,3.3676965e+33,66.44025380571986,1.0758899205996576e-13,-103.65931751598987,46.948050615705895,7.611590981561113e-14,45.51301809270283,7.378934883591329e-14,300000000000000.0,50,52000000000000.0
418000.0,116800960000000.0,3.3810901e+33,66.44379657294498,1.0668705328121641e-13,-103.65931822217426,46.9505570153768,7.547781224834208e-14,45.51544788169315,7.317075537479491e-14,300000000000000.0,50,52000000000000.0
419000.0,116298470000000.0,3.3834325e+33,66.44723054632753,1.0578994225141111e-13,-103.65931890640022,46.952986446313346,7.48431304876656e-14,45.517803054577364,7.255547331276998e-14,300000000000000.0,50,52000000000000.0
420000.0,115794970000000.0,3.3713629e+33,66.45058283120464,1.0489645616568992e-13,-103.65931957413854,46.955358084816716,7.421101350573873e-14,45.520102201513346,7.194267763450132e-14,300000000000000.0,50,52000000000000.0
421000.0,115328310000000.0,3.3120482e+33,66.45393511608174,1.0400297007996872e-13,-103.65932024187686,46.95772972332008,7.357889652381186e-14,45.522401348449336,7.132988195623267e-14,300000000000000.0,50,52000000000000.0
422000.0,114820560000000.0,3.2973763e+33,66.45728740095885,1.0310948399424752e-13,-103.65932090961518,46.96010136182345,7.294677954188499e-14,45.52470049538532,7.0717086277964e-14,300000000000000.0,50,52000000000000.0
423000.0,114314710000000.0,3.2800721e+33,66.46063968583594,1.0221599790852632e-13,-103.65932157735348,46.96247300032681,7.231466255995811e-14,45.52699964232131,7.010429059969534e-14,300000000000000.0,50,52000000000000.0
424000.0,113859270000000.0,3.299257e+33,66.46399197071305,1.0132251182280512e-13,-103.6593222450918,46.96484463883018,7.168254557803125e-14,45.52929878925729,6.949149492142668e-14,300000000000000.0,50,52000000000000.0
425000.0,113359840000000.0,3.2443282e+33,66.46734425559016,1.0042902573708394e-13,-103.65932291283012,46.96721627733354,7.105042859610437e-14,45.53159793619328,6.887869924315801e-14,300000000000000.0,50,52000000000000.0
426000.0,112768900000000.0,3.2449569e+33,66.47054976889292,9.946661760621154e-14,-103.65932355100253,46.96948407896011,7.036955182525245e-14,45.533796420133065,6.82186341691954e-14,300000000000000.0,50,52000000000000.0
427000.0,112120430000000.0,3.4717159e+33,66.4737102873871,9.848308049146452e-14,-103.6593241801111,46.97172004798956,6.967372708250466e-14,45.535964044471704,6.754407802351269e-14,300000000000000.0,50,52000000000000.0
428000.0,111613670000000.0,3.3644718e+33,66.4768708058813,9.749954337671751e-14,-103.65932480921967,46.97395601701901,6.897790233975686e-14,45.538131668810344,6.686952187783e-14,300000000000000.0,50,52000000000000.0
429000.0,111156840000000.0,3.3727492e+33,66.4800313243755,9.65160062619705e-14,-103.65932543832825,46.97619198604846,6.828207759700906e-14,45.54029929314899,6.61949657321473e-14,300000000000000.0,50,52000000000000.0
430000.0,110601170000000.0,3.3956081e+33,66.48319184286969,9.553246914722348e-14,-103.65932606743682,46.97842795507791,6.758625285426126e-14,45.54246691748763,6.552040958646461e-14,300000000000000.0,50,52000000000000.0
431000.0,110066270000000.0,3.4331562e+33,66.48635236136388,9.454893203247646e-14,-103.65932669654539,46.98066392410736,6.689042811151346e-14,45.54463454182627,6.48458534407819e-14,300000000000000.0,50,52000000000000.0
432000.0,109411670000000.0,3.161944e+33,66.48951287985808,9.356539491772945e-14,-103.65932732565398,46.98289989313682,6.619460336876567e-14,45.54680216616491,6.417129729509921e-14,300000000000000.0,50,52000000000000.0
433000.0,108865110000000.0,3.1324899e+33,66.4924912889206,9.258857164281544e-14,-103.65932791818607,46.98500702488443,6.550352893431405e-14,45.54884489126541,6.350134625986249e-14,300000000000000.0,50,52000000000000.0
434000.0,108363550000000.0,3.1393653e+33,66.49543728017588,9.161294351723298e-14,-103.65932850420708,46.98709122194861,6.481330011547527e-14,45.550865382704586,6.283221499316481e-14,300000000000000.0,50,52000000000000.0
435000.0,107803260000000.0,3.1869995e+33,66.49838327143117,9.063731539165052e-14,-103.6593290902281,46.98917541901279,6.412307129663648e-14,45.55288587414377,6.216308372646712e-14,300000000000000.0,50,52000000000000.0
436000.0,107114380000000.0,3.1539153e+33,66.50132926268645,8.966168726606807e-14,-103.65932967624911,46.99125961607697,6.34328424777977e-14,45.554906365582944,6.149395245976945e-14,300000000000000.0,50,52000000000000.0
437000.0,106449830000000.0,3.118557e+33,66.50427525394174,8.868605914048561e-14,-103.65933026227013,46.99334381314114,6.274261365895892e-14,45.55692685702213,6.082482119307176e-14,300000000000000.0,50,52000000000000.0
438000.0,105874110000000.0,3.1044021e+33,66.50722124519702,8.771043101490315e-14,-103.65933084829115,46.995428010205316,6.205238484012014e-14,45.5589473484613,6.015568992637408e-14,300000000000000.0,50,52000000000000.0
439000.0,105352230000000.0,3.0903762e+33,66.5101672364523,8.67348028893207e-14,-103.65933143431216,46.997512207269494,6.136215602128135e-14,45.560967839900485,5.94865586596764e-14,300000000000000.0,50,52000000000000.0
440000.0,104818440000000.0,3.1207425e+33,66.5129359110304,8.598843853344761e-14,-103.65933198478398,46.999470957887986,6.083412452677166e-14,45.562866719293325,5.897466698956413e-14,300000000000000.0,50,52000000000000.0
441000.0,104388140000000.0,3.0345429e+33,66.51566563889449,8.529243080849551e-14,-103.65933252744759,47.00140215482727,6.034171885664741e-14,45.56473888721343,5.849731220393846e-14,300000000000000.0,50,52000000000000.0
442000.0,104001160000000.0,3.0186584e+33,66.51839536675857,8.459642308354342e-14,-103.65933307011119,47.00333335176655,5.984931318652315e-14,45.566611055133535,5.80199574183128e-14,300000000000000.0,50,52000000000000.0
443000.0,103636240000000.0,2.9961212e+33,66.52112509462266,8.390041535859132e-14,-103.6593336127748,47.00526454870584,5.935690751639891e-14,45.56848322305365,5.754260263268713e-14,300000000000000.0,50,52000000000000.0
444000.0,103282590000000.0,3.0026476e+33,66.52385482248675,8.320440763363923e-14,-103.65933415543842,47.00719574564512,5.886450184627465e-14,45.57035539097375,5.706524784706147e-14,300000000000000.0,50,52000000000000.0
445000.0,102873140000000.0,3.1637805e+33,66.52658455035085,8.250839990868713e-14,-103.65933469810203,47.0091269425844,5.83720961761504e-14,45.57222755889386,5.65878930614358e-14,300000000000000.0,50,52000000000000.0
446000.0,102367690000000.0,3.2880296e+33,66.52931427821493,8.181239218373504e-14,-103.65933524076563,47.01105813952368,5.787969050602614e-14,45.57409972681397,5.6110538275810137e-14,300000000000000.0,50,52000000000000.0
447000.0,101860060000000.0,3.0308557e+33,66.531937920473,8.113589079636758e-14,-103.65933576213689,47.01291428391391,5.740108519328584e-14,45.57589913624318,5.5646562025562875e-14,300000000000000.0,50,52000000000000.0
448000.0,101428990000000.0,2.9812527e+33,66.53451085783027,8.046871269939872e-14,-103.65933627333122,47.01473455602893,5.692907592857025e-14,45.57766376987008,5.5188980208401744e-14,300000000000000.0,50,52000000000000.0
449000.0,101038320000000.0,2.9656309e+33,66.53708379518756,7.980153460242984e-14,-103.65933678452554,47.016554828143946,5.645706666385467e-14,45.57942840349698,5.473139839124061e-14,300000000000000.0,50,52000000000000.0
450000.0,100619930000000.0,3.0280044e+33,66.53965673254483,7.913435650546096e-14,-103.65933729571987,47.018375100258964,5.598505739913909e-14,45.58119303712389,5.427381657407949e-14,300000000000000.0,50,52000000000000.0
451000.0,100176080000000.0,2.9247922e+33,66.5422296699021,7.846717840849209e-14,-103.65933780691418,47.02019537237399,5.55130481344235e-14,45.58295767075079,5.3816234756918357e-14,300000000000000.0,50,52000000000000.0
452000.0,99737538000000.0,2.8774645e+33,66.54480260725938,7.780000031152321e-14,-103.65933831810851,47.02201564448901,5.5041038869707915e-14,45.58472230437769,5.3358652939757225e-14,300000000000000.0,50,52000000000000.0
453000.0,99365442000000.0,2.8465132e+33,66.54737554461666,7.713282221455433e-14,-103.65933882930283,47.02383591660403,5.4569029604992334e-14,45.5864869380046,5.2901071122596094e-14,300000000000000.0,50,52000000000000.0
454000.0,98974235000000.0,2.8901553e+33,66.54988477120465,7.640326060119244e-14,-103.65933932772649,47.025611115186955,5.40528861248298e-14,45.58820787581816,5.240070409771276e-14,300000000000000.0,50,52000000000000.0
455000.0,98520476000000.0,3.0702551e+33,66.55230496796224,7.558652386901076e-14,-103.65933980830431,47.02732332773216,5.3475069213958995e-14,45.589867752826905,5.184054875401435e-14,300000000000000.0,50,52000000000000.0
456000.0,97997624000000.0,3.0485266e+33,66.55472516471986,7.476978713682909e-14,-103.65934028888215,47.02903554027738,5.289725230308818e-14,45.59152762983564,5.128039341031594e-14,300000000000000.0,50,52000000000000.0
457000.0,97310199000000.0,3.0686594e+33,66.55714536147745,7.395305040464741e-14,-103.65934076945999,47.03074775282259,5.231943539221737e-14,45.59318750684438,5.0720238066617535e-14,300000000000000.0,50,52000000000000.0
458000.0,96654957000000.0,2.9115602e+33,66.55956555823506,7.313631367246575e-14,-103.65934125003783,47.0324599653678,5.1741618481346555e-14,45.594847383853114,5.016008272291913e-14,300000000000000.0,50,52000000000000.0
459000.0,96143912000000.0,2.8562365e+33,66.56198575499266,7.231957694028407e-14,-103.65934173061565,47.034172177913014,5.116380157047575e-14,45.596507260861856,4.9599927379220714e-14,300000000000000.0,50,52000000000000.0
460000.0,95630046000000.0,2.8440722e+33,66.56440595175027,7.15028402081024e-14,-103.65934221119349,47.03588439045823,5.0585984659604935e-14,45.5981671378706,4.903977203552231e-14,300000000000000.0,50,52000000000000.0
461000.0,95160180000000.0,2.8201321e+33,66.56681863292346,7.068488440757188e-14,-103.65934269026957,47.03759128595132,5.000730531177072e-14,45.59982186034837,4.847878061613936e-14,300000000000000.0,50,52000000000000.0
462000.0,94627591000000.0,2.9511234e+33,66.56904880859051,6.983732522909854e-14,-103.6593431328775,47.0391690642349,4.940768288276814e-14,45.60135141221671,4.789748626255116e-14,300000000000000.0,50,52000000000000.0
463000.0,94052148000000.0,2.8353262e+33,66.57127898425756,6.89897660506252e-14,-103.65934357548544,47.040746842518466,4.8808060453765564e-14,45.60288096408505,4.7316191908962963e-14,300000000000000.0,50,52000000000000.0
464000.0,93304042000000.0,3.0513973e+33,66.57350915992461,6.814220687215185e-14,-103.65934401809336,47.04232462080204,4.820843802476298e-14,45.6044105159534,4.6734897555374765e-14,300000000000000.0,50,52000000000000.0
465000.0,92623243000000.0,3.0940325e+33,66.57573933559166,6.729464769367851e-14,-103.65934446070129,47.04390239908562,4.7608815595760406e-14,45.605940067821734,4.6153603201786573e-14,300000000000000.0,50,52000000000000.0
466000.0,92115398000000.0,3.0514952e+33,66.57796951125871,6.644708851520517e-14,-103.65934490330922,47.04548017736919,4.7009193166757824e-14,45.60746961969008,4.5572308848198375e-14,300000000000000.0,50,52000000000000.0
467000.0,91672401000000.0,2.9078873e+33,66.58019968692577,6.559952933673182e-14,-103.65934534591716,47.04705795565277,4.640957073775525e-14,45.608999171558416,4.499101449461018e-14,300000000000000.0,50,52000000000000.0
468000.0,91131178000000.0,3.0767226e+33,66.58242986259282,6.475197015825849e-14,-103.65934578852509,47.048635733936344,4.580994830875267e-14,45.61052872342676,4.440972014102198e-14,300000000000000.0,50,52000000000000.0
469000.0,90436998000000.0,3.0343832e+33,66.58455142402224,6.40290949492763e-14,-103.65934620946747,47.050136670938926,4.52985359791117e-14,45.61198378274678,4.3913939654495076e-14,300000000000000.0,50,52000000000000.0
470000.0,89795871000000.0,3.0823572e+33,66.58658120013261,6.341158491312885e-14,-103.65934661210122,47.05157267261032,4.486166629038065e-14,45.61337589155072,4.349042333648517e-14,300000000000000.0,50,52000000000000.0
471000.0,89190835000000.0,3.0920425e+33,66.58861097624299,6.279407487698139e-14,-103.65934701473496,47.05300867428171,4.442479660164961e-14,45.61476800035465,4.3066907018475275e-14,300000000000000.0,50,52000000000000.0
472000.0,88682629000000.0,3.0545103e+33,66.59064075235337,6.217656484083393e-14,-103.6593474173687,47.05444467595311,4.3987926912918564e-14,45.61616010915858,4.264339070046538e-14,300000000000000.0,50,52000000000000.0
473000.0,88401843000000.0,2.70023e+33,66.59267052846373,6.155905480468648e-14,-103.65934782000245,47.0558806776245,4.3551057224187523e-14,45.61755221796251,4.221987438245548e-14,300000000000000.0,50,52000000000000.0
474000.0,88111985000000.0,2.654855e+33,66.5947003045741,6.094154476853902e-14,-103.6593482226362,47.057316679295894,4.3114187535456476e-14,45.618944326766446,4.1796358064445583e-14,300000000000000.0,50,52000000000000.0
475000.0,87786922000000.0,2.6392084e+33,66.59673008068448,6.032403473239156e-14,-103.65934862526994,47.058752680967295,4.267731784672543e-14,45.62033643557037,4.1372841746435686e-14,300000000000000.0,50,52000000000000.0
476000.0,87469213000000.0,2.5798188e+33,66.59875985679486,5.97065246962441e-14,-103.65934902790369,47.06018868263869,4.224044815799439e-14,45.62172854437431,4.094932542842579e-14,300000000000000.0,50,52000000000000.0
477000.0,87106431000000.0,2.5559022e+33,66.6006527550194,5.907558968811836e-14,-103.65934940322602,47.06152784734246,4.1794080962762043e-14,45.62302677613199,4.051660190506478e-14,300000000000000.0,50,52000000000000.0
478000.0,86626805000000.0,2.5438767e+33,66.60253415031465,5.844352647361771e-14,-103.65934977625315,47.06285887407139,4.134691561708306e-14,45.624317118660386,4.008310462755448e-14,300000000000000.0,50,52000000000000.0
479000.0,86178252000000.0,2.4996568e+33,66.60441554560991,5.781146325911704e-14,-103.65935014928029,47.06418990080032,4.089975027140408e-14,45.625607461188785,3.964960735004419e-14,300000000000000.0,50,52000000000000.0
480000.0,85744949000000.0,2.485414e+33,66.60629694090517,5.717940004461639e-14,-103.65935052230742,47.06552092752925,4.04525849257251e-14,45.626897803717185,3.9216110072533894e-14,300000000000000.0,50,52000000000000.0
481000.0,85306250000000.0,2.4584426e+33,66.60817833620042,5.654733683011573e-14,-103.65935089533455,47.06685195425818,4.000541958004612e-14,45.628188146245584,3.87826127950236e-14,300000000000000.0,50,52000000000000.0
482000.0,84848664000000.0,2.4836737e+33,66.61005973149567,5.5915273615615075e-14,-103.65935126836169,47.06818298098711,3.955825423436714e-14,45.62947848877398,3.8349115517513306e-14,300000000000000.0,50,52000000000000.0
483000.0,84182371000000.0,2.7967487e+33,66.61194112679092,5.5283210401114416e-14,-103.65935164138881,47.069514007716045,3.911108888868816e-14,45.630768831302376,3.7915618240003014e-14,300000000000000.0,50,52000000000000.0
484000.0,83700428000000.0,2.643018e+33,66.61379488860658,5.468465775550197e-14,-103.65935200891022,47.07082548460538,3.8687631227809203e-14,45.63204022155212,3.750510399754511e-14,300000000000000.0,50,52000000000000.0
485000.0,83371422000000.0,2.5354062e+33,66.6155219358136,5.423976938538698e-14,-103.6593523511848,47.072047314794084,3.8372886260548485e-14,45.633224705244714,3.7199979533513205e-14,300000000000000.0,50,52000000000000.0
486000.0,83032960000000.0,2.5337687e+33,66.61724898302063,5.3794881015271977e-14,-103.65935269345938,47.07326914498279,3.805814129328777e-14,45.63440918893732,3.68948550694813e-14,300000000000000.0,50,52000000000000.0
487000.0,82635078000000.0,2.5642319e+33,66.61897603022764,5.334999264515698e-14,-103.65935303573397,47.074490975171486,3.7743396326027054e-14,45.635593672629916,3.6589730605449404e-14,300000000000000.0,50,52000000000000.0
488000.0,82296289000000.0,2.4688098e+33,66.62070307743467,5.290510427504198e-14,-103.65935337800856,47.07571280536019,3.742865135876634e-14,45.636778156322514,3.62846061414175e-14,300000000000000.0,50,52000000000000.0
489000.0,82024820000000.0,2.4366127e+33,66.62243012464168,5.2460215904926986e-14,-103.65935372028315,47.076934635548895,3.7113906391505624e-14,45.63796264001512,3.5979481677385595e-14,300000000000000.0,50,52000000000000.0
490000.0,81730512000000.0,2.4568232e+33,66.62415717184871,5.2015327534811984e-14,-103.65935406255774,47.0781564657376,3.679916142424491e-14,45.639147123707716,3.567435721335369e-14,300000000000000.0,50,52000000000000.0
491000.0,81358040000000.0,2.4081148e+33,66.62588421905573,5.1570439164696983e-14,-103.65935440483231,47.0793782959263,3.6484416456984194e-14,45.64033160740032,3.5369232749321794e-14,300000000000000.0,50,52000000000000.0
492000.0,80944538000000.0,2.3857647e+33,66.6275770794199,5.1106813544250514e-14,-103.65935474029114,47.080575939965264,3.615641554273829e-14,45.64149264421769,3.5051257519977956e-14,300000000000000.0,50,52000000000000.0
493000.0,80524238000000.0,2.6957336e+33,66.62919371907023,5.06014125951634e-14,-103.65935506055396,47.081719660171444,3.579886004967467e-14,45.64260140543962,3.470463107795925e-14,300000000000000.0,50,52000000000000.0
494000.0,79922653000000.0,2.72965e+33,66.63081035872057,5.009601164607629e-14,-103.65935538081679,47.082863380377624,3.544130455661105e-14,45.64371016666155,3.435800463594053e-14,300000000000000.0,50,52000000000000.0
495000.0,79366037000000.0,2.6552144e+33,66.6324269983709,4.959061069698918e-14,-103.65935570107962,47.0840071005838,3.508374906354743e-14,45.64481892788347,3.401137819392182e-14,300000000000000.0,50,52000000000000.0
496000.0,79014003000000.0,2.4572925e+33,66.63404363802124,4.908520974790207e-14,-103.65935602134246,47.08515082078998,3.472619357048381e-14,45.6459276891054,3.36647517519031e-14,300000000000000.0,50,52000000000000.0
497000.0,78651526000000.0,2.4387596e+33,66.63566027767156,4.8579808798814957e-14,-103.65935634160529,47.08629454099616,3.4368638077420187e-14,45.64703645032733,3.331812530988439e-14,300000000000000.0,50,52000000000000.0
498000.0,78359121000000.0,2.4021727e+33,66.6372769173219,4.8074407849727847e-14,-103.65935666186812,47.08743826120234,3.4011082584356566e-14,45.648145211549256,3.297149886786568e-14,300000000000000.0,50,52000000000000.0
499000.0,78037868000000.0,2.3757861e+33,66.63889355697223,4.756900690064073e-14,-103.65935698213094,47.08858198140851,3.3653527091292944e-14,45.64925397277118,3.262487242584696e-14,300000000000000.0,50,52000000000000.0
500000.0,77718764000000.0,2.3533565e+33,66.64047039510133,4.710247876675233e-14,-103.6593572944732,47.089697543273125,3.332347290004589e-14,45.650335436340185,3.2304906680092485e-14,300000000000000.0,50,52000000000000.0
501000.0,77383465000000.0,2.3268114e+33,66.64195956979394,4.672156858062623e-14,-103.65935758937029,47.090751085975896,3.30539907309251e-14,45.65135677642676,3.2043661510359815e-14,300000000000000.0,50,52000000000000.0
502000.0,77038504000000.0,2.305107e+33,66.64344874448655,4.634065839450012e-14,-103.65935788426738,47.091804628678666,3.278450856180431e-14,45.65237811651333,3.178241634062714e-14,300000000000000.0,50,52000000000000.0
503000.0,76671938000000.0,2.2911333e+33,66.64493791917916,4.595974820837402e-14,-103.65935817916447,47.09285817138144,3.251502639268352e-14,45.6533994565999,3.152117117089447e-14,300000000000000.0,50,52000000000000.0
504000.0,76315232000000.0,2.2655651e+33,66.64642709387176,4.557883802224791e-14,-103.65935847406155,47.09391171408421,3.224554422356272e-14,45.65442079668647,3.12599260011618e-14,300000000000000.0,50,52000000000000.0
505000.0,75997575000000.0,2.2513289e+33,66.64791626856437,4.51979278361218e-14,-103.65935876895864,47.09496525678698,3.197606205444193e-14,45.65544213677305,3.099868083142913e-14,300000000000000.0,50,52000000000000.0
506000.0,75706040000000.0,2.2412542e+33,66.64940544325698,4.48170176499957e-14,-103.65935906385573,47.09601879948975,3.170657988532114e-14,45.65646347685962,3.073743566169646e-14,300000000000000.0,50,52000000000000.0
507000.0,75440359000000.0,2.2315174e+33,66.65089461794959,4.443610746386959e-14,-103.65935935875281,47.09707234219252,3.143709771620035e-14,45.65748481694619,3.047619049196379e-14,300000000000000.0,50,52000000000000.0
508000.0,75183684000000.0,2.2244473e+33,66.65236575167093,4.4054052171647375e-14,-103.65935965005882,47.09811312146641,3.116680544409382e-14,45.658493783731195,3.021415998088586e-14,300000000000000.0,50,52000000000000.0
509000.0,74896867000000.0,2.2181547e+33,66.65375729612585,4.366694514729748e-14,-103.65935992552242,47.099097593797254,3.0892939334337095e-14,45.65944816465273,2.994866487022327e-14,300000000000000.0,50,52000000000000.0
510000.0,74548036000000.0,2.215348e+33,66.65514884058075,4.3279838122947585e-14,-103.65936020098603,47.1000820661281,3.061907322458037e-14,45.660402545574264,2.968316975956067e-14,300000000000000.0,50,52000000000000.0
511000.0,74169367000000.0,2.2134505e+33,66.65654038503567,4.2892731098597694e-14,-103.65936047644965,47.10106653845895,3.034520711482365e-14,45.6613569264958,2.941767464889808e-14,300000000000000.0,50,52000000000000.0
512000.0,73788843000000.0,2.2099683e+33,66.65793192949059,4.25056240742478e-14,-103.65936075191325,47.10205101078979,3.0071341005066926e-14,45.66231130741733,2.915217953823548e-14,300000000000000.0,50,52000000000000.0
513000.0,73430268000000.0,2.2036768e+33,66.65932347394549,4.2118517049897904e-14,-103.65936102737687,47.10303548312064,2.97974748953102e-14,45.66326568833886,2.888668442757288e-14,300000000000000.0,50,52000000000000.0
514000.0,73099101000000.0,2.1974577e+33,66.66071501840041,4.173141002554801e-14,-103.65936130284048,47.104019955451484,2.952360878555348e-14,45.664220069260395,2.8621189316910287e-14,300000000000000.0,50,52000000000000.0
515000.0,72787737000000.0,2.1912634e+33,66.66210656285533,4.134430300119812e-14,-103.65936157830409,47.10500442778233,2.924974267579676e-14,45.66517445018193,2.835569420624769e-14,300000000000000.0,50,52000000000000.0
516000.0,72483260000000.0,2.1847478e+33,66.66349810731025,4.095719597684823e-14,-103.6593618537677,47.105988900113175,2.8975876566040034e-14,45.666128831103464,2.809019909558509e-14,300000000000000.0,50,52000000000000.0
517000.0,72178774000000.0,2.1779128e+33,66.66479636885292,4.060759970060887e-14,-103.65936211068399,47.106907377701816,2.872854818631301e-14,45.6670192344799,2.785043056198239e-14,300000000000000.0,50,52000000000000.0
518000.0,71873355000000.0,2.170802e+33,66.66608708097405,4.0261039183476083e-14,-103.65936236609924,47.10782051431087,2.848336751516721e-14,45.66790446012929,2.761274409004266e-14,300000000000000.0,50,52000000000000.0
519000.0,71567057000000.0,2.1630517e+33,66.66737779309518,3.9914478666343296e-14,-103.65936262151449,47.10873365091993,2.823818684402142e-14,45.668789685778684,2.7375057618102928e-14,300000000000000.0,50,52000000000000.0
520000.0,71259009000000.0,2.1551684e+33,66.6686685052163,3.9567918149210514e-14,-103.65936287692973,47.10964678752899,2.7993006172875624e-14,45.66967491142808,2.7137371146163198e-14,300000000000000.0,50,52000000000000.0
521000.0,70947857000000.0,2.147886e+33,66.66995921733744,3.9221357632077726e-14,-103.65936313234498,47.110559924138045,2.7747825501729832e-14,45.67056013707747,2.689968467422347e-14,300000000000000.0,50,52000000000000.0
522000.0,70632094000000.0,2.1426663e+33,66.67124992945857,3.887479711494494e-14,-103.65936338776024,47.1114730607471,2.7502644830584036e-14,45.671445362726864,2.666199820228374e-14,300000000000000.0,50,52000000000000.0
523000.0,70312558000000.0,2.1352149e+33,66.67254064157969,3.852823659781216e-14,-103.65936364317548,47.11238619735616,2.725746415943824e-14,45.672330588376255,2.642431173034401e-14,300000000000000.0,50,52000000000000.0
524000.0,69991297000000.0,2.1262902e+33,66.67383135370082,3.818167608067937e-14,-103.65936389859073,47.113299333965216,2.7012283488292448e-14,45.673215814025646,2.618662525840428e-14,300000000000000.0,50,52000000000000.0
525000.0,69676220000000.0,2.1211206e+33,66.67507334084497,3.784657499367523e-14,-103.65936414432299,47.11417799918482,2.677521003850287e-14,45.67406762193903,2.595679820228247e-14,300000000000000.0,50,52000000000000.0
526000.0,69367492000000.0,2.1147899e+33,66.67627231378542,3.752159024314979e-14,-103.65936438150717,47.11502623320752,2.654529360945743e-14,45.67488992881633,2.5733909405223065e-14,300000000000000.0,50,52000000000000.0
527000.0,69058701000000.0,2.1081402e+33,66.67747128672586,3.7196605492624344e-14,-103.65936461869136,47.11587446723023,2.631537718041199e-14,45.675712235693624,2.551102060816366e-14,300000000000000.0,50,52000000000000.0
528000.0,68750074000000.0,2.1019993e+33,66.67867025966632,3.68716207420989e-14,-103.65936485587552,47.11672270125293,2.6085460751366554e-14,45.67653454257092,2.528813181110425e-14,300000000000000.0,50,52000000000000.0
529000.0,68443895000000.0,2.0967788e+33,66.67986923260676,3.654663599157346e-14,-103.6593650930597,47.11757093527564,2.5855544322321116e-14,45.677356849448216,2.5065243014044844e-14,300000000000000.0,50,52000000000000.0
530000.0,68141448000000.0,2.0932221e+33,66.6810682055472,3.622165124104802e-14,-103.65936533024387,47.11841916929834,2.5625627893275676e-14,45.67817915632551,2.4842354216985438e-14,300000000000000.0,50,52000000000000.0
531000.0,67842863000000.0,2.0930529e+33,66.68226717848765,3.5896666490522576e-14,-103.65936556742805,47.11926740332104,2.5395711464230238e-14,45.67900146320281,2.461946541992603e-14,300000000000000.0,50,52000000000000.0
532000.0,67547176000000.0,2.096612e+33,66.68346615142809,3.557168173999713e-14,-103.65936580461224,47.120115637343744,2.51657950351848e-14,45.679823770080105,2.4396576622866623e-14,300000000000000.0,50,52000000000000.0
533000.0,67253921000000.0,2.0995417e+33,66.68466507261913,3.5246727776562176e-14,-103.65936604178613,47.12096383475537,2.493590038704115e-14,45.68064604146537,2.4173708940953358e-14,300000000000000.0,50,52000000000000.0
534000.0,66968645000000.0,2.096335e+33,66.68577661852176,3.4973755662584766e-14,-103.65936626160783,47.12175021691486,2.474278126851001e-14,45.68140838704524,2.3986492706794993e-14,300000000000000.0,50,52000000000000.0
535000.0,66703641000000.0,2.078115e+33,66.68688816442439,3.470078354860735e-14,-103.65936648142952,47.12253659907435,2.4549662149978864e-14,45.682170732625096,2.3799276472636628e-14,300000000000000.0,50,52000000000000.0
536000.0,66456739000000.0,2.0623689e+33,66.68799971032703,3.442781143462994e-14,-103.65936670125122,47.12332298123385,2.4356543031447723e-14,45.68293307820496,2.3612060238478263e-14,300000000000000.0,50,52000000000000.0
537000.0,66210337000000.0,2.0500499e+33,66.68911125622967,3.4154839320652525e-14,-103.6593669210729,47.12410936339334,2.4163423912916578e-14,45.68369542378482,2.34248440043199e-14,300000000000000.0,50,52000000000000.0
538000.0,65955252000000.0,2.0422581e+33,66.6902228021323,3.3881867206675115e-14,-103.6593671408946,47.124895745552834,2.3970304794385437e-14,45.684457769364684,2.3237627770161534e-14,300000000000000.0,50,52000000000000.0
539000.0,65690064000000.0,2.0349006e+33,66.69133434803494,3.36088950926977e-14,-103.65936736071629,47.125682127712324,2.3777185675854292e-14,45.68522011494455,2.3050411536003166e-14,300000000000000.0,50,52000000000000.0
540000.0,65418700000000.0,2.027675e+33,66.69244589393757,3.333592297872029e-14,-103.65936758053799,47.12646850987182,2.358406655732315e-14,45.68598246052441,2.28631953018448e-14,300000000000000.0,50,52000000000000.0
541000.0,65144950000000.0,2.0203581e+33,66.69355743984022,3.3062950864742874e-14,-103.65936780035968,47.12725489203131,2.3390947438792006e-14,45.68674480610427,2.2675979067686436e-14,300000000000000.0,50,52000000000000.0
542000.0,64871130000000.0,2.012986e+33,66.69464426046564,3.279242097436677e-14,-103.65936801527202,47.12802378184087,2.319955613526352e-14,45.68749019400585,2.2490437836097323e-14,300000000000000.0,50,52000000000000.0
543000.0,64596973000000.0,2.0066798e+33,66.69568117729112,3.2526820300232186e-14,-103.65936822027568,47.12875736629372,2.301165213476858e-14,45.68820135569525,2.230827731455642e-14,300000000000000.0,50,52000000000000.0
544000.0,64321172000000.0,2.0014318e+33,66.69671809411662,3.2261219626097596e-14,-103.65936842527934,47.129490950746565,2.2823748134273638e-14,45.688912517384644,2.2126116793015518e-14,300000000000000.0,50,52000000000000.0
545000.0,64043027000000.0,1.9963738e+33,66.6977550109421,3.199561895196301e-14,-103.659368630283,47.13022453519942,2.2635844133778695e-14,45.68962367907403,2.1943956271474616e-14,300000000000000.0,50,52000000000000.0
546000.0,63764170000000.0,1.9920049e+33,66.69879192776759,3.173001827782843e-14,-103.65936883528666,47.13095811965226,2.2447940133283752e-14,45.69033484076343,2.1761795749933714e-14,300000000000000.0,50,52000000000000.0
547000.0,63488660000000.0,1.9879513e+33,66.69982884459307,3.146441760369384e-14,-103.65936904029031,47.13169170410511,2.226003613278881e-14,45.69104600245282,2.1579635228392812e-14,300000000000000.0,50,52000000000000.0
548000.0,63221222000000.0,1.9837557e+33,66.70086576141857,3.119881692955925e-14,-103.65936924529396,47.13242528855796,2.207213213229387e-14,45.69175716414222,2.1397474706851913e-14,300000000000000.0,50,52000000000000.0
549000.0,62965619000000.0,1.9788074e+33,66.70190267824405,3.093321625542467e-14,-103.65936945029762,47.13315887301081,2.1884228131798926e-14,45.69246832583161,2.121531418531101e-14,300000000000000.0,50,52000000000000.0
550000.0,62722747000000.0,1.9744371e+33,66.70293959506954,3.066761558129008e-14,-103.65936965530128,47.13389245746366,2.1696324131303983e-14,45.69317948752101,2.1033153663770108e-14,300000000000000.0,50,52000000000000.0
551000.0,62491305000000.0,1.9714736e+33,66.70393806336787,3.043590838355672e-14,-103.6593698526763,47.1345988408106,2.1532398674652392e-14,45.69386427953426,2.087423875722444e-14,300000000000000.0,50,52000000000000.0
552000.0,62269681000000.0,1.9639627e+33,66.70490118535798,3.023535996749199e-14,-103.65937004303822,47.13528021777254,2.1390517053324816e-14,45.694524829508374,2.07366938935099e-14,300000000000000.0,50,52000000000000.0
553000.0,62056554000000.0,1.9568551e+33,66.70586430734811,3.003481155142727e-14,-103.65937023340013,47.135961594734475,2.124863543199724e-14,45.69518537948249,2.0599149029795356e-14,300000000000000.0,50,52000000000000.0
554000.0,61848210000000.0,1.95063e+33,66.70682742933823,2.983426313536255e-14,-103.65937042376204,47.13664297169641,2.1106753810669664e-14,45.69584592945661,2.0461604166080815e-14,300000000000000.0,50,52000000000000.0
555000.0,61642260000000.0,1.9446324e+33,66.70779055132836,2.963371471929783e-14,-103.65937061412396,47.137324348658346,2.0964872189342088e-14,45.696506479430724,2.0324059302366274e-14,300000000000000.0,50,52000000000000.0
556000.0,61438000000000.0,1.9374128e+33,66.70875367331847,2.94331663032331e-14,-103.65937080448587,47.13800572562029,2.0822990568014515e-14,45.69716702940484,2.018651443865173e-14,300000000000000.0,50,52000000000000.0
557000.0,61234873000000.0,1.9273004e+33,66.7097167953086,2.923261788716838e-14,-103.65937099484778,47.138687102582224,2.068110894668694e-14,45.69782757937895,2.0048969574937188e-14,300000000000000.0,50,52000000000000.0
558000.0,61031342000000.0,1.920054e+33,66.71067991729872,2.903206947110366e-14,-103.6593711852097,47.13936847954416,2.0539227325359364e-14,45.698488129353066,1.9911424711222647e-14,300000000000000.0,50,52000000000000.0
559000.0,60831181000000.0,1.9158192e+33,66.71164303928884,2.883152105503894e-14,-103.65937137557161,47.140049856506096,2.0397345704031788e-14,45.69914867932718,1.9773879847508103e-14,300000000000000.0,50,52000000000000.0
560000.0,60637265000000.0,1.9093791e+33,66.71257402949344,2.863843003753477e-14,-103.65937155955638,47.14070850125246,2.0260739970008606e-14,45.69978719191926,1.964144960818529e-14,300000000000000.0,50,52000000000000.0
561000.0,60442962000000.0,1.8968166e+33,66.71348052455079,2.845102404726461e-14,-103.65937173867962,47.14134981646178,2.01281562233803e-14,45.700408904669416,1.95129184200829e-14,300000000000000.0,50,52000000000000.0
562000.0,60239000000000.0,1.8889618e+33,66.71438701960814,2.8263618056994455e-14,-103.65937191780287,47.141991131671105,1.999557247675199e-14,45.70103061741957,1.9384387231980507e-14,300000000000000.0,50,52000000000000.0
563000.0,60025889000000.0,1.8815364e+33,66.71529351466549,2.80762120667243e-14,-103.65937209692612,47.14263244688042,1.986298873012368e-14,45.70165233016972,1.9255856043878116e-14,300000000000000.0,50,52000000000000.0
564000.0,59813361000000.0,1.8769792e+33,66.71620000972284,2.7888806076454142e-14,-103.65937227604937,47.14327376208974,1.9730404983495374e-14,45.70227404291987,1.9127324855775727e-14,300000000000000.0,50,52000000000000.0
565000.0,59604491000000.0,1.8789406e+33,66.71710650478019,2.7701400086183986e-14,-103.65937245517262,47.14391507729906,1.9597821236867065e-14,45.70289575567002,1.8998793667673336e-14,300000000000000.0,50,52000000000000.0
566000.0,59405523000000.0,1.8771085e+33,66.71801299983755,2.751399409591383e-14,-103.65937263429586,47.144556392508385,1.9465237490238755e-14,45.70351746842017,1.8870262479570944e-14,300000000000000.0,50,52000000000000.0
567000.0,59217440000000.0,1.8676222e+33,66.7189194948949,2.7326588105643676e-14,-103.65937281341913,47.1451977077177,1.933265374361045e-14,45.704139181170326,1.8741731291468553e-14,300000000000000.0,50,52000000000000.0
568000.0,59027226000000.0,1.8597361e+33,66.71982598995226,2.713918211537352e-14,-103.65937299254237,47.14583902292702,1.920006999698214e-14,45.70476089392048,1.861320010336616e-14,300000000000000.0,50,52000000000000.0
569000.0,58828444000000.0,1.8472837e+33,66.720707306288,2.6956084154703355e-14,-103.6593731666708,47.14646252499578,1.9070534056709708e-14,45.70536533800703,1.8487623562290547e-14,300000000000000.0,50,52000000000000.0
570000.0,58619760000000.0,1.8406236e+33,66.72156002462931,2.677787925446835e-14,-103.65937333512615,47.147065794897784,1.894445981519022e-14,45.70595016834379,1.8365402909592898e-14,300000000000000.0,50,52000000000000.0
571000.0,58408641000000.0,1.8337902e+33,66.72241274297063,2.6599674354233345e-14,-103.65937350358148,47.14766906479978,1.8818385573670735e-14,45.70653499868055,1.824318225689525e-14,300000000000000.0,50,52000000000000.0
572000.0,58204006000000.0,1.8294521e+33,66.72326546131194,2.642146945399834e-14,-103.65937367203682,47.14827233470178,1.8692311332151248e-14,45.707119829017316,1.81209616041976e-14,300000000000000.0,50,52000000000000.0
573000.0,58005154000000.0,1.8310875e+33,66.72411817965326,2.6243264553763335e-14,-103.65937384049217,47.148875604603774,1.8566237090631765e-14,45.70770465935408,1.7998740951499953e-14,300000000000000.0,50,52000000000000.0
574000.0,57811837000000.0,1.828315e+33,66.72497089799457,2.606505965352833e-14,-103.6593740089475,47.149478874505775,1.8440162849112278e-14,45.70828948969084,1.7876520298802308e-14,300000000000000.0,50,52000000000000.0
575000.0,57626644000000.0,1.8252889e+33,66.72582361633589,2.5886854753293328e-14,-103.65937417740284,47.15008214440777,1.831408860759279e-14,45.708874320027604,1.775429964610466e-14,300000000000000.0,50,52000000000000.0
576000.0,57443278000000.0,1.819541e+33,66.7266763346772,2.5708649853058322e-14,-103.65937434585817,47.15068541430977,1.8188014366073305e-14,45.70945915036437,1.763207899340701e-14,300000000000000.0,50,52000000000000.0
577000.0,57256874000000.0,1.8063248e+33,66.72752905301851,2.5530444952823317e-14,-103.65937451431351,47.15128868421177,1.806194012455382e-14,45.71004398070113,1.7509858340709362e-14,300000000000000.0,50,52000000000000.0
578000.0,57057049000000.0,1.7948909e+33,66.72837028700643,2.5353253213892962e-14,-103.65937468049184,47.151883829302704,1.793658266892451e-14,45.71062093457003,1.738833256460708e-14,300000000000000.0,50,52000000000000.0
579000.0,56845739000000.0,1.7876537e+33,66.72917103717363,2.517963299868245e-14,-103.65937483864344,47.152450333391165,1.7813751975615342e-14,45.71117012287815,1.72692563177469e-14,300000000000000.0,50,52000000000000.0
580000.0,56631407000000.0,1.7810196e+33,66.72997178734084,2.500601278347194e-14,-103.65937499679505,47.153016837479626,1.769092128230617e-14,45.71171931118627,1.7150180070886723e-14,300000000000000.0,50,52000000000000.0
581000.0,56423292000000.0,1.7788781e+33,66.73077253750806,2.483239256826143e-14,-103.65937515494666,47.15358334156809,1.7568090588997e-14,45.71226849949439,1.7031103824026543e-14,300000000000000.0,50,52000000000000.0
582000.0,56222311000000.0,1.7810241e+33,66.73157328767527,2.4658772353050917e-14,-103.65937531309825,47.154149845656555,1.744525989568783e-14,45.71281768780251,1.6912027577166363e-14,300000000000000.0,50,52000000000000.0
583000.0,56023094000000.0,1.7913983e+33,66.73237403784248,2.4485152137840408e-14,-103.65937547124986,47.154716349745016,1.7322429202378662e-14,45.71336687611063,1.6792951330306183e-14,300000000000000.0,50,52000000000000.0
584000.0,55829627000000.0,1.7909818e+33,66.73317478800969,2.4311531922629896e-14,-103.65937562940147,47.15528285383348,1.719959850906949e-14,45.713916064418754,1.6673875083446006e-14,300000000000000.0,50,52000000000000.0
585000.0,55643754000000.0,1.7871975e+33,66.7339755381769,2.4137911707419384e-14,-103.65937578755307,47.15584935792194,1.707676781576032e-14,45.714465252726875,1.6554798836585826e-14,300000000000000.0,50,52000000000000.0
586000.0,55459971000000.0,1.7831342e+33,66.73477628834411,2.3964291492208875e-14,-103.65937594570467,47.156415862010405,1.695393712245115e-14,45.715014441034995,1.6435722589725646e-14,300000000000000.0,50,52000000000000.0
587000.0,55271828000000.0,1.7824139e+33,66.73557703851132,2.3790671276998363e-14,-103.65937610385627,47.156982366098866,1.683110642914198e-14,45.715563629343116,1.631664634286547e-14,300000000000000.0,50,52000000000000.0
588000.0,55087431000000.0,1.762188e+33,66.73633542288292,2.3630781403242815e-14,-103.65937625361299,47.157518897755594,1.67179895214079e-14,45.716083761357694,1.6206986969740887e-14,300000000000000.0,50,52000000000000.0
589000.0,54911998000000.0,1.7537297e+33,66.73708471834267,2.347383715723382e-14,-103.65937640156871,47.15804899930082,1.660695655283935e-14,45.716597659803746,1.6099347838039456e-14,300000000000000.0,50,52000000000000.0
590000.0,54742350000000.0,1.7340768e+33,66.73783401380243,2.3316892911224824e-14,-103.65937654952442,47.15857910084604,1.64959235842708e-14,45.7171115582498,1.599170870633803e-14,300000000000000.0,50,52000000000000.0
591000.0,54563784000000.0,1.722151e+33,66.73858330926217,2.3159948665215827e-14,-103.65937669748014,47.159109202391264,1.6384890615702247e-14,45.71762545669584,1.5884069574636598e-14,300000000000000.0,50,52000000000000.0
592000.0,54372042000000.0,1.7133293e+33,66.73933260472192,2.3003004419206834e-14,-103.65937684543586,47.15963930393649,1.6273857647133694e-14,45.71813935514189,1.577643044293517e-14,300000000000000.0,50,52000000000000.0
593000.0,54185532000000.0,1.707595e+33,66.74008190018166,2.2846060173197837e-14,-103.65937699339158,47.16016940548171,1.6162824678565144e-14,45.71865325358794,1.566879131123374e-14,300000000000000.0,50,52000000000000.0
594000.0,54009784000000.0,1.7051709e+33,66.74083119564142,2.2689115927188843e-14,-103.65937714134729,47.16069950702693,1.605179170999659e-14,45.71916715203399,1.5561152179532312e-14,300000000000000.0,50,52000000000000.0
595000.0,53821330000000.0,1.6989259e+33,66.74158049110117,2.2532171681179846e-14,-103.65937728930301,47.16122960857216,1.594075874142804e-14,45.719681050480034,1.5453513047830882e-14,300000000000000.0,50,52000000000000.0
596000.0,53622779000000.0,1.6913857e+33,66.74232978656092,2.237522743517085e-14,-103.65937743725873,47.16175971011738,1.582972577285949e-14,45.720194948926085,1.5345873916129454e-14,300000000000000.0,50,52000000000000.0
597000.0,53414542000000.0,1.685043e+33,66.74306618321276,2.2217159602873157e-14,-103.65937758265933,47.162280686173965,1.5717897912546755e-14,45.72070000081344,1.5237464189371367e-14,300000000000000.0,50,52000000000000.0
598000.0,53200186000000.0,1.6806035e+33,66.74376820958396,2.20560978523541e-14,-103.6593777212516,47.16277734637071,1.5603951976478868e-14,45.72118148008022,1.5127001128032192e-14,300000000000000.0,50,52000000000000.0
599000.0,52979974000000.0,1.6734157e+33,66.74447023595518,2.1895036101835046e-14,-103.65937785984386,47.16327400656746,1.5490006040410982e-14,45.72166295934699,1.5016538066693018e-14,300000000000000.0,50,52000000000000.0
600000.0,52765862000000.0,1.6939264e+33,66.74517226232639,2.173397435131599e-14,-103.65937799843613,47.16377066676421,1.5376060104343095e-14,45.722144438613775,1.490607500535384e-14,300000000000000.0,50,52000000000000.0
601000.0,52538491000000.0,1.7511644e+33,66.74587428869759,2.1572912600796935e-14,-103.65937813702838,47.16426732696095,1.526211416827521e-14,45.72262591788055,1.4795611944014666e-14,300000000000000.0,50,52000000000000.0
602000.0,52335139000000.0,1.6967145e+33,66.74657631506881,2.1411850850277878e-14,-103.65937827562064,47.1647639871577,1.5148168232207325e-14,45.72310739714733,1.4685148882675492e-14,300000000000000.0,50,52000000000000.0
603000.0,52164230000000.0,1.6849051e+33,66.74727834144002,2.125078909975882e-14,-103.65937841421291,47.16526064735445,1.5034222296139438e-14,45.72358887641411,1.4574685821336318e-14,300000000000000.0,50,52000000000000.0
604000.0,51991512000000.0,1.6776931e+33,66.74798036781122,2.1089727349239767e-14,-103.65937855280517,47.165757307551196,1.492027636007155e-14,45.72407035568089,1.446422275999714e-14,300000000000000.0,50,52000000000000.0
605000.0,51814891000000.0,1.658755e+33,66.74868239418244,2.092866559872071e-14,-103.65937869139742,47.16625396774794,1.4806330424003665e-14,45.72455183494767,1.4353759698657966e-14,300000000000000.0,50,52000000000000.0
606000.0,51639376000000.0,1.6406796e+33,66.74938442055365,2.0767603848201653e-14,-103.65937882998969,47.16675062794469,1.4692384487935778e-14,45.72503331421444,1.4243296637318792e-14,300000000000000.0,50,52000000000000.0
607000.0,51461519000000.0,1.6188211e+33,66.75005849185271,2.0622559195293364e-14,-103.65937896304821,47.167227510839545,1.4589770127285236e-14,45.725495620692904,1.4143818790140377e-14,300000000000000.0,50,52000000000000.0
608000.0,51296185000000.0,1.609288e+33,66.75071122000239,2.0489743282323153e-14,-103.65937909188185,47.167689294152225,1.4495807202258978e-14,45.72594328912345,1.4052727938558829e-14,300000000000000.0,50,52000000000000.0
609000.0,51135290000000.0,1.6101588e+33,66.75136394815205,2.0356927369352945e-14,-103.6593792207155,47.168151077464906,1.4401844277232723e-14,45.72639095755399,1.396163708697728e-14,300000000000000.0,50,52000000000000.0
610000.0,50983074000000.0,1.6111041e+33,66.75201667630171,2.0224111456382734e-14,-103.65937934954913,47.168612860777586,1.4307881352206468e-14,45.726838625984534,1.3870546235395732e-14,300000000000000.0,50,52000000000000.0
611000.0,50826114000000.0,1.6130601e+33,66.75266940445138,2.0091295543412527e-14,-103.65937947838276,47.169074644090266,1.4213918427180213e-14,45.72728629441508,1.3779455383814184e-14,300000000000000.0,50,52000000000000.0
612000.0,50656053000000.0,1.6155125e+33,66.75332213260104,1.9958479630442316e-14,-103.6593796072164,47.16953642740295,1.4119955502153957e-14,45.727733962845626,1.3688364532232636e-14,300000000000000.0,50,52000000000000.0
613000.0,50492524000000.0,1.6084137e+33,66.75397486075072,1.9825663717472105e-14,-103.65937973605003,47.16999821071563,1.4025992577127702e-14,45.728181631276165,1.3597273680651088e-14,300000000000000.0,50,52000000000000.0
614000.0,50314191000000.0,1.6355803e+33,66.75462758890038,1.9692847804501898e-14,-103.65937986488366,47.17045999402831,1.3932029652101446e-14,45.72862929970671,1.350618282906954e-14,300000000000000.0,50,52000000000000.0
615000.0,50132997000000.0,1.6141416e+33,66.75528031705005,1.9560031891531687e-14,-103.6593799937173,47.17092177734099,1.3838066727075191e-14,45.72907696813726,1.3415091977487992e-14,300000000000000.0,50,52000000000000.0
616000.0,49961222000000.0,1.5866695e+33,66.75593304519971,1.942721597856148e-14,-103.65938012255093,47.17138356065367,1.3744103802048936e-14,45.7295246365678,1.3324001125906444e-14,300000000000000.0,50,52000000000000.0
617000.0,49776106000000.0,1.5944024e+33,66.75655671422209,1.9240430262078434e-14,-103.65938024563259,47.17182478558191,1.361195906956975e-14,45.729952375002064,1.3195895533115908e-14,300000000000000.0,50,52000000000000.0
618000.0,49579719000000.0,1.593905e+33,66.75716812849437,1.9030884520925795e-14,-103.65938036628854,47.1722573406743,1.3463712390761416e-14,45.73037170860293,1.3052180166558923e-14,300000000000000.0,50,52000000000000.0
619000.0,49394483000000.0,1.5657124e+33,66.75777954276667,1.8821338779773156e-14,-103.6593804869445,47.17268989576669,1.3315465711953082e-14,45.7307910422038,1.2908464800001936e-14,300000000000000.0,50,52000000000000.0
620000.0,49225525000000.0,1.5766148e+33,66.75839095703896,1.861179303862052e-14,-103.65938060760045,47.173122450859076,1.3167219033144748e-14,45.731210375804665,1.2764749433444952e-14,300000000000000.0,50,52000000000000.0
621000.0,49019863000000.0,1.6784026e+33,66.75900237131124,1.840224729746788e-14,-103.6593807282564,47.17355500595147,1.3018972354336414e-14,45.73162970940553,1.2621034066887965e-14,300000000000000.0,50,52000000000000.0
622000.0,48383443000000.0,1.5088465e+33,66.75961378558353,1.8192701556315245e-14,-103.65938084891235,47.17398756104386,1.287072567552808e-14,45.7320490430064,1.247731870033098e-14,300000000000000.0,50,52000000000000.0
623000.0,47876527000000.0,1.542436e+33,66.76022519985582,1.7983155815162606e-14,-103.6593809695683,47.17442011613625,1.2722478996719746e-14,45.732468376607265,1.2333603333773993e-14,300000000000000.0,50,52000000000000.0
624000.0,47830786000000.0,1.5922973e+33,66.76083661412811,1.7773610074009967e-14,-103.65938109022426,47.174852671228635,1.257423231791141e-14,45.73288771020814,1.2189887967217009e-14,300000000000000.0,50,52000000000000.0
625000.0,47550366000000.0,1.5903122e+33,66.7614480284004,1.7564064332857332e-14,-103.65938121088021,47.17528522632102,1.2425985639103078e-14,45.733307043809006,1.2046172600660022e-14,300000000000000.0,50,52000000000000.0
626000.0,47180270000000.0,1.5264771e+33,66.76205944267268,1.7354518591704693e-14,-103.65938133153615,47.17571778141342,1.2277738960294743e-14,45.73372637740987,1.1902457234103037e-14,300000000000000.0,50,52000000000000.0
627000.0,47015820000000.0,1.5200975e+33,66.76262586193077,1.72135026906228e-14,-103.65938144329942,47.17611850402197,1.2177974859708432e-14,45.73411485151952,1.1805742525879737e-14,300000000000000.0,50,52000000000000.0
628000.0,46889987000000.0,1.5971643e+33,66.76317103446947,1.710484669228147e-14,-103.65938155086354,47.17650419527951,1.2101104311978167e-14,45.734488753726865,1.1731221605513671e-14,300000000000000.0,50,52000000000000.0
629000.0,46771326000000.0,1.6520739e+33,66.76371620700814,1.6996190693940136e-14,-103.65938165842766,47.17688988653706,1.2024233764247903e-14,45.734862655934215,1.1656700685147605e-14,300000000000000.0,50,52000000000000.0
630000.0,46656191000000.0,1.5999678e+33,66.76426137954682,1.6887534695598803e-14,-103.65938176599178,47.1772755777946,1.1947363216517639e-14,45.735236558141565,1.1582179764781538e-14,300000000000000.0,50,52000000000000.0
631000.0,46508827000000.0,1.5719725e+33,66.7648065520855,1.6778878697257473e-14,-103.6593818735559,47.17766126905215,1.1870492668787375e-14,45.73561046034891,1.1507658844415472e-14,300000000000000.0,50,52000000000000.0
632000.0,46320007000000.0,1.5626347e+33,66.7653517246242,1.667022269891614e-14,-103.65938198112003,47.17804696030969,1.1793622121057109e-14,45.73598436255626,1.1433137924049406e-14,300000000000000.0,50,52000000000000.0
633000.0,46137510000000.0,1.5224598e+33,66.76589689716288,1.6561566700574808e-14,-103.65938208868415,47.17843265156724,1.1716751573326845e-14,45.7363582647636,1.135861700368334e-14,300000000000000.0,50,52000000000000.0
634000.0,45984000000000.0,1.4975553e+33,66.76644206970155,1.6452910702233475e-14,-103.65938219624827,47.17881834282478,1.163988102559658e-14,45.73673216697095,1.1284096083317273e-14,300000000000000.0,50,52000000000000.0
635000.0,45836638000000.0,1.4851158e+33,66.76698724224025,1.6344254703892142e-14,-103.6593823038124,47.17920403408233,1.1563010477866317e-14,45.737106069178296,1.1209575162951207e-14,300000000000000.0,50,52000000000000.0
636000.0,45690082000000.0,1.4698017e+33,66.76753241477893,1.623559870555081e-14,-103.65938241137651,47.17958972533987,1.1486139930136053e-14,45.737479971385646,1.113505424258514e-14,300000000000000.0,50,52000000000000.0
637000.0,45504236000000.0,1.4604685e+33,66.7680604098256,1.6095477986844806e-14,-103.65938251554323,47.17996326408638,1.1387009160444147e-14,45.737842092535956,1.1038953506854034e-14,300000000000000.0,50,52000000000000.0
638000.0,45268586000000.0,1.4461166e+33,66.7685706752808,1.5922881244397485e-14,-103.65938261620335,47.180324259729616,1.1264902705968305e-14,45.73819205397585,1.092057936179318e-14,300000000000000.0,50,52000000000000.0
639000.0,45038294000000.0,1.4189339e+33,66.76908094073599,1.575028450195016e-14,-103.65938271686345,47.18068525537285,1.1142796251492465e-14,45.73854201541574,1.0802205216732323e-14,300000000000000.0,50,52000000000000.0
640000.0,44807481000000.0,1.4130074e+33,66.76959120619118,1.557768775950284e-14,-103.65938281752356,47.181046251016085,1.1020689797016625e-14,45.73889197685563,1.0683831071671467e-14,300000000000000.0,50,52000000000000.0
641000.0,44582526000000.0,1.4196815e+33,66.77010147164637,1.5405091017055515e-14,-103.65938291818368,47.18140724665932,1.0898583342540783e-14,45.73924193829553,1.056545692661061e-14,300000000000000.0,50,52000000000000.0
642000.0,44373468000000.0,1.4334651e+33,66.77061173710156,1.5232494274608193e-14,-103.65938301884378,47.18176824230255,1.0776476888064942e-14,45.739591899735416,1.0447082781549754e-14,300000000000000.0,50,52000000000000.0
643000.0,44184395000000.0,1.4106708e+33,66.77112200255677,1.505989753216087e-14,-103.6593831195039,47.18212923794579,1.06543704335891e-14,45.73994186117531,1.0328708636488898e-14,300000000000000.0,50,52000000000000.0
644000.0,43970693000000.0,1.4486432e+33,66.77163226801196,1.4887300789713547e-14,-103.65938322016402,47.18249023358903,1.053226397911326e-14,45.7402918226152,1.0210334491428041e-14,300000000000000.0,50,52000000000000.0
645000.0,43598706000000.0,1.4821789e+33,66.77214253346715,1.4714704047266223e-14,-103.65938332082412,47.18285122923226,1.041015752463742e-14,45.74064178405509,1.0091960346367185e-14,300000000000000.0,50,52000000000000.0
646000.0,43251559000000.0,1.454234e+33,66.77265279892234,1.4542107304818902e-14,-103.65938342148424,47.1832122248755,1.0288051070161578e-14,45.74099174549499,9.97358620130633e-15,300000000000000.0,50,52000000000000.0
647000.0,42966392000000.0,1.4495059e+33,66.77315521845027,1.4376340361378853e-14,-103.65938352059462,47.18356766978616,1.0170776471274468e-14,45.74133632586616,9.859896221196677e-15,300000000000000.0,50,52000000000000.0
648000.0,42746215000000.0,1.5432486e+33,66.7736091331867,1.425279634019501e-14,-103.65938361012425,47.18388879917017,1.0083373185241353e-14,45.74164763960006,9.775164506529279e-15,300000000000000.0,50,52000000000000.0
649000.0,42568312000000.0,1.4786456e+33,66.77406304792314,1.4129252319011167e-14,-103.65938369965389,47.18420992855418,9.995969899208237e-15,45.741958953333956,9.690432791861882e-15,300000000000000.0,50,52000000000000.0
650000.0,42407302000000.0,1.4627471e+33,66.77451696265956,1.4005708297827322e-14,-103.65938378918352,47.184531057938194,9.908566613175122e-15,45.74227026706786,9.605701077194484e-15,300000000000000.0,50,52000000000000.0
651000.0,42253006000000.0,1.4452642e+33,66.77497087739599,1.3882164276643479e-14,-103.65938387871316,47.18485218732221,9.821163327142007e-15,45.74258158080176,9.520969362527087e-15,300000000000000.0,50,52000000000000.0
652000.0,42089803000000.0,1.4308799e+33,66.77542479213241,1.3758620255459636e-14,-103.6593839682428,47.18517331670622,9.733760041108894e-15,45.74289289453566,9.436237647859689e-15,300000000000000.0,50,52000000000000.0
653000.0,41923494000000.0,1.4223128e+33,66.77587870686885,1.3635076234275792e-14,-103.65938405777244,47.185494446090225,9.646356755075779e-15,45.74320420826956,9.351505933192291e-15,300000000000000.0,50,52000000000000.0
654000.0,41737155000000.0,1.4246844e+33,66.77633262160528,1.3511532213091949e-14,-103.65938414730208,47.18581557547424,9.558953469042663e-15,45.743515522003456,9.266774218524895e-15,300000000000000.0,50,52000000000000.0
655000.0,41511443000000.0,1.4929321e+33,66.7767865363417,1.3387988191908106e-14,-103.65938423683171,47.18613670485825,9.471550183009548e-15,45.74382683573736,9.182042503857497e-15,300000000000000.0,50,52000000000000.0
656000.0,41297770000000.0,1.3891208e+33,66.77724045107813,1.3264444170724263e-14,-103.65938432636136,47.18645783424226,9.384146896976433e-15,45.74413814947126,9.097310789190099e-15,300000000000000.0,50,52000000000000.0
657000.0,41094907000000.0,1.3739645e+33,66.77769436581455,1.314090014954042e-14,-103.659384415891,47.186778963626274,9.296743610943318e-15,45.74444946320516,9.012579074522701e-15,300000000000000.0,50,52000000000000.0
658000.0,40898165000000.0,1.3587328e+33,66.77812294828718,1.3041436213598002e-14,-103.65938450041693,47.18708217127617,9.226376181246367e-15,45.74474340300118,8.944362497713256e-15,300000000000000.0,50,52000000000000.0
659000.0,40708656000000.0,1.3425553e+33,66.77853587135424,1.2956857635849814e-14,-103.65938458184978,47.18737430041744,9.166539645487989e-15,45.745026602914606,8.88635492723323e-15,300000000000000.0,50,52000000000000.0
660000.0,40530315000000.0,1.3289563e+33,66.7789487944213,1.2872279058101626e-14,-103.65938466328261,47.18766642955872,9.10670310972961e-15,45.745309802828025,8.828347356753206e-15,300000000000000.0,50,52000000000000.0
661000.0,40380072000000.0,1.3152691e+33,66.77936171748836,1.2787700480353439e-14,-103.65938474471545,47.18795855869999,9.046866573971232e-15,45.745593002741444,8.77033978627318e-15,300000000000000.0,50,52000000000000.0
662000.0,40251307000000.0,1.2954066e+33,66.7797746405554,1.2703121902605251e-14,-103.6593848261483,47.18825068784127,8.987030038212856e-15,45.74587620265486,8.712332215793156e-15,300000000000000.0,50,52000000000000.0
663000.0,40137171000000.0,1.2800641e+33,66.78018756362246,1.2618543324857062e-14,-103.65938490758114,47.18854281698254,8.927193502454478e-15,45.74615940256828,8.654324645313132e-15,300000000000000.0,50,52000000000000.0
664000.0,40023492000000.0,1.2707311e+33,66.78060048668952,1.2533964747108874e-14,-103.65938498901399,47.18883494612382,8.8673569666961e-15,45.74644260248171,8.596317074833106e-15,300000000000000.0,50,52000000000000.0
665000.0,39912358000000.0,1.2604662e+33,66.78101340975658,1.2449386169360687e-14,-103.65938507044683,47.18912707526509,8.807520430937721e-15,45.746725802395126,8.538309504353082e-15,300000000000000.0,50,52000000000000.0
666000.0,39804004000000.0,1.250194e+33,66.78142633282364,1.2364807591612499e-14,-103.65938515187966,47.18941920440637,8.747683895179343e-15,45.747009002308545,8.480301933873056e-15,300000000000000.0,50,52000000000000.0
667000.0,39695540000000.0,1.2402873e+33,66.7818392558907,1.2280229013864311e-14,-103.6593852333125,47.18971133354764,8.687847359420965e-15,45.74729220222196,8.422294363393032e-15,300000000000000.0,50,52000000000000.0
668000.0,39587107000000.0,1.2310389e+33,66.78225217895776,1.2195650436116124e-14,-103.65938531474535,47.19000346268892,8.628010823662587e-15,45.74757540213539,8.364286792913008e-15,300000000000000.0,50,52000000000000.0
669000.0,39480208000000.0,1.2191786e+33,66.7826387041747,1.2109523695972231e-14,-103.65938539096298,47.19027691622764,8.567079024246317e-15,45.74784049728526,8.305217436639873e-15,300000000000000.0,50,52000000000000.0
670000.0,39368875000000.0,1.2105467e+33,66.78302310778444,1.2023272529314096e-14,-103.65938546676146,47.190548868799716,8.506059197992874e-15,45.74810413734708,8.246062744160747e-15,300000000000000.0,50,52000000000000.0
671000.0,39246462000000.0,1.1977753e+33,66.7834075113942,1.1937021362655963e-14,-103.65938554255995,47.19082082137179,8.445039371739429e-15,45.74836777740889,8.186908051681622e-15,300000000000000.0,50,52000000000000.0
672000.0,39115304000000.0,1.1948794e+33,66.78379191500395,1.1850770195997828e-14,-103.65938561835843,47.19109277394386,8.384019545485985e-15,45.748631417470705,8.127753359202496e-15,300000000000000.0,50,52000000000000.0
673000.0,38969159000000.0,1.1888776e+33,66.78417631861369,1.1764519029339694e-14,-103.6593856941569,47.19136472651593,8.32299971923254e-15,45.748895057532515,8.06859866672337e-15,300000000000000.0,50,52000000000000.0
674000.0,38812680000000.0,1.1830061e+33,66.78456072222345,1.1678267862681559e-14,-103.65938576995538,47.191636679088,8.261979892979096e-15,45.749158697594325,8.009443974244245e-15,300000000000000.0,50,52000000000000.0
675000.0,38652573000000.0,1.1783918e+33,66.78494512583319,1.1592016696023426e-14,-103.65938584575386,47.19190863166007,8.200960066725651e-15,45.74942233765614,7.950289281765119e-15,300000000000000.0,50,52000000000000.0
676000.0,38492571000000.0,1.1853973e+33,66.78532952944295,1.150576552936529e-14,-103.65938592155234,47.19218058423214,8.139940240472208e-15,45.74968597771795,7.891134589285993e-15,300000000000000.0,50,52000000000000.0
677000.0,38326972000000.0,1.1904122e+33,66.78571393305269,1.1419514362707155e-14,-103.65938599735082,47.19245253680422,8.078920414218763e-15,45.74994961777977,7.831979896806868e-15,300000000000000.0,50,52000000000000.0
678000.0,38167621000000.0,1.1754624e+33,66.78609833666245,1.1333263196049022e-14,-103.6593860731493,47.19272448937629,8.017900587965319e-15,45.75021325784158,7.772825204327742e-15,300000000000000.0,50,52000000000000.0
679000.0,38019524000000.0,1.1661095e+33,66.7864809870187,1.1247475896376256e-14,-103.65938614860156,47.19299520157994,7.957208932451897e-15,45.75047569544812,7.713988651712438e-15,300000000000000.0,50,52000000000000.0
680000.0,37874579000000.0,1.15876e+33,66.786835834138,1.1169044637230109e-14,-103.6593862185632,47.19324624391993,7.901721435327423e-15,45.75071906442061,7.660197187032304e-15,300000000000000.0,50,52000000000000.0
681000.0,37731660000000.0,1.1523012e+33,66.7871906812573,1.1090613378083961e-14,-103.65938628852484,47.19349728625993,7.846233938202947e-15,45.7509624333931,7.606405722352169e-15,300000000000000.0,50,52000000000000.0
682000.0,37593531000000.0,1.1482277e+33,66.78754552837661,1.1012182118937812e-14,-103.6593863584865,47.19374832859992,7.790746441078473e-15,45.7512058023656,7.552614257672035e-15,300000000000000.0,50,52000000000000.0
683000.0,37457373000000.0,1.1502836e+33,66.78790037549591,1.0933750859791664e-14,-103.65938642844814,47.19399937093991,7.735258943953997e-15,45.75144917133809,7.4988227929919e-15,300000000000000.0,50,52000000000000.0
684000.0,37323933000000.0,1.1476632e+33,66.7882552226152,1.0855319600645516e-14,-103.65938649840979,47.19425041327991,7.679771446829523e-15,45.751692540310586,7.445031328311764e-15,300000000000000.0,50,52000000000000.0
685000.0,37192286000000.0,1.1463829e+33,66.78861006973452,1.0776888341499368e-14,-103.65938656837145,47.19450145561991,7.624283949705048e-15,45.75193590928308,7.39123986363163e-15,300000000000000.0,50,52000000000000.0
686000.0,37060237000000.0,1.141166e+33,66.78896491685381,1.069845708235322e-14,-103.65938663833309,47.1947524979599,7.568796452580572e-15,45.752179278255575,7.337448398951495e-15,300000000000000.0,50,52000000000000.0
687000.0,36926318000000.0,1.1306362e+33,66.78931976397311,1.0620025823207073e-14,-103.65938670829473,47.19500354029989,7.513308955456098e-15,45.752422647228066,7.283656934271361e-15,300000000000000.0,50,52000000000000.0
688000.0,36793394000000.0,1.1184783e+33,66.78967461109241,1.0541594564060925e-14,-103.65938677825638,47.19525458263988,7.457821458331622e-15,45.752666016200564,7.229865469591227e-15,300000000000000.0,50,52000000000000.0
689000.0,36662060000000.0,1.1243372e+33,66.79002945821172,1.0463163304914777e-14,-103.65938684821803,47.19550562497988,7.402333961207148e-15,45.752909385173055,7.17607400491109e-15,300000000000000.0,50,52000000000000.0
690000.0,36534407000000.0,1.1223859e+33,66.79038386044574,1.0384940913393824e-14,-103.65938691809184,47.1957563525784,7.346994230979846e-15,45.75315244902447,7.122425790480881e-15,300000000000000.0,50,52000000000000.0
691000.0,36411367000000.0,1.113511e+33,66.79071139364206,1.0319333172111898e-14,-103.6593869826607,47.195988071229856,7.300578946190197e-15,45.75337708495685,7.077429236631252e-15,300000000000000.0,50,52000000000000.0
692000.0,36291348000000.0,1.1066487e+33,66.79103892683837,1.0253725430829972e-14,-103.65938704722956,47.19621978988132,7.254163661400547e-15,45.753601720889236,7.032432682781623e-15,300000000000000.0,50,52000000000000.0
693000.0,36173173000000.0,1.1034939e+33,66.79136646003468,1.0188117689548044e-14,-103.65938711179842,47.196451508532775,7.207748376610899e-15,45.75382635682162,6.987436128931994e-15,300000000000000.0,50,52000000000000.0
694000.0,36055783000000.0,1.1028779e+33,66.791693993231,1.0122509948266118e-14,-103.65938717636729,47.19668322718423,7.161333091821249e-15,45.754050992754,6.942439575082364e-15,300000000000000.0,50,52000000000000.0
695000.0,35938627000000.0,1.101917e+33,66.7920215264273,1.0056902206984192e-14,-103.65938724093614,47.196914945835694,7.1149178070316e-15,45.754275628686386,6.897443021232735e-15,300000000000000.0,50,52000000000000.0
696000.0,35821479000000.0,1.0988794e+33,66.79234905962363,9.991294465702266e-15,-103.659387305505,47.19714666448715,7.068502522241951e-15,45.75450026461876,6.852446467383106e-15,300000000000000.0,50,52000000000000.0
697000.0,35705010000000.0,1.093973e+33,66.79267659281994,9.92568672442034e-15,-103.65938737007387,47.197378383138606,7.022087237452302e-15,45.754724900551146,6.807449913533477e-15,300000000000000.0,50,52000000000000.0
698000.0,35589261000000.0,1.0882278e+33,66.79300412601626,9.860078983138414e-15,-103.65938743464274,47.19761010179007,6.975671952662654e-15,45.75494953648353,6.762453359683848e-15,300000000000000.0,50,52000000000000.0
699000.0,35473894000000.0,1.0822084e+33,66.79333165921257,9.794471241856488e-15,-103.65938749921159,47.197841820441525,6.9292566678730045e-15,45.75517417241591,6.717456805834219e-15,300000000000000.0,50,52000000000000.0
700000.0,35358435000000.0,1.0761606e+33,66.79365919240888,9.728863500574562e-15,-103.65938756378046,47.19807353909298,6.882841383083355e-15,45.755398808348296,6.67246025198459e-15,300000000000000.0,50,52000000000000.0
701000.0,35242563000000.0,1.0701668e+33,66.7939867256052,9.663255759292634e-15,-103.65938762834932,47.198305257744444,6.836426098293706e-15,45.75562344428068,6.62746369813496e-15,300000000000000.0,50,52000000000000.0
702000.0,35126273000000.0,1.0643084e+33,66.79429583067706,9.600096089179709e-15,-103.65938768928008,47.19852393911359,6.791742745764615e-15,45.7558354414287,6.584146138255808e-15,300000000000000.0,50,52000000000000.0
703000.0,35009832000000.0,1.0584579e+33,66.79460014415294,9.537572955248908e-15,-103.65938774926488,47.198739230588686,6.747509722279382e-15,45.756044152298266,6.541265142650322e-15,300000000000000.0,50,52000000000000.0
704000.0,34893569000000.0,1.0524504e+33,66.7949044576288,9.475049821318105e-15,-103.65938780924968,47.19895452206378,6.703276698794148e-15,45.75625286316784,6.498384147044835e-15,300000000000000.0,50,52000000000000.0
705000.0,34777531000000.0,1.0466873e+33,66.79520877110468,9.412526687387304e-15,-103.65938786923448,47.19916981353888,6.659043675308915e-15,45.7564615740374,6.455503151439349e-15,300000000000000.0,50,52000000000000.0
706000.0,34661639000000.0,1.0411832e+33,66.79551308458056,9.350003553456502e-15,-103.65938792921928,47.199385105013974,6.614810651823681e-15,45.756670284906974,6.412622155833862e-15,300000000000000.0,50,52000000000000.0
707000.0,34545871000000.0,1.0356092e+33,66.79581739805644,9.2874804195257e-15,-103.65938798920408,47.19960039648907,6.570577628338448e-15,45.75687899577654,6.369741160228376e-15,300000000000000.0,50,52000000000000.0
708000.0,34429797000000.0,1.0304832e+33,66.79612171153232,9.2249572855949e-15,-103.65938804918886,47.19981568796416,6.526344604853215e-15,45.75708770664611,6.326860164622889e-15,300000000000000.0,50,52000000000000.0
709000.0,34313464000000.0,1.0255677e+33,66.79642602500819,9.162434151664097e-15,-103.65938810917366,47.200030979439255,6.4821115813679815e-15,45.757296417515676,6.283979169017403e-15,300000000000000.0,50,52000000000000.0
710000.0,34197172000000.0,1.0207015e+33,66.79673033848407,9.099911017733296e-15,-103.65938816915846,47.200246270914356,6.4378785578827485e-15,45.75750512838524,6.2410981734119164e-15,300000000000000.0,50,52000000000000.0
711000.0,34080590000000.0,1.0161102e+33,66.79703465195995,9.037387883802493e-15,-103.65938822914326,47.20046156238945,6.3936455343975155e-15,45.75771383925481,6.19821717780643e-15,300000000000000.0,50,52000000000000.0
712000.0,33964078000000.0,1.0117433e+33,66.79733896543583,8.974864749871692e-15,-103.65938828912806,47.20067685386454,6.349412510912282e-15,45.75792255012438,6.1553361822009435e-15,300000000000000.0,50,52000000000000.0
713000.0,33848172000000.0,1.0078565e+33,66.7976345433148,8.913970939486819e-15,-103.6593883473887,47.20088596519737,6.306332180702308e-15,45.75812526975409,6.113572646615219e-15,300000000000000.0,50,52000000000000.0
714000.0,33732979000000.0,1.0034506e+33,66.79791636885213,8.855642152916984e-15,-103.65938840293502,47.201085347209016,6.265066521194087e-15,45.75831855744933,6.07356831445487e-15,300000000000000.0,50,52000000000000.0
715000.0,33617263000000.0,9.9957996e+32,66.79819819438946,8.797313366347148e-15,-103.65938845848133,47.20128472922066,6.223800861685866e-15,45.75851184514457,6.0335639822945205e-15,300000000000000.0,50,52000000000000.0
716000.0,33501054000000.0,9.960876e+32,66.79848001992679,8.738984579777315e-15,-103.65938851402765,47.201484111232304,6.182535202177645e-15,45.7587051328398,5.9935596501341714e-15,300000000000000.0,50,52000000000000.0
717000.0,33385260000000.0,9.9281638e+32,66.7987618454641,8.68065579320748e-15,-103.65938856957396,47.20168349324395,6.141269542669424e-15,45.75889842053504,5.9535553179738215e-15,300000000000000.0,50,52000000000000.0
718000.0,33270603000000.0,9.8928172e+32,66.79904367100143,8.622327006637644e-15,-103.65938862512029,47.20188287525559,6.100003883161203e-15,45.75909170823028,5.9135509858134724e-15,300000000000000.0,50,52000000000000.0
719000.0,33157637000000.0,9.8552459e+32,66.79932549653876,8.563998220067809e-15,-103.6593886806666,47.202082257267236,6.058738223652982e-15,45.75928499592552,5.873546653653123e-15,300000000000000.0,50,52000000000000.0
720000.0,33045996000000.0,9.8186971e+32,66.79960732207608,8.505669433497973e-15,-103.6593887362129,47.20228163927888,6.017472564144761e-15,45.75947828362075,5.833542321492774e-15,300000000000000.0,50,52000000000000.0
721000.0,32935165000000.0,9.782933e+32,66.7998891476134,8.447340646928138e-15,-103.65938879175923,47.202481021290524,5.97620690463654e-15,45.75967157131599,5.793537989332424e-15,300000000000000.0,50,52000000000000.0
722000.0,32824895000000.0,9.7473127e+32,66.80017097315073,8.389011860358304e-15,-103.65938884730554,47.20268040330217,5.934941245128319e-15,45.75986485901123,5.753533657172075e-15,300000000000000.0,50,52000000000000.0
723000.0,32715587000000.0,9.711382e+32,66.80045279868806,8.330683073788469e-15,-103.65938890285186,47.20287978531381,5.893675585620098e-15,45.76005814670647,5.713529325011726e-15,300000000000000.0,50,52000000000000.0
724000.0,32608111000000.0,9.6742486e+32,66.80073462422538,8.272354287218634e-15,-103.65938895839817,47.203079167325456,5.8524099261118766e-15,45.76025143440171,5.673524992851376e-15,300000000000000.0,50,52000000000000.0
725000.0,32502461000000.0,9.6361307e+32,66.8009994409236,8.220543455817703e-15,-103.65938901058813,47.2032665161541,5.815755502399112e-15,45.760433056720565,5.6379909493196514e-15,300000000000000.0,50,52000000000000.0
726000.0,32397840000000.0,9.5988884e+32,66.80125994588873,8.170384923135528e-15,-103.65938906192726,47.20345081457624,5.7802700248971266e-15,45.76061172187173,5.6035901219549835e-15,300000000000000.0,50,52000000000000.0
727000.0,32293907000000.0,9.562039e+32,66.80152045085386,8.120226390453353e-15,-103.65938911326637,47.20363511299838,5.744784547395141e-15,45.76079038702291,5.569189294590315e-15,300000000000000.0,50,52000000000000.0
728000.0,32191299000000.0,9.5232774e+32,66.80178095581898,8.070067857771179e-15,-103.6593891646055,47.20381941142052,5.709299069893156e-15,45.760969052174076,5.534788467225647e-15,300000000000000.0,50,52000000000000.0
729000.0,32090332000000.0,9.4816368e+32,66.80204146078411,8.019909325089004e-15,-103.65938921594463,47.20400370984266,5.67381359239117e-15,45.761147717325244,5.500387639860978e-15,300000000000000.0,50,52000000000000.0
730000.0,31990123000000.0,9.4406662e+32,66.80230196574922,7.96975079240683e-15,-103.65938926728376,47.2041880082648,5.6383281148891846e-15,45.76132638247641,5.46598681249631e-15,300000000000000.0,50,52000000000000.0
731000.0,31890080000000.0,9.4011009e+32,66.80256247071435,7.919592259724655e-15,-103.65938931862287,47.204372306686935,5.602842637387199e-15,45.76150504762758,5.4315859851316415e-15,300000000000000.0,50,52000000000000.0
732000.0,31790667000000.0,9.3604626e+32,66.80282297567948,7.869433727042481e-15,-103.659389369962,47.204556605109076,5.567357159885214e-15,45.76168371277875,5.3971851577669735e-15,300000000000000.0,50,52000000000000.0
733000.0,31692128000000.0,9.3187793e+32,66.8030834806446,7.819275194360307e-15,-103.65938942130113,47.20474090353122,5.531871682383229e-15,45.761862377929916,5.362784330402305e-15,300000000000000.0,50,52000000000000.0
734000.0,31594207000000.0,9.2769187e+32,66.80334398560973,7.769116661678132e-15,-103.65938947264026,47.20492520195336,5.4963862048812426e-15,45.76204104308109,5.328383503037637e-15,300000000000000.0,50,52000000000000.0
735000.0,31496456000000.0,9.2357326e+32,66.80360449057486,7.718958128995957e-15,-103.65938952397937,47.20510950037549,5.460900727379257e-15,45.76221970823226,5.293982675672968e-15,300000000000000.0,50,52000000000000.0
736000.0,31398667000000.0,9.1960312e+32,66.80386464986371,7.668883340813355e-15,-103.65938957525029,47.20529355424328,5.425474496337528e-15,45.76239813630413,5.259639283839545e-15,300000000000000.0,50,52000000000000.0
737000.0,31301103000000.0,9.1556811e+32,66.80410652247407,7.623238734531333e-15,-103.65938962291307,47.20546467090012,5.393182472285397e-15,45.76256402260422,5.228334298734612e-15,300000000000000.0,50,52000000000000.0
738000.0,31204413000000.0,9.1135026e+32,66.80434839508443,7.577594128249311e-15,-103.65938967057583,47.20563578755696,5.3608904482332665e-15,45.762729908904305,5.197029313629679e-15,300000000000000.0,50,52000000000000.0
739000.0,31108905000000.0,9.0699953e+32,66.80459026769479,7.531949521967288e-15,-103.6593897182386,47.205806904213794,5.328598424181136e-15,45.76289579520439,5.165724328524746e-15,300000000000000.0,50,52000000000000.0
740000.0,31013466000000.0,9.0286707e+32,66.80483214030517,7.486304915685266e-15,-103.65938976590137,47.20597802087063,5.296306400129005e-15,45.76306168150448,5.1344193434198134e-15,300000000000000.0,50,52000000000000.0
741000.0,30917146000000.0,8.9908756e+32,66.80507401291553,7.440660309403243e-15,-103.65938981356413,47.20614913752747,5.264014376076874e-15,45.76322756780457,5.1031143583148805e-15,300000000000000.0,50,52000000000000.0
742000.0,30820667000000.0,8.952066e+32,66.80531588552589,7.395015703121221e-15,-103.6593898612269,47.206320254184305,5.231722352024743e-15,45.76339345410466,5.0718093732099476e-15,300000000000000.0,50,52000000000000.0
743000.0,30724327000000.0,8.9136269e+32,66.80555775813625,7.3493710968392e-15,-103.65938990888966,47.20649137084114,5.1994303279726126e-15,45.76355934040475,5.040504388105015e-15,300000000000000.0,50,52000000000000.0
744000.0,30628605000000.0,8.873378e+32,66.8057996307466,7.303726490557176e-15,-103.65938995655243,47.20666248749798,5.167138303920482e-15,45.763725226704835,5.009199403000082e-15,300000000000000.0,50,52000000000000.0
745000.0,30533935000000.0,8.8330552e+32,66.80604150335697,7.258081884275155e-15,-103.6593900042152,47.206833604154816,5.134846279868351e-15,45.763891113004924,4.977894417895149e-15,300000000000000.0,50,52000000000000.0
746000.0,30440559000000.0,8.7922594e+32,66.80628337596733,7.212437277993133e-15,-103.65939005187798,47.20700472081165,5.10255425581622e-15,45.764056999305005,4.946589432790216e-15,300000000000000.0,50,52000000000000.0
747000.0,30348510000000.0,8.7507824e+32,66.8065252485777,7.16679267171111e-15,-103.65939009954074,47.20717583746849,5.0702622317640895e-15,45.76422288560509,4.915284447685283e-15,300000000000000.0,50,52000000000000.0
748000.0,30257626000000.0,8.7092563e+32,66.80676629841784,7.121443782025644e-15,-103.6593901470412,47.20734637204306,5.0381794173073624e-15,45.764388207614864,4.884182277469191e-15,300000000000000.0,50,52000000000000.0
749000.0,30167660000000.0,8.6680702e+32,66.80699093967463,7.0819923960889634e-15,-103.65939019130455,47.2075052980967,5.010268889382879e-15,45.76454227593008,4.857124863554147e-15,300000000000000.0,50,52000000000000.0
750000.0,30078447000000.0,8.6271594e+32,66.80721558093144,7.042541010152282e-15,-103.65939023556793,47.20766422415033,4.982358361458395e-15,45.764696344245294,4.830067449639104e-15,300000000000000.0,50,52000000000000.0
751000.0,29989956000000.0,8.5865521e+32,66.80744022218823,7.003089624215601e-15,-103.6593902798313,47.20782315020396,4.954447833533912e-15,45.764850412560506,4.80301003572406e-15,300000000000000.0,50,52000000000000.0
752000.0,29902248000000.0,8.5459899e+32,66.80766486344504,6.96363823827892e-15,-103.65939032409466,47.207982076257586,4.926537305609428e-15,45.765004480875724,4.775952621809017e-15,300000000000000.0,50,52000000000000.0
753000.0,29815421000000.0,8.5054339e+32,66.80788950470183,6.9241868523422385e-15,-103.65939036835803,47.208141002311216,4.898626777684944e-15,45.765158549190936,4.748895207893974e-15,300000000000000.0,50,52000000000000.0
754000.0,29729556000000.0,8.4650368e+32,66.80811414595864,6.884735466405558e-15,-103.6593904126214,47.208299928364845,4.870716249760461e-15,45.76531261750615,4.72183779397893e-15,300000000000000.0,50,52000000000000.0
755000.0,29644677000000.0,8.4249341e+32,66.80833878721543,6.845284080468877e-15,-103.65939045688476,47.208458854418474,4.842805721835977e-15,45.765466685821366,4.694780380063887e-15,300000000000000.0,50,52000000000000.0
756000.0,29560796000000.0,8.3843269e+32,66.80856342847224,6.805832694532195e-15,-103.65939050114814,47.2086177804721,4.814895193911494e-15,45.76562075413658,4.667722966148843e-15,300000000000000.0,50,52000000000000.0
757000.0,29477885000000.0,8.3435326e+32,66.80878806972903,6.766381308595514e-15,-103.65939054541151,47.20877670652574,4.7869846659870104e-15,45.76577482245179,4.6406655522338e-15,300000000000000.0,50,52000000000000.0
758000.0,29395908000000.0,8.302533e+32,66.80901271098584,6.7269299226588334e-15,-103.65939058967487,47.20893563257937,4.759074138062526e-15,45.76592889076701,4.613608138318756e-15,300000000000000.0,50,52000000000000.0
759000.0,29314836000000.0,8.261169e+32,66.80923735224263,6.687478536722152e-15,-103.65939063393824,47.209094558633,4.731163610138043e-15,45.76608295908222,4.586550724403713e-15,300000000000000.0,50,52000000000000.0
760000.0,29234649000000.0,8.2194626e+32,66.80946199349944,6.648027150785471e-15,-103.65939067820162,47.20925348468663,4.703253082213559e-15,45.76623702739743,4.559493310488669e-15,300000000000000.0,50,52000000000000.0
761000.0,29155359000000.0,8.1772087e+32,66.80967328156525,6.613800737384846e-15,-103.65939071983088,47.209402963807,4.679039046960866e-15,45.766381937534625,4.536019402142935e-15,300000000000000.0,50,52000000000000.0
762000.0,29076981000000.0,8.1342545e+32,66.80988278723744,6.580271757108672e-15,-103.65939076110855,47.20955118194387,4.65531842223154e-15,45.76652562523157,4.513023822720165e-15,300000000000000.0,50,52000000000000.0
763000.0,28999552000000.0,8.0907122e+32,66.81009229290964,6.5467427768324985e-15,-103.65939080238623,47.20969940008074,4.631597797502215e-15,45.76666931292852,4.4900282432973964e-15,300000000000000.0,50,52000000000000.0
764000.0,28923057000000.0,8.0465358e+32,66.81030179858183,6.513213796556326e-15,-103.6593908436639,47.20984761821761,4.60787717277289e-15,45.76681300062547,4.4670326638746274e-15,300000000000000.0,50,52000000000000.0
765000.0,28847485000000.0,8.0019854e+32,66.81051130425404,6.479684816280152e-15,-103.65939088494157,47.20999583635447,4.584156548043565e-15,45.766956688322416,4.4440370844518585e-15,300000000000000.0,50,52000000000000.0
766000.0,28772696000000.0,7.9571055e+32,66.81072080992622,6.446155836003978e-15,-103.65939092621925,47.210144054491344,4.56043592331424e-15,45.767100376019364,4.4210415050290895e-15,300000000000000.0,50,52000000000000.0
767000.0,28698530000000.0,7.9121011e+32,66.81093031559843,6.4126268557278054e-15,-103.65939096749692,47.210292272628216,4.536715298584915e-15,45.76724406371631,4.39804592560632e-15,300000000000000.0,50,52000000000000.0
768000.0,28624917000000.0,7.8662371e+32,66.81113982127061,6.379097875451632e-15,-103.65939100877459,47.21044049076508,4.512994673855589e-15,45.76738775141326,4.375050346183551e-15,300000000000000.0,50,52000000000000.0
769000.0,28551859000000.0,7.8191731e+32,66.81134932694282,6.345568895175458e-15,-103.65939105005226,47.21058870890195,4.4892740491262645e-15,45.76753143911021,4.352054766760782e-15,300000000000000.0,50,52000000000000.0
770000.0,28479099000000.0,7.7707535e+32,66.811558832615,6.312039914899285e-15,-103.65939109132994,47.210736927038816,4.465553424396939e-15,45.767675126807156,4.329059187338013e-15,300000000000000.0,50,52000000000000.0
771000.0,28406555000000.0,7.7208546e+32,66.81176833828721,6.278510934623112e-15,-103.65939113260761,47.21088514517569,4.4418327996676136e-15,45.7678188145041,4.306063607915243e-15,300000000000000.0,50,52000000000000.0
772000.0,28334164000000.0,7.6696101e+32,66.8119778439594,6.244981954346938e-15,-103.65939117388528,47.21103336331256,4.418112174938289e-15,45.76796250220105,4.283068028492474e-15,300000000000000.0,50,52000000000000.0
773000.0,28261868000000.0,7.6169681e+32,66.81218056681341,6.212016673275029e-15,-103.65939121382502,47.21117678283391,4.3947903493601105e-15,45.76810153795711,4.260459058514783e-15,300000000000000.0,50,52000000000000.0
774000.0,28189493000000.0,7.5639602e+32,66.81237699981591,6.179574122457438e-15,-103.65939125252406,47.21131575249709,4.3718383387118185e-15,45.76823625986949,4.2382085996934314e-15,300000000000000.0,50,52000000000000.0
775000.0,28116348000000.0,7.5146167e+32,66.81257343281843,6.147131571639847e-15,-103.6593912912231,47.211454722160276,4.3488863280635266e-15,45.768370981781864,4.215958140872079e-15,300000000000000.0,50,52000000000000.0
776000.0,28042362000000.0,7.4710786e+32,66.81276986582094,6.114689020822256e-15,-103.65939132992214,47.21159369182346,4.325934317415234e-15,45.768505703694245,4.193707682050727e-15,300000000000000.0,50,52000000000000.0
777000.0,27967683000000.0,7.4295508e+32,66.81296629882345,6.082246470004665e-15,-103.65939136862119,47.21173266148664,4.302982306766942e-15,45.76864042560663,4.1714572232293755e-15,300000000000000.0,50,52000000000000.0
778000.0,27892341000000.0,7.3903155e+32,66.81316273182597,6.049803919187075e-15,-103.65939140732023,47.21187163114983,4.28003029611865e-15,45.76877514751901,4.149206764408023e-15,300000000000000.0,50,52000000000000.0
779000.0,27816308000000.0,7.3543692e+32,66.81335916482848,6.017361368369484e-15,-103.65939144601927,47.21201060081302,4.257078285470358e-15,45.76890986943138,4.126956305586671e-15,300000000000000.0,50,52000000000000.0
780000.0,27739711000000.0,7.3205707e+32,66.81355559783098,5.984918817551893e-15,-103.65939148471831,47.2121495704762,4.234126274822065e-15,45.769044591343764,4.1047058467653196e-15,300000000000000.0,50,52000000000000.0
781000.0,27662910000000.0,7.287316e+32,66.8137520308335,5.952476266734302e-15,-103.65939152341736,47.21228854013938,4.211174264173773e-15,45.769179313256146,4.082455387943967e-15,300000000000000.0,50,52000000000000.0
782000.0,27586340000000.0,7.2527933e+32,66.81394846383601,5.920033715916712e-15,-103.6593915621164,47.212427509802566,4.188222253525481e-15,45.76931403516853,4.060204929122615e-15,300000000000000.0,50,52000000000000.0
783000.0,27510412000000.0,7.2167642e+32,66.81414489683853,5.887591165099121e-15,-103.65939160081544,47.21256647946575,4.1652702428771894e-15,45.7694487570809,4.037954470301264e-15,300000000000000.0,50,52000000000000.0
784000.0,27435421000000.0,7.1801335e+32,66.81434132984104,5.85514861428153e-15,-103.65939163951448,47.21270544912893,4.142318232228897e-15,45.76958347899328,4.015704011479911e-15,300000000000000.0,50,52000000000000.0
785000.0,27361560000000.0,7.1423051e+32,66.81453776284356,5.822706063463939e-15,-103.65939167821352,47.212844418792116,4.119366221580605e-15,45.769718200905665,3.9934535526585595e-15,300000000000000.0,50,52000000000000.0
786000.0,27288901000000.0,7.1029866e+32,66.81472192746482,5.794218829896328e-15,-103.65939171449304,47.2129747089893,4.099212465056183e-15,45.76984450864885,3.973915816444145e-15,300000000000000.0,50,52000000000000.0
787000.0,27217471000000.0,7.0621333e+32,66.81490550564902,5.765920663217902e-15,-103.6593917506569,47.21310458430202,4.079192467006471e-15,45.769970414188954,3.954507750239013e-15,300000000000000.0,50,52000000000000.0
788000.0,27147248000000.0,7.0194634e+32,66.81508908383321,5.737622496539476e-15,-103.65939178682076,47.21323445961475,4.059172468956759e-15,45.770096319729056,3.93509968403388e-15,300000000000000.0,50,52000000000000.0
789000.0,27078156000000.0,6.9741458e+32,66.8152726620174,5.70932432986105e-15,-103.65939182298462,47.213364334927476,4.039152470907047e-15,45.77022222526916,3.915691617828748e-15,300000000000000.0,50,52000000000000.0
790000.0,27009967000000.0,6.9256644e+32,66.81545624020161,5.6810261631826245e-15,-103.65939185914847,47.213494210240206,4.0191324728573345e-15,45.77034813080926,3.896283551623615e-15,300000000000000.0,50,52000000000000.0
791000.0,26942497000000.0,6.872884e+32,66.8156398183858,5.652727996504199e-15,-103.65939189531233,47.21362408555293,3.999112474807622e-15,45.77047403634937,3.876875485418483e-15,300000000000000.0,50,52000000000000.0
792000.0,26875681000000.0,6.8143146e+32,66.81582339657,5.624429829825773e-15,-103.6593919314762,47.21375396086566,3.97909247675791e-15,45.77059994188947,3.857467419213351e-15,300000000000000.0,50,52000000000000.0
793000.0,26809448000000.0,6.7503677e+32,66.8160069747542,5.596131663147346e-15,-103.65939196764005,47.21388383617838,3.959072478708198e-15,45.770725847429574,3.838059353008218e-15,300000000000000.0,50,52000000000000.0
794000.0,26743746000000.0,6.6846762e+32,66.8161905529384,5.56783349646892e-15,-103.6593920038039,47.21401371149111,3.939052480658486e-15,45.770851752969676,3.8186512868030856e-15,300000000000000.0,50,52000000000000.0
795000.0,26678498000000.0,6.6226689e+32,66.8163741311226,5.5395353297904945e-15,-103.65939203996777,47.214143586803836,3.919032482608774e-15,45.77097765850978,3.799243220597953e-15,300000000000000.0,50,52000000000000.0
796000.0,26613569000000.0,6.5730032e+32,66.81655770930679,5.511237163112069e-15,-103.65939207613162,47.214273462116566,3.899012484559061e-15,45.77110356404988,3.7798351543928205e-15,300000000000000.0,50,52000000000000.0
797000.0,26548787000000.0,6.542567e+32,66.81674128749098,5.482938996433643e-15,-103.65939211229548,47.21440333742929,3.8789924865093496e-15,45.77122946958999,3.7604270881876875e-15,300000000000000.0,50,52000000000000.0
798000.0,26483998000000.0,6.5282151e+32,66.81692275140568,5.454930688261244e-15,-103.6593921480424,47.21453171696769,3.859177553786135e-15,45.771353925075644,3.7412178192763906e-15,300000000000000.0,50,52000000000000.0
799000.0,26419128000000.0,6.5160251e+32,66.81709493453931,5.4281947407473324e-15,-103.65939218195912,47.214653530666645,3.840262774235693e-15,45.7714720154135,3.722881189430124e-15,300000000000000.0,50,52000000000000.0
800000.0,26354098000000.0,6.4967925e+32,66.81726711767296,5.401458793233421e-15,-103.65939221587584,47.214775344365606,3.821347994685252e-15,45.77159010575136,3.704544559583857e-15,300000000000000.0,50,52000000000000.0
801000.0,26288899000000.0,6.4688884e+32,66.81743930080658,5.374722845719511e-15,-103.65939224979255,47.214897158064566,3.80243321513481e-15,45.771708196089214,3.686207929737591e-15,300000000000000.0,50,52000000000000.0
802000.0,26223551000000.0,6.432309e+32,66.81761148394021,5.3479868982055995e-15,-103.65939228370927,47.21501897176353,3.783518435584368e-15,45.77182628642708,3.667871299891324e-15,300000000000000.0,50,52000000000000.0
803000.0,26158062000000.0,6.3880491e+32,66.81778366707385,5.321250950691688e-15,-103.65939231762599,47.21514078546249,3.764603656033927e-15,45.771944376764935,3.649534670045057e-15,300000000000000.0,50,52000000000000.0
804000.0,26092349000000.0,6.3374043e+32,66.81795585020748,5.294515003177778e-15,-103.6593923515427,47.21526259916145,3.745688876483485e-15,45.77206246710279,3.6311980401987905e-15,300000000000000.0,50,52000000000000.0
805000.0,26026286000000.0,6.2822576e+32,66.81812803334111,5.267779055663867e-15,-103.65939238545943,47.21538441286041,3.726774096933043e-15,45.77218055744065,3.612861410352524e-15,300000000000000.0,50,52000000000000.0
806000.0,25959875000000.0,6.2227128e+32,66.81830021647475,5.2410431081499554e-15,-103.65939241937615,47.21550622655937,3.707859317382602e-15,45.77229864777851,3.594524780506257e-15,300000000000000.0,50,52000000000000.0
807000.0,25893294000000.0,6.1600018e+32,66.81847239960838,5.214307160636045e-15,-103.65939245329287,47.21562804025833,3.68894453783216e-15,45.77241673811637,3.57618815065999e-15,300000000000000.0,50,52000000000000.0
808000.0,25826677000000.0,6.0962925e+32,66.81864458274201,5.187571213122134e-15,-103.65939248720959,47.21574985395729,3.6700297582817184e-15,45.772534828454226,3.557851520813724e-15,300000000000000.0,50,52000000000000.0
809000.0,25760074000000.0,6.0328589e+32,66.81881676587565,5.1608352656082225e-15,-103.6593925211263,47.21587166765625,3.6511149787312775e-15,45.77265291879208,3.5395148909674568e-15,300000000000000.0,50,52000000000000.0
810000.0,25693482000000.0,5.9701347e+32,66.81898894900928,5.134099318094312e-15,-103.65939255504303,47.21599348135521,3.632200199180836e-15,45.77277100912994,3.5211782611211903e-15,300000000000000.0,50,52000000000000.0
811000.0,25626891000000.0,5.908349e+32,66.81915884524389,5.107529556136682e-15,-103.65939258850882,47.21611367715038,3.613402990563335e-15,45.772887531016906,3.502955608531409e-15,300000000000000.0,50,52000000000000.0
812000.0,25560299000000.0,5.8478737e+32,66.81932008728872,5.0815886813024126e-15,-103.65939262026824,47.21622775039867,3.595050699346978e-15,45.772998117498936,3.485164273984925e-15,300000000000000.0,50,52000000000000.0
813000.0,25493633000000.0,5.7886374e+32,66.81948132933354,5.055647806468142e-15,-103.65939265202765,47.21634182364696,3.576698408130621e-15,45.77310870398096,3.4673729394384415e-15,300000000000000.0,50,52000000000000.0
814000.0,25427090000000.0,5.7292936e+32,66.81964257137837,5.029706931633873e-15,-103.65939268378706,47.21645589689525,3.558346116914264e-15,45.77321929046299,3.4495816048919577e-15,300000000000000.0,50,52000000000000.0
815000.0,25360717000000.0,5.6717098e+32,66.81980381342318,5.0037660567996035e-15,-103.65939271554649,47.21656997014353,3.5399938256979067e-15,45.77332987694502,3.4317902703454738e-15,300000000000000.0,50,52000000000000.0
816000.0,25294600000000.0,5.6157783e+32,66.819965055468,4.977825181965333e-15,-103.6593927473059,47.21668404339182,3.5216415344815495e-15,45.77344046342704,3.4139989357989903e-15,300000000000000.0,50,52000000000000.0
817000.0,25228610000000.0,5.5618998e+32,66.82012629751283,4.951884307131064e-15,-103.65939277906531,47.216798116640106,3.5032892432651926e-15,45.773551049909074,3.3962076012525065e-15,300000000000000.0,50,52000000000000.0
818000.0,25162578000000.0,5.5106292e+32,66.82028753955764,4.9259434322967945e-15,-103.65939281082473,47.2169121898884,3.4849369520488354e-15,45.7736616363911,3.3784162667060226e-15,300000000000000.0,50,52000000000000.0
819000.0,25096478000000.0,5.4628923e+32,66.82044878160247,4.900002557462524e-15,-103.65939284258414,47.21702626313669,3.466584660832478e-15,45.77377222287313,3.360624932159539e-15,300000000000000.0,50,52000000000000.0
820000.0,25030455000000.0,5.4171556e+32,66.82061002364729,4.874061682628255e-15,-103.65939287434355,47.21714033638497,3.448232369616121e-15,45.77388280935516,3.3428335976130553e-15,300000000000000.0,50,52000000000000.0
821000.0,24964463000000.0,5.3741255e+32,66.82077126569212,4.8481208077939854e-15,-103.65939290610297,47.21725440963326,3.429880078399764e-15,45.77399339583718,3.3250422630665714e-15,300000000000000.0,50,52000000000000.0
822000.0,24898525000000.0,5.3337284e+32,66.82093250773693,4.822179932959716e-15,-103.65939293786238,47.21736848288155,3.411527787183407e-15,45.77410398231921,3.307250928520088e-15,300000000000000.0,50,52000000000000.0
823000.0,24832747000000.0,5.2966294e+32,66.82109374978175,4.796239058125446e-15,-103.6593929696218,47.21748255612984,3.3931754959670497e-15,45.774214568801234,3.289459593973604e-15,300000000000000.0,50,52000000000000.0
824000.0,24767161000000.0,5.2616416e+32,66.8212547606147,4.77031003775374e-15,-103.65939300133563,47.21759646580355,3.3748315914086888e-15,45.77432499670852,3.271676389738295e-15,300000000000000.0,50,52000000000000.0
825000.0,24701857000000.0,5.2295811e+32,66.82140521427075,4.744922294360747e-15,-103.6593930309682,47.217702906631814,3.356870623223659e-15,45.7744281840633,3.2542644170324585e-15,300000000000000.0,50,52000000000000.0
826000.0,24636893000000.0,5.2021697e+32,66.8215556679268,4.7195345509677544e-15,-103.65939306060078,47.217809347460076,3.33890965503863e-15,45.77453137141807,3.2368524443266225e-15,300000000000000.0,50,52000000000000.0
827000.0,24572384000000.0,5.1783745e+32,66.82170612158285,4.694146807574761e-15,-103.65939309023334,47.21791578828834,3.3209486868536e-15,45.774634558772846,3.219440471620786e-15,300000000000000.0,50,52000000000000.0
828000.0,24508413000000.0,5.1578423e+32,66.8218565752389,4.668759064181769e-15,-103.65939311986591,47.2180222291166,3.3029877186685705e-15,45.77473774612762,3.2020284989149498e-15,300000000000000.0,50,52000000000000.0
829000.0,24445028000000.0,5.1383011e+32,66.82200702889493,4.643371320788776e-15,-103.65939314949848,47.21812866994486,3.2850267504835412e-15,45.774840933482395,3.184616526209114e-15,300000000000000.0,50,52000000000000.0
830000.0,24382399000000.0,5.1196243e+32,66.82215748255098,4.6179835773957835e-15,-103.65939317913106,47.21823511077312,3.2670657822985115e-15,45.77494412083717,3.1672045535032775e-15,300000000000000.0,50,52000000000000.0
831000.0,24320811000000.0,5.0998239e+32,66.82230793620703,4.592595834002791e-15,-103.65939320876362,47.218341551601384,3.249104814113482e-15,45.77504730819194,3.1497925807974415e-15,300000000000000.0,50,52000000000000.0
832000.0,24260434000000.0,5.0745806e+32,66.82245838986307,4.567208090609798e-15,-103.65939323839619,47.218447992429645,3.2311438459284526e-15,45.77515049554671,3.132380608091605e-15,300000000000000.0,50,52000000000000.0
833000.0,24198202000000.0,5.0708417e+32,66.8226088435191,4.541820347216806e-15,-103.65939326802877,47.21855443325791,3.213182877743423e-15,45.775253682901486,3.1149686353857692e-15,300000000000000.0,50,52000000000000.0
834000.0,24128892000000.0,5.0730243e+32,66.82275929717515,4.5164326038238126e-15,-103.65939329766134,47.21866087408617,3.1952219095583932e-15,45.77535687025626,3.097556662679933e-15,300000000000000.0,50,52000000000000.0
835000.0,24053261000000.0,5.0666593e+32,66.8229097508312,4.49104486043082e-15,-103.6593933272939,47.21876731491443,3.177260941373364e-15,45.775460057611035,3.0801446899740965e-15,300000000000000.0,50,52000000000000.0
836000.0,23974353000000.0,5.0491342e+32,66.82306020448725,4.465657117037827e-15,-103.65939335692647,47.21887375574269,3.1592999731883343e-15,45.77556324496581,3.0627327172682605e-15,300000000000000.0,50,52000000000000.0
837000.0,23896668000000.0,5.0190603e+32,66.82321065814328,4.440269373644835e-15,-103.65939338655905,47.21898019657095,3.1413390050033046e-15,45.775666432320584,3.045320744562424e-15,300000000000000.0,50,52000000000000.0
838000.0,23824946000000.0,4.969361e+32,66.82335446616032,4.4145538425458806e-15,-103.65939341488169,47.21908193583481,3.1231461390247555e-15,45.77576506181911,3.027683962258198e-15,300000000000000.0,50,52000000000000.0
839000.0,23757816000000.0,4.9262202e+32,66.82349418973347,4.38863685143765e-15,-103.65939344239926,47.219180785493,3.1048107474700974e-15,45.775860890035744,3.0099090108190303e-15,300000000000000.0,50,52000000000000.0
840000.0,23693243000000.0,4.8833843e+32,66.82363391330661,4.36271986032942e-15,-103.65939346991684,47.2192796351512,3.086475355915439e-15,45.77595671825238,2.992134059379863e-15,300000000000000.0,50,52000000000000.0
841000.0,23628899000000.0,4.8498088e+32,66.82377363687976,4.336802869221189e-15,-103.6593934974344,47.2193784848094,3.0681399643607807e-15,45.776052546469025,2.9743591079406954e-15,300000000000000.0,50,52000000000000.0
842000.0,23562660000000.0,4.8217466e+32,66.8239133604529,4.310885878112959e-15,-103.65939352495197,47.2194773344676,3.0498045728061225e-15,45.77614837468566,2.956584156501528e-15,300000000000000.0,50,52000000000000.0
843000.0,23494245000000.0,4.7880573e+32,66.82405308402605,4.284968887004728e-15,-103.65939355246954,47.2195761841258,3.0314691812514644e-15,45.7762442029023,2.9388092050623605e-15,300000000000000.0,50,52000000000000.0
844000.0,23424453000000.0,4.7398115e+32,66.82419280759919,4.259051895896498e-15,-103.65939357998711,47.21967503378399,3.0131337896968063e-15,45.776340031118934,2.9210342536231933e-15,300000000000000.0,50,52000000000000.0
845000.0,23354556000000.0,4.6770512e+32,66.82433253117233,4.2331349047882675e-15,-103.65939360750467,47.219773883442194,2.9947983981421477e-15,45.77643585933557,2.9032593021840256e-15,300000000000000.0,50,52000000000000.0
846000.0,23284802000000.0,4.6147861e+32,66.82447225474547,4.207217913680037e-15,-103.65939363502224,47.21987273310039,2.9764630065874896e-15,45.77653168755221,2.8854843507448583e-15,300000000000000.0,50,52000000000000.0
847000.0,23214504000000.0,4.5945431e+32,66.82461197831861,4.181300922571807e-15,-103.65939366253981,47.21997158275859,2.9581276150328314e-15,45.776627515768844,2.8677093993056907e-15,300000000000000.0,50,52000000000000.0
848000.0,23142529000000.0,4.610942e+32,66.82475170189176,4.155383931463576e-15,-103.65939369005737,47.22007043241679,2.9397922234781733e-15,45.77672334398548,2.8499344478665234e-15,300000000000000.0,50,52000000000000.0
849000.0,23068980000000.0,4.6098488e+32,66.8248914254649,4.129466940355346e-15,-103.65939371757494,47.220169282074984,2.921456831923515e-15,45.776819172202124,2.8321594964273558e-15,300000000000000.0,50,52000000000000.0
850000.0,22992464000000.0,4.8296334e+32,66.82503114903804,4.1035499492471145e-15,-103.65939374509252,47.220268131733185,2.9031214403688566e-15,45.77691500041876,2.814384544988188e-15,300000000000000.0,50,52000000000000.0
851000.0,22899166000000.0,4.5293796e+32,66.82517087261118,4.077632958138884e-15,-103.65939377261009,47.22036698139138,2.8847860488141985e-15,45.7770108286354,2.796609593549021e-15,300000000000000.0,50,52000000000000.0
852000.0,22822445000000.0,4.6377453e+32,66.82529947231929,4.037247678751607e-15,-103.65939379793545,47.22045796129262,2.856214838943816e-15,45.77709902764229,2.7689116921186366e-15,300000000000000.0,50,52000000000000.0
853000.0,22737946000000.0,4.442677e+32,66.82542806395993,3.996851906414574e-15,-103.65939382325922,47.220548935486406,2.82763620567094e-15,45.77718722111619,2.741206594189698e-15,300000000000000.0,50,52000000000000.0
854000.0,22630760000000.0,4.4950036e+32,66.82555665560058,3.956456134077542e-15,-103.659393848583,47.220639909680195,2.799057572398064e-15,45.7772754145901,2.7135014962607596e-15,300000000000000.0,50,52000000000000.0
855000.0,22503871000000.0,4.5586963e+32,66.82568524724122,3.9160603617405095e-15,-103.65939387390677,47.22073088387398,2.7704789391251878e-15,45.77736360806401,2.6857963983318213e-15,300000000000000.0,50,52000000000000.0
856000.0,22380461000000.0,4.4924928e+32,66.82581383888187,3.875664589403477e-15,-103.65939389923054,47.22082185806777,2.7419003058523115e-15,45.77745180153791,2.6580913004028826e-15,300000000000000.0,50,52000000000000.0
857000.0,22160793000000.0,4.4536792e+32,66.82594243052252,3.835268817066445e-15,-103.65939392455431,47.22091283226156,2.7133216725794357e-15,45.777539995011814,2.6303862024739443e-15,300000000000000.0,50,52000000000000.0
858000.0,21870912000000.0,4.5734938e+32,66.82607102216316,3.794873044729412e-15,-103.65939394987808,47.22100380645535,2.6847430393065595e-15,45.777628188485714,2.602681104545006e-15,300000000000000.0,50,52000000000000.0
859000.0,21668214000000.0,4.5759475e+32,66.82619961380381,3.75447727239238e-15,-103.65939397520185,47.22109478064914,2.6561644060336832e-15,45.77771638195962,2.5749760066160678e-15,300000000000000.0,50,52000000000000.0
860000.0,21559026000000.0,4.4223661e+32,66.82632820544447,3.7140815000553476e-15,-103.65939400052562,47.22118575484293,2.6275857727608074e-15,45.77780457543353,2.5472709086871295e-15,300000000000000.0,50,52000000000000.0
861000.0,21485050000000.0,4.4090488e+32,66.82645679708511,3.673685727718315e-15,-103.6593940258494,47.22127672903672,2.599007139487931e-15,45.77789276890743,2.5195658107581908e-15,300000000000000.0,50,52000000000000.0
862000.0,21432029000000.0,4.3967407e+32,66.82658538872576,3.633289955381283e-15,-103.65939405117317,47.221367703230506,2.5704285062150553e-15,45.777980962381335,2.4918607128292525e-15,300000000000000.0,50,52000000000000.0
863000.0,21376304000000.0,4.4076545e+32,66.8267139803664,3.5928941830442505e-15,-103.65939407649694,47.221458677424295,2.541849872942179e-15,45.77806915585524,2.4641556149003142e-15,300000000000000.0,50,52000000000000.0
864000.0,21316579000000.0,4.4471835e+32,66.82684257200705,3.552498410707218e-15,-103.65939410182071,47.22154965161808,2.513271239669303e-15,45.77815734932914,2.4364505169713755e-15,300000000000000.0,50,52000000000000.0
865000.0,21263077000000.0,4.4437105e+32,66.82696838339251,3.5157217349361783e-15,-103.65939412659677,47.22163865887601,2.487252993778139e-15,45.7782436359886,2.411227545548162e-15,300000000000000.0,50,52000000000000.0
866000.0,21213747000000.0,4.3613881e+32,66.82707934192355,3.4982792248708992e-15,-103.65939414844686,47.22171715824523,2.4749130106816524e-15,45.778319735943796,2.39926474673689e-15,300000000000000.0,50,52000000000000.0
867000.0,21161838000000.0,4.3451021e+32,66.82719030045457,3.4808367148056205e-15,-103.65939417029695,47.22179565761445,2.4625730275851658e-15,45.77839583589898,2.387301947925618e-15,300000000000000.0,50,52000000000000.0
868000.0,21106124000000.0,4.4683418e+32,66.82730125898561,3.4633942047403414e-15,-103.65939419214703,47.221874156983674,2.450233044488679e-15,45.77847193585418,2.375339149114346e-15,300000000000000.0,50,52000000000000.0
869000.0,21045614000000.0,4.3138139e+32,66.82741221751664,3.4459516946750623e-15,-103.65939421399713,47.22195265635289,2.4378930613921925e-15,45.778548035809365,2.363376350303074e-15,300000000000000.0,50,52000000000000.0
870000.0,20985821000000.0,4.4057058e+32,66.82752317604768,3.4285091846097836e-15,-103.65939423584722,47.222031155722114,2.425553078295706e-15,45.77862413576456,2.351413551491802e-15,300000000000000.0,50,52000000000000.0
871000.0,20927772000000.0,4.3998669e+32,66.8276341345787,3.4110666745445045e-15,-103.6593942576973,47.22210965509134,2.413213095199219e-15,45.77870023571975,2.33945075268053e-15,300000000000000.0,50,52000000000000.0
872000.0,20866902000000.0,4.3872826e+32,66.82774509310974,3.3936241644792257e-15,-103.6593942795474,47.222188154460554,2.4008731121027325e-15,45.77877633567494,2.327487953869258e-15,300000000000000.0,50,52000000000000.0
873000.0,20808504000000.0,4.4010694e+32,66.82785605164077,3.3761816544139466e-15,-103.65939430139748,47.22226665382978,2.388533129006246e-15,45.77885243563013,2.315525155057986e-15,300000000000000.0,50,52000000000000.0
874000.0,20752300000000.0,4.473333e+32,66.8279670101718,3.3587391443486675e-15,-103.65939432324757,47.222345153199,2.3761931459097593e-15,45.77892853558532,2.3035623562467145e-15,300000000000000.0,50,52000000000000.0
875000.0,20697673000000.0,4.3878543e+32,66.82807796870283,3.3412966342833888e-15,-103.65939434509767,47.22242365256822,2.3638531628132726e-15,45.77900463554051,2.2915995574354425e-15,300000000000000.0,50,52000000000000.0
876000.0,20645124000000.0,4.3774077e+32,66.82818892723385,3.3238541242181097e-15,-103.65939436694775,47.22250215193744,2.351513179716786e-15,45.779080735495704,2.2796367586241705e-15,300000000000000.0,50,52000000000000.0
877000.0,20597766000000.0,4.3789741e+32,66.82829988576489,3.306411614152831e-15,-103.65939438879784,47.222580651306664,2.3391731966202993e-15,45.77915683545089,2.2676739598128985e-15,300000000000000.0,50,52000000000000.0
878000.0,20554435000000.0,4.316632e+32,66.82841084429592,3.288969104087552e-15,-103.65939441064792,47.22265915067588,2.3268332135238127e-15,45.779232935406085,2.2557111610016265e-15,300000000000000.0,50,52000000000000.0
879000.0,20512893000000.0,4.3120718e+32,66.82852109920655,3.2715549303393356e-15,-103.65939443235938,47.22273715225759,2.3145132774661602e-15,45.779308552789146,2.243767796470836e-15,300000000000000.0,50,52000000000000.0
880000.0,20470797000000.0,4.3829282e+32,66.82862432008939,3.25442403212464e-15,-103.65939445268481,47.22281017750366,2.3023937497963962e-15,45.7793793459434,2.2320187146395195e-15,300000000000000.0,50,52000000000000.0
881000.0,20429726000000.0,4.4063174e+32,66.82872754097221,3.237293133909945e-15,-103.65939447301024,47.222883202749735,2.2902742221266326e-15,45.77945013909765,2.220269632808203e-15,300000000000000.0,50,52000000000000.0
882000.0,20388011000000.0,4.4152164e+32,66.82883076185503,3.2201622356952494e-15,-103.65939449333567,47.22295622799581,2.278154694456869e-15,45.779520932251906,2.208520550976886e-15,300000000000000.0,50,52000000000000.0
883000.0,20346227000000.0,4.3918747e+32,66.82893398273785,3.2030313374805542e-15,-103.6593945136611,47.22302925324188,2.2660351667871053e-15,45.779591725406156,2.1967714691455695e-15,300000000000000.0,50,52000000000000.0
884000.0,20303740000000.0,4.3729523e+32,66.82903720362069,3.1859004392658587e-15,-103.65939453398653,47.22310227848796,2.2539156391173417e-15,45.77966251856041,2.185022387314253e-15,300000000000000.0,50,52000000000000.0
885000.0,20260886000000.0,4.3593751e+32,66.8291404245035,3.1687695410511636e-15,-103.65939455431197,47.22317530373403,2.2417961114475777e-15,45.77973331171466,2.173273305482936e-15,300000000000000.0,50,52000000000000.0
886000.0,20217611000000.0,4.3946956e+32,66.82924364538633,3.151638642836468e-15,-103.6593945746374,47.223248328980105,2.229676583777814e-15,45.779804104868916,2.1615242236516195e-15,300000000000000.0,50,52000000000000.0
887000.0,20169646000000.0,4.3812738e+32,66.82934686626915,3.134507744621773e-15,-103.65939459496283,47.22332135422618,2.2175570561080504e-15,45.77987489802317,2.149775141820303e-15,300000000000000.0,50,52000000000000.0
888000.0,20118931000000.0,4.3740447e+32,66.82945008715197,3.1173768464070774e-15,-103.65939461528826,47.22339437947225,2.2054375284382868e-15,45.77994569117742,2.138026059988986e-15,300000000000000.0,50,52000000000000.0
889000.0,20065909000000.0,4.2451489e+32,66.8295533080348,3.100245948192382e-15,-103.6593946356137,47.22346740471833,2.1933180007685228e-15,45.78001648433167,2.1262769781576695e-15,300000000000000.0,50,52000000000000.0
890000.0,20005289000000.0,3.9623045e+32,66.82965652891762,3.0831150499776867e-15,-103.65939465593912,47.2235404299644,2.181198473098759e-15,45.78008727748592,2.114527896326353e-15,300000000000000.0,50,52000000000000.0
891000.0,19932029000000.0,3.8224276e+32,66.82975974980044,3.065984151762991e-15,-103.65939467626457,47.223613455210476,2.1690789454289955e-15,45.78015807064018,2.102778814495036e-15,300000000000000.0,50,52000000000000.0
892000.0,19849606000000.0,4.2398053e+32,66.82986297068327,3.048853253548296e-15,-103.65939469659,47.22368648045655,2.156959417759232e-15,45.78022886379443,2.0910297326637194e-15,300000000000000.0,50,52000000000000.0
893000.0,19750811000000.0,4.3165272e+32,66.82996619156609,3.0317223553336005e-15,-103.65939471691543,47.223759505702624,2.1448398900894682e-15,45.78029965694868,2.079280650832403e-15,300000000000000.0,50,52000000000000.0
894000.0,19670778000000.0,3.7748558e+32,66.83006326955798,3.013491749715447e-15,-103.65939473603059,47.22382818506235,2.131942357566626e-15,45.78036623705308,2.0667773446674897e-15,300000000000000.0,50,52000000000000.0
895000.0,19606702000000.0,3.7069404e+32,66.83015876742115,2.9949782676344404e-15,-103.65939475483444,47.22389574653477,2.118844699755704e-15,45.780431733439535,2.0540800302500043e-15,300000000000000.0,50,52000000000000.0
896000.0,19545153000000.0,3.5880777e+32,66.83025426528432,2.9764647855534334e-15,-103.65939477363828,47.223963308007185,2.1057470419447816e-15,45.780497229826,2.041382715832519e-15,300000000000000.0,50,52000000000000.0
897000.0,19484712000000.0,3.4867289e+32,66.8303497631475,2.957951303472427e-15,-103.65939479244213,47.224030869479606,2.0926493841338594e-15,45.78056272621246,2.0286854014150337e-15,300000000000000.0,50,52000000000000.0
898000.0,19426550000000.0,3.4334819e+32,66.83044526101067,2.9394378213914204e-15,-103.65939481124599,47.22409843095202,2.0795517263229372e-15,45.78062822259892,2.0159880869975483e-15,300000000000000.0,50,52000000000000.0
899000.0,19366466000000.0,3.3677715e+32,66.83054075887384,2.9209243393104134e-15,-103.65939483004983,47.22416599242444,2.066454068512015e-15,45.78069371898538,2.003290772580063e-15,300000000000000.0,50,52000000000000.0
900000.0,19305165000000.0,3.31148e+32,66.83063625673701,2.902410857229407e-15,-103.65939484885368,47.22423355389685,2.0533564107010924e-15,45.780759215371845,1.9905934581625777e-15,300000000000000.0,50,52000000000000.0
901000.0,19246750000000.0,3.2609326e+32,66.83073175460018,2.8838973751484004e-15,-103.65939486765753,47.22430111536927,2.04025875289017e-15,45.7808247117583,1.9778961437450927e-15,300000000000000.0,50,52000000000000.0
902000.0,19190579000000.0,3.2111507e+32,66.83082725246334,2.8653838930673935e-15,-103.65939488646137,47.224368676841685,2.027161095079248e-15,45.78089020814476,1.965198829327607e-15,300000000000000.0,50,52000000000000.0
903000.0,19136522000000.0,3.1687834e+32,66.83092275032651,2.846870410986387e-15,-103.65939490526522,47.224436238314105,2.0140634372683258e-15,45.78095570453122,1.9525015149101217e-15,300000000000000.0,50,52000000000000.0
904000.0,19084107000000.0,3.1217035e+32,66.83101824818968,2.8283569289053804e-15,-103.65939492406906,47.22450379978652,2.0009657794574035e-15,45.781021200917685,1.9398042004926367e-15,300000000000000.0,50,52000000000000.0
905000.0,19033457000000.0,3.0815893e+32,66.83111374605285,2.8098434468243735e-15,-103.65939494287292,47.22457136125894,1.9878681216464813e-15,45.78108669730415,1.927106886075151e-15,300000000000000.0,50,52000000000000.0
906000.0,18975646000000.0,3.8522417e+32,66.83120924391602,2.791329964743367e-15,-103.65939496167677,47.22463892273136,1.9747704638355587e-15,45.7811521936906,1.914409571657666e-15,300000000000000.0,50,52000000000000.0
907000.0,18899902000000.0,4.0472085e+32,66.83130474177919,2.77281648266236e-15,-103.65939498048061,47.22470648420377,1.9616728060246365e-15,45.781217690077064,1.9017122572401807e-15,300000000000000.0,50,52000000000000.0
908000.0,18815213000000.0,4.11341e+32,66.83139797198092,2.7541747330493875e-15,-103.65939499883775,47.22477244138298,1.9484844034981714e-15,45.78128163120719,1.8889269718128764e-15,300000000000000.0,50,52000000000000.0
909000.0,18723912000000.0,3.7234136e+32,66.83148498776882,2.735181472619781e-15,-103.65939501597074,47.22483400207612,1.935047319574498e-15,45.781341310234374,1.875900606191484e-15,300000000000000.0,50,52000000000000.0
910000.0,18649352000000.0,3.4718531e+32,66.8315720035567,2.7161882121901753e-15,-103.65939503310373,47.22489556276927,1.9216102356508253e-15,45.781400989261556,1.8628742405700915e-15,300000000000000.0,50,52000000000000.0
911000.0,18588220000000.0,3.4888137e+32,66.8316590193446,2.6971949517605694e-15,-103.65939505023672,47.22495712346242,1.9081731517271524e-15,45.781460668288744,1.8498478749486994e-15,300000000000000.0,50,52000000000000.0
912000.0,18525997000000.0,3.4176097e+32,66.83174603513248,2.678201691330963e-15,-103.65939506736972,47.22501868415556,1.8947360678034795e-15,45.781520347315926,1.836821509327307e-15,300000000000000.0,50,52000000000000.0
913000.0,18461817000000.0,3.2726689e+32,66.83183305092038,2.659208430901357e-15,-103.6593950845027,47.225080244848705,1.8812989838798063e-15,45.781580026343114,1.8237951437059146e-15,300000000000000.0,50,52000000000000.0
914000.0,18402837000000.0,3.2092728e+32,66.83192006670826,2.640215170471751e-15,-103.65939510163568,47.22514180554185,1.8678618999561334e-15,45.781639705370296,1.8107687780845225e-15,300000000000000.0,50,52000000000000.0
915000.0,18346587000000.0,3.1606224e+32,66.83200708249616,2.621221910042145e-15,-103.65939511876867,47.22520336623499,1.8544248160324605e-15,45.781699384397484,1.79774241246313e-15,300000000000000.0,50,52000000000000.0
916000.0,18293804000000.0,3.1064082e+32,66.83209409828406,2.602228649612539e-15,-103.65939513590166,47.22526492692814,1.8409877321087873e-15,45.781759063424666,1.784716046841738e-15,300000000000000.0,50,52000000000000.0
917000.0,18245533000000.0,3.0452316e+32,66.83218111407194,2.5832353891829328e-15,-103.65939515303465,47.22532648762129,1.8275506481851144e-15,45.781818742451854,1.7716896812203456e-15,300000000000000.0,50,52000000000000.0
918000.0,18194062000000.0,3.0272147e+32,66.83226812985984,2.564242128753327e-15,-103.65939517016764,47.225388048314436,1.8141135642614416e-15,45.781878421479036,1.7586633155989532e-15,300000000000000.0,50,52000000000000.0
919000.0,18134717000000.0,3.0219793e+32,66.83235514564772,2.5452488683237206e-15,-103.65939518730063,47.225449609007576,1.8006764803377687e-15,45.781938100506224,1.745636949977561e-15,300000000000000.0,50,52000000000000.0
920000.0,18086670000000.0,3.5412595e+32,66.83244216143562,2.5262556078941147e-15,-103.65939520443361,47.225511169700724,1.7872393964140954e-15,45.781997779533405,1.7326105843561687e-15,300000000000000.0,50,52000000000000.0
921000.0,17989379000000.0,4.3596501e+32,66.83252917722352,2.5072623474645088e-15,-103.6593952215666,47.22557273039387,1.7738023124904226e-15,45.78205745856059,1.7195842187347762e-15,300000000000000.0,50,52000000000000.0
922000.0,17895722000000.0,4.1857258e+32,66.8326161930114,2.4882690870349025e-15,-103.65939523869959,47.22563429108701,1.7603652285667495e-15,45.782117137587775,1.706557853113384e-15,300000000000000.0,50,52000000000000.0
923000.0,17814064000000.0,3.9873904e+32,66.83269876060257,2.473576687741866e-15,-103.65939525495645,47.22569270483269,1.7499708569794111e-15,45.78217376585718,1.6964811961934985e-15,300000000000000.0,50,52000000000000.0
924000.0,17748041000000.0,3.8565862e+32,66.83277693296453,2.4631339364684357e-15,-103.65939527034762,47.225748009103626,1.7425829661976006e-15,45.78222737969614,1.6893191238983502e-15,300000000000000.0,50,52000000000000.0
925000.0,17694452000000.0,3.7014543e+32,66.83285510532649,2.4526911851950054e-15,-103.65939528573878,47.22580331337456,1.73519507541579e-15,45.7822809935351,1.6821570516032019e-15,300000000000000.0,50,52000000000000.0
926000.0,17651995000000.0,3.5200188e+32,66.83293327768845,2.442248433921575e-15,-103.65939530112996,47.2258586176455,1.7278071846339793e-15,45.78233460737406,1.6749949793080535e-15,300000000000000.0,50,52000000000000.0
927000.0,17617898000000.0,3.3173516e+32,66.83301145005042,2.4318056826481453e-15,-103.65939531652113,47.22591392191644,1.7204192938521687e-15,45.782388221213026,1.6678329070129052e-15,300000000000000.0,50,52000000000000.0
928000.0,17587593000000.0,3.1522116e+32,66.83308962241237,2.421362931374715e-15,-103.6593953319123,47.225969226187374,1.7130314030703582e-15,45.78244183505198,1.6606708347177569e-15,300000000000000.0,50,52000000000000.0
929000.0,17558576000000.0,3.1610194e+32,66.83316779477434,2.4109201801012847e-15,-103.65939534730346,47.226024530458304,1.7056435122885474e-15,45.78249544889094,1.6535087624226086e-15,300000000000000.0,50,52000000000000.0
930000.0,17527288000000.0,3.0920509e+32,66.8332459671363,2.400477428827855e-15,-103.65939536269462,47.22607983472924,1.6982556215067369e-15,45.782549062729906,1.6463466901274602e-15,300000000000000.0,50,52000000000000.0
931000.0,17494527000000.0,3.0267239e+32,66.83332413949827,2.3900346775544246e-15,-103.65939537808579,47.22613513900018,1.6908677307249263e-15,45.782602676568864,1.6391846178323119e-15,300000000000000.0,50,52000000000000.0
932000.0,17461624000000.0,2.9639626e+32,66.83340231186023,2.3795919262809943e-15,-103.65939539347696,47.226190443271115,1.6834798399431158e-15,45.78265629040782,1.6320225455371636e-15,300000000000000.0,50,52000000000000.0
933000.0,17429297000000.0,2.90546e+32,66.83348048422219,2.3691491750075644e-15,-103.65939540886814,47.22624574754205,1.676091949161305e-15,45.782709904246786,1.6248604732420152e-15,300000000000000.0,50,52000000000000.0
934000.0,17397470000000.0,2.8511203e+32,66.83355865658416,2.358706423734134e-15,-103.6593954242593,47.22630105181299,1.6687040583794945e-15,45.782763518085744,1.617698400946867e-15,300000000000000.0,50,52000000000000.0
935000.0,17365250000000.0,2.7981214e+32,66.83363682894613,2.348263672460704e-15,-103.65939543965047,47.22635635608392,1.6613161675976839e-15,45.78281713192471,1.6105363286517186e-15,300000000000000.0,50,52000000000000.0
936000.0,17332438000000.0,2.7497082e+32,66.83371500130808,2.3378209211872736e-15,-103.65939545504163,47.226411660354856,1.6539282768158732e-15,45.78287074576367,1.6033742563565703e-15,300000000000000.0,50,52000000000000.0
937000.0,17298857000000.0,2.6973664e+32,66.83379317367005,2.3273781699138437e-15,-103.6593954704328,47.22646696462579,1.6465403860340626e-15,45.782924359602625,1.596212184061422e-15,300000000000000.0,50,52000000000000.0
938000.0,17264768000000.0,2.6442283e+32,66.83386888279158,2.3169218021068067e-15,-103.65939548533873,47.22652052623804,1.6391428621783685e-15,45.782976284049056,1.5890407731372779e-15,300000000000000.0,50,52000000000000.0
939000.0,17229778000000.0,2.5924739e+32,66.83394211383376,2.3064517357381386e-15,-103.65939549975651,47.226572334693564,1.6317356472177203e-15,45.7830265089258,1.5818599673268472e-15,300000000000000.0,50,52000000000000.0
940000.0,17192059000000.0,2.5469251e+32,66.83401534487594,2.295981669369471e-15,-103.65939551417429,47.22662414314909,1.624328432257072e-15,45.783076733802545,1.5746791615164166e-15,300000000000000.0,50,52000000000000.0
941000.0,17154021000000.0,2.4990246e+32,66.83408857591813,2.285511603000803e-15,-103.65939552859207,47.226675951604605,1.6169212172964238e-15,45.78312695867929,1.5674983557059862e-15,300000000000000.0,50,52000000000000.0
942000.0,17115189000000.0,2.4510187e+32,66.83416180696031,2.2750415366321348e-15,-103.65939554300985,47.22672776006013,1.6095140023357756e-15,45.78317718355603,1.5603175498955555e-15,300000000000000.0,50,52000000000000.0
943000.0,17076799000000.0,2.4043253e+32,66.83423503800249,2.264571470263467e-15,-103.65939555742763,47.22677956851565,1.6021067873751276e-15,45.78322740843277,1.5531367440851249e-15,300000000000000.0,50,52000000000000.0
944000.0,17040495000000.0,2.3578572e+32,66.83430826904467,2.254101403894799e-15,-103.65939557184541,47.22683137697118,1.5946995724144793e-15,45.78327763330952,1.5459559382746943e-15,300000000000000.0,50,52000000000000.0
945000.0,17006580000000.0,2.3112632e+32,66.83438150008685,2.243631337526131e-15,-103.65939558626319,47.2268831854267,1.5872923574538311e-15,45.78332785818626,1.5387751324642636e-15,300000000000000.0,50,52000000000000.0
946000.0,16974858000000.0,2.2626243e+32,66.83445473112903,2.233161271157463e-15,-103.65939560068097,47.226934993882224,1.5798851424931829e-15,45.783378083063006,1.5315943266538332e-15,300000000000000.0,50,52000000000000.0
947000.0,16941680000000.0,2.2202115e+32,66.83452796217121,2.2226912047887947e-15,-103.65939561509875,47.22698680233774,1.5724779275325346e-15,45.78342830793975,1.5244135208434026e-15,300000000000000.0,50,52000000000000.0
948000.0,16892544000000.0,2.3534069e+32,66.8346011932134,2.212221138420127e-15,-103.65939562951652,47.227038610793265,1.5650707125718864e-15,45.783478532816495,1.517232715032972e-15,300000000000000.0,50,52000000000000.0
949000.0,16841595000000.0,2.2810628e+32,66.83467442425558,2.201751072051459e-15,-103.6593956439343,47.22709041924879,1.5576634976112382e-15,45.78352875769324,1.5100519092225413e-15,300000000000000.0,50,52000000000000.0
950000.0,16795358000000.0,2.2894421e+32,66.83474765529776,2.191281005682791e-15,-103.65939565835207,47.22714222770431,1.55025628265059e-15,45.783578982569985,1.5028711034121107e-15,300000000000000.0,50,52000000000000.0
951000.0,16749110000000.0,2.2442798e+32,66.83482088633994,2.180810939314123e-15,-103.65939567276985,47.22719403615984,1.542849067689942e-15,45.78362920744672,1.4956902976016802e-15,300000000000000.0,50,52000000000000.0
952000.0,16706090000000.0,2.2989942e+32,66.83489411738212,2.170340872945455e-15,-103.65939568718763,47.227245844615354,1.5354418527292937e-15,45.78367943232347,1.4885094917912496e-15,300000000000000.0,50,52000000000000.0
953000.0,16667625000000.0,2.1760262e+32,66.83496608995566,2.1596393671785816e-15,-103.65939570135752,47.22729676274722,1.5278709023964913e-15,45.783728794090216,1.4811699553489106e-15,300000000000000.0,50,52000000000000.0
954000.0,16634090000000.0,2.127708e+32,66.83503428617182,2.1482433682427636e-15,-103.6593957147836,47.227345009235,1.519808622158939e-15,45.78377556587443,1.4733541070062745e-15,300000000000000.0,50,52000000000000.0
955000.0,16598354000000.0,2.0894272e+32,66.83510248238798,2.1368473693069455e-15,-103.65939572820967,47.22739325572279,1.5117463419213865e-15,45.78382233765865,1.4655382586636385e-15,300000000000000.0,50,52000000000000.0
956000.0,16565498000000.0,2.0319841e+32,66.83517067860414,2.1254513703711275e-15,-103.65939574163573,47.227441502210574,1.5036840616838341e-15,45.78386910944286,1.4577224103210024e-15,300000000000000.0,50,52000000000000.0
957000.0,16533564000000.0,1.9898709e+32,66.8352388748203,2.1140553714353095e-15,-103.65939575506181,47.22748974869835,1.4956217814462817e-15,45.783915881227074,1.4499065619783665e-15,300000000000000.0,50,52000000000000.0
958000.0,16489882000000.0,2.0332311e+32,66.83530707103647,2.1026593724994914e-15,-103.65939576848788,47.22753799518614,1.4875595012087293e-15,45.783962653011294,1.4420907136357305e-15,300000000000000.0,50,52000000000000.0
959000.0,16428737000000.0,2.223948e+32,66.83537526725262,2.091263373563673e-15,-103.65939578191394,47.227586241673926,1.479497220971177e-15,45.78400942479551,1.4342748652930944e-15,300000000000000.0,50,52000000000000.0
960000.0,16373813000000.0,2.233909e+32,66.83544346346878,2.079867374627855e-15,-103.65939579534002,47.227634488161705,1.4714349407336245e-15,45.784056196579726,1.4264590169504585e-15,300000000000000.0,50,52000000000000.0
961000.0,16323947000000.0,2.2137995e+32,66.83551165968494,2.068471375692037e-15,-103.65939580876608,47.22768273464949,1.463372660496072e-15,45.78410296836394,1.4186431686078224e-15,300000000000000.0,50,52000000000000.0
962000.0,16287004000000.0,2.0855886e+32,66.8355798559011,2.057075376756219e-15,-103.65939582219215,47.22773098113727,1.4553103802585197e-15,45.78414974014815,1.4108273202651864e-15,300000000000000.0,50,52000000000000.0
963000.0,16251150000000.0,2.181887e+32,66.83564805211726,2.045679377820401e-15,-103.65939583561823,47.22777922762506,1.4472481000209673e-15,45.78419651193237,1.4030114719225503e-15,300000000000000.0,50,52000000000000.0
964000.0,16204952000000.0,2.1506161e+32,66.83571624833343,2.034283378884583e-15,-103.65939584904429,47.22782747411284,1.4391858197834149e-15,45.784243283716584,1.3951956235799144e-15,300000000000000.0,50,52000000000000.0
965000.0,16154838000000.0,2.346203e+32,66.83578444454959,2.0228873799487644e-15,-103.65939586247036,47.22787572060062,1.4311235395458625e-15,45.784290055500804,1.3873797752372784e-15,300000000000000.0,50,52000000000000.0
966000.0,16104671000000.0,2.4650878e+32,66.83585264076575,2.0114913810129463e-15,-103.65939587589644,47.22792396708841,1.42306125930831e-15,45.78433682728502,1.3795639268946423e-15,300000000000000.0,50,52000000000000.0
967000.0,16043227000000.0,2.2936111e+32,66.83592083698191,2.0000953820771283e-15,-103.6593958893225,47.227972213576194,1.4149989790707577e-15,45.78438359906923,1.3717480785520064e-15,300000000000000.0,50,52000000000000.0
968000.0,15990796000000.0,2.2052318e+32,66.83598903319808,1.9886993831413103e-15,-103.65939590274857,47.22802046006397,1.4069366988332052e-15,45.78443037085345,1.3639322302093702e-15,300000000000000.0,50,52000000000000.0
969000.0,15954699000000.0,2.176849e+32,66.83605303362968,1.978736311750399e-15,-103.65939591534831,47.22806573817742,1.399888165972611e-15,45.78447426499474,1.3570991430115685e-15,300000000000000.0,50,52000000000000.0
970000.0,15916965000000.0,2.1561717e+32,66.836115660625,1.9692422908290447e-15,-103.65939592767755,47.228110044631556,1.393171470325185e-15,45.7845172171765,1.350587750080923e-15,300000000000000.0,50,52000000000000.0
971000.0,15875487000000.0,2.281443e+32,66.8361782876203,1.95974826990769e-15,-103.65939594000679,47.2281543510857,1.3864547746777592e-15,45.78456016935826,1.3440763571502775e-15,300000000000000.0,50,52000000000000.0
972000.0,15831283000000.0,2.3454697e+32,66.83624091461562,1.9502542489863355e-15,-103.65939595233604,47.22819865753984,1.3797380790303333e-15,45.78460312154001,1.3375649642196319e-15,300000000000000.0,50,52000000000000.0
973000.0,15781612000000.0,2.3075093e+32,66.83630354161093,1.9407602280649814e-15,-103.65939596466528,47.22824296399398,1.3730213833829074e-15,45.78464607372177,1.3310535712889862e-15,300000000000000.0,50,52000000000000.0
974000.0,15733483000000.0,2.2267169e+32,66.83636616860623,1.9312662071436268e-15,-103.65939597699453,47.22828727044812,1.3663046877354816e-15,45.784689025903525,1.3245421783583406e-15,300000000000000.0,50,52000000000000.0
975000.0,15691076000000.0,2.2340198e+32,66.83642879560155,1.921772186222272e-15,-103.65939598932377,47.228331576902264,1.3595879920880557e-15,45.78473197808528,1.318030785427695e-15,300000000000000.0,50,52000000000000.0
976000.0,15651833000000.0,2.2174673e+32,66.83649142259685,1.912278165300918e-15,-103.65939600165301,47.2283758833564,1.3528712964406298e-15,45.78477493026704,1.3115193924970496e-15,300000000000000.0,50,52000000000000.0
977000.0,15612830000000.0,2.1658038e+32,66.83655404959217,1.9027841443795634e-15,-103.65939601398226,47.22842018981054,1.346154600793204e-15,45.7848178824488,1.305007999566404e-15,300000000000000.0,50,52000000000000.0
978000.0,15574510000000.0,2.1074939e+32,66.83661667658748,1.893290123458209e-15,-103.6593960263115,47.228464496264685,1.3394379051457779e-15,45.78486083463056,1.2984966066357584e-15,300000000000000.0,50,52000000000000.0
979000.0,15535976000000.0,2.0299831e+32,66.83667930358278,1.8837961025368547e-15,-103.65939603864075,47.22850880271883,1.332721209498352e-15,45.78490378681231,1.2919852137051128e-15,300000000000000.0,50,52000000000000.0
980000.0,15499402000000.0,1.9801169e+32,66.8367419305781,1.8743020816155e-15,-103.65939605096999,47.228553109172964,1.3260045138509261e-15,45.784946738994066,1.2854738207744672e-15,300000000000000.0,50,52000000000000.0
981000.0,15463914000000.0,1.9576348e+32,66.8368045575734,1.8648080606941455e-15,-103.65939606329924,47.22859741562711,1.3192878182035002e-15,45.784989691175824,1.2789624278438216e-15,300000000000000.0,50,52000000000000.0
982000.0,15432626000000.0,1.8922556e+32,66.83686718456872,1.8553140397727913e-15,-103.65939607562848,47.22864172208125,1.3125711225560743e-15,45.78503264335758,1.272451034913176e-15,300000000000000.0,50,52000000000000.0
983000.0,15401297000000.0,1.8483145e+32,66.83692981156403,1.8458200188514367e-15,-103.65939608795772,47.228686028535385,1.3058544269086485e-15,45.78507559553934,1.2659396419825306e-15,300000000000000.0,50,52000000000000.0
984000.0,15368440000000.0,1.79751e+32,66.83699241606612,1.836336270389453e-15,-103.65939610028254,47.22873031907635,1.2991449986753512e-15,45.78511853229432,1.2594352943300193e-15,300000000000000.0,50,52000000000000.0
985000.0,15334987000000.0,1.7437392e+32,66.83705032787105,1.8289956368746044e-15,-103.65939611168318,47.228771289694286,1.293951751064765e-15,45.785158250603146,1.2544007836786831e-15,300000000000000.0,50,52000000000000.0
986000.0,15301676000000.0,1.7350765e+32,66.837108239676,1.8216550033597557e-15,-103.65939612308381,47.22881226031223,1.2887585034541787e-15,45.78519796891197,1.249366273027347e-15,300000000000000.0,50,52000000000000.0
987000.0,15268135000000.0,1.7141069e+32,66.83716615148093,1.8143143698449073e-15,-103.65939613448445,47.22885323093018,1.2835652558435926e-15,45.7852376872208,1.2443317623760107e-15,300000000000000.0,50,52000000000000.0
988000.0,15234266000000.0,1.6942848e+32,66.83722406328587,1.8069737363300585e-15,-103.6593961458851,47.228894201548115,1.2783720082330063e-15,45.78527740552962,1.2392972517246745e-15,300000000000000.0,50,52000000000000.0
989000.0,15201152000000.0,1.6653745e+32,66.8372819750908,1.7996331028152097e-15,-103.65939615728573,47.22893517216606,1.27317876062242e-15,45.785317123838446,1.2342627410733381e-15,300000000000000.0,50,52000000000000.0
990000.0,15169622000000.0,1.635294e+32,66.83733988689575,1.792292469300361e-15,-103.65939616868637,47.228976142784,1.2679855130118338e-15,45.78535684214727,1.229228230422002e-15,300000000000000.0,50,52000000000000.0
991000.0,15138181000000.0,1.6130421e+32,66.83739779870068,1.7849518357855122e-15,-103.659396180087,47.229017113401945,1.2627922654012477e-15,45.7853965604561,1.2241937197706657e-15,300000000000000.0,50,52000000000000.0
992000.0,15106701000000.0,1.5924675e+32,66.83745571050561,1.7776112022706634e-15,-103.65939619148764,47.22905808401988,1.2575990177906615e-15,45.78543627876493,1.2191592091193295e-15,300000000000000.0,50,52000000000000.0
993000.0,15076148000000.0,1.5664591e+32,66.83751362231055,1.7702705687558147e-15,-103.65939620288829,47.22909905463783,1.2524057701800752e-15,45.78547599707375,1.2141246984679931e-15,300000000000000.0,50,52000000000000.0
994000.0,15046892000000.0,1.5423752e+32,66.83757153411548,1.7629299352409659e-15,-103.65939621428892,47.229140025255774,1.247212522569489e-15,45.78551571538258,1.209090187816657e-15,300000000000000.0,50,52000000000000.0
995000.0,15017665000000.0,1.5249619e+32,66.83762944592043,1.7555893017261171e-15,-103.65939622568956,47.22918099587371,1.2420192749589029e-15,45.78555543369141,1.2040556771653207e-15,300000000000000.0,50,52000000000000.0
996000.0,14987626000000.0,1.5088008e+32,66.83768735772536,1.7482486682112684e-15,-103.6593962370902,47.22922196649166,1.2368260273483166e-15,45.78559515200023,1.1990211665139845e-15,300000000000000.0,50,52000000000000.0
997000.0,14957635000000.0,1.4895436e+32,66.8377452695303,1.7409080346964198e-15,-103.65939624849084,47.229262937109596,1.2316327797377303e-15,45.78563487030905,1.1939866558626483e-15,300000000000000.0,50,52000000000000.0
998000.0,14927821000000.0,1.470108e+32,66.83780318133523,1.733567401181571e-15,-103.65939625989148,47.22930390772754,1.226439532127144e-15,45.78567458861788,1.188952145211312e-15,300000000000000.0,50,52000000000000.0
999000.0,14898147000000.0,1.451894e+32,66.83786109314018,1.7262267676667222e-15,-103.65939627129211,47.22934487834548,1.221246284516558e-15,45.78571430692671,1.1839176345599757e-15,300000000000000.0,50,52000000000000.0
1000000.0,14868958000000.0,1.4361458e+32,66.8379190049451,1.7188861341518735e-15,-103.65939628269275,47.229385848963425,1.2160530369059717e-15,45.78575402523553,1.1788831239086395e-15,300000000000000.0,50,52000000000000.0
2000000.0,,1.4361458E+30,,,,,,,,,,
4000000.0,,1.4361458E+28,,,,,,,,,,