t[yr],B[G],L[erg/s],P_fill[s],Pdot_fill[s/s],chi[rad],P_vac[s],Pdot_vac[s/s],P_vacObs[s],Pdot_vacObs[s/s],bpol,etor,btorAvg
0.0,10000000000000.0,2.0606379e+36,0.001,9.091232714069242e-11,1.0471975511965976,0.001,2.5974950611626398e-11,0.001,2.441130725547441e-11,300000000000000.0,50,52000000000000.0
1.0,9994357100000.0,1.2417086e+35,0.0023947844971490733,3.265660029390487e-11,0.7923079240059054,0.001573723562157505,1.6488799934303333e-11,0.0015451930200210265,1.5782323381936747e-11,300000000000000.0,50,52000000000000.0
2.0,9993897100000.0,1.174875e+35,0.0032405858775737114,2.248109621096025e-11,0.6886809438234468,0.0020292969287619826,1.2785915853510194e-11,0.001982463331253022,1.2300094929955265e-11,300000000000000.0,50,52000000000000.0
3.0,9993438600000.0,1.1423519e+35,0.003874177771350775,1.7986223850643004e-11,0.6256166440478196,0.002399987443244396,1.0810055273110113e-11,0.0023394761734491358,1.0422082172696307e-11,300000000000000.0,50,52000000000000.0
4.0,9992979900000.0,1.1193452e+35,0.004398937347548599,1.5343077783112095e-11,0.5805755310860904,0.0027206490193206465,9.535125503047688e-12,0.002648819147178144,9.204132111936557e-12,300000000000000.0,50,52000000000000.0
5.0,9992520700000.0,1.100346e+35,0.004855140050397122,1.356457723546749e-11,0.5457857523060835,0.0030073169241809773,8.625424141504416e-12,0.0029256412578930143,8.332490208912188e-12,300000000000000.0,50,52000000000000.0
6.0,9992060600000.0,1.0834628e+35,0.0052633187270804535,1.226875796816702e-11,0.517612216238618,0.003268943354500197,7.934339406825031e-12,0.0031784473873820683,7.669011654190916e-12,300000000000000.0,50,52000000000000.0
7.0,9991599800000.0,1.0677789e+35,0.005635532044821612,1.1273663697871534e-11,0.49406026494597155,0.0035111101342456623,7.386432074273782e-12,0.0034125591722458434,7.142252864052948e-12,300000000000000.0,50,52000000000000.0
8.0,9991138200000.0,1.0527667e+35,0.005979607669506604,1.0480031421098365e-11,0.4739093468294337,0.003737608028088913,6.9381861167561174e-12,0.0036315997636879372,6.7108568084261736e-12,300000000000000.0,50,52000000000000.0
9.0,9990676000000.0,1.0379626e+35,0.0063009511794260425,9.828734360941857e-12,0.4563593134178769,0.003951149253227607,6.562546427481187e-12,0.0038381662734818306,6.3490438540382254e-12,300000000000000.0,50,52000000000000.0
10.0,9990213100000.0,1.0218816e+35,0.006603348576769276,9.282795449963874e-12,0.4408708068818107,0.004153679962941224,6.242039118533497e-12,0.0040341245559683,6.040132628795301e-12,300000000000000.0,50,52000000000000.0
20.0,9985572900000.0,8.5266167e+34,0.009006533217655769,6.410130199924066e-12,0.3450238317679257,0.005801898156023914,4.46463615263548e-12,0.005629847348891581,4.324101065971206e-12,300000000000000.0,50,52000000000000.0
30.0,9981017200000.0,6.965532e+34,0.01082242044964487,5.186685430081528e-12,0.29492118815607893,0.007075085710025878,3.657872924654641e-12,0.006863160048723456,3.5438267487758515e-12,300000000000000.0,50,52000000000000.0
40.0,9976577700000.0,5.9046049e+34,0.012343261159667232,4.471571741605442e-12,0.2624253959582163,0.008150917882833869,3.172245751025159e-12,0.007905532250749834,3.0738206374946777e-12,300000000000000.0,50,52000000000000.0
50.0,9972240200000.0,5.1665391e+34,0.013678497202137,3.989077785643088e-12,0.23903419027164957,0.00909968797588828,2.8390099266818743e-12,0.008824907486453367,2.751183454151417e-12,300000000000000.0,50,52000000000000.0
60.0,9967990400000.0,4.6339641e+34,0.014883025200794531,3.635525517345499e-12,0.22111276603721963,0.009957726707707643,2.592184402931044e-12,0.009656427381390737,2.512152009152282e-12,300000000000000.0,50,52000000000000.0
70.0,9963814800000.0,4.2412141e+34,0.015989304831779082,3.361927430219204e-12,0.20678499263345881,0.010746944088440825,2.399777842724743e-12,0.010421294161774007,2.3257909657580573e-12,300000000000000.0,50,52000000000000.0
80.0,9959701300000.0,3.9445179e+34,0.01701779884186321,3.1422018942420107e-12,0.19498707940315935,0.011481330114527236,2.2444519447649255e-12,0.011133049575991212,2.175327615704024e-12,300000000000000.0,50,52000000000000.0
90.0,9955640200000.0,3.7142114e+34,0.01798312552901647,2.96054362604032e-12,0.18503979709294008,0.01217098720767472,2.1155493092304614e-12,0.011801474586502245,2.050449056393258e-12,300000000000000.0,50,52000000000000.0
100.0,9951624100000.0,3.530415e+34,0.018895680402883246,2.8070471880254966e-12,0.17650024577776915,0.012823151661652333,2.006321037554121e-12,0.012433576282376907,1.9446231277879763e-12,300000000000000.0,50,52000000000000.0
200.0,9912049600000.0,2.8067916e+34,0.026244704955399236,1.9768774835780763e-12,0.12834799092758942,0.018075350577718172,1.4120413795178324e-12,0.017524539307383482,1.3687491069962965e-12,300000000000000.0,50,52000000000000.0
300.0,9875628100000.0,1.8656978e+34,0.03186238685006573,1.6081688958426193e-12,0.10602906682147274,0.022085466050962295,1.1471928284620547e-12,0.021411772851295436,1.1120560301959782e-12,300000000000000.0,50,52000000000000.0
400.0,9845313800000.0,8.0071699e+33,0.03658234054513992,1.3883898983861715e-12,0.09245923716360263,0.02545078140009325,9.893853047714155e-13,0.024674039991392026,9.590971892876094e-13,300000000000000.0,50,52000000000000.0
500.0,9820662000000.0,4.4091917e+33,0.040728967560776486,1.2387904072926453e-12,0.08309183082055613,0.028404591855766353,8.820666735021963e-13,0.02753743871598801,8.550720870425583e-13,300000000000000.0,50,52000000000000.0
600.0,9799009400000.0,3.0836519e+33,0.044469019888936756,1.1283707043863083e-12,0.07612269732660261,0.031066859022331264,8.029298513483726e-13,0.03011823828916597,7.783621196340379e-13,300000000000000.0,50,52000000000000.0
700.0,9779101400000.0,2.4373713e+33,0.047900949455713944,1.0424501075557199e-12,0.07067546188213907,0.033508382879055824,7.414053446296629e-13,0.03248506240335703,7.187233959044616e-13,300000000000000.0,50,52000000000000.0
800.0,9760325200000.0,2.071597e+33,0.05108889467317074,9.730537578605856e-13,0.06626497397092272,0.0357752584596675,6.917521571618956e-13,0.034682590473136675,6.705915563748484e-13,300000000000000.0,50,52000000000000.0
900.0,9742347100000.0,1.838067e+33,0.05407625098420435,9.155009496436185e-13,0.06260204853263061,0.03789865552089604,6.50601718293924e-13,0.036741035575109306,6.307015848215675e-13,300000000000000.0,50,52000000000000.0
1000.0,9724975500000.0,1.6761313e+33,0.056896362161198616,8.66691228849617e-13,0.05949411763300476,0.03990250302552665,6.157240701988082e-13,0.03868359265245952,5.968920240248939e-13,300000000000000.0,50,52000000000000.0
2000.0,9562161100000.0,1.2377418e+33,0.07940732785222795,5.993582136039403e-13,0.04257937255967909,0.055880232978054556,4.250819772272747e-13,0.054172725820197054,4.12084726267893e-13,300000000000000.0,50,52000000000000.0
3000.0,9423597000000.0,1.007602e+33,0.09631296762246216,4.796459978823291e-13,0.03507012085078181,0.06786570513570434,3.3993168038784794e-13,0.0657917515227926,3.2953903458832245e-13,300000000000000.0,50,52000000000000.0
4000.0,9300668600000.0,8.9565301e+32,0.11029302870032898,4.0788436643753725e-13,0.030600861066201225,0.07777152336994465,2.889536535140712e-13,0.07539472951420821,2.8011999822593783e-13,300000000000000.0,50,52000000000000.0
5000.0,9188735300000.0,8.2875789e+32,0.12239506680300691,3.587019110451797e-13,0.027557586033883547,0.08634373052456598,2.540429998944083e-13,0.08370487810603366,2.462768438713891e-13,300000000000000.0,50,52000000000000.0
6000.0,9085282900000.0,7.8214797e+32,0.13315939986176545,3.222736960473215e-13,0.025316149862244276,0.09396664750054128,2.281995469411991e-13,0.09109476295256419,2.2122357531001616e-13,300000000000000.0,50,52000000000000.0
7000.0,8988791100000.0,7.4607716e+32,0.14290544946176725,2.9393600372569016e-13,0.023579098687192053,0.10086728902822109,2.0810375486856252e-13,0.09778445599722743,2.0174219766526062e-13,300000000000000.0,50,52000000000000.0
8000.0,8898207800000.0,7.1600603e+32,0.1518466551646588,2.7106021569763834e-13,0.02218186583715424,0.10719724988519158,1.9188622119521608e-13,0.10392091623823695,1.8602048553355006e-13,300000000000000.0,50,52000000000000.0
9000.0,8812748200000.0,6.8958839e+32,0.16012949693435616,2.521046619025911e-13,0.021027013344495627,0.11306052017175221,1.7845112850518073e-13,0.10960495395029121,1.7299613506797034e-13,300000000000000.0,50,52000000000000.0
10000.0,8731800700000.0,6.6551587e+32,0.16785870050232335,2.3609993655138493e-13,0.020052821993852908,0.11853142247788227,1.6710970770288725e-13,0.11490861917747341,1.6200144060000719e-13,300000000000000.0,50,52000000000000.0
11000.0,8654871100000.0,6.4301966e+32,0.17511892347104394,2.2233426567313388e-13,0.019216113324225438,0.12367001426742391,1.57356532257833e-13,0.11989013310528529,1.5254643101061346e-13,300000000000000.0,50,52000000000000.0
12000.0,8581550200000.0,6.2163019e+32,0.18197330756223018,2.1033755869328995e-13,0.018487506730558902,0.12852107966005794,1.4885786018285717e-13,0.12459291059912136,1.443075694892084e-13,300000000000000.0,50,52000000000000.0
13000.0,8511494600000.0,6.0105005e+32,0.18847031628599642,1.9978112747757025e-13,0.017846114119363123,0.13311898628105479,1.4138038286544248e-13,0.12905026853083817,1.3705868135500127e-13,300000000000000.0,50,52000000000000.0
14000.0,8444482900000.0,5.8098558e+32,0.19465153263050733,1.9040395334732043e-13,0.017275839211113288,0.13749321559185515,1.347388873988934e-13,0.13329078702097633,1.3062021677205674e-13,300000000000000.0,50,52000000000000.0
15000.0,8380324300000.0,5.6144637e+32,0.20055252262711162,1.819993187459619e-13,0.016764214606263678,0.1416689781222698,1.2878673225259781e-13,0.13733890585079747,1.2485001777867666e-13,300000000000000.0,50,52000000000000.0
16000.0,8318725200000.0,5.4229823e+32,0.20620046519713056,1.744188368414399e-13,0.01630207581254287,0.14566553803931978,1.2341866258966948e-13,0.14121330023849651,1.1964604767313396e-13,300000000000000.0,50,52000000000000.0
17000.0,8259479000000.0,5.2354045e+32,0.21161933294770402,1.675394649037665e-13,0.015881977696832788,0.149499884346606,1.1854741983230243e-13,0.1449304398038201,1.1492371571840015e-13,300000000000000.0,50,52000000000000.0
18000.0,8202398600000.0,5.054066e+32,0.21683225536037887,1.6124866252324267e-13,0.015497522077571579,0.15318840522926225,1.1409321881195192e-13,0.14850621172610334,1.1060567601504534e-13,300000000000000.0,50,52000000000000.0
19000.0,8147431600000.0,4.8701487e+32,0.22185086594421333,1.5550196707940033e-13,0.015144858596766028,0.15673934645002582,1.1002450099537201e-13,0.15194860967755774,1.0666133497063372e-13,300000000000000.0,50,52000000000000.0
20000.0,8094406000000.0,4.6913652e+32,0.22669617435523137,1.5020300188999057e-13,0.014819102601590986,0.16016759022739763,1.062729714878709e-13,0.15527206092180282,1.0302448557290972e-13,300000000000000.0,50,52000000000000.0
21000.0,8043148900000.0,4.5157017e+32,0.23138023344871472,1.453029471383837e-13,0.014517188353934672,0.1634816755004399,1.0280402166289865e-13,0.15848484335606475,9.966157727226137e-14,300000000000000.0,50,52000000000000.0
22000.0,7993525900000.0,4.3431365e+32,0.23591474031070106,1.4075580249281603e-13,0.014236376224614976,0.16668988811956142,9.95850488367191e-14,0.1615949895290176,9.654100411363526e-14,300000000000000.0,50,52000000000000.0
23000.0,7945421000000.0,4.1737126e+32,0.24031104189021577,1.3651897311659547e-13,0.01397422115430736,0.16980026495270858,9.65858693230311e-14,0.16461029062106197,9.36335051701114e-14,300000000000000.0,50,52000000000000.0
24000.0,7898731500000.0,4.0075264e+32,0.24457709336609781,1.3256448480647653e-13,0.013728920309888228,0.17281844098714055,9.37866560617121e-14,0.16753620935643063,9.091985953361668e-14,300000000000000.0,50,52000000000000.0
25000.0,7853364500000.0,3.8447184e+32,0.2487208957005713,1.2886436977619665e-13,0.013498798668140563,0.17575008300676997,9.116759104259777e-14,0.17037823928572968,8.838085505669313e-14,300000000000000.0,50,52000000000000.0
26000.0,7809236000000.0,3.6854612e+32,0.25275250800468474,1.2538527986598215e-13,0.01328208476835495,0.17860231390611647,8.870505178944218e-14,0.17314328556117836,8.599359141127582e-14,300000000000000.0,50,52000000000000.0
27000.0,7766269100000.0,3.5299365e+32,0.2566770708682868,1.2211131825045763e-13,0.013077697286711714,0.18137877463953625,8.638777231230415e-14,0.1758348778332743,8.3747147026814e-14,300000000000000.0,50,52000000000000.0
28000.0,7724393500000.0,3.3783329e+32,0.26049929383915327,1.190278795566714e-13,0.012884676767813115,0.18408280072682784,8.420540307311592e-14,0.17845624965547796,8.163148876382816e-14,300000000000000.0,50,52000000000000.0
29000.0,7683544600000.0,3.2308317e+32,0.264227523392246,1.161101553704878e-13,0.01270174214477451,0.18672030145407226,8.214037439467617e-14,0.18101312967319141,7.962958404665846e-14,300000000000000.0,50,52000000000000.0
30000.0,7643663100000.0,3.0875964e+32,0.2678661012434139,1.1334602987784354e-13,0.01252811779185001,0.18929435130759584,8.018410265732269e-14,0.1835084983875362,7.773311166281503e-14,300000000000000.0,50,52000000000000.0
31000.0,7604695300000.0,2.9487805e+32,0.27141928727839454,1.1072378066001292e-13,0.012363083109612422,0.1918079666330883,7.832828394854211e-14,0.1859452799368334,7.59340215534219e-14,300000000000000.0,50,52000000000000.0
32000.0,7566584800000.0,2.8145052e+32,0.27489125383311985,1.0823207839375795e-13,0.012205969288218002,0.19426410160427993,7.6564893722511e-14,0.18832633818846203,7.422453448353912e-14,300000000000000.0,50,52000000000000.0
33000.0,7529286900000.0,2.6848589e+32,0.2782860819639907,1.0586065387849231e-13,0.012056156149013548,0.19666564559886962,7.488665854054282e-14,0.1906544741949547,7.259759936327193e-14,300000000000000.0,50,52000000000000.0
34000.0,7492840300000.0,2.5601516e+32,0.2816077866912735,1.0360138165272096e-13,0.011913067923574598,0.1990154410696072,7.328782248854108e-14,0.19293244351877537,7.104763623853534e-14,300000000000000.0,50,52000000000000.0
35000.0,7457248600000.0,2.4395034e+32,0.2848603474569453,1.0144575704145157e-13,0.01177616914178279,0.20131630510259826,7.176236229799183e-14,0.19516297713161612,6.956880597074087e-14,300000000000000.0,50,52000000000000.0
36000.0,7422431300000.0,2.3235963e+32,0.2880468858435006,9.938590270242947e-14,0.011645029978791478,0.2035704475519154,7.030469986679281e-14,0.19734821733525318,6.815570097696311e-14,300000000000000.0,50,52000000000000.0
37000.0,7388334400000.0,2.2124112e+32,0.29116617070707307,9.74231558995908e-14,0.01151959984055892,0.20577699801733523,6.891577885771588e-14,0.1994873203336557,6.680923608090099e-14,300000000000000.0,50,52000000000000.0
38000.0,7354914800000.0,2.1058969e+32,0.29422659532052725,9.553911909664458e-14,0.011399040299799998,0.20794189666994922,6.758257646162934e-14,0.2015860447188075,6.551678656060176e-14,300000000000000.0,50,52000000000000.0
39000.0,7322136700000.0,2.0060578e+32,0.29723010872097944,9.372975993331273e-14,0.011283084680901417,0.21006652328764053,6.630223688627827e-14,0.20364572809064105,6.427558392449993e-14,300000000000000.0,50,52000000000000.0
40000.0,7289954800000.0,1.9157091e+32,0.3001738919043145,9.199934145732873e-14,0.011171839102744632,0.2121488837161469,6.507777525793457e-14,0.20566443724996855,6.308855113723293e-14,300000000000000.0,50,52000000000000.0
41000.0,7258347100000.0,1.8241336e+32,0.30306839819666465,9.032825410752647e-14,0.011064393695942405,0.21419637538027533,6.389531214753084e-14,0.20764934349886735,6.194223303905243e-14,300000000000000.0,50,52000000000000.0
42000.0,7227296900000.0,1.7352713e+32,0.3059059663263957,8.872982531741188e-14,0.010961237220759285,0.2162035776510975,6.276427772123314e-14,0.20959519190265885,6.084577153966044e-14,300000000000000.0,50,52000000000000.0
43000.0,7196779700000.0,1.6495194e+32,0.30869890281413437,8.718226286687184e-14,0.010861370762675297,0.21817919900239777,6.166924858558867e-14,0.21151042473747697,5.978421470892028e-14,300000000000000.0,50,52000000000000.0
44000.0,7166777500000.0,1.5674117e+32,0.31143868432057753,8.569947138635181e-14,0.010765336416095032,0.22011720887450562,6.062006351341348e-14,0.21338919578184518,5.876710057264369e-14,300000000000000.0,50,52000000000000.0
45000.0,7137262900000.0,1.4894827e+32,0.3141356369233141,8.426405942828438e-14,0.010672325917444736,0.22202491415826858,5.960441401349408e-14,0.21523858857244693,5.778249688570854e-14,300000000000000.0,50,52000000000000.0
46000.0,7108233000000.0,1.414757e+32,0.31678741473359306,8.287995653027174e-14,0.010582440329777076,0.22390065532276046,5.862507976474562e-14,0.21705699430520073,5.6833098361016185e-14,300000000000000.0,50,52000000000000.0
47000.0,7079786600000.0,1.3442939e+32,0.319394337627064,8.154856019700324e-14,0.01049559651198954,0.22574465903836177,5.768304810276229e-14,0.2188446327209817,5.5919862157215305e-14,300000000000000.0,50,52000000000000.0
48000.0,7051877500000.0,1.2778726e+32,0.32196217501520985,8.025999837589238e-14,0.010411354541188985,0.22756100776684668,5.677133256045384e-14,0.22060546149062668,5.5036015368893734e-14,300000000000000.0,50,52000000000000.0
49000.0,7024460200000.0,1.2150119e+32,0.32449003209745947,7.901509450965767e-14,0.010329726550421164,0.22934906865565585,5.589051521973831e-14,0.22233886710563236,5.418212228651946e-14,300000000000000.0,50,52000000000000.0
50000.0,6997502300000.0,1.1512999e+32,0.32697611330859927,7.781566540105259e-14,0.010250779118362946,0.23110757154664918,5.50418811232842e-14,0.22404361823261812,5.3359428673381856e-14,300000000000000.0,50,52000000000000.0
51000.0,6970982300000.0,1.0943037e+32,0.3294262250233099,7.665278521110687e-14,0.010174097962856461,0.23284062490169888,5.42191136271955e-14,0.2257236977481187,5.256181097168957e-14,300000000000000.0,50,52000000000000.0
52000.0,6944872100000.0,1.0419202e+32,0.33184116774004885,7.552497866008017e-14,0.010099595832869644,0.23454879530609032,5.342116833639878e-14,0.22737965491795273,5.1788256712112253e-14,300000000000000.0,50,52000000000000.0
53000.0,6919149500000.0,9.924673e+31,0.3342217320278793,7.443080988630935e-14,0.010027188592787695,0.2362326423063618,5.2647028789516594e-14,0.22901203218437893,5.1037780505050926e-14,300000000000000.0,50,52000000000000.0
54000.0,6893795600000.0,9.4577861e+31,0.3365663262959605,7.337182780391565e-14,0.009956934934960289,0.23789104003873804,5.1897790602322695e-14,0.2306197380977504,5.031144447689712e-14,300000000000000.0,50,52000000000000.0
55000.0,6868790700000.0,9.0173878e+31,0.3388769973925404,7.234493411917802e-14,0.009888677121768314,0.23952543687595182,5.117126101977182e-14,0.23220417675754362,4.9607122900708056e-14,300000000000000.0,50,52000000000000.0
56000.0,6844131600000.0,8.606526e+31,0.34115610054013623,7.134761097256521e-14,0.009822245935098128,0.2411374993306813,5.046565784576626e-14,0.2337669637353245,4.892308805901584e-14,300000000000000.0,50,52000000000000.0
57000.0,6819928900000.0,8.2121287e+31,0.34340439765420067,7.038023036911684e-14,0.00975756991783491,0.24272776661639378,4.978124355944633e-14,0.23530862176194592,4.825959440925618e-14,300000000000000.0,50,52000000000000.0
58000.0,6796163600000.0,7.8407973e+31,0.34562268666140533,6.944179038987023e-14,0.009694578915948476,0.24429680340493504,4.911730886272246e-14,0.23682969824848984,4.761595433561302e-14,300000000000000.0,50,52000000000000.0
59000.0,6772792100000.0,7.4912748e+31,0.34781176000167235,6.853067656606e-14,0.009633205237540318,0.24584517047426657,4.8472711228204243e-14,0.23833073683120629,4.699106023527873e-14,300000000000000.0,50,52000000000000.0
60000.0,6749783700000.0,7.162734e+31,0.3499723857248201,6.764535660777038e-14,0.00957338409868173,0.24737341133824256,4.7846366295648555e-14,0.23981226440997291,4.6383860894523314e-14,300000000000000.0,50,52000000000000.0
61000.0,6727112500000.0,6.8542351e+31,0.35210530874368323,6.678447733435444e-14,0.009515053480855573,0.24888205313353906,4.7237316429042286e-14,0.24127479200811258,4.579342795022029e-14,300000000000000.0,50,52000000000000.0
62000.0,6704760400000.0,6.5646436e+31,0.35421125493945443,6.59468187436541e-14,0.009458153917710122,0.2503716095239545,4.6644698225474727e-14,0.24271881758791752,4.521892439187389e-14,300000000000000.0,50,52000000000000.0
63000.0,6682707600000.0,6.2930613e+31,0.3562909340238361,6.513124286865422e-14,0.00940262832720625,0.2518425827253201,4.606770633803419e-14,0.24414482801366388,4.4659569490336556e-14,300000000000000.0,50,52000000000000.0
64000.0,6660941400000.0,6.0384792e+31,0.35834504092464625,6.433671374729532e-14,0.009348421891626985,0.2532954644859905,4.550560759812085e-14,0.24555330000213088,4.4114652488455146e-14,300000000000000.0,50,52000000000000.0
65000.0,6639449100000.0,5.7998578e+31,0.36037425789305105,6.356239124030267e-14,0.00929548192472658,0.2547307375777102,4.4957807370494875e-14,0.2469447015678955,4.358359692787177e-14,300000000000000.0,50,52000000000000.0
66000.0,6618245600000.0,5.5792216e+31,0.3623792595172195,6.28080839054221e-14,0.009243757670687178,0.25614887934215996,4.4424169867648775e-14,0.24831949546147195,4.3066271172462073e-14,300000000000000.0,50,52000000000000.0
67000.0,6597416700000.0,5.3675304e+31,0.3643607311557687,6.20737792469271e-14,0.009193199773294547,0.2575503747292484,4.390468588923595e-14,0.24967815180906508,4.256266630387344e-14,300000000000000.0,50,52000000000000.0
68000.0,6576934900000.0,5.1690142e+31,0.3663193735706463,6.135878677165876e-14,0.009143760119627866,0.2589357195741218,4.339886670600183e-14,0.2510211512894128,4.207230853240197e-14,300000000000000.0,50,52000000000000.0
69000.0,6556769200000.0,4.9831367e+31,0.3682558825882663,6.066191978187795e-14,0.009095392314488748,0.2603054062116963,4.290587264588547e-14,0.2523489711880334,4.159438385263849e-14,300000000000000.0,50,52000000000000.0
70000.0,6536897100000.0,4.8093249e+31,0.3701709317547614,5.998210609021057e-14,0.009048052055949352,0.26165991120907584,4.242494505332786e-14,0.2536620735046216,4.112815679922103e-14,300000000000000.0,50,52000000000000.0
71000.0,6517299200000.0,4.6470591e+31,0.3720651750467952,5.931842053322485e-14,0.009001696992257939,0.26299969728332145,4.1955429283571654e-14,0.2549609068121972,4.0672992738281e-14,300000000000000.0,50,52000000000000.0
72000.0,6497962700000.0,4.4955485e+31,0.37393719850957363,5.867184618862998e-14,0.008956381254986165,0.264323764221307,4.1498020811387746e-14,0.2562445014710409,4.022956588597009e-14,300000000000000.0,50,52000000000000.0
73000.0,6478873100000.0,4.3542849e+31,0.3757877470481446,5.80413340423637e-14,0.008912056908765642,0.26563263907449347,4.105197736437498e-14,0.2575133684220432,3.9797156659317896e-14,300000000000000.0,50,52000000000000.0
74000.0,6460021300000.0,4.2225984e+31,0.3776190270168054,5.742476766692324e-14,0.008868611618057019,0.2669278827547611,4.0615801441513294e-14,0.25876902086450704,3.937431333205164e-14,300000000000000.0,50,52000000000000.0
75000.0,6441398100000.0,4.0997957e+31,0.3794316434455852,5.682144999001148e-14,0.008826008845886035,0.26820992333227783,4.018899978971793e-14,0.2600118737836568,3.8960557728633874e-14,300000000000000.0,50,52000000000000.0
76000.0,6422993400000.0,3.9853734e+31,0.3812261902789251,5.6230754400633595e-14,0.008784213535203929,0.2694791810292099,3.977112900726757e-14,0.2612423345566174,3.8555460001070294e-14,300000000000000.0,50,52000000000000.0
77000.0,6404802000000.0,3.87876e+31,0.38300325197151974,5.5652209353169905e-14,0.008743192022461647,0.27073606934870836,3.9361855381352555e-14,0.2624608040468909,3.815869663742973e-14,300000000000000.0,50,52000000000000.0
78000.0,6386848000000.0,3.7816353e+31,0.3847602060619157,5.508821342746362e-14,0.008703049953202917,0.2719787331659733,3.896287576440534e-14,0.2636654838351439,3.777191262235823e-14,300000000000000.0,50,52000000000000.0
79000.0,6369176100000.0,3.6872799e+31,0.38649810777388105,5.4538544768502504e-14,0.008663730589406674,0.2732079190301153,3.857403292668513e-14,0.26485709765059423,3.7394955532744474e-14,300000000000000.0,50,52000000000000.0
80000.0,6351765300000.0,3.59896e+31,0.38821997413682036,5.4000379770626037e-14,0.008625097047413878,0.2744257612749234,3.8193329173371e-14,0.2660377145868098,3.702588873776674e-14,300000000000000.0,50,52000000000000.0
81000.0,6334597300000.0,3.5163979e+31,0.38992638418355713,5.347303784332872e-14,0.008587119595145668,0.2756326695458285,3.782028297973091e-14,0.26720773176753826,3.666424543159141e-14,300000000000000.0,50,52000000000000.0
82000.0,6317659000000.0,3.4391962e+31,0.39161749834601706,5.2956219604526025e-14,0.008549786636124074,0.2768287573630771,3.745468251825578e-14,0.26836725924299615,3.6309820261725336e-14,300000000000000.0,50,52000000000000.0
83000.0,6300938700000.0,3.3670525e+31,0.3932876219838799,5.245417529422128e-14,0.008513326953061536,0.27800999635166007,3.70995347191997e-14,0.2695123917732154,3.596552824513478e-14,300000000000000.0,50,52000000000000.0
84000.0,6284426800000.0,3.2994999e+31,0.394943682408298,5.1961252138082234e-14,0.00847744549634808,0.2791812869763256,3.6750840308061115e-14,0.2706478800305891,3.562749235394085e-14,300000000000000.0,50,52000000000000.0
85000.0,6268114200000.0,3.2362826e+31,0.39658621312348663,5.147704456554742e-14,0.0084421169019537,0.280343006660625,3.640831231501102e-14,0.27177408990194096,3.5295434390247685e-14,300000000000000.0,50,52000000000000.0
86000.0,6251994400000.0,3.1770328e+31,0.3982139545441718,5.100231384617875e-14,0.008407388308834942,0.2814942643981088,3.607248931809227e-14,0.2728901576161063,3.4969876469305765e-14,300000000000000.0,50,52000000000000.0
87000.0,6236060900000.0,3.1213905e+31,0.3998228526272493,5.053980114250954e-14,0.008373414377990608,0.2826321924186623,3.574531058945391e-14,0.27399330306178366,3.465269858530276e-14,300000000000000.0,50,52000000000000.0
88000.0,6220306500000.0,3.0691275e+31,0.4014195095957479,5.0084753742835954e-14,0.008339925484753043,0.2837614611456333,3.54234136327014e-14,0.27508805390178037,3.434064102394217e-14,300000000000000.0,50,52000000000000.0
89000.0,6204727400000.0,3.0199781e+31,0.40300443135937397,4.963682462759641e-14,0.008306899784518786,0.28488242846764833,3.5106552919376923e-14,0.27617475708514866,3.403346576191558e-14,300000000000000.0,50,52000000000000.0
90000.0,6189319400000.0,2.9736531e+31,0.40457102177962784,4.9200343813906995e-14,0.008274589576546821,0.28599042837026484,3.479779181363351e-14,0.2772488892230041,3.3734142525089084e-14,300000000000000.0,50,52000000000000.0
91000.0,6174078300000.0,2.9299204e+31,0.40612478862716966,4.877141517236048e-14,0.008242773644413498,0.2870893570368362,3.4494373867799024e-14,0.2783142274043523,3.3439999122621884e-14,300000000000000.0,50,52000000000000.0
92000.0,6159000100000.0,2.8885756e+31,0.4076680367203711,4.8348706794207555e-14,0.008211361428269831,0.28818084487788803,3.4195356734333254e-14,0.27937235220310647,3.3150122011965145e-14,300000000000000.0,50,52000000000000.0
93000.0,6144081400000.0,2.8494352e+31,0.4091950353232259,4.793568861785213e-14,0.008180567394519448,0.2892608380816225,3.3903195310158813e-14,0.28041933371983546,3.2866891050835864e-14,300000000000000.0,50,52000000000000.0
94000.0,6129319800000.0,2.8123099e+31,0.41070878572630803,4.753033389695969e-14,0.008150271006281832,0.2903314597537032,3.361645568711791e-14,0.28145723016338936,3.258891616164023e-14,300000000000000.0,50,52000000000000.0
95000.0,6114720000000.0,2.779458e+31,0.4122131927774987,4.713050134595939e-14,0.008120324078287233,0.29139547212068867,3.333362289101236e-14,0.28248871932766134,3.231472867875849e-14,300000000000000.0,50,52000000000000.0
96000.0,6100309100000.0,2.7448856e+31,0.4137015068354161,4.674058030333046e-14,0.008090973930097696,0.2924481006495776,3.30578021567243e-14,0.2835091726221466,3.204733891911875e-14,300000000000000.0,50,52000000000000.0
97000.0,6086081200000.0,2.7119345e+31,0.4151780484970364,4.635761861162556e-14,0.008062055232797823,0.29349240166946855,3.27869049401337e-14,0.284521552953462,3.178472217937965e-14,300000000000000.0,50,52000000000000.0
98000.0,6072027000000.0,2.68038e+31,0.4166464018780083,4.597950784638964e-14,0.008033436194114828,0.29453091049997093,3.2519439592131216e-14,0.28552831814444396,3.152543240587436e-14,300000000000000.0,50,52000000000000.0
99000.0,6058138800000.0,2.6501664e+31,0.4180970261740189,4.561206268913647e-14,0.008005459117489662,0.29555687825202337,3.2259519705742675e-14,0.2865229255983067,3.1273457451120476e-14,300000000000000.0,50,52000000000000.0
100000.0,6044410000000.0,2.6212132e+31,0.4195391601089562,4.5249354209338484e-14,0.007977785937638083,0.296576840172615,3.200295085556611e-14,0.28751171080004545,3.102473110105398e-14,300000000000000.0,50,52000000000000.0
101000.0,6030835500000.0,2.5934192e+31,0.42097132377231317,4.4892208032510755e-14,0.007950469625219924,0.29758974941662264,3.1750317143226485e-14,0.2884936589032927,3.0779819602995624e-14,300000000000000.0,50,52000000000000.0
102000.0,6017409800000.0,2.5667036e+31,0.42238815378300837,4.4543685098457406e-14,0.007923695419672003,0.29859181212818225,3.150378400224172e-14,0.2894650920183145,3.054082219955188e-14,300000000000000.0,50,52000000000000.0
103000.0,6004128700000.0,2.5410052e+31,0.42379856299944096,4.419872046548133e-14,0.007897146732409847,0.299589332985758,3.125976820235031e-14,0.2904321221094581,3.0304265189406024e-14,300000000000000.0,50,52000000000000.0
104000.0,5990988400000.0,2.5162138e+31,0.42519449206748,4.386168273320047e-14,0.007871103876125772,0.3005766110904094,3.102136032939067e-14,0.2913892225361909,3.0073144688190143e-14,300000000000000.0,50,52000000000000.0
105000.0,5977984700000.0,2.4922728e+31,0.42658111884978206,4.352955477585808e-14,0.00784538206447,0.3015573091064125,3.0786425903912255e-14,0.2923399440066939,2.98453914612772e-14,300000000000000.0,50,52000000000000.0
106000.0,5965114300000.0,2.4691377e+31,0.42795927521015426,4.320189753318576e-14,0.00781995258778833,0.3025320154630791,3.055465431029572e-14,0.2932848569638631,2.9620704387663115e-14,300000000000000.0,50,52000000000000.0
107000.0,5952374100000.0,2.4467343e+31,0.4293229614517063,4.288185146738011e-14,0.007795016381310806,0.3034964862379792,3.032826723797908e-14,0.29421984720842553,2.9401237246304965e-14,300000000000000.0,50,52000000000000.0
108000.0,5939761300000.0,2.4250001e+31,0.43068187448947626,4.2564306055455424e-14,0.007770242194325862,0.3044575806443055,3.010364924732466e-14,0.2951515642892475,2.918348511097292e-14,300000000000000.0,50,52000000000000.0
109000.0,5927272700000.0,2.4038873e+31,0.43202513008517784,4.2254903226199955e-14,0.007745995303138933,0.3054075996445896,2.988479168314951e-14,0.29607254450386095,2.89713173228336e-14,300000000000000.0,50,52000000000000.0
110000.0,5914905600000.0,2.3833571e+31,0.4333625278548238,4.194843967000444e-14,0.007721943320129201,0.30635347508372723,2.9668013492589027e-14,0.2969895078127451,2.8761165347977205e-14,300000000000000.0,50,52000000000000.0
111000.0,5902657400000.0,2.3633655e+31,0.4346886588529223,4.164762942576592e-14,0.007698266217814864,0.3072913809183757,2.945523470850729e-14,0.2978987451224699,2.855489052951389e-14,300000000000000.0,50,52000000000000.0
112000.0,5890525900000.0,2.3438677e+31,0.4360053405573492,4.135149295255556e-14,0.007674899679541334,0.30822260277448166,2.9245762341119764e-14,0.2988015027614586,2.835182106035613e-14,300000000000000.0,50,52000000000000.0
113000.0,5878508800000.0,2.3248253e+31,0.4373145517360227,4.105905152027047e-14,0.0076517786703777626,0.30914854033785916,2.903890399674009e-14,0.2996991376316151,2.815128571124671e-14,300000000000000.0,50,52000000000000.0
114000.0,5866603700000.0,2.3062031e+31,0.43861129449914915,4.0772685473807545e-14,0.0076290624615674455,0.3100656583718802,2.8836343605559376e-14,0.30058822255710393,2.7954916939654623e-14,300000000000000.0,50,52000000000000.0
115000.0,5854808800000.0,2.2879701e+31,0.4399037890370174,4.048838942632774e-14,0.007606484175902114,0.31097977142525735,2.86352476084125e-14,0.3014743943545568,2.7759967799914143e-14,300000000000000.0,50,52000000000000.0
116000.0,5843122000000.0,2.2700981e+31,0.441181357327982,4.021128122831562e-14,0.007584384602072542,0.3118833264405213,2.843923653119762e-14,0.30235033083914065,2.7569948149249536e-14,300000000000000.0,50,52000000000000.0
117000.0,5831541300000.0,2.2525595e+31,0.44245681885882865,3.9935184490993926e-14,0.007562352395567617,0.3127853912463083,2.824394099334788e-14,0.3032248226651524,2.7380622166045152e-14,300000000000000.0,50,52000000000000.0
118000.0,5820064900000.0,2.2353354e+31,0.4437164835879623,3.9666601265139e-14,0.007540820708845813,0.3136762822684317,2.8053960728052513e-14,0.3040884822540273,2.7196448983409954e-14,300000000000000.0,50,52000000000000.0
119000.0,5808691100000.0,2.2184021e+31,0.44497406586927407,3.939898469150157e-14,0.007519354212945193,0.31456570028721176,2.7864664298297455e-14,0.30495071386451006,2.7012938733511904e-14,300000000000000.0,50,52000000000000.0
120000.0,5797418200000.0,2.2017397e+31,0.4462176163514471,3.9137881543848086e-14,0.007498326981115907,0.3154451930215125,2.7679975639668792e-14,0.3058033235743798,2.6833895408985394e-14,300000000000000.0,50,52000000000000.0
121000.0,5786244500000.0,2.1853307e+31,0.44745804986049176,3.887820291767792e-14,0.00747739614748552,0.31632248099654015,2.7496294720506876e-14,0.3066537959173263,2.6655829020360465e-14,300000000000000.0,50,52000000000000.0
122000.0,5775168200000.0,2.169159e+31,0.4486856800794465,3.8624375661102394e-14,0.007456861279445422,0.3171907126944068,2.7316753195621678e-14,0.30749548880417205,2.64817754971766e-14,300000000000000.0,50,52000000000000.0
123000.0,5764187800000.0,2.1532016e+31,0.44990967869590315,3.837218196382945e-14,0.007436437372378351,0.31805637562381617,2.713836728283511e-14,0.3083346914414752,2.6308842262516022e-14,300000000000000.0,50,52000000000000.0
124000.0,5753301600000.0,2.1374596e+31,0.45112158055636536,3.812542960224673e-14,0.007416383072892596,0.3189134820646644,2.6963830678332873e-14,0.3091655991343018,2.6139640674398966e-14,300000000000000.0,50,52000000000000.0
125000.0,5742508000000.0,2.1219124e+31,0.45232984567603696,3.788032005117596e-14,0.007396438555396931,0.3197680161111291,2.6790456219071317e-14,0.3099940130624754,2.59715657082712e-14,300000000000000.0,50,52000000000000.0
126000.0,5731811600000.0,2.1081914e+31,0.4535262088799216,3.7640586905379125e-14,0.007376853320037709,0.3206141315148899,2.662088509790365e-14,0.31081426567847414,2.5807177823739847e-14,300000000000000.0,50,52000000000000.0
127000.0,5721218900000.0,2.0925844e+31,0.45471943130328185,3.7402285069165566e-14,0.007357361782507758,0.321458025341517,2.6452326492838788e-14,0.31163236462371335,2.5643771505789237e-14,300000000000000.0,50,52000000000000.0
128000.0,5710726200000.0,2.0771401e+31,0.45590045232122917,3.716954363055405e-14,0.0073382342453249556,0.3222932887136911,2.6287701342964812e-14,0.31244209691937025,2.548417840932867e-14,300000000000000.0,50,52000000000000.0
129000.0,5700330200000.0,2.0618471e+31,0.4570793181527377,3.693775819063733e-14,0.007319170271738767,0.32312702765647006,2.612375247050305e-14,0.31325035138246216,2.5325240918549953e-14,300000000000000.0,50,52000000000000.0
130000.0,5690028000000.0,2.0467108e+31,0.45824520216831305,3.671173123122363e-14,0.007300489174963812,0.3239515841631242,2.596387717085478e-14,0.31404970408652555,2.5170252483933327e-14,300000000000000.0,50,52000000000000.0
131000.0,5679816800000.0,2.0317421e+31,0.4594103915319744,3.648600650397016e-14,0.007281828330447058,0.3247756493227143,2.580421567071241e-14,0.31484858046239766,2.5015471313627766e-14,300000000000000.0,50,52000000000000.0
132000.0,5669694500000.0,2.0169288e+31,0.4605613361386481,3.626647944721795e-14,0.007263582785292046,0.3255896387603741,2.5648938412438688e-14,0.31563768909820583,2.486494037237033e-14,300000000000000.0,50,52000000000000.0
133000.0,5659658600000.0,2.0022762e+31,0.4617122807453218,3.6046952390465734e-14,0.0072453372401370345,0.32640362819803387,2.5493661154164964e-14,0.31642679773401394,2.47144094311129e-14,300000000000000.0,50,52000000000000.0
134000.0,5649707300000.0,1.9877808e+31,0.46284971042357065,3.5833161608016615e-14,0.007227481185893558,0.3272080581715318,2.5342441736089097e-14,0.3172066391071579,2.4567812294350723e-14,300000000000000.0,50,52000000000000.0
135000.0,5639838600000.0,1.9734302e+31,0.46398590923383914,3.5619893254998433e-14,0.007209660604415943,0.32801161751974955,2.5191591884570438e-14,0.3179856364671839,2.4421573427632008e-14,300000000000000.0,50,52000000000000.0
136000.0,5630050900000.0,1.959225e+31,0.46511116139568226,3.541115103609262e-14,0.007192151843541724,0.32880743403943125,2.5043943813905835e-14,0.3187571276715265,2.427843847318174e-14,300000000000000.0,50,52000000000000.0
137000.0,5620342300000.0,1.945165e+31,0.4662328018075273,3.520390217517513e-14,0.0071747459651224765,0.3296006958812002,2.4897352142564925e-14,0.3195261422860745,2.4136327627179445e-14,300000000000000.0,50,52000000000000.0
138000.0,5610711400000.0,1.9312417e+31,0.4673465044806123,3.499986591443205e-14,0.0071575635541860725,0.33038834318599974,2.4753033053076517e-14,0.32028971398158534,2.399641989721213e-14,300000000000000.0,50,52000000000000.0
139000.0,5601156600000.0,1.9174488e+31,0.4684537672941816,3.479843602490237e-14,0.007140562441631911,0.33117143543671873,2.461055770124573e-14,0.32104886985603986,2.3858299547529187e-14,300000000000000.0,50,52000000000000.0
140000.0,5591676700000.0,1.9037817e+31,0.4695565355947809,3.4598787779114576e-14,0.007123686376405246,0.33195134862936343,2.4469342673805565e-14,0.3218049438457527,2.3721400998016077e-14,300000000000000.0,50,52000000000000.0
141000.0,5582270000000.0,1.8902396e+31,0.4706495972060494,3.440298730558068e-14,0.007107080372822134,0.3327243960883241,2.4330849538013595e-14,0.3225543619646424,2.358714114033721e-14,300000000000000.0,50,52000000000000.0
142000.0,5572935400000.0,1.8768186e+31,0.4717420342054711,3.420743366693109e-14,0.007090491542764632,0.3334970017482853,2.41925310105234e-14,0.32330335178887,2.3453050553726527e-14,300000000000000.0,50,52000000000000.0
143000.0,5563671500000.0,1.8635143e+31,0.47282106697085124,3.401717713011548e-14,0.007074271258321164,0.3342601263565829,2.4057959595027313e-14,0.32404315036589454,2.332259254153192e-14,300000000000000.0,50,52000000000000.0
144000.0,5554477200000.0,1.8503227e+31,0.4739000997362313,3.382692059329988e-14,0.007058050973877695,0.3350232509648805,2.3923388179531227e-14,0.3247829489429191,2.3192134529337312e-14,300000000000000.0,50,52000000000000.0
145000.0,5545351200000.0,1.8372409e+31,0.474968941909911,3.364055904358919e-14,0.007042107631674163,0.33577916760874854,2.3791572034749155e-14,0.32551575987915826,2.306434756778987e-14,300000000000000.0,50,52000000000000.0
146000.0,5536292500000.0,1.8242658e+31,0.47603412132547973,3.345559745141088e-14,0.00702626382956265,0.3365324935266848,2.3660746204411255e-14,0.326246059279393,2.2937520649850316e-14,300000000000000.0,50,52000000000000.0
147000.0,5527299900000.0,1.8113946e+31,0.47709397475198456,3.327262464828463e-14,0.0070105630628150345,0.33728205230067815,2.3531327217861123e-14,0.32697270668480005,2.2812057572861684e-14,300000000000000.0,50,52000000000000.0
148000.0,5518372200000.0,1.7986243e+31,0.47814546730910185,3.309277389541123e-14,0.006995086836520096,0.33802569731891774,2.340411672949174e-14,0.3276936210983831,2.2688735487136704e-14,300000000000000.0,50,52000000000000.0
149000.0,5509508500000.0,1.7859525e+31,0.4791968991016631,3.2912945939861594e-14,0.006979612222781792,0.33876929935769384,2.3276922367514962e-14,0.32841449384624233,2.256542903487096e-14,300000000000000.0,50,52000000000000.0
150000.0,5500707600000.0,1.7733762e+31,0.48023486652754566,3.273816947396258e-14,0.006964494923490911,0.33950337789638224,2.3153301333102235e-14,0.32912613419582,2.244558668472512e-14,300000000000000.0,50,52000000000000.0
151000.0,5491968600000.0,1.7608926e+31,0.4812728339534283,3.256339300806356e-14,0.006949377624200032,0.34023745643507064,2.3029680298689508e-14,0.32983777454539764,2.2325744334579283e-14,300000000000000.0,50,52000000000000.0
152000.0,5483290500000.0,1.7484995e+31,0.48230303987772444,3.2391403109420726e-14,0.006934463914806347,0.3409660451908539,2.2908030433099832e-14,0.33054409291649267,2.2207812900786128e-14,300000000000000.0,50,52000000000000.0
153000.0,5474672300000.0,1.7361945e+31,0.48332764998798877,3.2221422243692314e-14,0.006919696987731877,0.3416906759748619,2.2787801722171552e-14,0.33124657429785853,2.2091259181397944e-14,300000000000000.0,50,52000000000000.0
154000.0,5466113200000.0,1.723976e+31,0.48435069927909524,3.2052002931921587e-14,0.0069049705147871685,0.34241420278005136,2.2667970241476068e-14,0.3319479854453639,2.197509055016196e-14,300000000000000.0,50,52000000000000.0
155000.0,5457612400000.0,1.7118425e+31,0.485362107281443,3.188677194122717e-14,0.006890545766871713,0.34312949561646433,2.2551101481875176e-14,0.33264141430911354,2.1861794078942036e-14,300000000000000.0,50,52000000000000.0
156000.0,5449169000000.0,1.6997927e+31,0.4863735152837908,3.1721540950532763e-14,0.006876121018956257,0.3438447884528773,2.243423272227428e-14,0.3333348431728631,2.174849760772211e-14,300000000000000.0,50,52000000000000.0
157000.0,5440782200000.0,1.6878254e+31,0.4873768982734113,3.155910410071194e-14,0.006861901842727818,0.3445544051550537,2.231934047238697e-14,0.3340227694028775,2.1637117230524204e-14,300000000000000.0,50,52000000000000.0
158000.0,5432451500000.0,1.6759401e+31,0.4883752643490455,3.139841403496544e-14,0.006847811181619146,0.3452604733672517,2.220568385658063e-14,0.3347072556084227,2.1526934717955895e-14,300000000000000.0,50,52000000000000.0
159000.0,5424175900000.0,1.6641343e+31,0.48937270605258637,3.1238046280442525e-14,0.006833743918995093,0.345965887768006,2.2092255234418694e-14,0.3353911079873569,2.1416973229986024e-14,300000000000000.0,50,52000000000000.0
160000.0,5415954700000.0,1.6524078e+31,0.4903581823250967,3.108185064745373e-14,0.00681997953543454,0.3466628389797556,2.1981777850450993e-14,0.3360667558687151,2.130987277017547e-14,300000000000000.0,50,52000000000000.0
161000.0,5407787300000.0,1.6407603e+31,0.49134365859760704,3.092565501446494e-14,0.006806215151873986,0.34735979019150515,2.187130046648329e-14,0.33674240375007325,2.1202772310364913e-14,300000000000000.0,50,52000000000000.0
162000.0,5399672900000.0,1.6291916e+31,0.49232293729434873,3.07715469820431e-14,0.006792605824729948,0.3480523578494718,2.1762299790888965e-14,0.3374138020682277,2.1097103420615366e-14,300000000000000.0,50,52000000000000.0
163000.0,5391610700000.0,1.6177001e+31,0.49329568049617084,3.0619640375373645e-14,0.006779160008361771,0.3487403029429798,2.165485634031813e-14,0.33808071911825965,2.0992944156437167e-14,300000000000000.0,50,52000000000000.0
164000.0,5383600200000.0,1.6062859e+31,0.4942684236979929,3.046773376870419e-14,0.006765714191993594,0.3494282480364878,2.154741288974729e-14,0.3387476361682916,2.0888784892258972e-14,300000000000000.0,50,52000000000000.0
165000.0,5375640600000.0,1.5949488e+31,0.4952303476707312,3.031945589983387e-14,0.006752535859606338,0.3501085406958406,2.1442536287267065e-14,0.339407134693448,2.078711401576127e-14,300000000000000.0,50,52000000000000.0
166000.0,5367731200000.0,1.5836883e+31,0.49619050602578163,3.017177021397335e-14,0.006739401178614599,0.35078758453487585,2.1338078575297025e-14,0.340065422570541,2.0685849225618587e-14,300000000000000.0,50,52000000000000.0
167000.0,5359871300000.0,1.5725043e+31,0.4971483025571476,3.0024861044168874e-14,0.006726324207964437,0.35146495786199444,2.1234170143242974e-14,0.34072209099766243,2.058511692564923e-14,300000000000000.0,50,52000000000000.0
168000.0,5352060400000.0,1.5613964e+31,0.49809602674562975,2.9881263440770794e-14,0.006713493351514983,0.3521352070464739,2.1132604195807664e-14,0.34137185304328566,2.048665550798292e-14,300000000000000.0,50,52000000000000.0
169000.0,5344297700000.0,1.5503643e+31,0.49904375093411185,2.973766583737271e-14,0.00670066249506553,0.3528054562309534,2.1031038248372356e-14,0.3420216150889089,2.038819409031661e-14,300000000000000.0,50,52000000000000.0
170000.0,5336582600000.0,1.5394075e+31,0.4999856172811751,2.959595233636021e-14,0.006687973099048069,0.35347156219020104,2.093080504473487e-14,0.34266736055377506,2.029102467870967e-14,300000000000000.0,50,52000000000000.0
171000.0,5328914500000.0,1.5285257e+31,0.5009210548482782,2.9456306573067655e-14,0.006675438951000862,0.354133121101921,2.0832034481685727e-14,0.34330869795907926,2.019527319942094e-14,300000000000000.0,50,52000000000000.0
172000.0,5321292900000.0,1.5177185e+31,0.5018564924153813,2.93166608097751e-14,0.006662904802953655,0.35479468001364106,2.073326391863659e-14,0.34395003536438346,2.009952172013221e-14,300000000000000.0,50,52000000000000.0
173000.0,5313717100000.0,1.5069858e+31,0.5027831937564284,2.917978261223999e-14,0.006650579145961812,0.3554500598480576,2.063645102077587e-14,0.3445853825659855,2.000566806644953e-14,300000000000000.0,50,52000000000000.0
174000.0,5306186500000.0,1.4963271e+31,0.5037064884896187,2.904398360052184e-14,0.00663833478806442,0.3561030302103344,2.054040149574559e-14,0.34521839394490333,1.991255445172405e-14,300000000000000.0,50,52000000000000.0
175000.0,5298700500000.0,1.485742e+31,0.504629783222809,2.8908184588803683e-14,0.006626090430167028,0.35675600057261114,2.0444351970715314e-14,0.34585140532382125,1.9819440836998568e-14,300000000000000.0,50,52000000000000.0
176000.0,5291258600000.0,1.4752304e+31,0.5055420700224806,2.877582824754678e-14,0.006614105697488399,0.3574011851139702,2.0350737642356198e-14,0.34647686886812956,1.972868798276775e-14,300000000000000.0,50,52000000000000.0
177000.0,5283860200000.0,1.4647921e+31,0.5064533643505659,2.86437822963016e-14,0.006602144372532236,0.358045667688332,2.0257342870510498e-14,0.34710165190220627,1.9638147973909695e-14,300000000000000.0,50,52000000000000.0
178000.0,5276504800000.0,1.454427e+31,0.5073638337863281,2.851198972293478e-14,0.006590202275832042,0.35868956682465897,2.016412732666955e-14,0.3477258693319799,1.954778171463047e-14,300000000000000.0,50,52000000000000.0
179000.0,5269191800000.0,1.4441346e+31,0.5082632695697337,2.8383586299092894e-14,0.006578517373781231,0.35932566196976357,2.007330911329446e-14,0.34834252131220594,1.9459739507104967e-14,300000000000000.0,50,52000000000000.0
180000.0,5261920700000.0,1.4339147e+31,0.5091627053531393,2.8255182875251007e-14,0.00656683247173042,0.35996175711486816,1.998249089991937e-14,0.34895917329243203,1.937169729957946e-14,300000000000000.0,50,52000000000000.0
181000.0,5254691000000.0,1.4237669e+31,0.5100600843787514,2.8127398491570242e-14,0.006555194952802237,0.3605963975396658,1.9892110566231868e-14,0.34957441501823444,1.9284079587164746e-14,300000000000000.0,50,52000000000000.0
182000.0,5247502100000.0,1.4136912e+31,0.5109478011793818,2.8002522231212734e-14,0.006543780030036133,0.36122420398773747,1.980378730123269e-14,0.35018303165888304,1.9198456065450142e-14,300000000000000.0,50,52000000000000.0
183000.0,5240353500000.0,1.4036865e+31,0.5118355179800121,2.7877645970855226e-14,0.00653236510727003,0.3618520104358091,1.9715464036233514e-14,0.3507916482995316,1.911283254373554e-14,300000000000000.0,50,52000000000000.0
184000.0,5233244900000.0,1.3937528e+31,0.5127205200879043,2.7753573205670505e-14,0.006521011992192114,0.36247789681896664,1.962770912370202e-14,0.35139840356515206,1.9027760001781505e-14,300000000000000.0,50,52000000000000.0
185000.0,5226175600000.0,1.3838898e+31,0.5135966544446915,2.7632125118816952e-14,0.006509860776646867,0.3630975111634794,1.9541810777901627e-14,0.3519990785071217,1.894448727728433e-14,300000000000000.0,50,52000000000000.0
186000.0,5219145200000.0,1.3740971e+31,0.5144727888014787,2.7510677031963396e-14,0.006498709561101619,0.3637171255079922,1.9455912432101234e-14,0.35259975344909134,1.8861214552787155e-14,300000000000000.0,50,52000000000000.0
187000.0,5212153200000.0,1.3643745e+31,0.5153461137142114,2.73900460354017e-14,0.006487621561387516,0.3643347527763544,1.93705920533955e-14,0.3531985020530937,1.8778502128793014e-14,300000000000000.0,50,52000000000000.0
188000.0,5205199100000.0,1.3547219e+31,0.5162108003772238,2.7271927361508722e-14,0.0064767279325614125,0.3649462703448375,1.928704876083087e-14,0.3537913277100352,1.8697512471143186e-14,300000000000000.0,50,52000000000000.0
189000.0,5198282500000.0,1.3451392e+31,0.5170754870402362,2.715380868761574e-14,0.00646583430373531,0.3655577879133206,1.920350546826624e-14,0.35438415336697665,1.8616522813493354e-14,300000000000000.0,50,52000000000000.0
190000.0,5191402900000.0,1.3356263e+31,0.5179378220511264,2.7036361997653646e-14,0.006454992969914492,0.36616764219898146,1.9120437500594828e-14,0.35497536658200673,1.8535993951589456e-14,300000000000000.0,50,52000000000000.0
191000.0,5184559900000.0,1.3261831e+31,0.5187911937574671,2.6921476569439146e-14,0.0064443509581168295,0.36677115689455353,1.903918123021367e-14,0.355560433986701,1.8457221409239154e-14,300000000000000.0,50,52000000000000.0
192000.0,5177753000000.0,1.3168093e+31,0.5196445654638078,2.680659114122465e-14,0.006433708946319167,0.36737467159012566,1.895792495983251e-14,0.35614550139139534,1.8378448866888855e-14,300000000000000.0,50,52000000000000.0
193000.0,5170981800000.0,1.3075043e+31,0.5204965855643091,2.6692085175765894e-14,0.006423096638598702,0.36797723032068774,1.8876937099919776e-14,0.35672964205168106,1.8299936530567262e-14,300000000000000.0,50,52000000000000.0
194000.0,5164245900000.0,1.2982677e+31,0.5213387730355652,2.658033971672177e-14,0.006412700421375674,0.3685728346202752,1.8797901865946306e-14,0.357307040854312,1.8223317134726673e-14,300000000000000.0,50,52000000000000.0
195000.0,5157544700000.0,1.2890989e+31,0.5221809605068213,2.6468594257677644e-14,0.0064023042041526455,0.3691684389198626,1.871886663197284e-14,0.35788443965694283,1.8146697738886083e-14,300000000000000.0,50,52000000000000.0
196000.0,5150878000000.0,1.2799975e+31,0.5230231479780774,2.635684879863352e-14,0.006391907986929617,0.36976404321945,1.863983139799937e-14,0.35846183845957375,1.8070078343045493e-14,300000000000000.0,50,52000000000000.0
197000.0,5144245200000.0,1.2709629e+31,0.5238544606823303,2.624811530689228e-14,0.006381747959867634,0.3703519560230084,1.8562926650842463e-14,0.35903178086903376,1.7995524311947598e-14,300000000000000.0,50,52000000000000.0
198000.0,5137646000000.0,1.2619948e+31,0.5246855926576155,2.6139431871372138e-14,0.006371591858076325,0.370939741000735,1.848605731048397e-14,0.3596015993598627,1.7921004605377097e-14,300000000000000.0,50,52000000000000.0
199000.0,5131079900000.0,1.2530928e+31,0.5255167246329008,2.6030748435851994e-14,0.006361435756285015,0.3715275259784616,1.840918797012548e-14,0.3601714178506916,1.7846484898806595e-14,300000000000000.0,50,52000000000000.0
200000.0,5124546700000.0,1.2442567e+31,0.526339164598194,2.5924417085020177e-14,0.006351466230793048,0.3721091632937476,1.8333982351366888e-14,0.36073527659217136,1.7773578059268337e-14,300000000000000.0,50,52000000000000.0
201000.0,5118045800000.0,1.2354864e+31,0.5271593691264005,2.5818690650352575e-14,0.006341544689550921,0.3726892195348482,1.8259204613497758e-14,0.3612976025875158,1.7701086021689964e-14,300000000000000.0,50,52000000000000.0
202000.0,5111576900000.0,1.2267815e+31,0.5279795736546069,2.5712964215684973e-14,0.006331623148308794,0.37326927577594876,1.818442687562863e-14,0.36185992858286026,1.762859398411159e-14,300000000000000.0,50,52000000000000.0
203000.0,5105139600000.0,1.2181418e+31,0.5287937787258291,2.560883045336753e-14,0.006321828872346574,0.3738450887469236,1.811077569410751e-14,0.3624181410103679,1.755719406771753e-14,300000000000000.0,50,52000000000000.0
204000.0,5098733600000.0,1.2095672e+31,0.5296031802149391,2.550597189519472e-14,0.006312136493810016,0.3744175042610075,1.8038026511873306e-14,0.36297305982964895,1.748666857942573e-14,300000000000000.0,50,52000000000000.0
205000.0,5092358500000.0,1.2010575e+31,0.5304125817040491,2.5403113337021913e-14,0.006302444115273458,0.37498991977509144,1.7965277329639104e-14,0.36352797864893,1.7416143091133932e-14,300000000000000.0,50,52000000000000.0
206000.0,5086014000000.0,1.1926125e+31,0.5312191787109949,2.530098684178967e-14,0.0062928105263660135,0.37556035175190183,1.78930459610695e-14,0.36408097456089494,1.7346119588630304e-14,300000000000000.0,50,52000000000000.0
207000.0,5079699600000.0,1.1842319e+31,0.5320178992521221,2.5200916365597932e-14,0.006283342049759906,0.3761252129093522,1.7822268886515977e-14,0.36462856993441417,1.72775059271135e-14,300000000000000.0,50,52000000000000.0
208000.0,5073415000000.0,1.1759155e+31,0.5328166197932491,2.5100845889406198e-14,0.006273873573153798,0.3766900740668026,1.775149181196245e-14,0.3651761653079334,1.7208892265596697e-14,300000000000000.0,50,52000000000000.0
209000.0,5067159900000.0,1.1676631e+31,0.5336153403343762,2.5000775413214465e-14,0.006264405096547691,0.377254935224253,1.7680714737408927e-14,0.3657237606814526,1.7140278604079894e-14,300000000000000.0,50,52000000000000.0
210000.0,5060933900000.0,1.1594745e+31,0.5344043850662866,2.4903197307012843e-14,0.006255137060424282,0.3778129529499906,1.7611700596399317e-14,0.3662647218035547,1.7073373988985938e-14,300000000000000.0,50,52000000000000.0
211000.0,5054736600000.0,1.1513494e+31,0.5351925451594444,2.4805847072923034e-14,0.00624588735014987,0.3783703449952543,1.754284763667147e-14,0.3668050763700945,1.700662562838835e-14,300000000000000.0,50,52000000000000.0
212000.0,5048567800000.0,1.1432876e+31,0.535980705252602,2.4708496838833223e-14,0.006236637639875459,0.378927737040518,1.7473994676943625e-14,0.36734543093663435,1.6939877267790757e-14,300000000000000.0,50,52000000000000.0
213000.0,5042427000000.0,1.1352888e+31,0.5367634836473842,2.4612493051894635e-14,0.006227498105404391,0.3794813227686735,1.7406094101736486e-14,0.3678820955321418,1.687405218043144e-14,300000000000000.0,50,52000000000000.0
214000.0,5036313900000.0,1.1273528e+31,0.5375412032625573,2.4517754921059077e-14,0.006218462135843229,0.3800313305706744,1.7339088764994495e-14,0.3684152915664414,1.6809094967023013e-14,300000000000000.0,50,52000000000000.0
215000.0,5030228200000.0,1.1194793e+31,0.5383189228777304,2.4423016790223522e-14,0.006209426166282067,0.3805813383726753,1.7272083428252506e-14,0.36894848760074106,1.674413775361458e-14,300000000000000.0,50,52000000000000.0
216000.0,5024169600000.0,1.1116679e+31,0.5390960293094555,2.432843077483254e-14,0.006200402600738561,0.3811309124890731,1.7205185687063712e-14,0.369481263205719,1.667928484691584e-14,300000000000000.0,50,52000000000000.0
217000.0,5018137700000.0,1.1039185e+31,0.5398634233269193,2.4236254165987488e-14,0.006191575506509459,0.38167361731659605,1.7139992187222083e-14,0.3700073794924232,1.6616084088490473e-14,300000000000000.0,50,52000000000000.0
218000.0,5012132100000.0,1.0962305e+31,0.5406308173443829,2.4144077557142433e-14,0.0061827484122803575,0.38221632214411905,1.7074798687380454e-14,0.37053349577912736,1.6552883330065106e-14,300000000000000.0,50,52000000000000.0
219000.0,5006152600000.0,1.0886041e+31,0.5413982113618466,2.4051900948297382e-14,0.006173921318051256,0.382759026971642,1.7009605187538825e-14,0.37105961206583155,1.648968257163974e-14,300000000000000.0,50,52000000000000.0
220000.0,5000198900000.0,1.0810387e+31,0.5421600196743275,2.3961067585191115e-14,0.006165205883674771,0.38329778121276914,1.6945361802809303e-14,0.3715818985219998,1.642740288642215e-14,300000000000000.0,50,52000000000000.0
221000.0,4994270600000.0,1.0735339e+31,0.5429172038709268,2.387134622566766e-14,0.006156582886707602,0.3838332649680131,1.6881904969176312e-14,0.3721010144598074,1.6365885710012535e-14,300000000000000.0,50,52000000000000.0
222000.0,4988367400000.0,1.0660896e+31,0.5436743880675261,2.378162486614421e-14,0.006147959889740433,0.38436874872325705,1.681844813554332e-14,0.3726201303976151,1.6304368533602915e-14,300000000000000.0,50,52000000000000.0
223000.0,4982489000000.0,1.0587053e+31,0.5444315722641254,2.3691903506620754e-14,0.006139336892773264,0.38490423247850103,1.675499130191033e-14,0.3731392463354228,1.6242851357193296e-14,300000000000000.0,50,52000000000000.0
224000.0,4976635100000.0,1.0513808e+31,0.5451788824719803,2.360453579628721e-14,0.00613090891851208,0.38543273270090084,1.6693199262403972e-14,0.37365159220297417,1.6182948087625366e-14,300000000000000.0,50,52000000000000.0
225000.0,4970805400000.0,1.0441157e+31,0.5459259671598597,2.3517221842841703e-14,0.00612248539853143,0.3859610734207738,1.663144524647048e-14,0.3741637834434425,1.612308167937465e-14,300000000000000.0,50,52000000000000.0
226000.0,4964999500000.0,1.0369096e+31,0.5466730518477392,2.3429907889396197e-14,0.0061140618785507795,0.3864894141406467,1.6569691230536987e-14,0.37467597468391084,1.6063215271123934e-14,300000000000000.0,50,52000000000000.0
227000.0,4959217200000.0,1.0297622e+31,0.5474166386840735,2.3343403880557577e-14,0.0061057066248760995,0.3870152809560459,1.650851010785509e-14,0.37518576763864897,1.6003904244662217e-14,300000000000000.0,50,52000000000000.0
228000.0,4953458300000.0,1.0226733e+31,0.5481537349918085,2.325840278531243e-14,0.006097478044505182,0.38753655725422853,1.6448392032013816e-14,0.3756911103924792,1.594562377119531e-14,300000000000000.0,50,52000000000000.0
229000.0,4947722300000.0,1.0156424e+31,0.5488908312995435,2.3173401690067282e-14,0.006089249464134265,0.3880578335524111,1.6388273956172543e-14,0.37619645314630945,1.5887343297728403e-14,300000000000000.0,50,52000000000000.0
230000.0,4942009100000.0,1.0086692e+31,0.5496279276072785,2.3088400594822135e-14,0.006081020883763347,0.3885791098505937,1.6328155880331267e-14,0.37670179590013964,1.5829062824261495e-14,300000000000000.0,50,52000000000000.0
231000.0,4936318200000.0,1.0017532e+31,0.5503584651351142,2.3004888500151606e-14,0.006072918770512672,0.38909574737057845,1.6269091007629524e-14,0.3772026416672335,1.5771803360983103e-14,300000000000000.0,50,52000000000000.0
232000.0,4930649600000.0,9.9489437e+30,0.5510856794863342,2.2922130846393273e-14,0.006064880735121458,0.3896100345328033,1.6210559767722057e-14,0.3777012089189033,1.5715061219102107e-14,300000000000000.0,50,52000000000000.0
233000.0,4925002800000.0,9.880922e+30,0.5518128938375544,2.283937319263494e-14,0.006056842699730246,0.3901243216950282,1.615202852781459e-14,0.37819977617057315,1.5658319077221107e-14,300000000000000.0,50,52000000000000.0
234000.0,4919377600000.0,9.8134634e+30,0.5525401081887744,2.2756615538876605e-14,0.006048804664339032,0.39063860885725304,1.609349728790712e-14,0.378698343422243,1.560157693534011e-14,300000000000000.0,50,52000000000000.0
235000.0,4913773700000.0,9.7465647e+30,0.5532583537901459,2.2675859138198414e-14,0.006040937480449888,0.39114655277477217,1.603638157451001e-14,0.37919076132030877,1.5546207051994417e-14,300000000000000.0,50,52000000000000.0
236000.0,4908190900000.0,9.6802219e+30,0.5539757905114896,2.259528322796473e-14,0.006033085705438241,0.39165392460319975,1.5979393525630495e-14,0.37968262461607233,1.5490960930883238e-14,300000000000000.0,50,52000000000000.0
237000.0,4902628900000.0,9.6144317e+30,0.5546932272328333,2.2514707317731048e-14,0.006025233930426595,0.39216129643162734,1.5922405476750978e-14,0.3801744879118359,1.543571480977206e-14,300000000000000.0,50,52000000000000.0
238000.0,4897087500000.0,9.5491905e+30,0.5554096007440369,2.2434363300494668e-14,0.006017402164775693,0.39266791629496683,1.5865581450118757e-14,0.38066562222748623,1.5380627697289897e-14,300000000000000.0,50,52000000000000.0
239000.0,4891566300000.0,9.4844948e+30,0.5561173627621708,2.2355897505505967e-14,0.006009732465366331,0.3931684456011341,1.5810085925155677e-14,0.381150852153255,1.5326828478569384e-14,300000000000000.0,50,52000000000000.0
240000.0,4886065200000.0,9.4203411e+30,0.5568251247803048,2.2277431710517266e-14,0.006002062765956969,0.3936689749073014,1.5754590400192595e-14,0.3816360820790238,1.5273029259848868e-14,300000000000000.0,50,52000000000000.0
241000.0,4880583800000.0,9.3567258e+30,0.5575328867984386,2.2198965915528562e-14,0.005994393066547607,0.3941695042134687,1.5699094875229516e-14,0.3821213120047926,1.5219230041128355e-14,300000000000000.0,50,52000000000000.0
242000.0,4875122000000.0,9.2936455e+30,0.5582383452479758,2.2120991200987698e-14,0.005986766193372775,0.3946684043033821,1.5643946699945275e-14,0.38260496251381304,1.5165767554755793e-14,300000000000000.0,50,52000000000000.0
243000.0,4869679500000.0,9.2310964e+30,0.5589365326842397,2.2044566539030204e-14,0.0059792744974703485,0.3951621619143509,1.5589894903613582e-14,0.38308362773168264,1.511336793465727e-14,300000000000000.0,50,52000000000000.0
244000.0,4864256000000.0,9.1690752e+30,0.5596347201205036,2.196814187707271e-14,0.005971782801567922,0.39565591952531964,1.553584310728189e-14,0.38356229294955224,1.5060968314558747e-14,300000000000000.0,50,52000000000000.0
245000.0,4858851300000.0,9.1075782e+30,0.5603329075567676,2.1891717215115217e-14,0.0059642911056654955,0.39614967713628835,1.5481791310950197e-14,0.38404095816742184,1.5008568694460224e-14,300000000000000.0,50,52000000000000.0
246000.0,4853465200000.0,9.0466019e+30,0.5610281726638309,2.1815902279519768e-14,0.00595685307578568,0.3966413679125637,1.542817078364835e-14,0.3845176197265772,1.4956587160925507e-14,300000000000000.0,50,52000000000000.0
247000.0,4848097500000.0,8.9861426e+30,0.5617168829017207,2.1741454977842498e-14,0.005949535420351429,0.397128422718663,1.5375517605291533e-14,0.38498978702111053,1.490554340768207e-14,300000000000000.0,50,52000000000000.0
248000.0,4842747800000.0,8.926197e+30,0.5624055931396106,2.1667007676165227e-14,0.005942217764917178,0.39761547752476234,1.5322864426934712e-14,0.38546195431564384,1.4854499654438634e-14,300000000000000.0,50,52000000000000.0
249000.0,4837416000000.0,8.8667615e+30,0.5630943033775004,2.159256037448796e-14,0.005934900109482926,0.3981025323308617,1.5270211248577894e-14,0.38593412161017715,1.4803455901195197e-14,300000000000000.0,50,52000000000000.0
250000.0,4832101900000.0,8.8078304e+30,0.5637800849102679,2.151871080419907e-14,0.005927635576777579,0.39858751579750756,1.521798085412437e-14,0.3864042808789228,1.4752822008752983e-14,300000000000000.0,50,52000000000000.0
251000.0,4826805200000.0,8.7494042e+30,0.5644594129972669,2.144617834401101e-14,0.005920488100804042,0.3990679350365266,1.516668207035805e-14,0.38687001543265587,1.4703091250748273e-14,300000000000000.0,50,52000000000000.0
252000.0,4821525800000.0,8.6914776e+30,0.5651387410842658,2.137364588382295e-14,0.005913340624830505,0.39954835427554564,1.5115383286591732e-14,0.387335749986389,1.4653360492743565e-14,300000000000000.0,50,52000000000000.0
253000.0,4816263300000.0,8.6340467e+30,0.5658180691712648,2.130111342363489e-14,0.005906193148856967,0.4000287735145647,1.5064084502825413e-14,0.3878014845401221,1.4603629734738855e-14,300000000000000.0,50,52000000000000.0
254000.0,4811017600000.0,8.5771081e+30,0.5664950659436825,2.122904604690062e-14,0.0058990874376611425,0.40050754392487603,1.5013114678541003e-14,0.388265620664118,1.4554217881016725e-14,300000000000000.0,50,52000000000000.0
255000.0,4805788400000.0,8.5206581e+30,0.567165104519386,2.1158366789207015e-14,0.00589210638040151,0.4009813931312502,1.4963126688627865e-14,0.38872498600829963,1.4505757850248508e-14,300000000000000.0,50,52000000000000.0
256000.0,4800575600000.0,8.4646932e+30,0.5678351430950893,2.108768753151341e-14,0.0058851253231418784,0.4014552423376244,1.491313869871473e-14,0.38918435135248125,1.4457297819480295e-14,300000000000000.0,50,52000000000000.0
257000.0,4795379000000.0,8.4092098e+30,0.5685051816707928,2.101700827381981e-14,0.005878144265882246,0.4019290915439986,1.4863150708801596e-14,0.38964371669666287,1.440883778871208e-14,300000000000000.0,50,52000000000000.0
258000.0,4790198300000.0,8.3542043e+30,0.5691740821774595,2.0946551226439075e-14,0.0058711833434886415,0.4024021358496793,1.4813319890743056e-14,0.39010230174316823,1.436053012557729e-14,300000000000000.0,50,52000000000000.0
259000.0,4785033400000.0,8.2996732e+30,0.5698349213543771,2.0877668170220446e-14,0.005864365043193746,0.4028694787702108,1.4764602374343952e-14,0.3905553596760562,1.4313301734170753e-14,300000000000000.0,50,52000000000000.0
260000.0,4779884000000.0,8.2456131e+30,0.5704957605312948,2.0808785114001817e-14,0.005857546742898852,0.4033368216907422,1.4715884857944852e-14,0.3910084176089441,1.4266073342764212e-14,300000000000000.0,50,52000000000000.0
261000.0,4774750000000.0,8.1920201e+30,0.5711565997082124,2.0739902057783188e-14,0.0058507284426039564,0.40380416461127366,1.466716734154575e-14,0.391461475541832,1.4218844951357673e-14,300000000000000.0,50,52000000000000.0
262000.0,4769631100000.0,8.138891e+30,0.5718174388851301,2.067101900156456e-14,0.005843910142309062,0.4042715075318051,1.4618449825146648e-14,0.39191453347471994,1.4171616559951134e-14,300000000000000.0,50,52000000000000.0
263000.0,4764527200000.0,8.0862221e+30,0.5724698105270196,2.0603753660665626e-14,0.00583723978014195,0.40473286179127466,1.457087653454181e-14,0.3923617857990807,1.4125497419164415e-14,300000000000000.0,50,52000000000000.0
264000.0,4759438000000.0,8.0340127e+30,0.5731215382668542,2.0536611336703172e-14,0.005830580667726292,0.4051937606512507,1.4523390255013726e-14,0.3928085966439261,1.4079462629815415e-14,300000000000000.0,50,52000000000000.0
265000.0,4754363500000.0,7.9822533e+30,0.5737732660066887,2.0469469012740717e-14,0.0058239215553106335,0.40565465951122665,1.447590397548564e-14,0.39325540748877147,1.4033427840466415e-14,300000000000000.0,50,52000000000000.0
266000.0,4749303300000.0,7.9309433e+30,0.5744249937465232,2.0402326688778262e-14,0.005817262442894975,0.4061155583712026,1.4428417695957557e-14,0.3937022183336168,1.3987393051117415e-14,300000000000000.0,50,52000000000000.0
267000.0,4744257400000.0,7.8800798e+30,0.5750707038463126,2.0336304523123638e-14,0.00581070714616469,0.4065722012668268,1.4381723714154626e-14,0.39414490330411783,1.3942126341591291e-14,300000000000000.0,50,52000000000000.0
268000.0,4739225500000.0,7.8296585e+30,0.5757134059494319,2.0270842283359347e-14,0.005804203743072702,0.40702671676258945,1.43354257728096e-14,0.39458552590196183,1.3897243566885505e-14,300000000000000.0,50,52000000000000.0
269000.0,4734207500000.0,7.7796781e+30,0.5763561080525512,2.0205380043595055e-14,0.005797700339980715,0.40748123225835214,1.428912783146458e-14,0.39502614849980583,1.3852360792179717e-14,300000000000000.0,50,52000000000000.0
270000.0,4729203100000.0,7.7301316e+30,0.5769988101556704,2.0139917803830764e-14,0.005791196936888727,0.40793574775411484,1.4242829890119555e-14,0.39546677109764977,1.3807478017473931e-14,300000000000000.0,50,52000000000000.0
271000.0,4724212300000.0,7.6810173e+30,0.5776385182317931,2.0075000148814958e-14,0.005784744532261798,0.40838814573469967,1.4196917137568526e-14,0.3959053409053717,1.3762968657625238e-14,300000000000000.0,50,52000000000000.0
272000.0,4719234800000.0,7.6323308e+30,0.57827227741488,2.0011164540294138e-14,0.005778393457520655,0.4088363363813799,1.4151769724453836e-14,0.3963398319827167,1.3719201243338575e-14,300000000000000.0,50,52000000000000.0
273000.0,4714270500000.0,7.5840705e+30,0.5789060365979669,1.9947328931773314e-14,0.005772042382779512,0.40928452702806006,1.4106622311339147e-14,0.39677432306006166,1.3675433829051914e-14,300000000000000.0,50,52000000000000.0
274000.0,4709319100000.0,7.5362333e+30,0.5795397957810539,1.988349332325249e-14,0.005765691308038369,0.40973271767474023,1.4061474898224457e-14,0.39720881413740666,1.363166641476525e-14,300000000000000.0,50,52000000000000.0
275000.0,4704380700000.0,7.4888127e+30,0.5801735549641407,1.981965771473167e-14,0.005759340233297227,0.4101809083214204,1.4016327485109766e-14,0.3976433052147516,1.358789900047859e-14,300000000000000.0,50,52000000000000.0
276000.0,4699454800000.0,7.4418068e+30,0.5807990507164557,1.975729563090166e-14,0.00575312811869635,0.41062325469824157,1.3972222304281885e-14,0.39807213066116726,1.3545141960918231e-14,300000000000000.0,50,52000000000000.0
277000.0,4694541500000.0,7.395212e+30,0.5814239473536603,1.9695040380532463e-14,0.005746926078981081,0.41106517735391385,1.3928192687360643e-14,0.39850054533811047,1.3502458175528227e-14,300000000000000.0,50,52000000000000.0
278000.0,4689640600000.0,7.3490256e+30,0.582048843990865,1.9632785130163262e-14,0.005740724039265811,0.4115071000095861,1.3884163070439398e-14,0.39892896001505374,1.3459774390138224e-14,300000000000000.0,50,52000000000000.0
279000.0,4684751800000.0,7.3032434e+30,0.5826737406280696,1.957052987979406e-14,0.0057345219995505415,0.4119490226652584,1.3840133453518156e-14,0.39935737469199695,1.341709060474822e-14,300000000000000.0,50,52000000000000.0
280000.0,4679875100000.0,7.2578626e+30,0.583294610807192,1.9508972390402146e-14,0.005728386803454829,0.41238809763489837,1.3796597366337351e-14,0.3997830287267189,1.337488526354372e-14,300000000000000.0,50,52000000000000.0
281000.0,4675010300000.0,7.2128799e+30,0.5839107237243628,1.9448239305904233e-14,0.005722330583124298,0.41282380806226954,1.37536443847566e-14,0.40020542106147206,1.3333245204349643e-14,300000000000000.0,50,52000000000000.0
282000.0,4670157200000.0,7.1682915e+30,0.5845268366415337,1.938750622140632e-14,0.005716274362793768,0.41325951848964076,1.3710691403175848e-14,0.4006278133962252,1.3291605145155565e-14,300000000000000.0,50,52000000000000.0
283000.0,4665315700000.0,7.1240952e+30,0.5851429495587045,1.9326773136908405e-14,0.005710218142463238,0.41369522891701194,1.3667738421595096e-14,0.4010502057309784,1.3249965085961488e-14,300000000000000.0,50,52000000000000.0
284000.0,4660485600000.0,7.0802864e+30,0.5857590624758753,1.9266040052410495e-14,0.005704161922132707,0.41413093934438316,1.3624785440014344e-14,0.40147259806573155,1.3208325026767412e-14,300000000000000.0,50,52000000000000.0
285000.0,4655666800000.0,7.0368611e+30,0.5863672366101997,1.9206656591312322e-14,0.005698235789781475,0.41456103513195475,1.358278705120413e-14,0.4018895473805824,1.3167610381637445e-14,300000000000000.0,50,52000000000000.0
286000.0,4650859200000.0,6.993817e+30,0.586974641198007,1.914740395606074e-14,0.0056923222675183795,0.41499058666399163,1.354088119591651e-14,0.4023059690758863,1.312698544158995e-14,300000000000000.0,50,52000000000000.0
287000.0,4646062600000.0,6.9511516e+30,0.5875820457858143,1.9088151320809156e-14,0.005686408745255283,0.4154201381960285,1.3498975340628889e-14,0.4027223907711902,1.3086360501542456e-14,300000000000000.0,50,52000000000000.0
288000.0,4641276900000.0,6.9088595e+30,0.5881894503736216,1.902889868555757e-14,0.005680495222992188,0.41584968972806546,1.3457069485341268e-14,0.4031388124664941,1.3045735561494962e-14,300000000000000.0,50,52000000000000.0
289000.0,4636501900000.0,6.8669389e+30,0.5887943431892603,1.897006194281034e-14,0.005674622325470831,0.4162774648334411,1.3415457791683817e-14,0.40355351203427864,1.3005395791541859e-14,300000000000000.0,50,52000000000000.0
290000.0,4631737600000.0,6.8253867e+30,0.5893931135356975,1.8912238942105835e-14,0.005668848451154375,0.4167009098814737,1.3374563119873935e-14,0.40396401389940906,1.296575112648001e-14,300000000000000.0,50,52000000000000.0
291000.0,4626983600000.0,6.7841992e+30,0.5899918838821346,1.885441594140133e-14,0.005663074576837919,0.41712435492950634,1.3333668448064051e-14,0.40437451576453953,1.292610646141816e-14,300000000000000.0,50,52000000000000.0
292000.0,4622240000000.0,6.7433735e+30,0.5905906542285717,1.879659294069682e-14,0.005657300702521463,0.417547799977539,1.3292773776254168e-14,0.40478501762967,1.2886461796356309e-14,300000000000000.0,50,52000000000000.0
293000.0,4617506700000.0,6.7029065e+30,0.5911894245750089,1.8738769939992315e-14,0.005651526828205008,0.4179712450255716,1.3251879104444284e-14,0.4051955194948005,1.284681713129446e-14,300000000000000.0,50,52000000000000.0
294000.0,4612783400000.0,6.6627947e+30,0.591783099708526,1.8681770440894274e-14,0.005645834283601811,0.4183910865411409,1.3211566896000313e-14,0.4056025279748217,1.2807737125646313e-14,300000000000000.0,50,52000000000000.0
295000.0,4608070000000.0,6.6230357e+30,0.5923733070903874,1.862533140886681e-14,0.0056401970911992465,0.41880847552805983,1.3171651106377928e-14,0.4060071588913953,1.2769041421625495e-14,300000000000000.0,50,52000000000000.0
296000.0,4603366500000.0,6.5836254e+30,0.5929635144722488,1.8568892376839344e-14,0.005634559898796682,0.4192258645149788,1.3131735316755544e-14,0.4064117898079689,1.2730345717604677e-14,300000000000000.0,50,52000000000000.0
297000.0,4598672600000.0,6.5445624e+30,0.5935537218541103,1.851245334481188e-14,0.005628922706394117,0.41964325350189774,1.3091819527133161e-14,0.4068164207245425,1.2691650013583858e-14,300000000000000.0,50,52000000000000.0
298000.0,4593988400000.0,6.5058415e+30,0.5941439292359717,1.8456014312784418e-14,0.005623285513991553,0.4200606424888167,1.3051903737510776e-14,0.40722105164111605,1.265295430956304e-14,300000000000000.0,50,52000000000000.0
299000.0,4589313600000.0,6.4674614e+30,0.5947271480359125,1.8400679002658348e-14,0.005617758402327541,0.42047308888980384,1.3012768609789282e-14,0.40762089104926347,1.2615015405229123e-14,300000000000000.0,50,52000000000000.0
300000.0,4584648100000.0,6.429417e+30,0.5953088614602362,1.8345581439768756e-14,0.005612255002607042,0.42088447063297746,1.2973801640558912e-14,0.4080196983424502,1.2577239519345684e-14,300000000000000.0,50,52000000000000.0
301000.0,4579991900000.0,6.3917074e+30,0.5958905748845598,1.829048387687916e-14,0.005606751602886543,0.421295852376151,1.2934834671328541e-14,0.4084185056356369,1.2539463633462247e-14,300000000000000.0,50,52000000000000.0
302000.0,4575344700000.0,6.3543281e+30,0.5964722883088834,1.8235386313989568e-14,0.005601248203166044,0.42170723411932465,1.2895867702098171e-14,0.4088173129288237,1.250168774757881e-14,300000000000000.0,50,52000000000000.0
303000.0,4570706600000.0,6.3172761e+30,0.5970540017332071,1.8180288751099973e-14,0.005595744803445545,0.42211861586249827,1.28569007328678e-14,0.40921612022201037,1.2463911861695372e-14,300000000000000.0,50,52000000000000.0
304000.0,4566077400000.0,6.2805493e+30,0.5976275166569929,1.8126467140957658e-14,0.005590368828961297,0.42252419933254615,1.2818836241398313e-14,0.4096093064749098,1.2427010867862233e-14,300000000000000.0,50,52000000000000.0
305000.0,4561456900000.0,6.2441441e+30,0.5982008031408613,1.8072681083479977e-14,0.0055849964050056254,0.4229296212417053,1.2780796896227734e-14,0.4100023361052692,1.2390134251690198e-14,300000000000000.0,50,52000000000000.0
306000.0,4556845900000.0,6.2024739e+30,0.5987740896247298,1.80188950260023e-14,0.005579623981049954,0.4233350431508644,1.2742757551057153e-14,0.4103953657356286,1.2353257635518162e-14,300000000000000.0,50,52000000000000.0
307000.0,4552245000000.0,6.1672248e+30,0.5993473761085982,1.796510896852462e-14,0.005574251557094281,0.4237404650600235,1.2704718205886573e-14,0.410788395365988,1.2316381019346127e-14,300000000000000.0,50,52000000000000.0
308000.0,4547653900000.0,6.1321538e+30,0.5999202936696867,1.7911380527802144e-14,0.005568884791018604,0.42414562605433537,1.266671961264181e-14,0.4111811720567494,1.2279543909450993e-14,300000000000000.0,50,52000000000000.0
309000.0,4543072500000.0,6.0973258e+30,0.6004852199999974,1.7858900122745777e-14,0.005563640580196229,0.4245451353760736,1.2629603746247995e-14,0.411568469826691,1.224356254442441e-14,300000000000000.0,50,52000000000000.0
310000.0,4538500600000.0,6.0627658e+30,0.601050146330308,1.780641971768941e-14,0.005558396369373854,0.42494464469781185,1.259248787985418e-14,0.41195576759663255,1.2207581179397827e-14,300000000000000.0,50,52000000000000.0
311000.0,4533938100000.0,6.028463e+30,0.6016150726606186,1.7753939312633047e-14,0.005553152158551478,0.42534415401955006,1.2555372013460366e-14,0.41234306536657406,1.2171599814371243e-14,300000000000000.0,50,52000000000000.0
312000.0,4529384600000.0,5.9944304e+30,0.6021799989909293,1.770145890757668e-14,0.005547907947729103,0.42574366334128827,1.2518256147066551e-14,0.4127303631365156,1.213561844934466e-14,300000000000000.0,50,52000000000000.0
313000.0,4524840100000.0,5.960672e+30,0.6027446335259845,1.7649022744299243e-14,0.005542668153310022,0.42614296629583653,1.248117157254338e-14,0.4131174608471857,1.2099667419701842e-14,300000000000000.0,50,52000000000000.0
314000.0,4520304400000.0,5.9271807e+30,0.6033012699670502,1.7597799246065088e-14,0.005537549412293901,0.42653661273558474,1.2444944706697148e-14,0.4134990749427991,1.2064547881476424e-14,300000000000000.0,50,52000000000000.0
315000.0,4515777400000.0,5.8939615e+30,0.603857906408116,1.7546575747830933e-14,0.00553243067127778,0.4269302591753329,1.2408717840850914e-14,0.41388068903841246,1.2029428343251005e-14,300000000000000.0,50,52000000000000.0
316000.0,4511258800000.0,5.861018e+30,0.6044145428491817,1.7495352249596782e-14,0.005527311930261659,0.4273239056150811,1.237249097500468e-14,0.4142623031340258,1.1994308805025585e-14,300000000000000.0,50,52000000000000.0
317000.0,4506748600000.0,5.8283485e+30,0.6049711792902475,1.7444128751362627e-14,0.005522193189245538,0.42771755205482925,1.2336264109158448e-14,0.41464391722963917,1.1959189266800167e-14,300000000000000.0,50,52000000000000.0
318000.0,4502246600000.0,5.7959439e+30,0.6055278157313132,1.7392905253128475e-14,0.005517074448229417,0.42811119849457746,1.2300037243312214e-14,0.4150255313252525,1.1924069728574748e-14,300000000000000.0,50,52000000000000.0
319000.0,4497752700000.0,5.7638065e+30,0.6060766831392856,1.734282463412768e-14,0.0055120717364861346,0.42849935043025367,1.2264618726501513e-14,0.41540181886442007,1.1889733830884435e-14,300000000000000.0,50,52000000000000.0
320000.0,4493266800000.0,5.7319405e+30,0.6066250966276614,1.7292810789881792e-14,0.005507075803959789,0.4288871813397427,1.2229247438923044e-14,0.4157777951900396,1.1855443718788208e-14,300000000000000.0,50,52000000000000.0
321000.0,4488788700000.0,5.7003447e+30,0.6071735101160372,1.7242796945635902e-14,0.005502079871433443,0.4292750122492317,1.2193876151344575e-14,0.4161537715156592,1.1821153606691979e-14,300000000000000.0,50,52000000000000.0
322000.0,4484318300000.0,5.6690157e+30,0.6077219236044129,1.7192783101390015e-14,0.005497083938907097,0.4296628431587207,1.2158504863766105e-14,0.4165297478412787,1.178686349459575e-14,300000000000000.0,50,52000000000000.0
323000.0,4479855600000.0,5.6379505e+30,0.6082703370927887,1.7142769257144125e-14,0.005492088006380751,0.4300506740682098,1.2123133576187638e-14,0.4169057241668983,1.1752573382499523e-14,300000000000000.0,50,52000000000000.0
324000.0,4475400400000.0,5.6071507e+30,0.608812454805446,1.7093656402098207e-14,0.005487184841313738,0.4304340524166765,1.2088399550030608e-14,0.4172773840305787,1.1718901052896546e-14,300000000000000.0,50,52000000000000.0
325000.0,4470952700000.0,5.5766143e+30,0.6093527089393429,1.704481024402681e-14,0.005482309135844176,0.4308161127864664,1.2053854156204669e-14,0.4176477662015411,1.1685411589771735e-14,300000000000000.0,50,52000000000000.0
326000.0,4466512300000.0,5.5463384e+30,0.6098929630732399,1.6995964085955418e-14,0.005477433430374613,0.4311981731562564,1.2019308762378731e-14,0.4180181483725035,1.1651922126646925e-14,300000000000000.0,50,52000000000000.0
327000.0,4462079200000.0,5.5163238e+30,0.6104332172071368,1.6947117927884022e-14,0.00547255772490505,0.43158023352604635,1.1984763368552794e-14,0.4183885305434659,1.1618432663522116e-14,300000000000000.0,50,52000000000000.0
328000.0,4457653200000.0,5.486566e+30,0.6109734713410339,1.689827176981263e-14,0.0054676820194354886,0.43196229389583635,1.1950217974726855e-14,0.41875891271442833,1.1584943200397305e-14,300000000000000.0,50,52000000000000.0
329000.0,4453234300000.0,5.4570638e+30,0.611509560728202,1.6850006556224206e-14,0.005462866851901999,0.4323414088381533,1.1916083476987371e-14,0.41912643948923456,1.155185207365534e-14,300000000000000.0,50,52000000000000.0
330000.0,4448822300000.0,5.4278156e+30,0.6120417163920284,1.6802290061446695e-14,0.005458108864194242,0.4327177417393149,1.188233708244634e-14,0.4194912692600595,1.1519137187109713e-14,300000000000000.0,50,52000000000000.0
331000.0,4444417300000.0,5.3988183e+30,0.6125738720558549,1.6754573566669183e-14,0.005453350876486485,0.43309407464047645,1.184859068790531e-14,0.4198560990308844,1.1486422300564087e-14,300000000000000.0,50,52000000000000.0
332000.0,4440019100000.0,5.3700708e+30,0.6131060277196815,1.670685707189167e-14,0.005448592888778729,0.433470407541638,1.181484429336428e-14,0.4202209288017093,1.1453707414018462e-14,300000000000000.0,50,52000000000000.0
333000.0,4435627600000.0,5.3415709e+30,0.613638183383508,1.665914057711416e-14,0.005443834901070972,0.4338467404427996,1.1781097898823249e-14,0.4205857585725342,1.1420992527472835e-14,300000000000000.0,50,52000000000000.0
334000.0,4431242700000.0,5.3133162e+30,0.6141689609077673,1.6611612083898334e-14,0.0054390966730250975,0.4342220986864181,1.1747484475591163e-14,0.42094964347765196,1.1388406547753492e-14,300000000000000.0,50,52000000000000.0
335000.0,4426864500000.0,5.2853044e+30,0.6146930767185397,1.6564992361150255e-14,0.0054344539601281945,0.4345927455862402,1.1714513815097545e-14,0.4213089610480997,1.1356443683692153e-14,300000000000000.0,50,52000000000000.0
336000.0,4422492700000.0,5.2575336e+30,0.6152171925293121,1.6518372638402176e-14,0.005429811247231291,0.4349633924860624,1.1681543154603927e-14,0.42166827861854744,1.1324480819630812e-14,300000000000000.0,50,52000000000000.0
337000.0,4418127400000.0,5.2300016e+30,0.6157413083400844,1.6471752915654094e-14,0.005425168534334388,0.43533403938588455,1.1648572494110307e-14,0.42202759618899516,1.1292517955569473e-14,300000000000000.0,50,52000000000000.0
338000.0,4413768400000.0,5.2027065e+30,0.6162654241508568,1.6425133192906015e-14,0.005420525821437485,0.43570468628570674,1.1615601833616689e-14,0.42238691375944293,1.1260555091508133e-14,300000000000000.0,50,52000000000000.0
339000.0,4409415700000.0,5.1756457e+30,0.6167895399616292,1.6378513470157936e-14,0.005415883108540581,0.4360753331855289,1.1582631173123071e-14,0.42274623132989064,1.1228592227446794e-14,300000000000000.0,50,52000000000000.0
340000.0,4405069100000.0,5.148817e+30,0.6173077352212337,1.6332681732142085e-14,0.005411324122273221,0.4364417929201132,1.1550217844083967e-14,0.42310148972192657,1.1197169659106385e-14,300000000000000.0,50,52000000000000.0
341000.0,4400728700000.0,5.1222186e+30,0.6178238682132074,1.6287124467796148e-14,0.005406794299965949,0.4368067941662747,1.1517998646737295e-14,0.4234553342063702,1.1165935288510548e-14,300000000000000.0,50,52000000000000.0
342000.0,4396394400000.0,5.0958477e+30,0.6183400012051812,1.624156720345021e-14,0.005402264477658677,0.43717179541243617,1.1485779449390622e-14,0.42380917869081386,1.113470091791471e-14,300000000000000.0,50,52000000000000.0
343000.0,4392066100000.0,5.0697018e+30,0.6188561341971549,1.6196009939104272e-14,0.005397734655351405,0.4375367966585977,1.145356025204395e-14,0.4241630231752575,1.1103466547318872e-14,300000000000000.0,50,52000000000000.0
344000.0,4387743700000.0,5.0437786e+30,0.6193722671891286,1.6150452674758335e-14,0.005393204833044132,0.43790179790475914,1.1421341054697277e-14,0.4245168676597011,1.1072232176723035e-14,300000000000000.0,50,52000000000000.0
345000.0,4383427100000.0,5.0180741e+30,0.6198866275743575,1.6105126185143137e-14,0.005388699732989486,0.43826554552063035,1.1389285081006718e-14,0.4248694968328924,1.1041156040589993e-14,300000000000000.0,50,52000000000000.0
346000.0,4379116400000.0,4.992589e+30,0.6203948327929101,1.606060103340879e-14,0.005384280478024837,0.4386249400540086,1.135779588210244e-14,0.4252179059819051,1.1010629354861206e-14,300000000000000.0,50,52000000000000.0
347000.0,4374811300000.0,4.9673202e+30,0.6209030380114626,1.6016075881674446e-14,0.005379861223060188,0.4389843345873869,1.1326306683198162e-14,0.4255663151309178,1.0980102669132417e-14,300000000000000.0,50,52000000000000.0
348000.0,4370512000000.0,4.9422649e+30,0.6214112432300152,1.5971550729940097e-14,0.0053754419680955385,0.4393437291207652,1.1294817484293882e-14,0.4259147242799305,1.094957598340363e-14,300000000000000.0,50,52000000000000.0
349000.0,4366218300000.0,4.9174213e+30,0.6219194484485677,1.5927025578205752e-14,0.00537102271313089,0.43970312365414344,1.1263328285389604e-14,0.4262631334289432,1.091904929767484e-14,300000000000000.0,50,52000000000000.0
350000.0,4361930200000.0,4.8927871e+30,0.6224276536671203,1.5882500426471407e-14,0.00536660345816624,0.44006251818752173,1.1231839086485327e-14,0.42661154257795586,1.0888522611946053e-14,300000000000000.0,50,52000000000000.0
351000.0,4357647500000.0,4.8683607e+30,0.6229310101513084,1.583859217285167e-14,0.005362250891150145,0.44041848358579566,1.1200786209918881e-14,0.42695662740836743,1.0858418911663355e-14,300000000000000.0,50,52000000000000.0
352000.0,4353370300000.0,4.8441399e+30,0.623431341177735,1.5795068844255353e-14,0.005357939935316757,0.4407723093116034,1.1170005584769859e-14,0.4272996379685145,1.0828579140997049e-14,300000000000000.0,50,52000000000000.0
353000.0,4349098500000.0,4.8201221e+30,0.6239316722041618,1.5751545515659036e-14,0.0053536289794833694,0.44112613503741105,1.1139224959620837e-14,0.4276426485286616,1.0798739370330743e-14,300000000000000.0,50,52000000000000.0
354000.0,4344832100000.0,4.7963059e+30,0.6244320032305885,1.5708022187062715e-14,0.005349318023649981,0.4414799607632187,1.1108444334471813e-14,0.42798565908880865,1.0768899599664436e-14,300000000000000.0,50,52000000000000.0
355000.0,4340570900000.0,4.7726885e+30,0.6249323342570152,1.5664498858466398e-14,0.005345007067816593,0.4418337864890264,1.1077663709322791e-14,0.4283286696489557,1.0739059828998132e-14,300000000000000.0,50,52000000000000.0
356000.0,4336315000000.0,4.749269e+30,0.6254326652834419,1.562097552987008e-14,0.0053406961119832055,0.44218761221483405,1.1046883084173769e-14,0.42867168020910273,1.0709220058331825e-14,300000000000000.0,50,52000000000000.0
357000.0,4332064300000.0,4.7260446e+30,0.6259258253361056,1.5578346571589748e-14,0.005336482409905743,0.4425363664752352,1.1016735031577912e-14,0.42900977432054416,1.0679993524627264e-14,300000000000000.0,50,52000000000000.0
358000.0,4327818700000.0,4.7030133e+30,0.6264183341482638,1.5535798836612696e-14,0.00533227754004372,0.4428846601644776,1.0986644426810338e-14,0.4293474219388528,1.065082268276627e-14,300000000000000.0,50,52000000000000.0
359000.0,4323578100000.0,4.6801737e+30,0.6269108429604218,1.5493251101635644e-14,0.005328072670181696,0.44323295385371997,1.0956553822042765e-14,0.4296850695571614,1.0621651840905275e-14,300000000000000.0,50,52000000000000.0
360000.0,4319342700000.0,4.6575237e+30,0.6274033517725799,1.5450703366658594e-14,0.005323867800319672,0.4435812475429623,1.092646321727519e-14,0.43002271717546997,1.0592480999044281e-14,300000000000000.0,50,52000000000000.0
361000.0,4315112200000.0,4.6350614e+30,0.627895860584738,1.5408155631681542e-14,0.005319662930457649,0.4439295412322047,1.0896372612507618e-14,0.4303603647937786,1.0563310157183287e-14,300000000000000.0,50,52000000000000.0
362000.0,4310886600000.0,4.6127848e+30,0.628387397844468,1.5365726489881106e-14,0.005315471052757591,0.4442771478202384,1.0866365886448427e-14,0.4306973463131219,1.0534220630144186e-14,300000000000000.0,50,52000000000000.0
363000.0,4306665900000.0,4.5906922e+30,0.62887213540344,1.5324127357959188e-14,0.005311370104595664,0.4446199455245995,1.0836946210660949e-14,0.43102966593928543,1.0505700209249024e-14,300000000000000.0,50,52000000000000.0
364000.0,4302450100000.0,4.5687821e+30,0.6293568729624122,1.528252822603727e-14,0.0053072691564337365,0.4449627432289606,1.0807526534873471e-14,0.4313619855654489,1.0477179788353861e-14,300000000000000.0,50,52000000000000.0
365000.0,4298239100000.0,4.547052e+30,0.6298416105213843,1.5240929094115353e-14,0.005303168208271809,0.4453055409333217,1.0778106859085992e-14,0.4316943051916124,1.0448659367458701e-14,300000000000000.0,50,52000000000000.0
366000.0,4294032900000.0,4.5255005e+30,0.6303263480803565,1.5199329962193432e-14,0.005299067260109882,0.4456483386376828,1.0748687183298514e-14,0.43202662481777593,1.0420138946563539e-14,300000000000000.0,50,52000000000000.0
367000.0,4289831300000.0,4.504126e+30,0.6308110856393286,1.5157730830271515e-14,0.005294966311947954,0.44599113634204385,1.0719267507511037e-14,0.4323589444439394,1.0391618525668378e-14,300000000000000.0,50,52000000000000.0
368000.0,4285634500000.0,4.4829263e+30,0.6312939770481962,1.5116352557255275e-14,0.005290889704949181,0.44633262841489246,1.0690004040679387e-14,0.4326899983471038,1.036324953895386e-14,300000000000000.0,50,52000000000000.0
369000.0,4281442300000.0,4.4619004e+30,0.6317709930322774,1.5075677173936704e-14,0.005286890564388798,0.4466699652786213,1.0661237713256252e-14,0.4330170240511182,1.0335362495791136e-14,300000000000000.0,50,52000000000000.0
370000.0,4277254700000.0,4.4410458e+30,0.6322480090163584,1.503500179061813e-14,0.005282891423828415,0.4470073021423502,1.0632471385833118e-14,0.4333440497551325,1.0307475452628413e-14,300000000000000.0,50,52000000000000.0
371000.0,4273071700000.0,4.420361e+30,0.6327250250004394,1.4994326407299555e-14,0.005278892283268032,0.447344639006079,1.0603705058409984e-14,0.43367107545914685,1.027958840946569e-14,300000000000000.0,50,52000000000000.0
372000.0,4268893200000.0,4.3998444e+30,0.6332020409845205,1.4953651023980984e-14,0.005274893142707649,0.44768197586980785,1.057493873098685e-14,0.4339981011631612,1.0251701366302967e-14,300000000000000.0,50,52000000000000.0
373000.0,4264719200000.0,4.3794944e+30,0.6336790569686015,1.491297564066241e-14,0.005270894002147265,0.44801931273353673,1.0546172403563715e-14,0.4343251268671755,1.0223814323140245e-14,300000000000000.0,50,52000000000000.0
374000.0,4260549700000.0,4.3593091e+30,0.6341540977471815,1.4872532128086688e-14,0.005266920537344911,0.44835525269812077,1.0517570073130696e-14,0.43465079837028087,1.0196086264139544e-14,300000000000000.0,50,52000000000000.0
375000.0,4256384600000.0,4.3392868e+30,0.6346234408181315,1.4832757473358934e-14,0.00526302113722208,0.4486871631463273,1.0489440810893064e-14,0.43497256352498476,1.0168816813254574e-14,300000000000000.0,50,52000000000000.0
376000.0,4252223900000.0,4.3194262e+30,0.6350927838890814,1.479298281863118e-14,0.005259121737099248,0.44901907359453375,1.046131154865543e-14,0.4352943286796886,1.0141547362369606e-14,300000000000000.0,50,52000000000000.0
377000.0,4248067600000.0,4.2997254e+30,0.6355621269600313,1.4753208163903426e-14,0.005255222336976417,0.4493509840427402,1.0433182286417798e-14,0.4356160938343924,1.0114277911484637e-14,300000000000000.0,50,52000000000000.0
378000.0,4243915600000.0,4.2801829e+30,0.6360314700309813,1.4713433509175672e-14,0.005251322936853586,0.4496828944909467,1.0405053024180164e-14,0.43593785898909626,1.0087008460599667e-14,300000000000000.0,50,52000000000000.0
379000.0,4239767900000.0,4.260797e+30,0.6365008131019313,1.4673658854447918e-14,0.005247423536730755,0.4500148049391532,1.037692376194253e-14,0.4362596241438001,1.0059739009714697e-14,300000000000000.0,50,52000000000000.0
380000.0,4235624400000.0,4.2415663e+30,0.6369687953369445,1.463404103102411e-14,0.005243541576174951,0.4503457529827533,1.0348905422694015e-14,0.4365804563111784,1.0032577091282278e-14,300000000000000.0,50,52000000000000.0
381000.0,4231485200000.0,4.2224891e+30,0.6374305133691921,1.4595145133779203e-14,0.005239739893469732,0.45067227088350215,1.032139768437573e-14,0.43689699374939267,1.0005910166455232e-14,300000000000000.0,50,52000000000000.0
382000.0,4227350200000.0,4.2035639e+30,0.6378922314014398,1.4556249236534297e-14,0.005235938210764514,0.45099878878425104,1.0293889946057448e-14,0.4372135311876069,9.979243241628188e-15,300000000000000.0,50,52000000000000.0
383000.0,4223219400000.0,4.1847893e+30,0.6383539494336874,1.451735333928939e-14,0.005232136528059296,0.4513253066849999,1.0266382207739165e-14,0.43753006862582117,9.952576316801142e-15,300000000000000.0,50,52000000000000.0
384000.0,4219092700000.0,4.1661637e+30,0.6388156674659351,1.447845744204448e-14,0.005228334845354078,0.4516518245857488,1.0238874469420883e-14,0.43784660606403536,9.925909391974097e-15,300000000000000.0,50,52000000000000.0
385000.0,4214970100000.0,4.1476856e+30,0.6392773854981828,1.4439561544799575e-14,0.00522453316264886,0.45197834248649765,1.02113667311026e-14,0.4381631435022496,9.899242467147051e-15,300000000000000.0,50,52000000000000.0
386000.0,4210851700000.0,4.1293534e+30,0.639739098693999,1.4400666195851293e-14,0.005220731541046044,0.4523048569668527,1.0183859380580171e-14,0.43847967762461926,9.872575918262267e-15,300000000000000.0,50,52000000000000.0
387000.0,4206737300000.0,4.1111659e+30,0.6401932388687291,1.4362629385280993e-14,0.005217025595314722,0.4526260156977052,1.0156959251781386e-14,0.4387910197036547,9.84649803041199e-15,300000000000000.0,50,52000000000000.0
388000.0,4202627000000.0,4.0931216e+30,0.6406473790434593,1.4324592574710693e-14,0.005213319649583401,0.45294717442855775,1.0130059122982603e-14,0.4391023617826901,9.820420142561713e-15,300000000000000.0,50,52000000000000.0
389000.0,4198520700000.0,4.0752187e+30,0.6411015192181894,1.4286555764140396e-14,0.00520961370385208,0.4532683331594103,1.010315899418382e-14,0.4394137038617255,9.794342254711435e-15,300000000000000.0,50,52000000000000.0
390000.0,4194418300000.0,4.0574562e+30,0.6415556593929195,1.4248518953570097e-14,0.005205907758120758,0.4535894918902629,1.0076258865385035e-14,0.4397250459407609,9.768264366861158e-15,300000000000000.0,50,52000000000000.0
391000.0,4190320000000.0,4.0398327e+30,0.6420097995676496,1.4210482142999797e-14,0.005202201812389437,0.4539106506211154,1.0049358736586252e-14,0.4400363880197963,9.742186479010881e-15,300000000000000.0,50,52000000000000.0
392000.0,4186225500000.0,4.0223468e+30,0.6424639397423797,1.4172445332429499e-14,0.005198495866658116,0.45423180935196794,1.002245860778747e-14,0.4403477300988317,9.716108591160602e-15,300000000000000.0,50,52000000000000.0
393000.0,4182135000000.0,4.0049969e+30,0.6429126400805534,1.4135014077234434e-14,0.005194857671692157,0.45454912095942035,9.995986771359977e-15,0.4406553426473015,9.690445904252143e-15,300000000000000.0,50,52000000000000.0
394000.0,4178048400000.0,3.9877817e+30,0.6433592492363104,1.4097815609686575e-14,0.005191245521480998,0.4548649536553786,9.969679579121122e-15,0.4409615214893242,9.664942828923923e-15,300000000000000.0,50,52000000000000.0
395000.0,4173965700000.0,3.9707001e+30,0.6438058583920673,1.4060617142138714e-14,0.005187633371269838,0.45518078635133685,9.943372386882266e-15,0.44126770033134693,9.639439753595701e-15,300000000000000.0,50,52000000000000.0
396000.0,4169886800000.0,3.9537504e+30,0.6442524675478242,1.4023418674590855e-14,0.00518402122105868,0.4554966190472951,9.917065194643409e-15,0.44157387917336965,9.61393667826748e-15,300000000000000.0,50,52000000000000.0
397000.0,4165811700000.0,3.9369314e+30,0.6446990767035811,1.3986220207042995e-14,0.00518040907084752,0.45581245174325336,9.890758002404552e-15,0.4418800580153924,9.588433602939259e-15,300000000000000.0,50,52000000000000.0
398000.0,4161740500000.0,3.9202419e+30,0.645145685859338,1.3949021739495135e-14,0.0051767969206363606,0.4561282844392116,9.864450810165696e-15,0.4421862368574151,9.562930527611037e-15,300000000000000.0,50,52000000000000.0
399000.0,4157673000000.0,3.9036804e+30,0.6455897360081883,1.3912103569489108e-14,0.00517321618860583,0.4564423073754923,9.83834186397615e-15,0.4424906612576501,9.537619638631038e-15,300000000000000.0,50,52000000000000.0
400000.0,4153609300000.0,3.8872457e+30,0.64602886033803,1.3875724942755101e-14,0.005169695933266844,0.4567528467148366,9.812614520569885e-15,0.4427917085420653,9.512678688147394e-15,300000000000000.0,50,52000000000000.0
401000.0,4149549400000.0,3.8709366e+30,0.6464679846678718,1.3839346316021095e-14,0.005166175677927857,0.45706338605418095,9.78688717716362e-15,0.44309275582648056,9.487737737663752e-15,300000000000000.0,50,52000000000000.0
402000.0,4145493200000.0,3.8547516e+30,0.6469071089977136,1.380296768928709e-14,0.005162655422588871,0.4573739253935252,9.761159833757354e-15,0.4433938031108958,9.462796787180107e-15,300000000000000.0,50,52000000000000.0
403000.0,4141440600000.0,3.8386897e+30,0.6473462333275555,1.3766589062553083e-14,0.0051591351672498845,0.45768446473286956,9.735432490351089e-15,0.44369485039531104,9.437855836696463e-15,300000000000000.0,50,52000000000000.0
404000.0,4137391800000.0,3.8227494e+30,0.6477853576573973,1.3730210435819078e-14,0.005155614911910898,0.4579950040722139,9.709705146944824e-15,0.4439958976797263,9.412914886212821e-15,300000000000000.0,50,52000000000000.0
405000.0,4133346700000.0,3.8069295e+30,0.648224481987239,1.3693831809085072e-14,0.005152094656571912,0.45830554341155816,9.683977803538558e-15,0.44429694496414157,9.387973935729177e-15,300000000000000.0,50,52000000000000.0
406000.0,4129305200000.0,3.7912288e+30,0.6486572260815923,1.3658141707622983e-14,0.005148651619695052,0.458611570581968,9.658737431978099e-15,0.44459361800049735,9.36350507203648e-15,300000000000000.0,50,52000000000000.0
407000.0,4125267300000.0,3.775646e+30,0.6490889114901568,1.3622565854596041e-14,0.005145221395838748,0.4589168490387707,9.633577864672202e-15,0.44488956520874473,9.339114542690132e-15,300000000000000.0,50,52000000000000.0
408000.0,4121233100000.0,3.76018e+30,0.6495205968987214,1.35869900015691e-14,0.0051417911719824445,0.45922212749557345,9.608418297366306e-15,0.44518551241699206,9.314724013343784e-15,300000000000000.0,50,52000000000000.0
409000.0,4117202500000.0,3.7448297e+30,0.649952282307286,1.355141414854216e-14,0.005138360948126142,0.4595274059523762,9.58325873006041e-15,0.4454814596252394,9.290333483997436e-15,300000000000000.0,50,52000000000000.0
410000.0,4113175400000.0,3.729594e+30,0.6503839677158506,1.351583829551522e-14,0.005134930724269838,0.4598326844091789,9.558099162754514e-15,0.4457774068334867,9.265942954651089e-15,300000000000000.0,50,52000000000000.0
411000.0,4109152000000.0,3.7144715e+30,0.6508156531244151,1.348026244248828e-14,0.005131500500413534,0.46013796286598163,9.532939595448617e-15,0.4460733540417341,9.241552425304741e-15,300000000000000.0,50,52000000000000.0
412000.0,4105132100000.0,3.6994612e+30,0.6512453571339752,1.3444897136089925e-14,0.005128093915590921,0.4604418400593607,9.507928940595749e-15,0.4463679428181673,9.217306256670522e-15,300000000000000.0,50,52000000000000.0
413000.0,4101115700000.0,3.6845617e+30,0.6516696494525707,1.3410106884632525e-14,0.005124751894818627,0.46074189005559674,9.483325002499441e-15,0.44665882138118174,9.193454372862178e-15,300000000000000.0,50,52000000000000.0
414000.0,4097102900000.0,3.6697717e+30,0.6520939417711661,1.3375316633175125e-14,0.005121409874046333,0.4610419400518328,9.458721064403134e-15,0.44694969994419614,9.169602489053832e-15,300000000000000.0,50,52000000000000.0
415000.0,4093093600000.0,3.6550899e+30,0.6525182340897615,1.3340526381717725e-14,0.005118067853274039,0.46134199004806886,9.434117126306827e-15,0.44724057850721055,9.145750605245485e-15,300000000000000.0,50,52000000000000.0
416000.0,4089087700000.0,3.6405153e+30,0.6529425264083569,1.3305736130260326e-14,0.005114725832501745,0.4616420400443049,9.40951318821052e-15,0.44753145707022496,9.121898721437141e-15,300000000000000.0,50,52000000000000.0
417000.0,4085085400000.0,3.6260466e+30,0.6533668187269525,1.3270945878802926e-14,0.005111383811729451,0.461942090040541,9.384909250114213e-15,0.44782233563323937,9.098046837628795e-15,300000000000000.0,50,52000000000000.0
418000.0,4081086500000.0,3.6116827e+30,0.6537911110455479,1.3236155627345526e-14,0.005108041790957157,0.46224214003677705,9.360305312017906e-15,0.44811321419625383,9.07419495382045e-15,300000000000000.0,50,52000000000000.0
419000.0,4077091100000.0,3.5974227e+30,0.6542112068873661,1.320180484425923e-14,0.00510474912314263,0.462539222251795,9.336012194005648e-15,0.4484012156924952,9.05064438939812e-15,300000000000000.0,50,52000000000000.0
420000.0,4073099100000.0,3.5832656e+30,0.6546281517795712,1.3167784038620071e-14,0.005101493512290751,0.4628340760905875,9.311952457107019e-15,0.44868705692599314,9.027320072433647e-15,300000000000000.0,50,52000000000000.0
421000.0,4069110500000.0,3.5692104e+30,0.6550450966717764,1.3133763232980912e-14,0.005098237901438872,0.46312892992938,9.28789272020839e-15,0.44897289815949104,9.003995755469174e-15,300000000000000.0,50,52000000000000.0
422000.0,4065125400000.0,3.5552563e+30,0.6554620415639816,1.3099742427341755e-14,0.0050949822905869925,0.4634237837681725,9.263832983309761e-15,0.449258739392989,8.980671438504699e-15,300000000000000.0,50,52000000000000.0
423000.0,4061143600000.0,3.5414024e+30,0.6558789864561867,1.3065721621702595e-14,0.005091726679735113,0.46371863760696497,9.239773246411133e-15,0.44954458062648694,8.957347121540226e-15,300000000000000.0,50,52000000000000.0
424000.0,4057165300000.0,3.5276479e+30,0.6562959313483918,1.3031700816063438e-14,0.005088471068883234,0.46401349144575743,9.215713509512504e-15,0.4498304218599849,8.934022804575752e-15,300000000000000.0,50,52000000000000.0
425000.0,4053190400000.0,3.5139918e+30,0.6567128762405969,1.2997680010424279e-14,0.005085215458031354,0.46430834528454995,9.191653772613875e-15,0.45011626309348285,8.910698487611279e-15,300000000000000.0,50,52000000000000.0
426000.0,4049218900000.0,3.5004332e+30,0.6571242325877941,1.2964237308625326e-14,0.005082024635745073,0.46459924686765613,9.168002906348715e-15,0.4503982728775871,8.887770543517366e-15,300000000000000.0,50,52000000000000.0
427000.0,4045250800000.0,3.4869714e+30,0.6575338756910342,1.2930971832367067e-14,0.005078853675268678,0.4648889368333984,9.144477384898878e-15,0.4506791080791282,8.864964112880753e-15,300000000000000.0,50,52000000000000.0
428000.0,4041286000000.0,3.4736052e+30,0.6579435187942743,1.2897706356108806e-14,0.005075682714792282,0.46517862679914057,9.120951863449042e-15,0.45095994328066924,8.84215768224414e-15,300000000000000.0,50,52000000000000.0
429000.0,4037324600000.0,3.4603339e+30,0.6583531618975144,1.2864440879850547e-14,0.0050725117543158876,0.4654683167648828,9.097426341999207e-15,0.45124077848221034,8.819351251607527e-15,300000000000000.0,50,52000000000000.0
430000.0,4033366600000.0,3.4471562e+30,0.6587628050007545,1.2831175403592288e-14,0.005069340793839493,0.46575800673062506,9.07390082054937e-15,0.45152161368375143,8.796544820970914e-15,300000000000000.0,50,52000000000000.0
431000.0,4029411900000.0,3.4340717e+30,0.6591724481039946,1.2797909927334028e-14,0.005066169833363098,0.4660476966963673,9.050375299099534e-15,0.4518024488852925,8.773738390334303e-15,300000000000000.0,50,52000000000000.0
432000.0,4025460500000.0,3.4210793e+30,0.6595820912072347,1.2764644451075769e-14,0.005062998872886703,0.46633738666210955,9.026849777649699e-15,0.45208328408683357,8.75093195969769e-15,300000000000000.0,50,52000000000000.0
433000.0,4021512500000.0,3.4081782e+30,0.6599855749526988,1.2732008089235259e-14,0.005059898303072136,0.4666227206973264,9.003769203276038e-15,0.4523598965030223,8.72855687564451e-15,300000000000000.0,50,52000000000000.0
434000.0,4017567800000.0,3.3953673e+30,0.6603879622537271,1.269948371780479e-14,0.0050568102636953695,0.466907279321216,8.980767835170905e-15,0.45263575720942695,8.70625857679826e-15,300000000000000.0,50,52000000000000.0
435000.0,4013626400000.0,3.3826458e+30,0.6607903495547554,1.266695934637432e-14,0.005053722224318604,0.46719183794510566,8.957766467065772e-15,0.45291161791583157,8.683960277952007e-15,300000000000000.0,50,52000000000000.0
436000.0,4009688300000.0,3.3700129e+30,0.6611927368557836,1.2634434974943852e-14,0.005050634184941837,0.4674763965689953,8.93476509896064e-15,0.4531874786222362,8.661661979105757e-15,300000000000000.0,50,52000000000000.0
437000.0,4005753500000.0,3.3574676e+30,0.6615951241568119,1.2601910603513383e-14,0.005047546145565071,0.4677609551928849,8.911763730855507e-15,0.45346333932864086,8.639363680259506e-15,300000000000000.0,50,52000000000000.0
438000.0,4001821900000.0,3.3450091e+30,0.6619975114578401,1.2569386232082913e-14,0.005044458106188305,0.46804551381677456,8.888762362750374e-15,0.4537392000350455,8.617065381413254e-15,300000000000000.0,50,52000000000000.0
439000.0,3997893600000.0,3.3326364e+30,0.6623998987588684,1.2536861860652444e-14,0.005041370066811539,0.46833007244066416,8.865760994645241e-15,0.45401506074145015,8.594767082567003e-15,300000000000000.0,50,52000000000000.0
440000.0,3993968600000.0,3.3203487e+30,0.66279637487989,1.2504933220013406e-14,0.00503834862248696,0.46861045065394813,8.843180961478518e-15,0.4542868688173956,8.572877239909964e-15,300000000000000.0,50,52000000000000.0
441000.0,3990046800000.0,3.3081451e+30,0.6631915526400309,1.2473135428638647e-14,0.00503534180542978,0.4688899106611229,8.820693472406373e-15,0.45455778675349673,8.551077112595184e-15,300000000000000.0,50,52000000000000.0
442000.0,3986128200000.0,3.2960247e+30,0.663586730400172,1.2441337637263889e-14,0.005032334988372599,0.46916937066829767,8.798205983334228e-15,0.45482870468959785,8.529276985280405e-15,300000000000000.0,50,52000000000000.0
443000.0,3982212900000.0,3.2839866e+30,0.663981908160313,1.2409539845889129e-14,0.005029328171315419,0.46944883067547244,8.775718494262085e-15,0.455099622625699,8.507476857965625e-15,300000000000000.0,50,52000000000000.0
444000.0,3978300800000.0,3.2720301e+30,0.6643770859204541,1.237774205451437e-14,0.005026321354258239,0.4697282906826472,8.75323100518994e-15,0.4553705405618001,8.485676730650846e-15,300000000000000.0,50,52000000000000.0
445000.0,3974391800000.0,3.2601542e+30,0.664772263680595,1.234594426313961e-14,0.005023314537201059,0.470007750689822,8.730743516117796e-15,0.4556414584979012,8.463876603336066e-15,300000000000000.0,50,52000000000000.0
446000.0,3970486100000.0,3.2483581e+30,0.6651674414407361,1.2314146471764852e-14,0.0050203077201438785,0.47028721069699675,8.708256027045651e-15,0.45591237643400234,8.442076476021287e-15,300000000000000.0,50,52000000000000.0
447000.0,3966583600000.0,3.236641e+30,0.6655577725765551,1.2282830821518236e-14,0.005017354730304417,0.4705632431575789,8.686109534776353e-15,0.45617997159129714,8.420606922420362e-15,300000000000000.0,50,52000000000000.0
448000.0,3962684200000.0,3.2250021e+30,0.6659457872095549,1.2251745616465717e-14,0.005014427467835865,0.470837637380737,8.664126026060686e-15,0.45644597858620073,8.399295370531399e-15,300000000000000.0,50,52000000000000.0
449000.0,3958788100000.0,3.2134405e+30,0.6663338018425546,1.2220660411413197e-14,0.005011500205367314,0.4711120316038951,8.642142517345018e-15,0.4567119855811044,8.377983818642433e-15,300000000000000.0,50,52000000000000.0
450000.0,3954895100000.0,3.2019556e+30,0.6667218164755544,1.2189575206360677e-14,0.005008572942898762,0.47138642582705315,8.620159008629351e-15,0.45697799257600796,8.35667226675347e-15,300000000000000.0,50,52000000000000.0
451000.0,3951005200000.0,3.1905464e+30,0.6671098311085542,1.2158490001308158e-14,0.005005645680430211,0.47166082005021126,8.598175499913684e-15,0.4572439995709116,8.335360714864504e-15,300000000000000.0,50,52000000000000.0
452000.0,3947118500000.0,3.1792123e+30,0.6674978457415539,1.2127404796255637e-14,0.005002718417961659,0.4719352142733693,8.576191991198017e-15,0.4575100065658152,8.31404916297554e-15,300000000000000.0,50,52000000000000.0
453000.0,3943234900000.0,3.1679524e+30,0.6678858603745537,1.2096319591203117e-14,0.004999791155493108,0.47220960849652743,8.554208482482348e-15,0.45777601356071884,8.292737611086577e-15,300000000000000.0,50,52000000000000.0
454000.0,3939354500000.0,3.156766e+30,0.6682709065912692,1.2065526017350526e-14,0.0049968963935824165,0.47248190345075214,8.532431230818497e-15,0.4580399854537931,8.271626011688146e-15,300000000000000.0,50,52000000000000.0
455000.0,3935477200000.0,3.1456524e+30,0.6686518047243686,1.2035139970773968e-14,0.004994047048156032,0.47275126487334407,8.51094220405826e-15,0.45830111348275004,8.25079382715968e-15,300000000000000.0,50,52000000000000.0
456000.0,3931603000000.0,3.1346108e+30,0.6690327028574679,1.2004753924197412e-14,0.004991197702729647,0.47302062629593605,8.489453177298021e-15,0.458562241511707,8.229961642631213e-15,300000000000000.0,50,52000000000000.0
457000.0,3927732000000.0,3.1236405e+30,0.6694136009905671,1.1974367877620856e-14,0.004988348357303263,0.473289987718528,8.467964150537784e-15,0.45882336954066394,8.209129458102745e-15,300000000000000.0,50,52000000000000.0
458000.0,3923864000000.0,3.1127409e+30,0.6697944991236664,1.1943981831044299e-14,0.004985499011876877,0.47355934914111997,8.446475123777546e-15,0.45908449756962094,8.188297273574278e-15,300000000000000.0,50,52000000000000.0
459000.0,3919999200000.0,3.1019111e+30,0.6701753972567658,1.1913595784467743e-14,0.0049826496664504925,0.4738287105637119,8.424986097017306e-15,0.4593456255985779,8.167465089045811e-15,300000000000000.0,50,52000000000000.0
460000.0,3916137400000.0,3.0911506e+30,0.670556295389865,1.1883209737891186e-14,0.004979800321024108,0.4740980719863038,8.403497070257068e-15,0.45960675362753484,8.146632904517343e-15,300000000000000.0,50,52000000000000.0
461000.0,3912278800000.0,3.0804586e+30,0.670936913911568,1.1852850879112941e-14,0.004976953993708989,0.4743672356675817,8.382027272088134e-15,0.4598676899594182,8.125819360829075e-15,300000000000000.0,50,52000000000000.0
462000.0,3908423200000.0,3.0698345e+30,0.6713107424597196,1.1823152238172046e-14,0.004974180957024846,0.47463159747629685,8.361024413493351e-15,0.4601239711947062,8.10545848399747e-15,300000000000000.0,50,52000000000000.0
463000.0,3904570800000.0,3.0592775e+30,0.671684571007871,1.1793453597231151e-14,0.004971407920340702,0.47489595928501205,8.340021554898566e-15,0.4603802524299943,8.085097607165868e-15,300000000000000.0,50,52000000000000.0
464000.0,3900721400000.0,3.0487871e+30,0.6720583995560226,1.1763754956290255e-14,0.004968634883656557,0.4751603210937272,8.319018696303782e-15,0.46063653366528234,8.064736730334266e-15,300000000000000.0,50,52000000000000.0
465000.0,3896875000000.0,3.0383626e+30,0.6724322281041742,1.173405631534936e-14,0.0049658618469724134,0.47542468290244233,8.298015837708999e-15,0.4608928149005704,8.044375853502663e-15,300000000000000.0,50,52000000000000.0
466000.0,3893031800000.0,3.0280033e+30,0.6728060566523258,1.1704357674408464e-14,0.00496308881028827,0.4756890447111575,8.277012979114215e-15,0.4611490961358584,8.02401497667106e-15,300000000000000.0,50,52000000000000.0
467000.0,3889191600000.0,3.0177085e+30,0.6731798852004774,1.1674659033467569e-14,0.004960315773604126,0.47595340651987267,8.256010120519432e-15,0.46140537737114645,8.003654099839458e-15,300000000000000.0,50,52000000000000.0
468000.0,3885354500000.0,3.0074777e+30,0.673553713748629,1.1644960392526672e-14,0.004957542736919982,0.47621776832858786,8.235007261924646e-15,0.46166165860643454,7.983293223007855e-15,300000000000000.0,50,52000000000000.0
469000.0,3881520400000.0,2.9973103e+30,0.6739237364324513,1.1615634068555352e-14,0.004954810201299361,0.47647943863264797,8.214267723504692e-15,0.46191533060667367,7.963187617572057e-15,300000000000000.0,50,52000000000000.0
470000.0,3877689400000.0,2.9872056e+30,0.6742905429405736,1.158662237397872e-14,0.0049521118914222385,0.47673883445944915,8.193750705877464e-15,0.462166797652234,7.943297731244725e-15,300000000000000.0,50,52000000000000.0
471000.0,3873861400000.0,2.9771631e+30,0.6746573494486958,1.1557610679402089e-14,0.004949413581545115,0.4769982302862503,8.173233688250238e-15,0.4624182646977944,7.923407844917394e-15,300000000000000.0,50,52000000000000.0
472000.0,3870036500000.0,2.9671822e+30,0.6750241559568182,1.1528598984825456e-14,0.004946715271667992,0.47725762611305145,8.152716670623011e-15,0.4626697317433548,7.903517958590063e-15,300000000000000.0,50,52000000000000.0
473000.0,3866215300000.0,2.9540268e+30,0.6753909624649405,1.1499587290248824e-14,0.004944016961790869,0.4775170219398526,8.132199652995784e-15,0.46292119878891513,7.883628072262731e-15,300000000000000.0,50,52000000000000.0
474000.0,3862399300000.0,2.9444802e+30,0.6757577689730627,1.1470575595672192e-14,0.004941318651913745,0.4777764177666538,8.111682635368556e-15,0.4631726658344755,7.8637381859354e-15,300000000000000.0,50,52000000000000.0
475000.0,3858588400000.0,2.9348732e+30,0.676124575481185,1.1441563901095561e-14,0.0049386203420366225,0.478035813593455,8.09116561774133e-15,0.46342413288003587,7.843848299608068e-15,300000000000000.0,50,52000000000000.0
476000.0,3854782600000.0,2.9252711e+30,0.6764913819893072,1.1412552206518929e-14,0.0049359220321595,0.47829520942025616,8.070648600114103e-15,0.46367559992559626,7.823958413280737e-15,300000000000000.0,50,52000000000000.0
477000.0,3850981800000.0,2.9156913e+30,0.6768517577364935,1.1384220042361706e-14,0.0049332912028094205,0.4785500574246221,8.050612172944628e-15,0.4639226581592661,7.804534427446874e-15,300000000000000.0,50,52000000000000.0
478000.0,3847185800000.0,2.9061463e+30,0.6772115930560726,1.1355944984509984e-14,0.004930666044380735,0.4788045232395673,8.0306161335852e-15,0.46416934588566866,7.785149594909395e-15,300000000000000.0,50,52000000000000.0
479000.0,3843394500000.0,2.8966341e+30,0.6775714283756517,1.1327669926658261e-14,0.00492804088595205,0.47905898905451255,8.010620094225772e-15,0.4644160336120712,7.765764762371916e-15,300000000000000.0,50,52000000000000.0
480000.0,3839608000000.0,2.8871615e+30,0.6779312636952307,1.1299394868806539e-14,0.004925415727523364,0.47931345486945776,7.990624054866346e-15,0.46466272133847375,7.746379929834436e-15,300000000000000.0,50,52000000000000.0
481000.0,3835826000000.0,2.8777347e+30,0.6782910990148098,1.1271119810954816e-14,0.004922790569094679,0.47956792068440296,7.970628015506918e-15,0.4649094090648763,7.726995097296957e-15,300000000000000.0,50,52000000000000.0
482000.0,3832048500000.0,2.8683542e+30,0.6786509343343888,1.1242844753103093e-14,0.004920165410665994,0.4798223864993482,7.950631976147492e-15,0.46515609679127884,7.707610264759478e-15,300000000000000.0,50,52000000000000.0
483000.0,3828275400000.0,2.8590159e+30,0.6790107696539679,1.1214569695251371e-14,0.004917540252237309,0.4800768523142934,7.930635936788064e-15,0.4654027845176814,7.688225432221998e-15,300000000000000.0,50,52000000000000.0
484000.0,3824506700000.0,2.8497272e+30,0.679369368802518,1.1186421818348882e-14,0.004914927893614607,0.4803304439126524,7.910729844650951e-15,0.46564862474914653,7.668927797536003e-15,300000000000000.0,50,52000000000000.0
485000.0,3820742400000.0,2.840491e+30,0.6797222994311992,1.1158857135616761e-14,0.00491237422909882,0.48058002675010975,7.891236209694021e-15,0.46589057875307605,7.65003001266211e-15,300000000000000.0,50,52000000000000.0
486000.0,3816982300000.0,2.8313046e+30,0.6800752300598804,1.1131292452884639e-14,0.004909820564583034,0.48082960958756704,7.87174257473709e-15,0.46613253275700556,7.631132227788218e-15,300000000000000.0,50,52000000000000.0
487000.0,3813226400000.0,2.8221687e+30,0.6804281606885615,1.1103727770152517e-14,0.004907266900067247,0.4810791924250244,7.85224893978016e-15,0.4663744867609351,7.612234442914325e-15,300000000000000.0,50,52000000000000.0
488000.0,3809474600000.0,2.8130826e+30,0.6807810913172426,1.1076163087420396e-14,0.00490471323555146,0.4813287752624817,7.832755304823229e-15,0.46661644076486464,7.593336658040433e-15,300000000000000.0,50,52000000000000.0
489000.0,3805727000000.0,2.8040472e+30,0.6811340219459239,1.1048598404688274e-14,0.004902159571035672,0.48157835809993904,7.813261669866299e-15,0.46685839476879415,7.574438873166538e-15,300000000000000.0,50,52000000000000.0
490000.0,3801983500000.0,2.7950651e+30,0.681486952574605,1.1021033721956153e-14,0.004899605906519886,0.48182794093739634,7.793768034909368e-15,0.46710034877272366,7.555541088292646e-15,300000000000000.0,50,52000000000000.0
491000.0,3798243900000.0,2.7861354e+30,0.6818398832032861,1.099346903922403e-14,0.004897052242004099,0.4820775237748537,7.774274399952438e-15,0.46734230277665323,7.536643303418753e-15,300000000000000.0,50,52000000000000.0
492000.0,3794508400000.0,2.7772574e+30,0.6821906956613424,1.0966115788793087e-14,0.004894520217952288,0.48232560865039575,7.754930297850554e-15,0.46758280460595825,7.517890480705715e-15,300000000000000.0,50,52000000000000.0
493000.0,3790776900000.0,2.7684304e+30,0.6825367855868815,1.0939233933775597e-14,0.004892036442041401,0.4825703537695598,7.735919584268949e-15,0.4678200687631871,7.499460855996817e-15,300000000000000.0,50,52000000000000.0
494000.0,3787049200000.0,2.7596544e+30,0.6828828755124206,1.0912352078758106e-14,0.004889552666130514,0.4828150988887239,7.716908870687344e-15,0.468057332920416,7.48103123128792e-15,300000000000000.0,50,52000000000000.0
495000.0,3783325500000.0,2.7509291e+30,0.6832289654379596,1.0885470223740616e-14,0.004887068890219627,0.483059844007888,7.69789815710574e-15,0.4682945970776449,7.462601606579022e-15,300000000000000.0,50,52000000000000.0
496000.0,3779605700000.0,2.742254e+30,0.6835750553634987,1.0858588368723125e-14,0.00488458511430874,0.48330458912705204,7.678887443524135e-15,0.4685318612348738,7.444171981870123e-15,300000000000000.0,50,52000000000000.0
497000.0,3775889700000.0,2.7336288e+30,0.6839211452890378,1.0831706513705635e-14,0.004882101338397853,0.48354933424621616,7.65987672994253e-15,0.4687691253921027,7.425742357161227e-15,300000000000000.0,50,52000000000000.0
498000.0,3772177600000.0,2.7250533e+30,0.6842672352145769,1.0804824658688144e-14,0.004879617562486966,0.4837940793653802,7.640866016360926e-15,0.4690063895493316,7.407312732452328e-15,300000000000000.0,50,52000000000000.0
499000.0,3768469300000.0,2.7165269e+30,0.684613325140116,1.0777942803670654e-14,0.004877133786576079,0.48403882448454427,7.621855302779321e-15,0.46924365370656046,7.38888310774343e-15,300000000000000.0,50,52000000000000.0
500000.0,3764764700000.0,2.7080491e+30,0.6849572980559318,1.0751267898392821e-14,0.004874671349500413,0.48428207246500743,7.60299095155256e-15,0.4694794664872128,7.3705953716067e-15,300000000000000.0,50,52000000000000.0
501000.0,3761064000000.0,2.6996191e+30,0.685296608226665,1.0725048802963306e-14,0.004872255911523471,0.4845220229754407,7.58444896556709e-15,0.4697120825895881,7.352620147139057e-15,300000000000000.0,50,52000000000000.0
502000.0,3757367000000.0,2.6912364e+30,0.6856359183973983,1.0698829707533791e-14,0.004869840473546529,0.4847619734858741,7.565906979581623e-15,0.4699446986919633,7.334644922671413e-15,300000000000000.0,50,52000000000000.0
503000.0,3753673700000.0,2.6829004e+30,0.6859752285681316,1.0672610612104274e-14,0.004867425035569587,0.48500192399630737,7.547364993596153e-15,0.4701773147943386,7.31666969820377e-15,300000000000000.0,50,52000000000000.0
504000.0,3749984100000.0,2.6746105e+30,0.6863145387388649,1.0646391516674759e-14,0.0048650095975926455,0.48524187450674067,7.528823007610683e-15,0.47040993089671385,7.298694473736128e-15,300000000000000.0,50,52000000000000.0
505000.0,3746298300000.0,2.6663663e+30,0.6866538489095984,1.0620172421245244e-14,0.004862594159615703,0.485481825017174,7.510281021625215e-15,0.47064254699908914,7.280719249268484e-15,300000000000000.0,50,52000000000000.0
506000.0,3742616100000.0,2.6581672e+30,0.6869931590803317,1.0593953325815729e-14,0.0048601787216387615,0.4857217755276073,7.491739035639746e-15,0.4708751631014644,7.262744024800842e-15,300000000000000.0,50,52000000000000.0
507000.0,3738937600000.0,2.6500126e+30,0.687332469251065,1.0567734230386212e-14,0.00485776328366182,0.48596172603804066,7.473197049654278e-15,0.4711077792038396,7.244768800333198e-15,300000000000000.0,50,52000000000000.0
508000.0,3735262800000.0,2.6419019e+30,0.6876705376121419,1.0541634631928993e-14,0.004855360194843424,0.48620079834818264,7.45473957606632e-15,0.4713395439493335,7.226875505016492e-15,300000000000000.0,50,52000000000000.0
509000.0,3731591700000.0,2.6338347e+30,0.6880031276251789,1.0516062204444095e-14,0.004853011585379549,0.4864359964036672,7.436654936048235e-15,0.47156755286213675,7.209343647059503e-15,300000000000000.0,50,52000000000000.0
510000.0,3727924100000.0,2.6258104e+30,0.6883357176382159,1.0490489776959197e-14,0.004850662975915674,0.48667119445915175,7.41857029603015e-15,0.47179556177494003,7.191811789102515e-15,300000000000000.0,50,52000000000000.0
511000.0,3724260200000.0,2.6178284e+30,0.6886683076512528,1.0464917349474298e-14,0.0048483143664518,0.4869063925146363,7.400485656012066e-15,0.47202357068774325,7.174279931145527e-15,300000000000000.0,50,52000000000000.0
512000.0,3720599900000.0,2.6098688e+30,0.6890008976642897,1.04393449219894e-14,0.004845965756987925,0.48714159057012085,7.382401015993982e-15,0.47225157960054653,7.15674807318854e-15,300000000000000.0,50,52000000000000.0
513000.0,3716943300000.0,2.601972e+30,0.6893334876773266,1.0413772494504502e-14,0.004843617147524051,0.4873767886256054,7.364316375975898e-15,0.47247958851334976,7.139216215231551e-15,300000000000000.0,50,52000000000000.0
514000.0,3713290200000.0,2.5941163e+30,0.6896660776903636,1.0388200067019606e-14,0.004841268538060176,0.48761198668108996,7.346231735957814e-15,0.47270759742615304,7.121684357274563e-15,300000000000000.0,50,52000000000000.0
515000.0,3709640700000.0,2.5863008e+30,0.6899986677034006,1.0362627639534708e-14,0.004838919928596301,0.4878471847365745,7.32814709593973e-15,0.4729356063389563,7.104152499317574e-15,300000000000000.0,50,52000000000000.0
516000.0,3705994800000.0,2.5785251e+30,0.6903312577164374,1.033705521204981e-14,0.004836571319132427,0.48808238279205907,7.310062455921645e-15,0.47316361525175954,7.086620641360586e-15,300000000000000.0,50,52000000000000.0
517000.0,3702352400000.0,2.5707888e+30,0.690657685427169,1.0312068052794397e-14,0.004834283169761331,0.48831322291089707,7.292391736841565e-15,0.47338739943428365,7.069490052236937e-15,300000000000000.0,50,52000000000000.0
518000.0,3698713600000.0,2.5630918e+30,0.6909836144204319,1.0287128259519321e-14,0.004831999913448531,0.4885437103402654,7.274754516540374e-15,0.47361084170777995,7.052391937952537e-15,300000000000000.0,50,52000000000000.0
519000.0,3695078300000.0,2.5554332e+30,0.6913095434136948,1.0262188466244245e-14,0.004829716657135731,0.48877419776963366,7.257117296239183e-15,0.4738342839812762,7.035293823668136e-15,300000000000000.0,50,52000000000000.0
520000.0,3691446600000.0,2.5478129e+30,0.6916354724069577,1.0237248672969169e-14,0.004827433400822931,0.4890046851990019,7.239480075937993e-15,0.4740577262547725,7.018195709383736e-15,300000000000000.0,50,52000000000000.0
521000.0,3687818400000.0,2.5402303e+30,0.6919614014002207,1.0212308879694095e-14,0.004825150144510131,0.48923517262837024,7.221842855636802e-15,0.4742811685282688,7.0010975950993355e-15,300000000000000.0,50,52000000000000.0
522000.0,3684193800000.0,2.5326851e+30,0.6922873303934836,1.0187369086419019e-14,0.004822866888197331,0.4894656600577385,7.20420563533561e-15,0.4745046108017651,6.983999480814935e-15,300000000000000.0,50,52000000000000.0
523000.0,3680572600000.0,2.5251771e+30,0.6926132593867464,1.0162429293143943e-14,0.0048205836318845315,0.4896961474871068,7.186568415034419e-15,0.4747280530752614,6.966901366530535e-15,300000000000000.0,50,52000000000000.0
524000.0,3676955000000.0,2.5177057e+30,0.6929391883800093,1.0137489499868867e-14,0.004818300375571731,0.4899266349164751,7.168931194733228e-15,0.4749514953487577,6.949803252246134e-15,300000000000000.0,50,52000000000000.0
525000.0,3673340900000.0,2.5102707e+30,0.693261610941371,1.0112878435215357e-14,0.004816051062440525,0.49015464262553327,7.151526461553505e-15,0.47517253369802265,6.932930518772007e-15,300000000000000.0,50,52000000000000.0
526000.0,3669730300000.0,2.5028717e+30,0.6935809380394719,1.0088557570799434e-14,0.004813831714206552,0.4903804612479834,7.134326967021891e-15,0.47539144987313753,6.916256750524508e-15,300000000000000.0,50,52000000000000.0
527000.0,3666123100000.0,2.4955083e+30,0.6939002651375726,1.0064236706383509e-14,0.0048116123659725785,0.4906062798704336,7.117127472490278e-15,0.4756103660482524,6.8995829822770086e-15,300000000000000.0,50,52000000000000.0
528000.0,3662519500000.0,2.4881803e+30,0.6942195922356734,1.0039915841967585e-14,0.004809393017738605,0.4908320984928838,7.099927977958665e-15,0.4758292822233673,6.88290921402951e-15,300000000000000.0,50,52000000000000.0
529000.0,3658919300000.0,2.4808872e+30,0.6945389193337743,1.001559497755166e-14,0.004807173669504633,0.4910579171153339,7.0827284834270525e-15,0.47604819839848217,6.8662354457820106e-15,300000000000000.0,50,52000000000000.0
530000.0,3655322500000.0,2.4736288e+30,0.6948582464318751,9.991274113135736e-15,0.0048049543212706596,0.4912837357377841,7.06552898889544e-15,0.47626711457359705,6.849561677534511e-15,300000000000000.0,50,52000000000000.0
531000.0,3651729300000.0,2.4664047e+30,0.6951775735299759,9.966953248719811e-15,0.004802734973036686,0.49150955436023425,7.048329494363826e-15,0.47648603074871193,6.832887909287012e-15,300000000000000.0,50,52000000000000.0
532000.0,3648139500000.0,2.4592146e+30,0.6954969006280768,9.942632384303889e-15,0.004800515624802713,0.49173537298268444,7.0311299998322136e-15,0.4767049469238268,6.816214141039513e-15,300000000000000.0,50,52000000000000.0
533000.0,3644553100000.0,2.4520583e+30,0.6958162238534088,9.918311879521289e-15,0.0047982963135591306,0.49196118886634765,7.0139307596438015e-15,0.4769238604438696,6.799540619360841e-15,300000000000000.0,50,52000000000000.0
534000.0,3640970200000.0,2.4449355e+30,0.6961290081794891,9.894598590459459e-15,0.004796139458003624,0.49218238049981977,6.997160960164764e-15,0.47713829106030936,6.783283411905889e-15,300000000000000.0,50,52000000000000.0
535000.0,3637390700000.0,2.4378458e+30,0.6964417925055693,9.870885301397628e-15,0.004793982602448118,0.4924035721332919,6.980391160685727e-15,0.47735272167674914,6.767026204450937e-15,300000000000000.0,50,52000000000000.0
536000.0,3633814600000.0,2.430789e+30,0.6967545768316495,9.847172012335798e-15,0.0047918257468926116,0.492624763766764,6.9636213612066904e-15,0.47756715229318886,6.7507689969959846e-15,300000000000000.0,50,52000000000000.0
537000.0,3630242000000.0,2.4237649e+30,0.6970673611577298,9.823458723273968e-15,0.004789668891337105,0.49284595540023607,6.946851561727653e-15,0.47778158290962863,6.734511789541032e-15,300000000000000.0,50,52000000000000.0
538000.0,3626672800000.0,2.416773e+30,0.69738014548381,9.799745434212139e-15,0.004787512035781599,0.4930671470337082,6.930081762248616e-15,0.4779960135260684,6.718254582086079e-15,300000000000000.0,50,52000000000000.0
539000.0,3623107000000.0,2.4098132e+30,0.6976929298098903,9.776032145150309e-15,0.0047853551802260925,0.4932883386671803,6.913311962769579e-15,0.4782104441425082,6.701997374631127e-15,300000000000000.0,50,52000000000000.0
540000.0,3619544600000.0,2.4028852e+30,0.6980057141359706,9.752318856088479e-15,0.004783198324670586,0.49350953030065237,6.896542163290543e-15,0.47842487475894796,6.685740167176175e-15,300000000000000.0,50,52000000000000.0
541000.0,3615985600000.0,2.3959887e+30,0.6983184984620507,9.72860556702665e-15,0.00478104146911508,0.4937307219341245,6.879772363811505e-15,0.4786393053753877,6.669482959721223e-15,300000000000000.0,50,52000000000000.0
542000.0,3612430100000.0,2.3891235e+30,0.6986291348850464,9.705089478425472e-15,0.004778904857375404,0.49395039459214213,6.863142029913607e-15,0.4788522634459504,6.653360954877789e-15,300000000000000.0,50,52000000000000.0
543000.0,3608877900000.0,2.3822892e+30,0.6989354361281,9.681971405678766e-15,0.004776809104362066,0.49416700145451486,6.8467931837579925e-15,0.4790622494311357,6.637511833691789e-15,300000000000000.0,50,52000000000000.0
544000.0,3605329100000.0,2.3754857e+30,0.6992417373711537,9.658853332932062e-15,0.004774713351348727,0.4943836083168876,6.830444337602378e-15,0.4792722354163209,6.621662712505788e-15,300000000000000.0,50,52000000000000.0
545000.0,3601783700000.0,2.3687127e+30,0.6995480386142074,9.635735260185355e-15,0.004772617598335389,0.49460021517926034,6.814095491446763e-15,0.4794822214015062,6.605813591319787e-15,300000000000000.0,50,52000000000000.0
546000.0,3598241700000.0,2.3619701e+30,0.6998543398572611,9.61261718743865e-15,0.00477052184532205,0.4948168220416331,6.797746645291148e-15,0.4796922073866915,6.589964470133787e-15,300000000000000.0,50,52000000000000.0
547000.0,3594703000000.0,2.3552572e+30,0.7001606411003147,9.589499114691945e-15,0.004768426092308712,0.4950334289040058,6.7813977991355336e-15,0.4799021933718768,6.574115348947786e-15,300000000000000.0,50,52000000000000.0
548000.0,3591167700000.0,2.3485741e+30,0.7004669423433685,9.56638104194524e-15,0.004766330339295374,0.49525003576637855,6.765048952979919e-15,0.4801121793570621,6.558266227761786e-15,300000000000000.0,50,52000000000000.0
549000.0,3587635800000.0,2.3419204e+30,0.7007732435864221,9.543262969198534e-15,0.004764234586282035,0.4954666426287513,6.748700106824304e-15,0.48032216534224736,6.542417106575785e-15,300000000000000.0,50,52000000000000.0
550000.0,3584107300000.0,2.335296e+30,0.7010795448294758,9.520144896451829e-15,0.004762138833268697,0.495683249491124,6.732351260668689e-15,0.48053215132743266,6.526567985389785e-15,300000000000000.0,50,52000000000000.0
551000.0,3580582100000.0,2.3287007e+30,0.7013824994852111,9.497331142030845e-15,0.004760074205693153,0.4958974896838434,6.716217636227797e-15,0.4807398429834777,6.510927507352722e-15,300000000000000.0,50,52000000000000.0
552000.0,3577060200000.0,2.3221345e+30,0.7016823775729853,9.474797152015158e-15,0.004758038192199834,0.49610955416162167,6.7002818683401835e-15,0.4809454254283015,6.495478838094654e-15,300000000000000.0,50,52000000000000.0
553000.0,3573541700000.0,2.315597e+30,0.7019822556607594,9.452263161999472e-15,0.0047560021787065145,0.49632161863939994,6.68434610045257e-15,0.48115100787312526,6.480030168836586e-15,300000000000000.0,50,52000000000000.0
554000.0,3570026600000.0,2.309088e+30,0.7022821337485337,9.429729171983785e-15,0.004753966165213195,0.4965336831171782,6.6684103325649565e-15,0.481356590317949,6.464581499578518e-15,300000000000000.0,50,52000000000000.0
555000.0,3566514800000.0,2.302607e+30,0.7025820118363079,9.407195181968099e-15,0.004751930151719875,0.49674574759495654,6.652474564677344e-15,0.48156217276277274,6.44913283032045e-15,300000000000000.0,50,52000000000000.0
556000.0,3563006300000.0,2.2961536e+30,0.7028818899240821,9.384661191952412e-15,0.004749894138226555,0.4969578120727348,6.63653879678973e-15,0.48176775520759646,6.433684161062382e-15,300000000000000.0,50,52000000000000.0
557000.0,3559501200000.0,2.2897278e+30,0.7031817680118562,9.362127201936726e-15,0.0047478581247332365,0.4971698765505131,6.620603028902117e-15,0.48197333765242023,6.418235491804313e-15,300000000000000.0,50,52000000000000.0
558000.0,3555999300000.0,2.2833283e+30,0.7034816460996304,9.33959321192104e-15,0.004745822111239917,0.49738194102829136,6.604667261014503e-15,0.48217892009724395,6.402786822546246e-15,300000000000000.0,50,52000000000000.0
559000.0,3552500900000.0,2.2769551e+30,0.7037815241874046,9.317059221905354e-15,0.004743786097746597,0.4975940055060697,6.588731493126891e-15,0.4823845025420677,6.387338153288178e-15,300000000000000.0,50,52000000000000.0
560000.0,3549005700000.0,2.2706082e+30,0.704077791888478,9.29485053688396e-15,0.00474178322284133,0.49780351676160867,6.573025788665966e-15,0.4825876098073961,6.3721125152334276e-15,300000000000000.0,50,52000000000000.0
561000.0,3545513800000.0,2.2642875e+30,0.7043713072696166,9.272889842865984e-15,0.004739805610602935,0.4980110816094497,6.557495469339103e-15,0.48278883015965085,6.357056901410935e-15,300000000000000.0,50,52000000000000.0
562000.0,3542025300000.0,2.2579929e+30,0.7046648226507553,9.250929148848007e-15,0.004737827998364541,0.4982186464572907,6.541965150012239e-15,0.4829900505119055,6.342001287588442e-15,300000000000000.0,50,52000000000000.0
563000.0,3538540100000.0,2.2517244e+30,0.7049583380318939,9.228968454830031e-15,0.0047358503861261465,0.4984262113051317,6.5264348306853755e-15,0.48319127086416025,6.326945673765949e-15,300000000000000.0,50,52000000000000.0
564000.0,3535058100000.0,2.2454819e+30,0.7052518534130325,9.207007760812055e-15,0.004733872773887753,0.4986337761529727,6.510904511358512e-15,0.4833924912164149,6.311890059943457e-15,300000000000000.0,50,52000000000000.0
565000.0,3531579500000.0,2.2392653e+30,0.7055453687941712,9.185047066794077e-15,0.004731895161649359,0.49884134100081373,6.495374192031648e-15,0.4835937115686696,6.2968344461209644e-15,300000000000000.0,50,52000000000000.0
566000.0,3528104200000.0,2.2330748e+30,0.7058388841753098,9.163086372776101e-15,0.004729917549410964,0.49904890584865474,6.479843872704784e-15,0.4837949319209243,6.281778832298472e-15,300000000000000.0,50,52000000000000.0
567000.0,3524632200000.0,2.2269101e+30,0.7061323995564485,9.141125678758125e-15,0.00472793993717257,0.49925647069649576,6.46431355337792e-15,0.483996152273179,6.266723218475979e-15,300000000000000.0,50,52000000000000.0
568000.0,3521163500000.0,2.2207713e+30,0.7064259149375872,9.119164984740149e-15,0.004725962324934175,0.49946403554433677,6.448783234051056e-15,0.4841973726254337,6.251667604653486e-15,300000000000000.0,50,52000000000000.0
569000.0,3517698100000.0,2.2146582e+30,0.7067164798143145,9.097468009539017e-15,0.004724011441337199,0.4996695138335451,6.43343942245001e-15,0.48439657019758126,6.236792797677628e-15,300000000000000.0,50,52000000000000.0
570000.0,3514236000000.0,2.2085707e+30,0.7070036935078469,9.076070566195491e-15,0.004722090916133721,0.49987262220925716,6.418307446341937e-15,0.48459347029588806,6.222123351135614e-15,300000000000000.0,50,52000000000000.0
571000.0,3510777200000.0,2.2025087e+30,0.7072909072013793,9.054673122851965e-15,0.004720170390930244,0.5000757305849692,6.4031754702338634e-15,0.48479037039419487,6.2074539045936e-15,300000000000000.0,50,52000000000000.0
572000.0,3507321600000.0,2.1964719e+30,0.7075781208949117,9.033275679508441e-15,0.004718249865726767,0.5002788389606813,6.3880434941257896e-15,0.4849872704925016,6.1927844580515865e-15,300000000000000.0,50,52000000000000.0
573000.0,3503869400000.0,2.1904603e+30,0.707865334588444,9.011878236164915e-15,0.00471632934052329,0.5004819473363933,6.372911518017716e-15,0.48518417059080843,6.1781150115095725e-15,300000000000000.0,50,52000000000000.0
574000.0,3500420500000.0,2.1844736e+30,0.7081525482819764,8.99048079282139e-15,0.004714408815319813,0.5006850557121054,6.357779541909642e-15,0.4853810706891152,6.1634455649675585e-15,300000000000000.0,50,52000000000000.0
575000.0,3496974900000.0,2.1785117e+30,0.7084397619755088,8.969083349477864e-15,0.004712488290116336,0.5008881640878174,6.342647565801568e-15,0.485577970787422,6.1487761184255445e-15,300000000000000.0,50,52000000000000.0
576000.0,3493532500000.0,2.1725743e+30,0.7087269756690412,8.947685906134338e-15,0.0047105677649128585,0.5010912724635295,6.327515589693494e-15,0.4857748708857288,6.1341066718835305e-15,300000000000000.0,50,52000000000000.0
577000.0,3490093500000.0,2.1666614e+30,0.7090141893625735,8.926288462790814e-15,0.0047086472397093815,0.5012943808392416,6.3123836135854205e-15,0.48597177098403554,6.119437225341517e-15,300000000000000.0,50,52000000000000.0
578000.0,3486657700000.0,2.1607727e+30,0.709300024105241,8.90501335182878e-15,0.004706739044625174,0.5014965140399662,6.297338153390855e-15,0.48616772571491346,6.104851650228993e-15,300000000000000.0,50,52000000000000.0
579000.0,3483225200000.0,2.154908e+30,0.7095809978690096,8.884169478222734e-15,0.004704874314794954,0.5016952096236178,6.282597672902698e-15,0.4863603479041904,6.0905617326770845e-15,300000000000000.0,50,52000000000000.0
580000.0,3479796000000.0,2.1490672e+30,0.7098619716327783,8.863325604616687e-15,0.004703009584964736,0.5018939052072694,6.2678571924145405e-15,0.4865529700934674,6.076271815125176e-15,300000000000000.0,50,52000000000000.0
581000.0,3476370100000.0,2.14325e+30,0.710142945396547,8.842481731010641e-15,0.004701144855134516,0.502092600790921,6.253116711926384e-15,0.4867455922827443,6.061981897573266e-15,300000000000000.0,50,52000000000000.0
582000.0,3472947400000.0,2.1374562e+30,0.7104239191603156,8.821637857404595e-15,0.0046992801253042974,0.5022912963745725,6.238376231438227e-15,0.48693821447202124,6.0476919800213575e-15,300000000000000.0,50,52000000000000.0
583000.0,3469528000000.0,2.1316858e+30,0.7107048929240842,8.800793983798548e-15,0.004697415395474078,0.5024899919582241,6.22363575095007e-15,0.4871308366612982,6.033402062469448e-15,300000000000000.0,50,52000000000000.0
584000.0,3466111900000.0,2.1259385e+30,0.7109858666878529,8.779950110192502e-15,0.004695550665643859,0.5026886875418757,6.2088952704619124e-15,0.4873234588505751,6.019112144917539e-15,300000000000000.0,50,52000000000000.0
585000.0,3462699000000.0,2.1202141e+30,0.7112668404516216,8.759106236586456e-15,0.00469368593581364,0.5028873831255273,6.194154789973755e-15,0.48751608103985206,6.0048222273656306e-15,300000000000000.0,50,52000000000000.0
586000.0,3459289400000.0,2.1145124e+30,0.7115478142153903,8.73826236298041e-15,0.004691821205983421,0.5030860787091789,6.179414309485598e-15,0.487708703229129,5.990532309813721e-15,300000000000000.0,50,52000000000000.0
587000.0,3455883000000.0,2.1088334e+30,0.7118287879791589,8.717418489374361e-15,0.004689956476153201,0.5032847742928305,6.1646738289974416e-15,0.4879013254184059,5.976242392261812e-15,300000000000000.0,50,52000000000000.0
588000.0,3452479900000.0,2.1031767e+30,0.7121046755420609,8.697033572490083e-15,0.004688136640482629,0.5034798729901235,6.1502579305027855e-15,0.48809046066507283,5.962267135387647e-15,300000000000000.0,50,52000000000000.0
589000.0,3449080100000.0,2.0975423e+30,0.7123794719409562,8.676747117516496e-15,0.00468632643614444,0.5036742000322983,6.1359116659447095e-15,0.488278847843315,5.9483593839885766e-15,300000000000000.0,50,52000000000000.0
590000.0,3445683500000.0,2.09193e+30,0.7126542683398515,8.656460662542908e-15,0.004684516231806252,0.5038685270744732,6.121565401386633e-15,0.48846723502155714,5.934451632589505e-15,300000000000000.0,50,52000000000000.0
591000.0,3442290100000.0,2.0863396e+30,0.7129290647387467,8.636174207569322e-15,0.0046827060274680634,0.504062854116648,6.107219136828557e-15,0.4886556221997993,5.920543881190434e-15,300000000000000.0,50,52000000000000.0
592000.0,3438900000000.0,2.0724444e+30,0.713203861137642,8.615887752595733e-15,0.004680895823129875,0.5042571811588228,6.09287287227048e-15,0.4888440093780415,5.906636129791363e-15,300000000000000.0,50,52000000000000.0
593000.0,3435514500000.0,2.0726734e+30,0.7134786575365372,8.595601297622147e-15,0.004679085618791687,0.5044515082009976,6.078526607712404e-15,0.48903239655628367,5.892728378392292e-15,300000000000000.0,50,52000000000000.0
594000.0,3432134600000.0,2.0673531e+30,0.7137534539354324,8.575314842648559e-15,0.004677275414453498,0.5046458352431724,6.064180343154327e-15,0.4892207837345258,5.8788206269932206e-15,300000000000000.0,50,52000000000000.0
595000.0,3428760200000.0,2.0619918e+30,0.7140282503343277,8.555028387674972e-15,0.00467546521011531,0.5048401622853472,6.049834078596251e-15,0.48940917091276803,5.86491287559415e-15,300000000000000.0,50,52000000000000.0
596000.0,3425391100000.0,2.0566057e+30,0.714303046733223,8.534741932701384e-15,0.0046736550057771215,0.5050344893275219,6.0354878140381744e-15,0.4895975580910102,5.851005124195078e-15,300000000000000.0,50,52000000000000.0
597000.0,3422027300000.0,2.0512089e+30,0.7145761758452146,8.514622451628118e-15,0.004671859332503287,0.5052276372904025,6.021259635110178e-15,0.48978480223012616,5.8372118489707106e-15,300000000000000.0,50,52000000000000.0
598000.0,3418668700000.0,2.0458123e+30,0.7148448622893921,8.49494789072493e-15,0.004670102378835396,0.5054176434678954,6.007346108223715e-15,0.4899690006168134,5.823723608000321e-15,300000000000000.0,50,52000000000000.0
599000.0,3415315200000.0,2.0404224e+30,0.7151135487335698,8.475273329821742e-15,0.004668345425167506,0.5056076496453883,5.993432581337252e-15,0.4901531990035007,5.810235367029932e-15,300000000000000.0,50,52000000000000.0
600000.0,3411966600000.0,2.0350374e+30,0.7153822351777475,8.455598768918554e-15,0.004666588471499616,0.5057976558228812,5.9795190544507895e-15,0.49033739739018795,5.796747126059543e-15,300000000000000.0,50,52000000000000.0
601000.0,3408623000000.0,2.0296646e+30,0.715650921621925,8.435924208015366e-15,0.004664831517831727,0.505987662000374,5.965605527564326e-15,0.4905215957768752,5.783258885089154e-15,300000000000000.0,50,52000000000000.0
602000.0,3405284100000.0,2.0243077e+30,0.7159196080661027,8.416249647112178e-15,0.004663074564163837,0.5061776681778669,5.951692000677863e-15,0.49070579416356247,5.769770644118765e-15,300000000000000.0,50,52000000000000.0
603000.0,3401949900000.0,2.0189661e+30,0.7161882945102803,8.396575086208989e-15,0.004661317610495946,0.5063676743553598,5.9377784737914e-15,0.49088999255024973,5.7562824031483755e-15,300000000000000.0,50,52000000000000.0
604000.0,3398620400000.0,2.0136378e+30,0.716456980954458,8.376900525305802e-15,0.0046595606568280564,0.5065576805328527,5.923864946904937e-15,0.491074190936937,5.742794162177987e-15,300000000000000.0,50,52000000000000.0
605000.0,3395295600000.0,2.0083279e+30,0.7167256673986355,8.357225964402613e-15,0.004657803703160167,0.5067476867103455,5.9099514200184746e-15,0.49125838932362426,5.729305921207598e-15,300000000000000.0,50,52000000000000.0
606000.0,3391975200000.0,2.0030396e+30,0.7169943538428132,8.337551403499426e-15,0.004656046749492277,0.5069376928878384,5.896037893132011e-15,0.4914425877103115,5.715817680237208e-15,300000000000000.0,50,52000000000000.0
607000.0,3388659300000.0,1.9977707e+30,0.7172596254242583,8.318206732822895e-15,0.004654319209202318,0.5071252841303969,5.882357667842763e-15,0.4916244449778427,5.702555609668808e-15,300000000000000.0,50,52000000000000.0
608000.0,3385347900000.0,1.9925216e+30,0.7175222898249708,8.299113926865427e-15,0.0046526141254496275,0.5073110316174888,5.868855563748053e-15,0.4918045148468065,5.689466215767231e-15,300000000000000.0,50,52000000000000.0
609000.0,3382040800000.0,1.9872921e+30,0.7177849542256834,8.280021120907958e-15,0.0046509090416969375,0.5074967791045807,5.855353459653344e-15,0.4919845847157703,5.676376821865653e-15,300000000000000.0,50,52000000000000.0
610000.0,3378738100000.0,1.9820821e+30,0.718047618626396,8.26092831495049e-15,0.004649203957944247,0.5076825265916726,5.841851355558634e-15,0.492164654584734,5.663287427964076e-15,300000000000000.0,50,52000000000000.0
611000.0,3375439600000.0,1.9768925e+30,0.7183102830271085,8.241835508993021e-15,0.004647498874191557,0.5078682740787644,5.828349251463925e-15,0.4923447244536978,5.6501980340624985e-15,300000000000000.0,50,52000000000000.0
612000.0,3372145400000.0,1.9717247e+30,0.7185729474278212,8.222742703035553e-15,0.004645793790438867,0.5080540215658563,5.814847147369215e-15,0.4925247943226616,5.6371086401609206e-15,300000000000000.0,50,52000000000000.0
613000.0,3368855400000.0,1.966578e+30,0.7188356118285337,8.203649897078084e-15,0.004644088706686176,0.5082397690529482,5.801345043274505e-15,0.49270486419162535,5.6240192462593434e-15,300000000000000.0,50,52000000000000.0
614000.0,3365569500000.0,1.9614519e+30,0.7190982762292464,8.184557091120616e-15,0.004642383622933486,0.5084255165400401,5.787842939179796e-15,0.49288493406058914,5.6109298523577655e-15,300000000000000.0,50,52000000000000.0
615000.0,3362287800000.0,1.9563461e+30,0.7193609406299589,8.165464285163147e-15,0.004640678539180795,0.508611264027132,5.774340835085086e-15,0.49306500392955294,5.597840458456188e-15,300000000000000.0,50,52000000000000.0
616000.0,3359010200000.0,1.9512605e+30,0.7196236050306716,8.146371479205679e-15,0.004638973455428105,0.5087970115142239,5.760838730990377e-15,0.4932450737985167,5.584751064554611e-15,300000000000000.0,50,52000000000000.0
617000.0,3355736600000.0,1.9461949e+30,0.7198820920683986,8.127667369406274e-15,0.0046373039280601476,0.5089798048420373,5.7476115165233236e-15,0.4934222798061021,5.571928157888339e-15,300000000000000.0,50,52000000000000.0
618000.0,3352467100000.0,1.9411492e+30,0.7201388174379629,8.109127179680146e-15,0.004635649395451129,0.5091613523484159,5.734500227894417e-15,0.49359827807248075,5.55921763362213e-15,300000000000000.0,50,52000000000000.0
619000.0,3349201600000.0,1.9361229e+30,0.7203955428075272,8.090586989954016e-15,0.004633994862842111,0.5093428998547943,5.7213889392655104e-15,0.49377427633885934,5.54650710935592e-15,300000000000000.0,50,52000000000000.0
620000.0,3345940200000.0,1.931116e+30,0.7206522681770915,8.072046800227887e-15,0.004632340330233092,0.5095244473611727,5.7082776506366046e-15,0.493950274605238,5.533796585089711e-15,300000000000000.0,50,52000000000000.0
621000.0,3342682600000.0,1.9261283e+30,0.7209089935466557,8.053506610501757e-15,0.004630685797624073,0.5097059948675513,5.695166362007698e-15,0.49412627287161665,5.521086060823502e-15,300000000000000.0,50,52000000000000.0
622000.0,3339429000000.0,1.9211596e+30,0.72116571891622,8.034966420775629e-15,0.0046290312650150555,0.5098875423739297,5.6820550733787914e-15,0.4943022711379953,5.5083755365572925e-15,300000000000000.0,50,52000000000000.0
623000.0,3336179300000.0,1.9162096e+30,0.7214224442857843,8.016426231049499e-15,0.004627376732406037,0.5100690898803082,5.668943784749885e-15,0.4944782694043739,5.495665012291083e-15,300000000000000.0,50,52000000000000.0
624000.0,3332933600000.0,1.9112779e+30,0.7216791696553485,7.99788604132337e-15,0.004625722199797019,0.5102506373866867,5.655832496120979e-15,0.49465426767075255,5.482954488024874e-15,300000000000000.0,50,52000000000000.0
625000.0,3329691700000.0,1.9063642e+30,0.7219358950249128,7.97934585159724e-15,0.004624067667188,0.5104321848930652,5.6427212074920724e-15,0.4948302659371312,5.470243963758665e-15,300000000000000.0,50,52000000000000.0
626000.0,3326453600000.0,1.9014683e+30,0.7221926203944771,7.960805661871112e-15,0.004622413134578982,0.5106137323994436,5.629609918863166e-15,0.49500626420350985,5.457533439492455e-15,300000000000000.0,50,52000000000000.0
627000.0,3323219400000.0,1.89659e+30,0.722445364694823,7.942626943224105e-15,0.004620792084230998,0.5107924645652919,5.6167542657280796e-15,0.49517953318406926,5.445070736858199e-15,300000000000000.0,50,52000000000000.0
628000.0,3319989100000.0,1.8917291e+30,0.7226962291277627,7.92461891181279e-15,0.004619186844261523,0.5109698673227301,5.604019324091932e-15,0.495351513391394,5.432725056004508e-15,300000000000000.0,50,52000000000000.0
629000.0,3316762500000.0,1.8868852e+30,0.7229470935607023,7.906610880401474e-15,0.004617581604292047,0.5111472700801682,5.591284382455785e-15,0.4955234935987187,5.420379375150818e-15,300000000000000.0,50,52000000000000.0
630000.0,3313539700000.0,1.8820582e+30,0.723197957993642,7.888602848990158e-15,0.004615976364322571,0.5113246728376063,5.578549440819638e-15,0.49569547380604345,5.408033694297128e-15,300000000000000.0,50,52000000000000.0
631000.0,3310320700000.0,1.877248e+30,0.7234488224265816,7.870594817578841e-15,0.0046143711243530955,0.5115020755950445,5.5658144991834915e-15,0.4958674540133682,5.395688013443437e-15,300000000000000.0,50,52000000000000.0
632000.0,3307105400000.0,1.8724542e+30,0.7236996868595212,7.852586786167525e-15,0.00461276588438362,0.5116794783524826,5.553079557547344e-15,0.49603943422069297,5.383342332589747e-15,300000000000000.0,50,52000000000000.0
633000.0,3303893900000.0,1.8676766e+30,0.7239505512924609,7.83457875475621e-15,0.004611160644414144,0.5118568811099207,5.540344615911197e-15,0.4962114144280177,5.370996651736056e-15,300000000000000.0,50,52000000000000.0
634000.0,3300686100000.0,1.8629152e+30,0.7242014157254005,7.816570723344894e-15,0.004609555404444668,0.5120342838673588,5.52760967427505e-15,0.4963833946353424,5.358650970882366e-15,300000000000000.0,50,52000000000000.0
635000.0,3297482100000.0,1.8581698e+30,0.7244522801583402,7.798562691933578e-15,0.0046079501644751926,0.512211686624797,5.514874732638903e-15,0.49655537484266715,5.346305290028676e-15,300000000000000.0,50,52000000000000.0
636000.0,3294281700000.0,1.8534401e+30,0.7247031445912798,7.780554660522261e-15,0.004606344924505717,0.5123890893822352,5.502139791002756e-15,0.4967273550499919,5.333959609174985e-15,300000000000000.0,50,52000000000000.0
637000.0,3291085000000.0,1.848726e+30,0.7249511621237231,7.76280044375642e-15,0.004604763342849717,0.5125644788651049,5.489584349017306e-15,0.4968973835212191,5.321787941310741e-15,300000000000000.0,50,52000000000000.0
638000.0,3287892000000.0,1.8440273e+30,0.7251962412538211,7.74530819945869e-15,0.004603206179905889,0.5127377903650173,5.4772141759568636e-15,0.49706539752585943,5.3097958793642045e-15,300000000000000.0,50,52000000000000.0
639000.0,3284702700000.0,1.8393439e+30,0.7254413203839192,7.72781595516096e-15,0.00460164901696206,0.5129111018649297,5.46484400289642e-15,0.49723341153049977,5.297803817417669e-15,300000000000000.0,50,52000000000000.0
640000.0,3281517000000.0,1.8346759e+30,0.7256863995140173,7.71032371086323e-15,0.004600091854018232,0.5130844133648421,5.452473829835978e-15,0.4974014255351401,5.285811755471133e-15,300000000000000.0,50,52000000000000.0
641000.0,3278335000000.0,1.8300228e+30,0.7259314786441153,7.6928314665655e-15,0.004598534691074404,0.5132577248647545,5.4401036567755345e-15,0.49756943953978044,5.273819693524597e-15,300000000000000.0,50,52000000000000.0
642000.0,3275156600000.0,1.8253847e+30,0.7261765577742133,7.675339222267768e-15,0.004596977528130575,0.5134310363646669,5.427733483715092e-15,0.4977374535444208,5.261827631578061e-15,300000000000000.0,50,52000000000000.0
643000.0,3271981800000.0,1.8207615e+30,0.7264216369043114,7.657846977970039e-15,0.004595420365186747,0.5136043478645793,5.4153633106546495e-15,0.4979054675490612,5.2498355696315256e-15,300000000000000.0,50,52000000000000.0
644000.0,3268810600000.0,1.8161529e+30,0.7266667160344095,7.640354733672309e-15,0.004593863202242919,0.5137776593644917,5.402993137594206e-15,0.4980734815537015,5.237843507684989e-15,300000000000000.0,50,52000000000000.0
645000.0,3265643100000.0,1.8115588e+30,0.7269117951645074,7.622862489374577e-15,0.00459230603929909,0.5139509708644041,5.390622964533764e-15,0.49824149555834185,5.2258514457384535e-15,300000000000000.0,50,52000000000000.0
646000.0,3262479100000.0,1.8069793e+30,0.7271568742946055,7.605370245076848e-15,0.004590748876355262,0.5141242823643165,5.3782527914733205e-15,0.4984095095629822,5.213859383791918e-15,300000000000000.0,50,52000000000000.0
647000.0,3259318700000.0,1.8024145e+30,0.7274011582597748,7.587947904567029e-15,0.004589198242927789,0.5142970315391429,5.365932054816693e-15,0.4985769784307652,5.201915247155586e-15,300000000000000.0,50,52000000000000.0
648000.0,3256161800000.0,1.7978635e+30,0.7276405263867276,7.57095772058177e-15,0.004587687976026647,0.5144663043293246,5.35391694200532e-15,0.49874107717431443,5.1902673925393696e-15,300000000000000.0,50,52000000000000.0
649000.0,3253008600000.0,1.7933268e+30,0.7278798945136804,7.55396753659651e-15,0.004586177709125504,0.5146355771195064,5.341901829193947e-15,0.4989051759178637,5.178619537923153e-15,300000000000000.0,50,52000000000000.0
650000.0,3249858800000.0,1.7888041e+30,0.7281192626406332,7.536977352611251e-15,0.004584667442224362,0.5148048499096882,5.3298867163825735e-15,0.49906927466141293,5.1669716833069366e-15,300000000000000.0,50,52000000000000.0
651000.0,3246712700000.0,1.7842955e+30,0.728358630767586,7.519987168625992e-15,0.004583157175323219,0.51497412269987,5.3178716035712004e-15,0.4992333734049622,5.15532382869072e-15,300000000000000.0,50,52000000000000.0
652000.0,3243570000000.0,1.7798007e+30,0.7285979988945388,7.502996984640733e-15,0.004581646908422076,0.5151433954900517,5.305856490759827e-15,0.4993974721485115,5.1436759740745036e-15,300000000000000.0,50,52000000000000.0
653000.0,3240430900000.0,1.7753199e+30,0.7288373670214916,7.486006800655473e-15,0.004580136641520934,0.5153126682802336,5.293841377948454e-15,0.4995615708920607,5.132028119458287e-15,300000000000000.0,50,52000000000000.0
654000.0,3237295300000.0,1.7708528e+30,0.7290767351484444,7.469016616670214e-15,0.0045786263746197915,0.5154819410704153,5.281826265137081e-15,0.49972566963561,5.1203802648420706e-15,300000000000000.0,50,52000000000000.0
655000.0,3234163200000.0,1.7663994e+30,0.7293161032753972,7.452026432684953e-15,0.004577116107718648,0.5156512138605971,5.269811152325708e-15,0.4998897683791592,5.108732410225854e-15,300000000000000.0,50,52000000000000.0
656000.0,3231034600000.0,1.7619597e+30,0.72955547140235,7.435036248699694e-15,0.004575605840817506,0.515820486650779,5.257796039514335e-15,0.5000538671227085,5.0970845556096376e-15,300000000000000.0,50,52000000000000.0
657000.0,3227909500000.0,1.7575335e+30,0.7297948395293028,7.418046064714435e-15,0.0045740955739163635,0.5159897594409607,5.245780926702962e-15,0.5002179658662578,5.085436700993421e-15,300000000000000.0,50,52000000000000.0
658000.0,3224787800000.0,1.7531209e+30,0.7300307238792278,7.401358032974789e-15,0.004572613576317373,0.5161565685748316,5.233979497504151e-15,0.5003796762584878,5.073995998448515e-15,300000000000000.0,50,52000000000000.0
659000.0,3221669700000.0,1.7487217e+30,0.7302644546957079,7.384856779826666e-15,0.00457114905368511,0.5163218547736179,5.2223101590799936e-15,0.5005399102662066,5.062683349137275e-15,300000000000000.0,50,52000000000000.0
660000.0,3218555000000.0,1.7443358e+30,0.7304981855121879,7.368355526678541e-15,0.0045696845310528485,0.5164871409724042,5.210640820655836e-15,0.5007001442739254,5.051370699826035e-15,300000000000000.0,50,52000000000000.0
661000.0,3215443800000.0,1.7399633e+30,0.730731916328668,7.351854273530418e-15,0.004568220008420586,0.5166524271711905,5.198971482231678e-15,0.5008603782816443,5.0400580505147945e-15,300000000000000.0,50,52000000000000.0
662000.0,3212336000000.0,1.735604e+30,0.730965647145148,7.335353020382295e-15,0.004566755485788324,0.5168177133699768,5.18730214380752e-15,0.5010206122893631,5.028745401203554e-15,300000000000000.0,50,52000000000000.0
663000.0,3209231600000.0,1.731258e+30,0.7311993779616279,7.318851767234172e-15,0.004565290963156062,0.5169829995687631,5.175632805383362e-15,0.5011808462970819,5.017432751892314e-15,300000000000000.0,50,52000000000000.0
664000.0,3206130700000.0,1.7269251e+30,0.731433108778108,7.302350514086048e-15,0.0045638264405238,0.5171482857675495,5.163963466959205e-15,0.5013410803048007,5.006120102581074e-15,300000000000000.0,50,52000000000000.0
665000.0,3203033300000.0,1.7226053e+30,0.731666839594588,7.285849260937925e-15,0.004562361917891538,0.5173135719663358,5.1522941285350474e-15,0.5015013143125195,4.994807453269835e-15,300000000000000.0,50,52000000000000.0
666000.0,3199939200000.0,1.7182986e+30,0.731900570411068,7.269348007789802e-15,0.004560897395259276,0.5174788581651221,5.14062479011089e-15,0.5016615483202383,4.983494803958595e-15,300000000000000.0,50,52000000000000.0
667000.0,3196848600000.0,1.7140049e+30,0.7321343012275481,7.252846754641677e-15,0.004559432872627014,0.5176441443639083,5.128955451686732e-15,0.5018217823279572,4.9721821546473546e-15,300000000000000.0,50,52000000000000.0
668000.0,3193761400000.0,1.7097241e+30,0.732368032044028,7.236345501493554e-15,0.004557968349994752,0.5178094305626946,5.117286113262574e-15,0.501982016335676,4.9608695053361145e-15,300000000000000.0,50,52000000000000.0
669000.0,3190677600000.0,1.7054563e+30,0.732596612648493,7.220286081489275e-15,0.004556545128446944,0.5179710746400965,5.10592924090512e-15,0.5021387195483769,4.94985977112614e-15,300000000000000.0,50,52000000000000.0
670000.0,3187597100000.0,1.7012013e+30,0.7328247793280813,7.204262171815254e-15,0.004555125226286034,0.5181324259985501,5.094597481587232e-15,0.5022951389894801,4.938874382340306e-15,300000000000000.0,50,52000000000000.0
671000.0,3184520100000.0,1.6969592e+30,0.7330529460076697,7.188238262141233e-15,0.004553705324125124,0.5182937773570038,5.083265722269345e-15,0.5024515584305832,4.927888993554472e-15,300000000000000.0,50,52000000000000.0
672000.0,3181446500000.0,1.6927298e+30,0.733281112687258,7.172214352467211e-15,0.004552285421964215,0.5184551287154573,5.071933962951458e-15,0.5026079778716864,4.916903604768639e-15,300000000000000.0,50,52000000000000.0
673000.0,3178376200000.0,1.6885132e+30,0.7335092793668463,7.15619044279319e-15,0.004550865519803306,0.5186164800739109,5.0606022036335705e-15,0.5027643973127895,4.905918215982805e-15,300000000000000.0,50,52000000000000.0
674000.0,3175309300000.0,1.6843093e+30,0.7337374460464346,7.140166533119169e-15,0.004549445617642396,0.5187778314323646,5.049270444315683e-15,0.5029208167538927,4.894932827196972e-15,300000000000000.0,50,52000000000000.0
675000.0,3172245700000.0,1.680118e+30,0.733965612726023,7.124142623445147e-15,0.004548025715481486,0.5189391827908182,5.037938684997795e-15,0.5030772361949959,4.8839474384111376e-15,300000000000000.0,50,52000000000000.0
676000.0,3169185500000.0,1.6759393e+30,0.7341937794056114,7.108118713771126e-15,0.004546605813320576,0.5191005341492717,5.026606925679908e-15,0.503233655636099,4.872962049625304e-15,300000000000000.0,50,52000000000000.0
677000.0,3166128700000.0,1.6717732e+30,0.7344219460851996,7.092094804097104e-15,0.004545185911159667,0.5192618855077253,5.015275166362021e-15,0.5033900750772022,4.86197666083947e-15,300000000000000.0,50,52000000000000.0
678000.0,3163075200000.0,1.6676197e+30,0.734650112764788,7.076070894423083e-15,0.004543766008998758,0.519423236866179,5.0039434070441334e-15,0.5035464945183054,4.850991272053637e-15,300000000000000.0,50,52000000000000.0
679000.0,3160025000000.0,1.6634786e+30,0.7348779537215296,7.060074622574858e-15,0.004542348688472204,0.5195843578805419,4.99263119326474e-15,0.5037026906560962,4.840024831369442e-15,300000000000000.0,50,52000000000000.0
680000.0,3156978200000.0,1.65935e+30,0.7351006293387757,7.044516633624616e-15,0.004540972307714034,0.5197418260795089,4.981628934230587e-15,0.5038553456317284,4.829358871228065e-15,300000000000000.0,50,52000000000000.0
681000.0,3153934600000.0,1.6552338e+30,0.7353233049560217,7.028958644674373e-15,0.004539595926955865,0.5198992942784759,4.9706266751964326e-15,0.5040080006073606,4.818692911086688e-15,300000000000000.0,50,52000000000000.0
682000.0,3150894400000.0,1.6511299e+30,0.7355459805732677,7.013400655724131e-15,0.004538219546197696,0.5200567624774429,4.959624416162279e-15,0.5041606555829927,4.80802695094531e-15,300000000000000.0,50,52000000000000.0
683000.0,3147857600000.0,1.6470384e+30,0.7357686561905137,6.997842666773888e-15,0.004536843165439526,0.5202142306764099,4.948622157128126e-15,0.5043133105586249,4.797360990803933e-15,300000000000000.0,50,52000000000000.0
684000.0,3144824000000.0,1.6429592e+30,0.7359913318077597,6.982284677823646e-15,0.004535466784681357,0.5203716988753769,4.9376198980939724e-15,0.5044659655342572,4.786695030662556e-15,300000000000000.0,50,52000000000000.0
685000.0,3141793700000.0,1.6388923e+30,0.7362140074250056,6.9667266888734034e-15,0.0045340904039231885,0.5205291670743439,4.926617639059819e-15,0.5046186205098894,4.776029070521179e-15,300000000000000.0,50,52000000000000.0
686000.0,3138766700000.0,1.6348375e+30,0.7364366830422516,6.951168699923161e-15,0.004532714023165019,0.5206866352733109,4.915615380025666e-15,0.5047712754855216,4.765363110379802e-15,300000000000000.0,50,52000000000000.0
687000.0,3135743000000.0,1.6307949e+30,0.7366593586594976,6.935610710972918e-15,0.00453133764240685,0.520844103472278,4.904613120991512e-15,0.5049239304611537,4.754697150238425e-15,300000000000000.0,50,52000000000000.0
688000.0,3132722600000.0,1.6267645e+30,0.7368820342767436,6.920052722022675e-15,0.004529961261648681,0.5210015716712451,4.893610861957359e-15,0.5050765854367859,4.744031190097048e-15,300000000000000.0,50,52000000000000.0
689000.0,3129705500000.0,1.6227461e+30,0.7371047098939896,6.904494733072433e-15,0.004528584880890511,0.5211590398702121,4.8826086029232055e-15,0.5052292404124181,4.73336522995567e-15,300000000000000.0,50,52000000000000.0
690000.0,3126691700000.0,1.6187398e+30,0.7373272972617262,6.88894416030254e-15,0.004527209191498063,0.5213164456611156,4.871611588620149e-15,0.5053818348875735,4.722704354232828e-15,300000000000000.0,50,52000000000000.0
691000.0,3123681100000.0,1.6147455e+30,0.73754455476231,6.873841490941017e-15,0.004525875257436281,0.5214700822901293,4.8609313321119736e-15,0.505530775410358,4.712350554158647e-15,300000000000000.0,50,52000000000000.0
692000.0,3120673800000.0,1.6107631e+30,0.7377618122628936,6.858738821579494e-15,0.004524541323374498,0.5216237189191429,4.850251075603798e-15,0.5056797159331424,4.701996754084466e-15,300000000000000.0,50,52000000000000.0
693000.0,3117669700000.0,1.6067927e+30,0.7379790697634773,6.84363615221797e-15,0.004523207389312716,0.5217773555481566,4.839570819095623e-15,0.5058286564559268,4.691642954010285e-15,300000000000000.0,50,52000000000000.0
694000.0,3114668900000.0,1.6028336e+30,0.7381963272640609,6.828533482856446e-15,0.004521873455250933,0.5219309921771703,4.828890562587447e-15,0.5059775969787113,4.681289153936104e-15,300000000000000.0,50,52000000000000.0
695000.0,3111671400000.0,1.5988833e+30,0.7384135847646447,6.8134308134949234e-15,0.004520539521189151,0.522084628806184,4.818210306079272e-15,0.5061265375014957,4.670935353861922e-15,300000000000000.0,50,52000000000000.0
696000.0,3108677100000.0,1.5949452e+30,0.7386308422652283,6.7983281441334e-15,0.004519205587127369,0.5222382654351977,4.807530049571097e-15,0.5062754780242802,4.660581553787741e-15,300000000000000.0,50,52000000000000.0
697000.0,3105686000000.0,1.5910194e+30,0.738848099765812,6.783225474771876e-15,0.0045178716530655865,0.5223919020642114,4.796849793062922e-15,0.5064244185470645,4.65022775371356e-15,300000000000000.0,50,52000000000000.0
698000.0,3102698200000.0,1.5871056e+30,0.7390653572663957,6.768122805410353e-15,0.004516537719003805,0.5225455386932251,4.7861695365547465e-15,0.506573359069849,4.6398739536393785e-15,300000000000000.0,50,52000000000000.0
699000.0,3099713600000.0,1.5832039e+30,0.7392826147669794,6.7530201360488294e-15,0.004515203784942022,0.5226991753222388,4.775489280046571e-15,0.5067222995926335,4.629520153565198e-15,300000000000000.0,50,52000000000000.0
700000.0,3096732200000.0,1.5793141e+30,0.7394998722675631,6.737917466687306e-15,0.00451386985088024,0.5228528119512524,4.764809023538396e-15,0.506871240115418,4.619166353491017e-15,300000000000000.0,50,52000000000000.0
701000.0,3093754000000.0,1.5754361e+30,0.7397171297681467,6.722814797325783e-15,0.004512535916818458,0.5230064485802661,4.75412876703022e-15,0.5070201806382023,4.6088125534168354e-15,300000000000000.0,50,52000000000000.0
702000.0,3090779100000.0,1.5715701e+30,0.7399301451798379,6.708065255948567e-15,0.004511234835189191,0.5231570853026793,4.7436982425652026e-15,0.5071662129505745,4.598700851976444e-15,300000000000000.0,50,52000000000000.0
703000.0,3087807400000.0,1.5677158e+30,0.740142057583127,6.693407533282253e-15,0.004509942295698008,0.5233069420032048,4.733332652275023e-15,0.5073114890834792,4.588652099906971e-15,300000000000000.0,50,52000000000000.0
704000.0,3084838800000.0,1.5638731e+30,0.7403539699864161,6.678749810615939e-15,0.004508649756206826,0.5234567987037304,4.722967061984844e-15,0.5074567652163839,4.578603347837497e-15,300000000000000.0,50,52000000000000.0
705000.0,3081873500000.0,1.5600422e+30,0.7405658823897053,6.664092087949625e-15,0.004507357216715644,0.5236066554042559,4.712601471694665e-15,0.5076020413492887,4.5685545957680236e-15,300000000000000.0,50,52000000000000.0
706000.0,3078911400000.0,1.5562227e+30,0.7407777947929944,6.649434365283311e-15,0.004506064677224462,0.5237565121047814,4.702235881404485e-15,0.5077473174821935,4.55850584369855e-15,300000000000000.0,50,52000000000000.0
707000.0,3075952400000.0,1.5524148e+30,0.7409897071962835,6.634776642616997e-15,0.004504772137733279,0.5239063688053069,4.691870291114306e-15,0.5078925936150982,4.548457091629077e-15,300000000000000.0,50,52000000000000.0
708000.0,3072996700000.0,1.5486182e+30,0.7412016195995728,6.620118919950683e-15,0.004503479598242098,0.5240562255058324,4.681504700824127e-15,0.5080378697480029,4.538408339559603e-15,300000000000000.0,50,52000000000000.0
709000.0,3070044100000.0,1.5448331e+30,0.7414135320028619,6.605461197284369e-15,0.004502187058750915,0.524206082206358,4.671139110533947e-15,0.5081831458809077,4.5283595874901295e-15,300000000000000.0,50,52000000000000.0
710000.0,3067094700000.0,1.5410592e+30,0.7416254444061511,6.590803474618055e-15,0.0045008945192597325,0.5243559389068835,4.660773520243768e-15,0.5083284220138125,4.518310835420656e-15,300000000000000.0,50,52000000000000.0
711000.0,3064148500000.0,1.5372967e+30,0.7418373568094402,6.576145751951741e-15,0.004499601979768551,0.5245057956074091,4.650407929953589e-15,0.5084736981467172,4.508262083351182e-15,300000000000000.0,50,52000000000000.0
712000.0,3061205500000.0,1.5335453e+30,0.7420492692127293,6.5614880292854265e-15,0.004498309440277368,0.5246556523079345,4.6400423396634095e-15,0.5086189742796219,4.498213331281709e-15,300000000000000.0,50,52000000000000.0
713000.0,3058265600000.0,1.529805e+30,0.742259133670745,6.547013566386863e-15,0.00449703258065977,0.5248040607506288,4.629806349895339e-15,0.5087628464226456,4.488290218314218e-15,300000000000000.0,50,52000000000000.0
714000.0,3055329000000.0,1.5222606e+30,0.7424657740739613,6.532827607063783e-15,0.0044957804056723425,0.5249501892190128,4.619774388619018e-15,0.508904508281843,4.478564897423992e-15,300000000000000.0,50,52000000000000.0
715000.0,3052397000000.0,1.5201692e+30,0.7426724144771776,6.518641647740702e-15,0.004494528230684914,0.5250963176873968,4.609742427342698e-15,0.5090461701410403,4.468839576533765e-15,300000000000000.0,50,52000000000000.0
716000.0,3049470200000.0,1.5166512e+30,0.7428790548803939,6.504455688417621e-15,0.004493276055697487,0.525242446155781,4.599710466066377e-15,0.5091878320002377,4.4591142556435385e-15,300000000000000.0,50,52000000000000.0
717000.0,3046548500000.0,1.5130978e+30,0.7430856952836101,6.4902697290945404e-15,0.004492023880710058,0.525388574624165,4.589678504790056e-15,0.509329493859435,4.449388934753313e-15,300000000000000.0,50,52000000000000.0
718000.0,3043631800000.0,1.5095148e+30,0.7432923356868264,6.476083769771459e-15,0.004490771705722631,0.525534703092549,4.5796465435137356e-15,0.5094711557186324,4.439663613863086e-15,300000000000000.0,50,52000000000000.0
719000.0,3040720100000.0,1.5059137e+30,0.7434989760900427,6.461897810448379e-15,0.004489519530735203,0.5256808315609331,4.569614582237415e-15,0.5096128175778298,4.42993829297286e-15,300000000000000.0,50,52000000000000.0
720000.0,3037813100000.0,1.5023024e+30,0.743705616493259,6.447711851125298e-15,0.004488267355747775,0.5258269600293172,4.559582620961095e-15,0.5097544794370272,4.420212972082633e-15,300000000000000.0,50,52000000000000.0
721000.0,3034910900000.0,1.4986913e+30,0.7439122568964752,6.433525891802218e-15,0.004487015180760347,0.5259730884977012,4.549550659684774e-15,0.5098961412962246,4.410487651192407e-15,300000000000000.0,50,52000000000000.0
722000.0,3032013400000.0,1.4950778e+30,0.7441188972996915,6.4193399324791365e-15,0.004485763005772919,0.5261192169660853,4.539518698408454e-15,0.510037803155422,4.400762330302181e-15,300000000000000.0,50,52000000000000.0
723000.0,3029120500000.0,1.4914653e+30,0.7443255377029078,6.405153973156056e-15,0.004484510830785491,0.5262653454344693,4.529486737132133e-15,0.5101794650146194,4.391037009411954e-15,300000000000000.0,50,52000000000000.0
724000.0,3026232000000.0,1.4878584e+30,0.744532178106124,6.390968013832975e-15,0.004483258655798063,0.5264114739028534,4.519454775855813e-15,0.5103211268738168,4.381311688521728e-15,300000000000000.0,50,52000000000000.0
725000.0,3023348100000.0,1.4842592e+30,0.7447346818434882,6.377173103486947e-15,0.004482037812796758,0.5265546770229621,4.5096993614969275e-15,0.5104599528019426,4.37185446150993e-15,300000000000000.0,50,52000000000000.0
726000.0,3020468500000.0,1.4806672e+30,0.74493613693791,6.363477323881621e-15,0.004480824912439916,0.5266971385685919,4.5000140516578665e-15,0.5105980598228106,4.3624651961763495e-15,300000000000000.0,50,52000000000000.0
727000.0,3017593300000.0,1.4770817e+30,0.7451375920323319,6.349781544276295e-15,0.004479612012083073,0.5268396001142218,4.490328741818806e-15,0.5107361668436785,4.353075930842769e-15,300000000000000.0,50,52000000000000.0
728000.0,3014722300000.0,1.4735051e+30,0.7453390471267537,6.336085764670969e-15,0.004478399111726231,0.5269820616598517,4.480643431979745e-15,0.5108742738645465,4.343686665509189e-15,300000000000000.0,50,52000000000000.0
729000.0,3011855600000.0,1.4699398e+30,0.7455405022211755,6.322389985065643e-15,0.004477186211369388,0.5271245232054815,4.4709581221406844e-15,0.5110123808854146,4.33429740017561e-15,300000000000000.0,50,52000000000000.0
730000.0,3008993100000.0,1.4663859e+30,0.7457419573155973,6.308694205460317e-15,0.004475973311012546,0.5272669847511114,4.461272812301624e-15,0.5111504879062825,4.32490813484203e-15,300000000000000.0,50,52000000000000.0
731000.0,3006134700000.0,1.4628428e+30,0.7459434124100192,6.294998425854991e-15,0.004474760410655703,0.5274094462967414,4.451587502462563e-15,0.5112885949271505,4.3155188695084495e-15,300000000000000.0,50,52000000000000.0
732000.0,3003280300000.0,1.4593105e+30,0.746144867504441,6.281302646249665e-15,0.00447354751029886,0.5275519078423713,4.441902192623503e-15,0.5114267019480185,4.306129604174869e-15,300000000000000.0,50,52000000000000.0
733000.0,3000430100000.0,1.4557889e+30,0.7463463225988628,6.2676068666443394e-15,0.004472334609942018,0.5276943693880011,4.432216882784442e-15,0.5115648089688865,4.296740338841289e-15,300000000000000.0,50,52000000000000.0
734000.0,2997583900000.0,1.4522781e+30,0.7465477776932845,6.2539110870390134e-15,0.004471121709585175,0.527836830933631,4.422531572945381e-15,0.5117029159897545,4.28735107350771e-15,300000000000000.0,50,52000000000000.0
735000.0,2994741700000.0,1.4487783e+30,0.7467492327877063,6.2402153074336875e-15,0.004469908809228333,0.5279792924792609,4.412846263106321e-15,0.5118410230106225,4.27796180817413e-15,300000000000000.0,50,52000000000000.0
736000.0,2991903400000.0,1.4452903e+30,0.7469505934952769,6.226527969307734e-15,0.004468696616504097,0.5281216872768906,4.403166923020847e-15,0.5119790653237326,4.268578330120359e-15,300000000000000.0,50,52000000000000.0
737000.0,2989069000000.0,1.4418138e+30,0.7471469610281073,6.213287195306226e-15,0.004467521858371787,0.5282605510273048,4.393803389877073e-15,0.5121136845208286,4.259501005932163e-15,300000000000000.0,50,52000000000000.0
738000.0,2986238500000.0,1.4383486e+30,0.7473433285609377,6.200046421304718e-15,0.004466347100239477,0.528399414777719,4.3844398567332985e-15,0.5122483037179246,4.250423681743967e-15,300000000000000.0,50,52000000000000.0
739000.0,2983411800000.0,1.4348943e+30,0.747539696093768,6.18680564730321e-15,0.004465172342107167,0.5285382785281333,4.375076323589524e-15,0.5123829229150206,4.24134635755577e-15,300000000000000.0,50,52000000000000.0
740000.0,2980589000000.0,1.4314508e+30,0.7477360636265984,6.1735648733017016e-15,0.004463997583974858,0.5286771422785476,4.365712790445749e-15,0.5125175421121166,4.232269033367574e-15,300000000000000.0,50,52000000000000.0
741000.0,2977770000000.0,1.428018e+30,0.7479324311594288,6.1603240993001935e-15,0.004462822825842548,0.5288160060289617,4.356349257301974e-15,0.5126521613092127,4.2231917091793776e-15,300000000000000.0,50,52000000000000.0
742000.0,2974954800000.0,1.4245958e+30,0.7481287986922591,6.1470833252986855e-15,0.004461648067710238,0.528954869779376,4.3469857241581995e-15,0.5127867805063088,4.2141143849911815e-15,300000000000000.0,50,52000000000000.0
743000.0,2972143300000.0,1.421184e+30,0.7483251662250894,6.1338425512971775e-15,0.004460473309577928,0.5290937335297902,4.337622191014425e-15,0.5129213997034048,4.2050370608029846e-15,300000000000000.0,50,52000000000000.0
744000.0,2969335500000.0,1.4177823e+30,0.7485215337579197,6.1206017772956694e-15,0.004459298551445618,0.5292325972802044,4.32825865787065e-15,0.5130560189005008,4.1959597366147885e-15,300000000000000.0,50,52000000000000.0
745000.0,2966531400000.0,1.4143908e+30,0.7487179012907501,6.107361003294161e-15,0.004458123793313309,0.5293714610306186,4.318895124726875e-15,0.5131906380975968,4.1868824124265924e-15,300000000000000.0,50,52000000000000.0
746000.0,2963731000000.0,1.4110092e+30,0.7489142688235805,6.094120229292653e-15,0.004456949035180999,0.5295103247810329,4.3095315915831004e-15,0.5133252572946928,4.177805088238396e-15,300000000000000.0,50,52000000000000.0
747000.0,2960934300000.0,1.4076374e+30,0.7491106363564108,6.080879455291145e-15,0.004455774277048689,0.5296491885314472,4.3001680584393264e-15,0.5134598764917888,4.1687277640501994e-15,300000000000000.0,50,52000000000000.0
748000.0,2958141200000.0,1.4042754e+30,0.7493067652166937,6.067659296026432e-15,0.004454601289732294,0.5297878834988047,4.2908191038822834e-15,0.5135943320649088,4.159664572834073e-15,300000000000000.0,50,52000000000000.0
749000.0,2955351700000.0,1.4009229e+30,0.7494981342080347,6.054850258386084e-15,0.004453463617963332,0.5299232124098733,4.2817608914442255e-15,0.5137255244697672,4.150883236802035e-15,300000000000000.0,50,52000000000000.0
750000.0,2952565800000.0,1.3975799e+30,0.7496895031993756,6.042041220745736e-15,0.00445232594619437,0.5300585413209419,4.2727026790061675e-15,0.5138567168746256,4.142101900769997e-15,300000000000000.0,50,52000000000000.0
751000.0,2949783500000.0,1.394246e+30,0.7498808721907165,6.029232183105387e-15,0.0044511882744254095,0.5301938702320106,4.2636444665681095e-15,0.5139879092794841,4.133320564737959e-15,300000000000000.0,50,52000000000000.0
752000.0,2947004700000.0,1.3909212e+30,0.7500722411820574,6.016423145465039e-15,0.004450050602656448,0.5303291991430792,4.254586254130052e-15,0.5141191016843426,4.124539228705921e-15,300000000000000.0,50,52000000000000.0
753000.0,2944229500000.0,1.3876054e+30,0.7502636101733984,6.0036141078246914e-15,0.004448912930887486,0.5304645280541478,4.245528041691994e-15,0.5142502940892011,4.1157578926738835e-15,300000000000000.0,50,52000000000000.0
754000.0,2941457800000.0,1.3842985e+30,0.7504549791647394,5.990805070184343e-15,0.004447775259118525,0.5305998569652164,4.2364698292539364e-15,0.5143814864940595,4.106976556641845e-15,300000000000000.0,50,52000000000000.0
755000.0,2938689700000.0,1.3810005e+30,0.7506463481560802,5.977996032543995e-15,0.004446637587349564,0.5307351858762851,4.2274116168158784e-15,0.5145126788989179,4.098195220609808e-15,300000000000000.0,50,52000000000000.0
756000.0,2935925000000.0,1.3777112e+30,0.7508377171474212,5.965186994903646e-15,0.004445499915580602,0.5308705147873537,4.218353404377821e-15,0.5146438713037764,4.08941388457777e-15,300000000000000.0,50,52000000000000.0
757000.0,2933163800000.0,1.3744305e+30,0.7510290861387621,5.952377957263298e-15,0.004444362243811641,0.5310058436984223,4.209295191939763e-15,0.5147750637086349,4.0806325485457315e-15,300000000000000.0,50,52000000000000.0
758000.0,2930406100000.0,1.3711585e+30,0.751220455130103,5.93956891962295e-15,0.00444322457204268,0.5311411726094909,4.200236979501705e-15,0.5149062561134934,4.071851212513694e-15,300000000000000.0,50,52000000000000.0
759000.0,2927651900000.0,1.3678949e+30,0.7514118241214439,5.926759881982602e-15,0.004442086900273719,0.5312765015205596,4.191178767063647e-15,0.5150374485183518,4.063069876481656e-15,300000000000000.0,50,52000000000000.0
760000.0,2924901000000.0,1.3646397e+30,0.7516031931127849,5.913950844342254e-15,0.004440949228504757,0.5314118304316282,4.18212055462559e-15,0.5151686409232102,4.054288540449618e-15,300000000000000.0,50,52000000000000.0
761000.0,2922153600000.0,1.3613833e+30,0.7517902266030559,5.901507535034904e-15,0.004439843388688313,0.5315440933910759,4.173320982262121e-15,0.5152968610913691,4.045757938801059e-15,300000000000000.0,50,52000000000000.0
762000.0,2919409700000.0,1.3581458e+30,0.7519766813874992,5.889113043410752e-15,0.004438741797823982,0.531675947105077,4.164555933363434e-15,0.5154246845232171,4.0372608053598976e-15,300000000000000.0,50,52000000000000.0
763000.0,2916669100000.0,1.3549166e+30,0.7521631361719423,5.8767185517866e-15,0.004437640206959651,0.5318078008190783,4.155790884464747e-15,0.5155525079550651,4.028763671918735e-15,300000000000000.0,50,52000000000000.0
764000.0,2913931900000.0,1.3516957e+30,0.7523495909563855,5.8643240601624484e-15,0.004436538616095321,0.5319396545330795,4.1470258355660596e-15,0.5156803313869132,4.020266538477573e-15,300000000000000.0,50,52000000000000.0
765000.0,2911198100000.0,1.3484828e+30,0.7525360457408287,5.851929568538297e-15,0.0044354370252309904,0.5320715082470806,4.138260786667372e-15,0.5158081548187611,4.011769405036412e-15,300000000000000.0,50,52000000000000.0
766000.0,2908467600000.0,1.3452767e+30,0.7527225005252718,5.839535076914145e-15,0.00443433543436666,0.5322033619610819,4.1294957377686846e-15,0.5159359782506091,4.003272271595249e-15,300000000000000.0,50,52000000000000.0
767000.0,2905740500000.0,1.3420784e+30,0.752908955309715,5.827140585289993e-15,0.004433233843502329,0.532335215675083,4.120730688869997e-15,0.5160638016824571,3.9947751381540875e-15,300000000000000.0,50,52000000000000.0
768000.0,2903016800000.0,1.3388898e+30,0.7530954100941581,5.814746093665842e-15,0.004432132252637998,0.5324670693890843,4.1119656399713096e-15,0.5161916251143052,3.986278004712925e-15,300000000000000.0,50,52000000000000.0
769000.0,2900296300000.0,1.3357092e+30,0.7532818648786014,5.80235160204169e-15,0.004431030661773668,0.5325989231030854,4.103200591072622e-15,0.5163194485461532,3.977780871271763e-15,300000000000000.0,50,52000000000000.0
770000.0,2897579200000.0,1.3325364e+30,0.7534683196630445,5.789957110417538e-15,0.004429929070909337,0.5327307768170866,4.0944355421739345e-15,0.5164472719780012,3.9692837378306015e-15,300000000000000.0,50,52000000000000.0
771000.0,2894865400000.0,1.3293716e+30,0.7536547744474877,5.777562618793387e-15,0.004428827480045006,0.5328626305310878,4.085670493275247e-15,0.5165750954098492,3.960786604389439e-15,300000000000000.0,50,52000000000000.0
772000.0,2892154900000.0,1.3262145e+30,0.7538412292319309,5.765168127169235e-15,0.004427725889180676,0.532994484245089,4.0769054443765595e-15,0.5167029188416972,3.952289470948277e-15,300000000000000.0,50,52000000000000.0
773000.0,2889447700000.0,1.3230653e+30,0.7540251766456578,5.75298116452366e-15,0.0044266425165495026,0.5331245648144062,4.068287158098511e-15,0.516829023327403,3.943934614125822e-15,300000000000000.0,50,52000000000000.0
774000.0,2886743800000.0,1.319924e+30,0.754206798921222,5.740986647911235e-15,0.004425576038073191,0.5332530011089671,4.059804967918224e-15,0.5169535337978125,3.935711693436181e-15,300000000000000.0,50,52000000000000.0
775000.0,2884043100000.0,1.3167904e+30,0.7543884211967862,5.72899213129881e-15,0.004424509559596879,0.5333814374035281,4.051322777737937e-15,0.517078044268222,3.9274887727465404e-15,300000000000000.0,50,52000000000000.0
776000.0,2881345700000.0,1.3136647e+30,0.7545700434723502,5.716997614686385e-15,0.004423443081120568,0.533509873698089,4.0428405875576495e-15,0.5172025547386315,3.919265852056899e-15,300000000000000.0,50,52000000000000.0
777000.0,2878651600000.0,1.3105467e+30,0.7547516657479144,5.70500309807396e-15,0.004422376602644255,0.53363830999265,4.0343583973773616e-15,0.517327065209041,3.911042931367258e-15,300000000000000.0,50,52000000000000.0
778000.0,2875960600000.0,1.3074365e+30,0.7549332880234786,5.693008581461535e-15,0.004421310124167944,0.533766746287211,4.0258762071970744e-15,0.5174515756794505,3.902820010677616e-15,300000000000000.0,50,52000000000000.0
779000.0,2873272900000.0,1.3043341e+30,0.7551149102990428,5.68101406484911e-15,0.004420243645691632,0.5338951825817719,4.017394017016787e-15,0.5175760861498601,3.894597089987975e-15,300000000000000.0,50,52000000000000.0
780000.0,2870588500000.0,1.3012395e+30,0.7552965325746069,5.669019548236685e-15,0.00441917716721532,0.534023618876333,4.008911826836499e-15,0.5177005966202696,3.8863741692983336e-15,300000000000000.0,50,52000000000000.0
781000.0,2867907200000.0,1.2981526e+30,0.7554781548501711,5.6570250316242595e-15,0.004418110688739008,0.5341520551708939,4.000429636656212e-15,0.5178251070906791,3.878151248608692e-15,300000000000000.0,50,52000000000000.0
782000.0,2865229100000.0,1.2950736e+30,0.7556597771257352,5.6450305150118345e-15,0.004417044210262696,0.5342804914654549,3.991947446475925e-15,0.5179496175610886,3.869928327919052e-15,300000000000000.0,50,52000000000000.0
783000.0,2862554300000.0,1.2920022e+30,0.7558413994012994,5.6330359983994096e-15,0.004415977731786385,0.5344089277600159,3.983465256295638e-15,0.5180741280314981,3.86170540722941e-15,300000000000000.0,50,52000000000000.0
784000.0,2859882600000.0,1.2889387e+30,0.7560230216768635,5.6210414817869846e-15,0.004414911253310072,0.5345373640545769,3.97498306611535e-15,0.5181986385019076,3.853482486539769e-15,300000000000000.0,50,52000000000000.0
785000.0,2857214100000.0,1.285883e+30,0.7562046439524277,5.6090469651745596e-15,0.004413844774833761,0.5346658003491378,3.966500875935063e-15,0.5183231489723171,3.8452595658501276e-15,300000000000000.0,50,52000000000000.0
786000.0,2854548700000.0,1.2828349e+30,0.75638173041626,5.597422235602394e-15,0.0044128109123092165,0.5347910290431781,3.958280195472273e-15,0.5184445498868071,3.8372901614733126e-15,300000000000000.0,50,52000000000000.0
787000.0,2851886500000.0,1.2797946e+30,0.756558600065167,5.585815182105481e-15,0.004411778608849634,0.5349161044117039,3.9500720153541216e-15,0.518565802162382,3.829332875350887e-15,300000000000000.0,50,52000000000000.0
788000.0,2849227500000.0,1.2767621e+30,0.7567354697140739,5.574208128608568e-15,0.004410746305390051,0.5350411797802297,3.941863835235971e-15,0.5186870544379569,3.821375589228461e-15,300000000000000.0,50,52000000000000.0
789000.0,2846571600000.0,1.2737373e+30,0.7569123393629809,5.562601075111656e-15,0.004409714001930468,0.5351662551487555,3.93365565511782e-15,0.518808306713532,3.813418303106034e-15,300000000000000.0,50,52000000000000.0
790000.0,2843918900000.0,1.2707202e+30,0.7570892090118878,5.550994021614744e-15,0.004408681698470886,0.5352913305172813,3.925447474999668e-15,0.5189295589891069,3.805461016983608e-15,300000000000000.0,50,52000000000000.0
791000.0,2841269200000.0,1.2677631e+30,0.7572660786607948,5.539386968117831e-15,0.004407649395011304,0.535416405885807,3.917239294881517e-15,0.5190508112646819,3.797503730861182e-15,300000000000000.0,50,52000000000000.0
792000.0,2838622700000.0,1.2649761e+30,0.7574429483097017,5.5277799146209185e-15,0.004406617091551721,0.5355414812543328,3.9090311147633655e-15,0.5191720635402568,3.789546444738756e-15,300000000000000.0,50,52000000000000.0
793000.0,2835979300000.0,1.2622527e+30,0.7576198179586088,5.516172861124006e-15,0.004405584788092139,0.5356665566228586,3.900822934645215e-15,0.5192933158158318,3.7815891586163294e-15,300000000000000.0,50,52000000000000.0
794000.0,2833339000000.0,1.2595827e+30,0.7577966876075157,5.504565807627094e-15,0.004404552484632556,0.5357916319913844,3.8926147545270636e-15,0.5194145680914067,3.7736318724939035e-15,300000000000000.0,50,52000000000000.0
795000.0,2830701800000.0,1.2569594e+30,0.7579735572564227,5.492958754130181e-15,0.0044035201811729735,0.5359167073599101,3.884406574408912e-15,0.5195358203669818,3.7656745863714776e-15,300000000000000.0,50,52000000000000.0
796000.0,2828067600000.0,1.2543773e+30,0.7581504269053296,5.481351700633269e-15,0.004402487877713392,0.536041782728436,3.876198394290761e-15,0.5196570726425567,3.757717300249052e-15,300000000000000.0,50,52000000000000.0
797000.0,2825436500000.0,1.2518312e+30,0.7583272965542366,5.469744647136356e-15,0.004401455574253809,0.5361668580969617,3.86799021417261e-15,0.5197783249181316,3.749760014126625e-15,300000000000000.0,50,52000000000000.0
798000.0,2822808400000.0,1.2493167e+30,0.7585032989936358,5.458207200248608e-15,0.004400429442720569,0.5362913201994384,3.859831259094221e-15,0.5198989826729539,3.7418504484129276e-15,300000000000000.0,50,52000000000000.0
799000.0,2820183500000.0,1.2468299e+30,0.7586754947368797,5.4469752979946376e-15,0.004399430403427516,0.536413090314004,3.851888381870043e-15,0.5200170307240735,3.734150355836678e-15,300000000000000.0,50,52000000000000.0
800000.0,2817561500000.0,1.2443677e+30,0.7588476904801237,5.4357433957406675e-15,0.004398431364134464,0.5365348604285696,3.843945504645864e-15,0.520135078775193,3.726450263260428e-15,300000000000000.0,50,52000000000000.0
801000.0,2814942600000.0,1.2419273e+30,0.7590198862233677,5.424511493486697e-15,0.004397432324841411,0.5366566305431352,3.836002627421685e-15,0.5202531268263126,3.718750170684178e-15,300000000000000.0,50,52000000000000.0
802000.0,2812326700000.0,1.2395063e+30,0.7591920819666116,5.413279591232727e-15,0.004396433285548358,0.5367784006577007,3.8280597501975065e-15,0.5203711748774322,3.711050078107928e-15,300000000000000.0,50,52000000000000.0
803000.0,2809713900000.0,1.2370951e+30,0.7593642777098556,5.402047688978758e-15,0.004395434246255306,0.5369001707722663,3.820116872973328e-15,0.5204892229285518,3.7033499855316786e-15,300000000000000.0,50,52000000000000.0
804000.0,2807104000000.0,1.2347062e+30,0.7595364734530996,5.390815786724788e-15,0.004394435206962253,0.5370219408868319,3.8121739957491495e-15,0.5206072709796714,3.6956498929554295e-15,300000000000000.0,50,52000000000000.0
805000.0,2804497200000.0,1.2323309e+30,0.7597086691963435,5.379583884470818e-15,0.004393436167669201,0.5371437110013975,3.80423111852497e-15,0.520725319030791,3.68794980037918e-15,300000000000000.0,50,52000000000000.0
806000.0,2801893400000.0,1.2299677e+30,0.7598808649395875,5.368351982216848e-15,0.004392437128376148,0.5372654811159631,3.796288241300792e-15,0.5208433670819105,3.68024970780293e-15,300000000000000.0,50,52000000000000.0
807000.0,2799292500000.0,1.2276159e+30,0.7600530606828315,5.3571200799628775e-15,0.004391438089083096,0.5373872512305286,3.788345364076613e-15,0.5209614151330301,3.67254961522668e-15,300000000000000.0,50,52000000000000.0
808000.0,2796694700000.0,1.2252744e+30,0.7602252564260754,5.3458881777089074e-15,0.004390439049790043,0.5375090213450942,3.780402486852434e-15,0.5210794631841497,3.66484952265043e-15,300000000000000.0,50,52000000000000.0
809000.0,2794099800000.0,1.2229424e+30,0.7603974521693194,5.334656275454937e-15,0.004389440010496991,0.5376307914596598,3.7724596096282555e-15,0.5211975112352693,3.6571494300741805e-15,300000000000000.0,50,52000000000000.0
810000.0,2791508000000.0,1.2206194e+30,0.7605696479125634,5.323424373200967e-15,0.004388440971203938,0.5377525615742254,3.764516732404077e-15,0.5213155592863888,3.649449337497931e-15,300000000000000.0,50,52000000000000.0
811000.0,2788919100000.0,1.2183048e+30,0.76074088291835,5.3122686172370085e-15,0.004387448699850119,0.5378736522829791,3.7566277049379996e-15,0.5214329486986424,3.64180144868799e-15,300000000000000.0,50,52000000000000.0
812000.0,2786333200000.0,1.215998e+30,0.7609084822566968,5.301401017610768e-15,0.004386482040047212,0.5379921719526115,3.748942458234968e-15,0.5215478456590183,3.634351111802278e-15,300000000000000.0,50,52000000000000.0
813000.0,2783750200000.0,1.2136986e+30,0.7610760815950436,5.290533417984527e-15,0.004385515380244304,0.538110691622244,3.741257211531937e-15,0.5216627426193944,3.626900774916567e-15,300000000000000.0,50,52000000000000.0
814000.0,2781170200000.0,1.2114064e+30,0.7612436809333905,5.279665818358287e-15,0.004384548720441397,0.5382292112918765,3.733571964828906e-15,0.5217776395797703,3.619450438030856e-15,300000000000000.0,50,52000000000000.0
815000.0,2778593100000.0,1.2091208e+30,0.7614112802717373,5.268798218732047e-15,0.0043835820606384895,0.538347730961509,3.725886718125874e-15,0.5218925365401462,3.612000101145145e-15,300000000000000.0,50,52000000000000.0
816000.0,2776019000000.0,1.2068417e+30,0.7615788796100842,5.257930619105806e-15,0.004382615400835582,0.5384662506311415,3.718201471422843e-15,0.5220074335005223,3.604549764259433e-15,300000000000000.0,50,52000000000000.0
817000.0,2773447800000.0,1.2045679e+30,0.7617464789484311,5.247063019479566e-15,0.004381648741032675,0.538584770300774,3.710516224719812e-15,0.5221223304608982,3.597099427373722e-15,300000000000000.0,50,52000000000000.0
818000.0,2770879600000.0,1.2022995e+30,0.7619140782867779,5.236195419853326e-15,0.004380682081229767,0.5387032899704064,3.70283097801678e-15,0.5222372274212741,3.589649090488011e-15,300000000000000.0,50,52000000000000.0
819000.0,2768314300000.0,1.2000363e+30,0.7620816776251247,5.225327820227085e-15,0.00437971542142686,0.5388218096400389,3.695145731313749e-15,0.5223521243816501,3.582198753602299e-15,300000000000000.0,50,52000000000000.0
820000.0,2765751900000.0,1.1977785e+30,0.7622492769634716,5.214460220600845e-15,0.004378748761623952,0.5389403293096714,3.687460484610718e-15,0.522467021342026,3.5747484167165884e-15,300000000000000.0,50,52000000000000.0
821000.0,2763192400000.0,1.1955258e+30,0.7624168763018184,5.203592620974605e-15,0.004377782101821045,0.5390588489793039,3.679775237907686e-15,0.522581918302402,3.567298079830877e-15,300000000000000.0,50,52000000000000.0
822000.0,2760635900000.0,1.1932784e+30,0.7625844756401653,5.192725021348364e-15,0.0043768154420181365,0.5391773686489364,3.672089991204655e-15,0.522696815262778,3.559847742945166e-15,300000000000000.0,50,52000000000000.0
823000.0,2758082200000.0,1.1910361e+30,0.7627520749785122,5.181857421722124e-15,0.004375848782215229,0.5392958883185689,3.664404744501624e-15,0.5228117122231539,3.5523974060594544e-15,300000000000000.0,50,52000000000000.0
824000.0,2755531400000.0,1.1887989e+30,0.7629195774535894,5.170997420240024e-15,0.004374882797884069,0.539414339489347,3.656724871108876e-15,0.5229265427784344,3.5449522782414316e-15,300000000000000.0,50,52000000000000.0
825000.0,2752983600000.0,1.1865667e+30,0.7630826571336522,5.160484351441037e-15,0.004373947655719239,0.5395296629896209,3.649290344069032e-15,0.5230383412646318,3.53774499742873e-15,300000000000000.0,50,52000000000000.0
826000.0,2750438600000.0,1.1843395e+30,0.763245736813715,5.1499712826420515e-15,0.004373012513554409,0.5396449864898949,3.641855817029188e-15,0.5231501397508292,3.5305377166160285e-15,300000000000000.0,50,52000000000000.0
827000.0,2747896500000.0,1.1821173e+30,0.7634088164937778,5.139458213843066e-15,0.004372077371389579,0.5397603099901688,3.634421289989345e-15,0.5232619382370267,3.523330435803327e-15,300000000000000.0,50,52000000000000.0
828000.0,2745357300000.0,1.1799001e+30,0.7635718961738405,5.12894514504408e-15,0.004371142229224749,0.5398756334904427,3.626986762949501e-15,0.5233737367232241,3.516123154990626e-15,300000000000000.0,50,52000000000000.0
829000.0,2742821000000.0,1.177688e+30,0.7637349758539033,5.118432076245093e-15,0.00437020708705992,0.5399909569907166,3.6195522359096574e-15,0.5234855352094215,3.5089158741779243e-15,300000000000000.0,50,52000000000000.0
830000.0,2740287500000.0,1.1754808e+30,0.7638980555339661,5.1079190074461075e-15,0.00436927194489509,0.5401062804909905,3.612117708869814e-15,0.5235973336956189,3.5017085933652228e-15,300000000000000.0,50,52000000000000.0
831000.0,2737756900000.0,1.1732785e+30,0.7640611352140289,5.097405938647122e-15,0.00436833680273026,0.5402216039912644,3.6046831818299706e-15,0.5237091321818164,3.4945013125525212e-15,300000000000000.0,50,52000000000000.0
832000.0,2735229100000.0,1.1710812e+30,0.7642242148940916,5.086892869848135e-15,0.00436740166056543,0.5403369274915384,3.5972486547901276e-15,0.5238209306680137,3.48729403173982e-15,300000000000000.0,50,52000000000000.0
833000.0,2732704200000.0,1.168889e+30,0.7643872945741544,5.0763798010491494e-15,0.0043664665184006005,0.5404522509918123,3.589814127750284e-15,0.5239327291542112,3.4800867509271185e-15,300000000000000.0,50,52000000000000.0
834000.0,2730182200000.0,1.1667014e+30,0.7645503742542172,5.065866732250164e-15,0.0043655313762357715,0.5405675744920863,3.58237960071044e-15,0.5240445276404085,3.472879470114417e-15,300000000000000.0,50,52000000000000.0
835000.0,2727663000000.0,1.1645178e+30,0.76471345393428,5.055353663451177e-15,0.0043645962340709415,0.5406828979923601,3.574945073670597e-15,0.524156326126606,3.4656721893017155e-15,300000000000000.0,50,52000000000000.0
836000.0,2725146600000.0,1.1623383e+30,0.7648765336143428,5.044840594652191e-15,0.004363661091906112,0.540798221492634,3.567510546630753e-15,0.5242681246128035,3.4584649084890143e-15,300000000000000.0,50,52000000000000.0
837000.0,2722633000000.0,1.160163e+30,0.7650396132944056,5.0343275258532055e-15,0.004362725949741282,0.540913544992908,3.560076019590909e-15,0.5243799230990008,3.451257627676313e-15,300000000000000.0,50,52000000000000.0
838000.0,2720122300000.0,1.1579921e+30,0.7651999410142417,5.024027870733955e-15,0.00436180980671711,0.541026922389422,3.552792415769993e-15,0.5244898349666934,3.4441966569078e-15,300000000000000.0,50,52000000000000.0
839000.0,2717614400000.0,1.1558256e+30,0.7653585773651744,5.013859380759452e-15,0.004360905340662463,0.5411391037005601,3.5456015701353413e-15,0.5245985873089536,3.4372256090446414e-15,300000000000000.0,50,52000000000000.0
840000.0,2715109400000.0,1.1536636e+30,0.765517213716107,5.0036908907849494e-15,0.004360000874607816,0.5412512850116982,3.53841072450069e-15,0.5247073396512137,3.430254561181483e-15,300000000000000.0,50,52000000000000.0
841000.0,2712607100000.0,1.1515062e+30,0.7656758500670398,4.993522400810447e-15,0.0043590964085531685,0.5413634663228362,3.5312198788660383e-15,0.5248160919934739,3.423283513318324e-15,300000000000000.0,50,52000000000000.0
842000.0,2710107600000.0,1.1493533e+30,0.7658344864179725,4.983353910835944e-15,0.004358191942498521,0.5414756476339743,3.524029033231387e-15,0.5249248443357342,3.4163124654551657e-15,300000000000000.0,50,52000000000000.0
843000.0,2707611000000.0,1.1472051e+30,0.7659931227689052,4.9731854208614415e-15,0.004357287476443874,0.5415878289451124,3.5168381875967354e-15,0.5250335966779943,3.409341417592007e-15,300000000000000.0,50,52000000000000.0
844000.0,2705117100000.0,1.1450616e+30,0.7661517591198378,4.963016930886939e-15,0.004356383010389227,0.5417000102562505,3.509647341962084e-15,0.5251423490202545,3.4023703697288484e-15,300000000000000.0,50,52000000000000.0
845000.0,2702626000000.0,1.1429227e+30,0.7663103954707705,4.952848440912436e-15,0.00435547854433458,0.5418121915673885,3.5024564963274324e-15,0.5252511013625146,3.39539932186569e-15,300000000000000.0,50,52000000000000.0
846000.0,2700137800000.0,1.1407886e+30,0.7664690318217032,4.942679950937934e-15,0.004354574078279933,0.5419243728785266,3.495265650692781e-15,0.5253598537047749,3.388428274002531e-15,300000000000000.0,50,52000000000000.0
847000.0,2697652300000.0,1.1386593e+30,0.7666276681726358,4.932511460963431e-15,0.004353669612225286,0.5420365541896647,3.488074805058129e-15,0.525468606047035,3.3814572261393727e-15,300000000000000.0,50,52000000000000.0
848000.0,2695169500000.0,1.1365347e+30,0.7667863045235686,4.922342970988928e-15,0.004352765146170639,0.5421487355008027,3.4808839594234775e-15,0.5255773583892952,3.374486178276214e-15,300000000000000.0,50,52000000000000.0
849000.0,2692689600000.0,1.1344149e+30,0.7669449408745013,4.9121744810144265e-15,0.004351860680115992,0.5422609168119408,3.473693113788826e-15,0.5256861107315554,3.3675151304130555e-15,300000000000000.0,50,52000000000000.0
850000.0,2690212400000.0,1.1322998e+30,0.767103577225434,4.902005991039924e-15,0.004350956214061345,0.5423730981230789,3.4665022681541746e-15,0.5257948630738156,3.3605440825498967e-15,300000000000000.0,50,52000000000000.0
851000.0,2687738000000.0,1.1301896e+30,0.7672622135763666,4.891837501065421e-15,0.004350051748006697,0.542485279434217,3.459311422519523e-15,0.5259036154160758,3.3535730346867382e-15,300000000000000.0,50,52000000000000.0
852000.0,2685266300000.0,1.1280841e+30,0.7674164854966544,4.882028240655763e-15,0.004349177115722161,0.5425943743532624,3.452374618124397e-15,0.5260093757059272,3.3468482629464577e-15,300000000000000.0,50,52000000000000.0
853000.0,2682797400000.0,1.1259834e+30,0.767570754251692,4.8722192407729696e-15,0.004348302505074203,0.5427034670339396,3.4454379979695835e-15,0.5261151338258291,3.340123669814934e-15,300000000000000.0,50,52000000000000.0
854000.0,2680331500000.0,1.1213631e+30,0.7677250230067295,4.862410240890176e-15,0.004347427894426245,0.5428125597146168,3.4385013778147704e-15,0.526220891945731,3.3333990766834105e-15,300000000000000.0,50,52000000000000.0
855000.0,2677869500000.0,1.1200869e+30,0.7678792917617672,4.852601241007382e-15,0.004346553283778287,0.542921652395294,3.4315647576599573e-15,0.5263266500656328,3.326674483551887e-15,300000000000000.0,50,52000000000000.0
856000.0,2675411900000.0,1.1182157e+30,0.7680335605168047,4.842792241124589e-15,0.004345678673130329,0.5430307450759713,3.4246281375051443e-15,0.5264324081855348,3.3199498904203633e-15,300000000000000.0,50,52000000000000.0
857000.0,2672958600000.0,1.1163111e+30,0.7681878292718424,4.832983241241794e-15,0.004344804062482371,0.5431398377566485,3.417691517350331e-15,0.5265381663054367,3.3132252972888397e-15,300000000000000.0,50,52000000000000.0
858000.0,2670509400000.0,1.1143787e+30,0.7683420980268799,4.8231742413590005e-15,0.004343929451834413,0.5432489304373257,3.4107548971955178e-15,0.5266439244253386,3.306500704157316e-15,300000000000000.0,50,52000000000000.0
859000.0,2668064500000.0,1.1124262e+30,0.7684963667819175,4.813365241476207e-15,0.0043430548411864545,0.543358023118003,3.4038182770407047e-15,0.5267496825452405,3.2997761110257926e-15,300000000000000.0,50,52000000000000.0
860000.0,2665623600000.0,1.1104602e+30,0.7686506355369551,4.803556241593413e-15,0.0043421802305384965,0.5434671157986801,3.3968816568858913e-15,0.5268554406651423,3.293051517894269e-15,300000000000000.0,50,52000000000000.0
861000.0,2663186800000.0,1.1084873e+30,0.7688049042919927,4.7937472417106196e-15,0.004341305619890538,0.5435762084793574,3.3899450367310782e-15,0.5269611987850443,3.2863269247627454e-15,300000000000000.0,50,52000000000000.0
862000.0,2660753900000.0,1.1065094e+30,0.7689591730470303,4.783938241827826e-15,0.00434043100924258,0.5436853011600346,3.383008416576265e-15,0.5270669569049462,3.279602331631222e-15,300000000000000.0,50,52000000000000.0
863000.0,2658324900000.0,1.1045279e+30,0.7691134418020679,4.774129241945032e-15,0.004339556398594622,0.5437943938407118,3.3760717964214517e-15,0.5271727150248481,3.2728777384996982e-15,300000000000000.0,50,52000000000000.0
864000.0,2655899700000.0,1.1025457e+30,0.7692677105571054,4.764320242062239e-15,0.004338681787946664,0.543903486521389,3.3691351762666387e-15,0.52727847314475,3.2661531453681747e-15,300000000000000.0,50,52000000000000.0
865000.0,2653478400000.0,1.1005651e+30,0.7694213042038034,4.7545707942002656e-15,0.004337811748920233,0.54401210178641,3.3622406701623518e-15,0.5273837684418403,3.2594693790140858e-15,300000000000000.0,50,52000000000000.0
866000.0,2651060700000.0,1.0985866e+30,0.7695712912441924,4.745139488896156e-15,0.004336966132698369,0.5441181665714319,3.3555711483922936e-15,0.5274865912177458,3.2530037200428122e-15,300000000000000.0,50,52000000000000.0
867000.0,2648646800000.0,1.0966111e+30,0.7697212782845814,4.735708183592046e-15,0.004336120516476505,0.5442242313564537,3.3489016266222358e-15,0.5275894139936513,3.2465380610715386e-15,300000000000000.0,50,52000000000000.0
868000.0,2646236500000.0,1.0946392e+30,0.7698712653249704,4.7262768782879365e-15,0.004335274900254643,0.5443302961414757,3.3422321048521776e-15,0.5276922367695568,3.240072402100265e-15,300000000000000.0,50,52000000000000.0
869000.0,2643829800000.0,1.0926715e+30,0.7700212523653595,4.716845572983827e-15,0.004334429284032779,0.5444363609264975,3.33556258308212e-15,0.5277950595454622,3.2336067431289914e-15,300000000000000.0,50,52000000000000.0
870000.0,2641426700000.0,1.0907086e+30,0.7701712394057484,4.707414267679718e-15,0.004333583667810915,0.5445424257115193,3.3288930613120616e-15,0.5278978823213677,3.227141084157718e-15,300000000000000.0,50,52000000000000.0
871000.0,2639027200000.0,1.0887509e+30,0.7703212264461374,4.697982962375608e-15,0.004332738051589052,0.5446484904965412,3.322223539542004e-15,0.5280007050972731,3.220675425186444e-15,300000000000000.0,50,52000000000000.0
872000.0,2636631100000.0,1.0867985e+30,0.7704712134865265,4.688551657071498e-15,0.004331892435367188,0.544754555281563,3.3155540177719457e-15,0.5281035278731786,3.2142097662151703e-15,300000000000000.0,50,52000000000000.0
873000.0,2634238500000.0,1.0848511e+30,0.7706212005269154,4.6791203517673886e-15,0.004331046819145325,0.5448606200665849,3.308884496001888e-15,0.528206350649084,3.2077441072438967e-15,300000000000000.0,50,52000000000000.0
874000.0,2631849300000.0,1.0829089e+30,0.7707711875673044,4.669689046463279e-15,0.0043302012029234616,0.5449666848516067,3.3022149742318297e-15,0.5283091734249895,3.201278448272623e-15,300000000000000.0,50,52000000000000.0
875000.0,2629463500000.0,1.0809719e+30,0.7709211746076934,4.66025774115917e-15,0.004329355586701598,0.5450727496366286,3.295545452461772e-15,0.528411996200895,3.1948127893013495e-15,300000000000000.0,50,52000000000000.0
876000.0,2627081100000.0,1.07904e+30,0.7710711616480824,4.65082643585506e-15,0.004328509970479734,0.5451788144216504,3.2888759306917137e-15,0.5285148189768004,3.188347130330076e-15,300000000000000.0,50,52000000000000.0
877000.0,2624702000000.0,1.0771131e+30,0.7712211486884715,4.64139513055095e-15,0.004327664354257871,0.5452848792066722,3.282206408921656e-15,0.5286176417527059,3.181881471358802e-15,300000000000000.0,50,52000000000000.0
878000.0,2622326300000.0,1.0751915e+30,0.7713711357288604,4.631963825246841e-15,0.004326818738036008,0.5453909439916941,3.2755368871515977e-15,0.5287204645286113,3.1754158123875284e-15,300000000000000.0,50,52000000000000.0
879000.0,2619953900000.0,1.073275e+30,0.7715207423160506,4.622564110781966e-15,0.0043259756756027,0.5454967397322084,3.268889705827144e-15,0.5288230264837122,3.1689718109958177e-15,300000000000000.0,50,52000000000000.0
880000.0,2617584700000.0,1.0713635e+30,0.7716665455478987,4.613480207006917e-15,0.004325158143156725,0.5455998458597331,3.262465859865348e-15,0.5289229810374199,3.162744318418288e-15,300000000000000.0,50,52000000000000.0
881000.0,2615218700000.0,1.0694568e+30,0.7718123487797469,4.604396303231867e-15,0.0043243406107107505,0.5457029519872579,3.256042013903552e-15,0.5290229355911277,3.1565168258407577e-15,300000000000000.0,50,52000000000000.0
882000.0,2612856000000.0,1.0675548e+30,0.771958152011595,4.595312399456818e-15,0.004323523078264776,0.5458060581147827,3.2496181679417563e-15,0.5291228901448355,3.150289333263228e-15,300000000000000.0,50,52000000000000.0
883000.0,2610496500000.0,1.0656574e+30,0.7721039552434432,4.586228495681768e-15,0.004322705545818801,0.5459091642423075,3.24319432197996e-15,0.5292228446985432,3.1440618406856977e-15,300000000000000.0,50,52000000000000.0
884000.0,2608140200000.0,1.0637646e+30,0.7722497584752913,4.577144591906719e-15,0.0043218880133728274,0.5460122703698324,3.236770476018164e-15,0.529322799252251,3.137834348108168e-15,300000000000000.0,50,52000000000000.0
885000.0,2605787000000.0,1.0618761e+30,0.7723955617071394,4.568060688131669e-15,0.004321070480926853,0.5461153764973571,3.2303466300563684e-15,0.5294227538059588,3.131606855530638e-15,300000000000000.0,50,52000000000000.0
886000.0,2603437000000.0,1.0599919e+30,0.7725413649389876,4.55897678435662e-15,0.004320252948480878,0.5462184826248819,3.2239227840945723e-15,0.5295227083596665,3.125379362953108e-15,300000000000000.0,50,52000000000000.0
887000.0,2601090100000.0,1.0581118e+30,0.7726871681708357,4.54989288058157e-15,0.0043194354160349035,0.5463215887524067,3.2174989381327762e-15,0.5296226629133743,3.119151870375578e-15,300000000000000.0,50,52000000000000.0
888000.0,2598746300000.0,1.0562358e+30,0.7728329714026839,4.5408089768065206e-15,0.004318617883588929,0.5464246948799315,3.2110750921709805e-15,0.5297226174670822,3.112924377798048e-15,300000000000000.0,50,52000000000000.0
889000.0,2596405700000.0,1.0543639e+30,0.772978774634532,4.531725073031471e-15,0.004317800351142954,0.5465278010074562,3.2046512462091844e-15,0.5298225720207899,3.106696885220518e-15,300000000000000.0,50,52000000000000.0
890000.0,2594068000000.0,1.0524959e+30,0.7731245778663801,4.5226411692564215e-15,0.00431698281869698,0.5466309071349811,3.1982274002473883e-15,0.5299225265744977,3.100469392642988e-15,300000000000000.0,50,52000000000000.0
891000.0,2591733500000.0,1.0506314e+30,0.7732703810982283,4.513557265481372e-15,0.004316165286251005,0.5467340132625059,3.1918035542855926e-15,0.5300224811282055,3.094241900065458e-15,300000000000000.0,50,52000000000000.0
892000.0,2589402000000.0,1.0487693e+30,0.7734161843300764,4.5044733617063225e-15,0.00431534775380503,0.5468371193900307,3.1853797083237966e-15,0.5301224356819132,3.088014407487928e-15,300000000000000.0,50,52000000000000.0
893000.0,2587073500000.0,1.0469096e+30,0.7735619875619246,4.495389457931273e-15,0.004314530221359056,0.5469402255175555,3.1789558623620005e-15,0.530222390235621,3.081786914910398e-15,300000000000000.0,50,52000000000000.0
894000.0,2584748000000.0,1.0450524e+30,0.7737045334380054,4.4865661009581605e-15,0.004313734358732142,0.547041028147354,3.1727162701200547e-15,0.5303201117010701,3.0757380440878024e-15,300000000000000.0,50,52000000000000.0
895000.0,2582425600000.0,1.043198e+30,0.7738462414282316,4.4778097641374154e-15,0.0043129440702077085,0.5471412382510978,3.1665240732492543e-15,0.5304172587518104,3.069735119932534e-15,300000000000000.0,50,52000000000000.0
896000.0,2580106100000.0,1.0413464e+30,0.7739879494184577,4.4690534273166696e-15,0.004312153781683275,0.5472414483548417,3.160331876378454e-15,0.5305144058025508,3.063732195777266e-15,300000000000000.0,50,52000000000000.0
897000.0,2577789600000.0,1.0394975e+30,0.7741296574086838,4.4602970904959246e-15,0.004311363493158842,0.5473416584585856,3.1541396795076534e-15,0.5306115528532912,3.0577292716219976e-15,300000000000000.0,50,52000000000000.0
898000.0,2575476100000.0,1.0376516e+30,0.77427136539891,4.4515407536751795e-15,0.004310573204634409,0.5474418685623295,3.147947482636853e-15,0.5307086999040316,3.0517263474667297e-15,300000000000000.0,50,52000000000000.0
899000.0,2573165500000.0,1.0358087e+30,0.7744130733891361,4.4427844168544345e-15,0.004309782916109976,0.5475420786660734,3.1417552857660526e-15,0.5308058469547718,3.0457234233114613e-15,300000000000000.0,50,52000000000000.0
900000.0,2570857900000.0,1.0339687e+30,0.7745547813793622,4.4340280800336894e-15,0.004308992627585543,0.5476422887698172,3.1355630888952522e-15,0.5309029940055122,3.039720499156193e-15,300000000000000.0,50,52000000000000.0
901000.0,2568553200000.0,1.0321318e+30,0.7746964893695883,4.425271743212944e-15,0.00430820233906111,0.5477424988735611,3.129370892024452e-15,0.5310001410562526,3.033717575000925e-15,300000000000000.0,50,52000000000000.0
902000.0,2566251400000.0,1.030298e+30,0.7748381973598145,4.4165154063921986e-15,0.0043074120505366765,0.547842708977305,3.1231786951536514e-15,0.531097288106993,3.0277146508456565e-15,300000000000000.0,50,52000000000000.0
903000.0,2563952500000.0,1.0284673e+30,0.7749799053500406,4.4077590695714535e-15,0.004306621762012243,0.5479429190810489,3.116986498282851e-15,0.5311944351577333,3.0217117266903885e-15,300000000000000.0,50,52000000000000.0
904000.0,2561656500000.0,1.0266397e+30,0.7751216133402667,4.3990027327507085e-15,0.00430583147348781,0.5480431291847927,3.1107943014120506e-15,0.5312915822084736,3.01570880253512e-15,300000000000000.0,50,52000000000000.0
905000.0,2559363400000.0,1.0248152e+30,0.7752633213304929,4.3902463959299634e-15,0.004305041184963378,0.5481433392885366,3.10460210454125e-15,0.531388729259214,3.009705878379852e-15,300000000000000.0,50,52000000000000.0
906000.0,2557073100000.0,1.0229939e+30,0.775405029320719,4.381490059109218e-15,0.004304250896438945,0.5482435493922805,3.0984099076704498e-15,0.5314858763099544,3.0037029542245838e-15,300000000000000.0,50,52000000000000.0
907000.0,2554785800000.0,1.0211757e+30,0.7755467373109451,4.372733722288473e-15,0.0043034606079145115,0.5483437594960244,3.0922177107996494e-15,0.5315830233606947,2.9977000300693158e-15,300000000000000.0,50,52000000000000.0
908000.0,2552501200000.0,1.0193607e+30,0.7756873727634771,4.3640610581451245e-15,0.004302677390574763,0.5484432111359621,3.0860846856044514e-15,0.5316794351310817,2.9917544689271785e-15,300000000000000.0,50,52000000000000.0
909000.0,2550219500000.0,1.017549e+30,0.7758250689795948,4.35561769482881e-15,0.004301913551466319,0.5485405842434152,3.0801138174547174e-15,0.5317738319020882,2.9859661082806092e-15,300000000000000.0,50,52000000000000.0
910000.0,2547940700000.0,1.0157404e+30,0.7759627651957124,4.3471743315124964e-15,0.004301149712357875,0.5486379573508683,3.074142949304983e-15,0.5318682286730946,2.9801777476340396e-15,300000000000000.0,50,52000000000000.0
911000.0,2545664700000.0,1.013935e+30,0.7761004614118301,4.338730968196182e-15,0.0043003858732494306,0.5487353304583215,3.0681720811552485e-15,0.5319626254441011,2.9743893869874703e-15,300000000000000.0,50,52000000000000.0
912000.0,2543391500000.0,1.0121329e+30,0.7762381576279477,4.330287604879868e-15,0.004299622034140986,0.5488327035657746,3.0622012130055144e-15,0.5320570222151075,2.9686010263409006e-15,300000000000000.0,50,52000000000000.0
913000.0,2541121000000.0,1.0103339e+30,0.7763758538440653,4.321844241563555e-15,0.004298858195032542,0.5489300766732277,3.05623034485578e-15,0.532151418986114,2.962812665694331e-15,300000000000000.0,50,52000000000000.0
914000.0,2538853400000.0,1.0085383e+30,0.776513550060183,4.31340087824724e-15,0.004298094355924098,0.5490274497806809,3.050259476706046e-15,0.5322458157571204,2.9570243050477617e-15,300000000000000.0,50,52000000000000.0
915000.0,2536588600000.0,1.0067458e+30,0.7766512462763006,4.304957514930927e-15,0.004297330516815654,0.5491248228881339,3.0442886085563114e-15,0.5323402125281269,2.951235944401192e-15,300000000000000.0,50,52000000000000.0
916000.0,2534326500000.0,1.0049566e+30,0.7767889424924183,4.296514151614612e-15,0.00429656667770721,0.5492221959955871,3.038317740406577e-15,0.5324346092991333,2.9454475837546227e-15,300000000000000.0,50,52000000000000.0
917000.0,2532067300000.0,1.0031707e+30,0.7769266387085358,4.2880707882982986e-15,0.0042958028385987656,0.5493195691030403,3.032346872256843e-15,0.5325290060701398,2.939659223108053e-15,300000000000000.0,50,52000000000000.0
918000.0,2529810700000.0,1.001388e+30,0.7770643349246535,4.279627424981984e-15,0.004295038999490321,0.5494169422104933,3.0263760041071085e-15,0.5326234028411462,2.9338708624614834e-15,300000000000000.0,50,52000000000000.0
919000.0,2527557000000.0,9.9960859e+29,0.7772020311407711,4.2711840616656705e-15,0.004294275160381877,0.5495143153179465,3.020405135957374e-15,0.5327177996121527,2.928082501814914e-15,300000000000000.0,50,52000000000000.0
920000.0,2525306000000.0,9.9783249e+29,0.7773397273568887,4.262740698349357e-15,0.004293511321273433,0.5496116884253996,3.01443426780764e-15,0.5328121963831591,2.9222941411683445e-15,300000000000000.0,50,52000000000000.0
921000.0,2523057700000.0,9.9605967e+29,0.7774774235730064,4.2542973350330424e-15,0.004292747482164989,0.5497090615328527,3.0084633996579055e-15,0.5329065931541656,2.916505780521775e-15,300000000000000.0,50,52000000000000.0
922000.0,2520812100000.0,9.9429016e+29,0.777615119789124,4.245853971716729e-15,0.004291983643056545,0.5498064346403059,3.0024925315081714e-15,0.533000989925172,2.9107174198752055e-15,300000000000000.0,50,52000000000000.0
923000.0,2518569300000.0,9.9252397e+29,0.7777508385806043,4.237561888165016e-15,0.004291232724593332,0.5499024093782534,2.9966286453448527e-15,0.5330940310696913,2.9050327711657748e-15,300000000000000.0,50,52000000000000.0
924000.0,2516329100000.0,9.9076111e+29,0.777884603493913,4.229419282992548e-15,0.004290494572920928,0.5499970023979797,2.990870467264699e-15,0.533185732730039,2.8994505994288104e-15,300000000000000.0,50,52000000000000.0
925000.0,2514091700000.0,9.8900161e+29,0.7780183684072216,4.2212766778200796e-15,0.004289756421248524,0.5500915954177059,2.985112289184545e-15,0.5332774343903867,2.8938684276918456e-15,300000000000000.0,50,52000000000000.0
926000.0,2511857000000.0,9.8724545e+29,0.7781521333205302,4.2131340726476104e-15,0.0042890182695761205,0.5501861884374323,2.9793541111043913e-15,0.5333691360507344,2.888286255954881e-15,300000000000000.0,50,52000000000000.0
927000.0,2509625000000.0,9.8549264e+29,0.7782858982338389,4.204991467475142e-15,0.0042882801179037165,0.5502807814571585,2.9735959330242375e-15,0.5334608377110821,2.8827040842179163e-15,300000000000000.0,50,52000000000000.0
928000.0,2507395600000.0,9.8374321e+29,0.7784196631471475,4.196848862302674e-15,0.004287541966231313,0.5503753744768848,2.9678377549440837e-15,0.5335525393714298,2.877121912480952e-15,300000000000000.0,50,52000000000000.0
929000.0,2505168900000.0,9.8199714e+29,0.7785534280604561,4.188706257130205e-15,0.004286803814558909,0.550469967496611,2.96207957686393e-15,0.5336442410317775,2.871539740743987e-15,300000000000000.0,50,52000000000000.0
930000.0,2502944900000.0,9.8025445e+29,0.7786871929737648,4.180563651957736e-15,0.004286065662886505,0.5505645605163373,2.956321398783776e-15,0.5337359426921252,2.8659575690070227e-15,300000000000000.0,50,52000000000000.0
931000.0,2500723600000.0,9.7851512e+29,0.7788209578870734,4.172421046785268e-15,0.004285327511214101,0.5506591535360635,2.9505632207036223e-15,0.5338276443524729,2.860375397270058e-15,300000000000000.0,50,52000000000000.0
932000.0,2498504900000.0,9.7677914e+29,0.778954722800382,4.1642784416127995e-15,0.004284589359541697,0.5507537465557898,2.9448050426234685e-15,0.5339193460128207,2.8547932255330935e-15,300000000000000.0,50,52000000000000.0
933000.0,2496288900000.0,9.7504656e+29,0.7790884877136907,4.156135836440331e-15,0.004283851207869293,0.550848339575516,2.9390468645433147e-15,0.5340110476731683,2.8492110537961287e-15,300000000000000.0,50,52000000000000.0
934000.0,2494075500000.0,9.7331739e+29,0.7792222526269993,4.147993231267862e-15,0.004283113056196889,0.5509429325952423,2.933288686463161e-15,0.534102749333516,2.8436288820591642e-15,300000000000000.0,50,52000000000000.0
935000.0,2491864700000.0,9.7159161e+29,0.7793560175403079,4.139850626095394e-15,0.004282374904524485,0.5510375256149685,2.927530508383007e-15,0.5341944509938638,2.8380467103221994e-15,300000000000000.0,50,52000000000000.0
936000.0,2489656600000.0,9.6986921e+29,0.7794897824536166,4.131708020922925e-15,0.004281636752852081,0.5511321186346948,2.9217723303028533e-15,0.5342861526542114,2.832464538585235e-15,300000000000000.0,50,52000000000000.0
937000.0,2487451000000.0,9.6815019e+29,0.7796235473669252,4.123565415750457e-15,0.004280898601179677,0.551226711654421,2.9160141522226995e-15,0.5343778543145591,2.8268823668482706e-15,300000000000000.0,50,52000000000000.0
938000.0,2485248100000.0,9.6643455e+29,0.7797553915992067,4.115567351048777e-15,0.004280172888142859,0.5513199464327546,2.9103581901382965e-15,0.5344682392499621,2.821399286736894e-15,300000000000000.0,50,52000000000000.0
939000.0,2483047800000.0,9.6472229e+29,0.7798853035799928,4.107714697551192e-15,0.00427945968867382,0.5514118147874473,2.904805059814013e-15,0.5345572995282735,2.8160158951938045e-15,300000000000000.0,50,52000000000000.0
940000.0,2480850100000.0,9.6301261e+29,0.7800152155607787,4.099862044053607e-15,0.00427874648920478,0.5515036831421399,2.89925192948973e-15,0.5346463598065848,2.810632503650715e-15,300000000000000.0,50,52000000000000.0
941000.0,2478655000000.0,9.6130175e+29,0.7801451275415647,4.092009390556021e-15,0.00427803328973574,0.5515955514968325,2.8936987991654466e-15,0.534735420084896,2.8052491121076255e-15,300000000000000.0,50,52000000000000.0
942000.0,2476462500000.0,9.595948e+29,0.7802750395223508,4.084156737058436e-15,0.0042773200902667,0.5516874198515251,2.8881456688411635e-15,0.5348244803632074,2.7998657205645355e-15,300000000000000.0,50,52000000000000.0
943000.0,2474272500000.0,9.5789199e+29,0.7804049515031368,4.07630408356085e-15,0.00427660689079766,0.5517792882062178,2.88259253851688e-15,0.5349135406415187,2.794482329021446e-15,300000000000000.0,50,52000000000000.0
944000.0,2472085200000.0,9.5619319e+29,0.7805348634839229,4.068451430063265e-15,0.0042758936913286204,0.5518711565609105,2.877039408192597e-15,0.53500260091983,2.7890989374783565e-15,300000000000000.0,50,52000000000000.0
945000.0,2469900400000.0,9.5449832e+29,0.7806647754647089,4.06059877656568e-15,0.004275180491859581,0.5519630249156031,2.8714862778683136e-15,0.5350916611981413,2.783715545935267e-15,300000000000000.0,50,52000000000000.0
946000.0,2467718100000.0,9.5280727e+29,0.780794687445495,4.052746123068094e-15,0.00427446729239054,0.5520548932702958,2.8659331475440305e-15,0.5351807214764527,2.7783321543921775e-15,300000000000000.0,50,52000000000000.0
947000.0,2465538500000.0,9.5111997e+29,0.780924599426281,4.044893469570509e-15,0.004273754092921501,0.5521467616249884,2.860380017219747e-15,0.5352697817547639,2.7729487628490876e-15,300000000000000.0,50,52000000000000.0
948000.0,2463361300000.0,9.4943635e+29,0.781054511407067,4.037040816072924e-15,0.004273040893452461,0.5522386299796811,2.854826886895464e-15,0.5353588420330753,2.767565371305998e-15,300000000000000.0,50,52000000000000.0
949000.0,2461186700000.0,9.4775645e+29,0.7811844233878531,4.029188162575338e-15,0.004272327693983421,0.5523304983343736,2.8492737565711805e-15,0.5354479023113866,2.7621819797629085e-15,300000000000000.0,50,52000000000000.0
950000.0,2459014700000.0,9.4608021e+29,0.7813143353686391,4.021335509077753e-15,0.004271614494514381,0.5524223666890663,2.8437206262468975e-15,0.5355369625896979,2.756798588219819e-15,300000000000000.0,50,52000000000000.0
951000.0,2456845200000.0,9.4440776e+29,0.7814442473494252,4.013482855580167e-15,0.004270901295045341,0.552514235043759,2.838167495922614e-15,0.5356260228680092,2.751415196676729e-15,300000000000000.0,50,52000000000000.0
952000.0,2454678200000.0,9.4273886e+29,0.7815741593302112,4.005630202082582e-15,0.0042701880955763015,0.5526061033984516,2.832614365598331e-15,0.5357150831463205,2.7460318051336396e-15,300000000000000.0,50,52000000000000.0
953000.0,2452513700000.0,9.4107365e+29,0.7817031274470456,3.997847565192688e-15,0.0042694809550410245,0.5526973042845575,2.8271107495036477e-15,0.5358034963581062,2.740696414350831e-15,300000000000000.0,50,52000000000000.0
954000.0,2450351800000.0,9.3941212e+29,0.7818292632584387,3.990275031060282e-15,0.004268791995887751,0.5527865022602794,2.8217557135318375e-15,0.5358899678811158,2.7355050621387146e-15,300000000000000.0,50,52000000000000.0
955000.0,2448192300000.0,9.377543e+29,0.7819553990698318,3.982702496927875e-15,0.004268103036734477,0.5528757002360011,2.8164006775600276e-15,0.5359764394041252,2.7303137099265978e-15,300000000000000.0,50,52000000000000.0
956000.0,2446035400000.0,9.3610018e+29,0.7820815348812249,3.9751299627954694e-15,0.004267414077581203,0.5529648982117229,2.8110456415882174e-15,0.5360629109271348,2.725122357714481e-15,300000000000000.0,50,52000000000000.0
957000.0,2443881000000.0,9.3444978e+29,0.782207670692618,3.967557428663063e-15,0.00426672511842793,0.5530540961874446,2.805690605616407e-15,0.5361493824501442,2.7199310055023646e-15,300000000000000.0,50,52000000000000.0
958000.0,2441729000000.0,9.3280308e+29,0.7823338065040111,3.959984894530657e-15,0.004266036159274657,0.5531432941631663,2.800335569644597e-15,0.5362358539731537,2.7147396532902478e-15,300000000000000.0,50,52000000000000.0
959000.0,2439579600000.0,9.3116007e+29,0.7824599423154042,3.95241236039825e-15,0.004265347200121383,0.5532324921388881,2.7949805336727867e-15,0.5363223254961632,2.7095483010781314e-15,300000000000000.0,50,52000000000000.0
960000.0,2437432600000.0,9.2952077e+29,0.7825860781267974,3.9448398262658445e-15,0.004264658240968109,0.5533216901146099,2.7896254977009765e-15,0.5364087970191727,2.7043569488660146e-15,300000000000000.0,50,52000000000000.0
961000.0,2435288100000.0,9.2788516e+29,0.7827122139381905,3.937267292133438e-15,0.004263969281814836,0.5534108880903317,2.7842704617291662e-15,0.5364952685421822,2.6991655966538982e-15,300000000000000.0,50,52000000000000.0
962000.0,2433146100000.0,9.2625325e+29,0.7828383497495836,3.929694758001032e-15,0.004263280322661562,0.5535000860660534,2.7789154257573564e-15,0.5365817400651917,2.6939742444417814e-15,300000000000000.0,50,52000000000000.0
963000.0,2431006600000.0,9.2462503e+29,0.7829644855609766,3.9221222238686255e-15,0.004262591363508288,0.5535892840417752,2.773560389785546e-15,0.5366682115882011,2.6887828922296646e-15,300000000000000.0,50,52000000000000.0
964000.0,2428869500000.0,9.2300057e+29,0.7830906213723697,3.914549689736219e-15,0.0042619024043550145,0.5536784820174969,2.768205353813736e-15,0.5367546831112107,2.6835915400175482e-15,300000000000000.0,50,52000000000000.0
965000.0,2426734900000.0,9.2137974e+29,0.7832167571837628,3.906977155603813e-15,0.004261213445201742,0.5537676799932187,2.7628503178419257e-15,0.5368411546342201,2.6784001878054314e-15,300000000000000.0,50,52000000000000.0
966000.0,2424602700000.0,9.1976173e+29,0.7833428929951559,3.8994046214714064e-15,0.004260524486048468,0.5538568779689405,2.7574952818701155e-15,0.5369276261572296,2.673208835593315e-15,300000000000000.0,50,52000000000000.0
967000.0,2422473000000.0,9.1814662e+29,0.783469028806549,3.8918320873390006e-15,0.004259835526895194,0.5539460759446623,2.7521402458983052e-15,0.5370140976802391,2.6680174833811982e-15,300000000000000.0,50,52000000000000.0
968000.0,2420345800000.0,9.1653453e+29,0.7835951646179421,3.884259553206594e-15,0.00425914656774192,0.554035273920384,2.746785209926495e-15,0.5371005692032486,2.662826131169082e-15,300000000000000.0,50,52000000000000.0
969000.0,2418220900000.0,9.1492554e+29,0.7837185123699585,3.876891219652962e-15,0.004258475350448473,0.5541225002763028,2.7415745800349143e-15,0.5371851293716231,2.6577747710705017e-15,300000000000000.0,50,52000000000000.0
970000.0,2416098600000.0,9.1331976e+29,0.7838409474864656,3.869589728542062e-15,0.004257809940725486,0.5542090812477446,2.736411219623203e-15,0.5372690638825508,2.6527692355963572e-15,300000000000000.0,50,52000000000000.0
971000.0,2413978600000.0,9.1171717e+29,0.7839633826029726,3.8622882374311614e-15,0.004257144531002499,0.5542956622191862,2.7312478592114917e-15,0.5373529983934786,2.6477637001222127e-15,300000000000000.0,50,52000000000000.0
972000.0,2411861100000.0,9.1011788e+29,0.7840858177194797,3.85498674632026e-15,0.004256479121279511,0.554382243190628,2.7260844987997804e-15,0.5374369329044064,2.642758164648068e-15,300000000000000.0,50,52000000000000.0
973000.0,2409746000000.0,9.0852137e+29,0.7842082528359868,3.84768525520936e-15,0.004255813711556524,0.5544688241620697,2.7209211383880687e-15,0.5375208674153342,2.6377526291739236e-15,300000000000000.0,50,52000000000000.0
974000.0,2407633300000.0,9.0692724e+29,0.7843306879524938,3.8403837640984594e-15,0.004255148301833538,0.5545554051335114,2.7157577779763574e-15,0.537604801926262,2.632747093699779e-15,300000000000000.0,50,52000000000000.0
975000.0,2405523000000.0,9.0533561e+29,0.784453123069001,3.833082272987558e-15,0.004254482892110551,0.5546419861049531,2.710594417564646e-15,0.5376887364371898,2.6277415582256346e-15,300000000000000.0,50,52000000000000.0
976000.0,2403415200000.0,9.0374667e+29,0.784575558185508,3.825780781876658e-15,0.004253817482387564,0.5547285670763948,2.7054310571529348e-15,0.5377726709481176,2.62273602275149e-15,300000000000000.0,50,52000000000000.0
977000.0,2401309700000.0,9.0216056e+29,0.7846979933020151,3.818479290765757e-15,0.004253152072664576,0.5548151480478365,2.7002676967412235e-15,0.5378566054590453,2.6177304872773455e-15,300000000000000.0,50,52000000000000.0
978000.0,2399206700000.0,9.0057737e+29,0.7848204284185221,3.811177799654856e-15,0.004252486662941589,0.5549017290192783,2.695104336329512e-15,0.5379405399699732,2.612724951803201e-15,300000000000000.0,50,52000000000000.0
979000.0,2397106000000.0,8.9899722e+29,0.7849428635350292,3.803876308543956e-15,0.004251821253218603,0.5549883099907199,2.6899409759178005e-15,0.538024474480901,2.607719416329057e-15,300000000000000.0,50,52000000000000.0
980000.0,2395007700000.0,8.974202e+29,0.7850652986515362,3.796574817433055e-15,0.004251155843495616,0.5550748909621616,2.6847776155060892e-15,0.5381084089918288,2.6027138808549124e-15,300000000000000.0,50,52000000000000.0
981000.0,2392911800000.0,8.9584638e+29,0.7851877337680433,3.789273326322154e-15,0.004250490433772628,0.5551614719336033,2.679614255094378e-15,0.5381923435027566,2.597708345380768e-15,300000000000000.0,50,52000000000000.0
982000.0,2390818300000.0,8.9427582e+29,0.7853101688845503,3.781971835211254e-15,0.004249825024049641,0.555248052905045,2.6744508946826666e-15,0.5382762780136844,2.5927028099066233e-15,300000000000000.0,50,52000000000000.0
983000.0,2388727100000.0,8.927086e+29,0.7854326040010574,3.774670344100353e-15,0.004249159614326654,0.5553346338764867,2.669287534270955e-15,0.5383602125246121,2.5876972744324788e-15,300000000000000.0,50,52000000000000.0
984000.0,2386638400000.0,8.9114474e+29,0.7855550218188881,3.767370104901142e-15,0.00424849431373894,0.5554212026149066,2.66412505918226e-15,0.5384441351764365,2.5826925972202594e-15,300000000000000.0,50,52000000000000.0
985000.0,2384552000000.0,8.8958427e+29,0.7856738306614611,3.760331048594683e-15,0.004247851781742908,0.5555052192116214,2.6591472865996252e-15,0.5385255836961413,2.5778669768330808e-15,300000000000000.0,50,52000000000000.0
986000.0,2382467900000.0,8.8802722e+29,0.785792639504034,3.753291992288223e-15,0.004247209249746876,0.5555892358083362,2.65416951401699e-15,0.5386070322158462,2.5730413564459022e-15,300000000000000.0,50,52000000000000.0
987000.0,2380386200000.0,8.8647364e+29,0.785911448346607,3.746252935981764e-15,0.004246566717750844,0.5556732524050509,2.6491917414343555e-15,0.538688480735551,2.5682157360587236e-15,300000000000000.0,50,52000000000000.0
988000.0,2378306900000.0,8.8492356e+29,0.7860302571891798,3.739213879675305e-15,0.0042459241857548125,0.5557572690017658,2.6442139688517204e-15,0.5387699292552558,2.5633901156715455e-15,300000000000000.0,50,52000000000000.0
989000.0,2376229900000.0,8.8337701e+29,0.7861490660317528,3.732174823368846e-15,0.004245281653758781,0.5558412855984806,2.6392361962690857e-15,0.5388513777749606,2.558564495284367e-15,300000000000000.0,50,52000000000000.0
990000.0,2374155200000.0,8.8183397e+29,0.7862678748743257,3.7251357670623865e-15,0.00424463912176275,0.5559253021951954,2.6342584236864506e-15,0.5389328262946655,2.5537388748971883e-15,300000000000000.0,50,52000000000000.0
991000.0,2372082900000.0,8.802945e+29,0.7863866837168987,3.7180967107559276e-15,0.004243996589766718,0.5560093187919102,2.629280651103816e-15,0.5390142748143704,2.5489132545100097e-15,300000000000000.0,50,52000000000000.0
992000.0,2370012900000.0,8.7875858e+29,0.7865054925594717,3.7110576544494686e-15,0.004243354057770686,0.556093335388625,2.6243028785211808e-15,0.5390957233340752,2.544087634122831e-15,300000000000000.0,50,52000000000000.0
993000.0,2367945200000.0,8.7722619e+29,0.7866243014020445,3.70401859814301e-15,0.004242711525774654,0.5561773519853398,2.619325105938546e-15,0.53917717185378,2.5392620137356526e-15,300000000000000.0,50,52000000000000.0
994000.0,2365879900000.0,8.7569741e+29,0.7867431102446175,3.69697954183655e-15,0.004242068993778623,0.5562613685820545,2.614347333355911e-15,0.5392586203734848,2.534436393348474e-15,300000000000000.0,50,52000000000000.0
995000.0,2363816900000.0,8.7417221e+29,0.7868619190871904,3.689940485530091e-15,0.004241426461782591,0.5563453851787694,2.6093695607732763e-15,0.5393400688931896,2.5296107729612954e-15,300000000000000.0,50,52000000000000.0
996000.0,2361756100000.0,8.7265061e+29,0.7869807279297634,3.682901429223632e-15,0.004240783929786559,0.5564294017754842,2.604391788190641e-15,0.5394215174128945,2.524785152574117e-15,300000000000000.0,50,52000000000000.0
997000.0,2359697800000.0,8.711326e+29,0.7870995367723362,3.675862372917173e-15,0.004240141397790528,0.556513418372199,2.5994140156080065e-15,0.5395029659325993,2.5199595321869387e-15,300000000000000.0,50,52000000000000.0
998000.0,2357641700000.0,8.6961816e+29,0.7872183456149092,3.668823316610713e-15,0.004239498865794496,0.5565974349689138,2.5944362430253714e-15,0.5395844144523041,2.51513391179976e-15,300000000000000.0,50,52000000000000.0
999000.0,2355587900000.0,8.6810731e+29,0.7873371544574821,3.661784260304254e-15,0.004238856333798465,0.5566814515656286,2.5894584704427367e-15,0.5396658629720089,2.5103082914125815e-15,300000000000000.0,50,52000000000000.0
1000000.0,2353536400000.0,8.6660008e+29,0.7874559633000551,3.654745203997795e-15,0.004238213801802433,0.5567654681623434,2.5844806978601016e-15,0.5397473114917137,2.505482671025403e-15,300000000000000.0,50,52000000000000.0
